DROP TABLE IF EXISTS `apply_applyapplication`;

CREATE TABLE `apply_applyapplication` (
  `id` int(11) NOT NULL AUTO_INCREMENT,
  `name` varchar(50) NOT NULL,
  `surname` varchar(50) NOT NULL,
  `gender` varchar(5) NOT NULL,
  `dateOfBirth` date NOT NULL,
  `country` varchar(50) NOT NULL,
  `city` varchar(50) NOT NULL,
  `email` varchar(254) NOT NULL,
  `placeOfWorkOrStudy` varchar(100) NOT NULL,
  `speciality` varchar(50) NOT NULL,
  `motivationMessage` longtext NOT NULL,
  `image` varchar(100) DEFAULT NULL,
  PRIMARY KEY (`id`)
) ENGINE=InnoDB DEFAULT CHARSET=latin1;

LOCK TABLES `apply_applyapplication` WRITE;
/*!40000 ALTER TABLE `apply_applyapplication` DISABLE KEYS */;

INSERT INTO `apply_applyapplication` (`id`, `name`, `surname`, `gender`, `dateOfBirth`, `country`, `city`, `email`, `placeOfWorkOrStudy`, `speciality`, `motivationMessage`, `image`)
VALUES
	(136,'Ivanna','Diachuk','f','1995-01-01','Ukaine','sdlf','laskdfj@kldjsf.ru','sdklfj','dskj','fkjh',''),
	(137,'Eugene','Mekhedov','m','1995-01-01','sdfj','dsvn','llaskdfj@kldjsf.ru','lskdj','fkljg','dfkj',''),
	(138,'Alex','Puha','m','1995-01-01','sdfkj','kjlg','kjfdghlaskdfj@kldjsf.ru','lgdfsk','gkj','fldgksj',''),
	(139,'Nikata','Arten','m','1995-01-01','sdfkhj','fdkgjh','laskdfj@kldjsf.ru','sdlfk','fkjlg','kldjfh',''),
	(140,'Olga','Rectang','m','1995-01-01','skldjfh','kdlhgj','kjlhlaskdfj@kldjsf.ruq','lkjshegrkb','kjghdv','kjbdfn','');

/*!40000 ALTER TABLE `apply_applyapplication` ENABLE KEYS */;
UNLOCK TABLES;


DROP TABLE IF EXISTS `apply_destribution`;

CREATE TABLE `apply_destribution` (
  `id` int(11) NOT NULL AUTO_INCREMENT,
  `CF_max` int(11) NOT NULL,
  `member_id_id` int(11) NOT NULL,
  `project_id_id` int(11) NOT NULL,
  PRIMARY KEY (`id`),
  KEY `apply_destrib_member_id_id_8b114f62_fk_apply_applyapplication_id` (`member_id_id`),
  KEY `appl_project_id_id_8daee9b5_fk_projectsTestsQuestions_project_id` (`project_id_id`),
  CONSTRAINT `appl_project_id_id_8daee9b5_fk_projectsTestsQuestions_project_id` FOREIGN KEY (`project_id_id`) REFERENCES `projectsTestsQuestions_project` (`id`),
  CONSTRAINT `apply_destrib_member_id_id_8b114f62_fk_apply_applyapplication_id` FOREIGN KEY (`member_id_id`) REFERENCES `apply_applyapplication` (`id`)
) ENGINE=InnoDB DEFAULT CHARSET=latin1;

LOCK TABLES `apply_destribution` WRITE;
/*!40000 ALTER TABLE `apply_destribution` DISABLE KEYS */;

INSERT INTO `apply_destribution` (`id`, `CF_max`, `member_id_id`, `project_id_id`)
VALUES
	(180,2,136,1),
	(181,2,137,1),
	(182,2,139,2),
	(183,2,138,2);

/*!40000 ALTER TABLE `apply_destribution` ENABLE KEYS */;
UNLOCK TABLES;


DROP TABLE IF EXISTS `apply_projectpriority`;

CREATE TABLE `apply_projectpriority` (
  `id` int(11) NOT NULL AUTO_INCREMENT,
  `priority` int(11) NOT NULL,
  `project_id_id` int(11) NOT NULL,
  `applyApp_id_id` int(11) NOT NULL,
  PRIMARY KEY (`id`),
  KEY `apply_proje_applyApp_id_id_e9d33e64_fk_apply_applyapplication_id` (`applyApp_id_id`),
  KEY `appl_project_id_id_9370a61f_fk_projectsTestsQuestions_project_id` (`project_id_id`),
  CONSTRAINT `appl_project_id_id_9370a61f_fk_projectsTestsQuestions_project_id` FOREIGN KEY (`project_id_id`) REFERENCES `projectsTestsQuestions_project` (`id`),
  CONSTRAINT `apply_proje_applyApp_id_id_e9d33e64_fk_apply_applyapplication_id` FOREIGN KEY (`applyApp_id_id`) REFERENCES `apply_applyapplication` (`id`)
) ENGINE=InnoDB DEFAULT CHARSET=latin1;

LOCK TABLES `apply_projectpriority` WRITE;
/*!40000 ALTER TABLE `apply_projectpriority` DISABLE KEYS */;

INSERT INTO `apply_projectpriority` (`id`, `priority`, `project_id_id`, `applyApp_id_id`)
VALUES
	(281,1,1,136),
	(282,2,2,136),
	(283,1,1,137),
	(284,2,2,137),
	(285,2,1,138),
	(286,1,2,138),
	(287,2,1,139),
	(288,1,2,139),
	(289,1,1,140),
	(290,2,2,140);

/*!40000 ALTER TABLE `apply_projectpriority` ENABLE KEYS */;
UNLOCK TABLES;


DROP TABLE IF EXISTS `apply_testsapply`;

CREATE TABLE `apply_testsapply` (
  `id` int(11) NOT NULL AUTO_INCREMENT,
  `answer` tinyint(1) NOT NULL,
  `applyApp_id_id` int(11) NOT NULL,
  `tests_id_id` int(11) NOT NULL,
  `subject_id_id` int(11) NOT NULL,
  PRIMARY KEY (`id`),
  KEY `apply_tests_applyApp_id_id_2ed4b924_fk_apply_applyapplication_id` (`applyApp_id_id`),
  KEY `apply_tes_tests_id_id_83d6bd99_fk_projectsTestsQuestions_test_id` (`tests_id_id`),
  KEY `apply_testsapply_4a83a6b6` (`subject_id_id`),
  CONSTRAINT `appl_subject_id_id_61d2607c_fk_projectsTestsQuestions_subject_id` FOREIGN KEY (`subject_id_id`) REFERENCES `projectsTestsQuestions_subject` (`id`),
  CONSTRAINT `apply_tes_tests_id_id_83d6bd99_fk_projectsTestsQuestions_test_id` FOREIGN KEY (`tests_id_id`) REFERENCES `projectsTestsQuestions_test` (`id`),
  CONSTRAINT `apply_tests_applyApp_id_id_2ed4b924_fk_apply_applyapplication_id` FOREIGN KEY (`applyApp_id_id`) REFERENCES `apply_applyapplication` (`id`)
) ENGINE=InnoDB DEFAULT CHARSET=latin1;

LOCK TABLES `apply_testsapply` WRITE;
/*!40000 ALTER TABLE `apply_testsapply` DISABLE KEYS */;

INSERT INTO `apply_testsapply` (`id`, `answer`, `applyApp_id_id`, `tests_id_id`, `subject_id_id`)
VALUES
	(1362,1,136,7,2),
	(1363,1,136,8,5),
	(1364,1,136,9,1),
	(1365,1,136,10,3),
	(1366,1,136,11,2),
	(1367,1,136,12,4),
	(1368,1,136,13,1),
	(1369,1,136,14,1),
	(1370,1,136,15,1),
	(1371,1,136,16,1),
	(1372,1,136,17,2),
	(1373,1,136,18,2),
	(1374,1,136,19,2),
	(1375,1,136,20,3),
	(1376,1,136,21,3),
	(1377,1,136,22,3),
	(1378,1,136,23,3),
	(1379,1,136,24,4),
	(1380,1,136,25,4),
	(1381,1,136,26,4),
	(1382,1,136,27,4),
	(1383,1,136,28,5),
	(1384,1,136,30,5),
	(1385,1,136,31,5),
	(1386,1,136,32,5),
	(1387,1,137,7,2),
	(1388,1,137,8,5),
	(1389,1,137,9,1),
	(1390,1,137,10,3),
	(1391,1,137,11,2),
	(1392,1,137,12,4),
	(1393,1,137,13,1),
	(1394,1,137,14,1),
	(1395,1,137,15,1),
	(1396,1,137,16,1),
	(1397,1,137,17,2),
	(1398,1,137,18,2),
	(1399,1,137,19,2),
	(1400,1,137,20,3),
	(1401,1,137,21,3),
	(1402,1,137,22,3),
	(1403,1,137,23,3),
	(1404,1,137,24,4),
	(1405,1,137,25,4),
	(1406,1,137,26,4),
	(1407,1,137,27,4),
	(1408,1,137,28,5),
	(1409,1,137,29,5),
	(1410,1,137,31,5),
	(1411,1,137,32,5),
	(1412,1,138,7,2),
	(1413,1,138,8,5),
	(1414,1,138,9,1),
	(1415,1,138,10,3),
	(1416,1,138,11,2),
	(1417,1,138,12,4),
	(1418,1,138,13,1),
	(1419,1,138,14,1),
	(1420,1,138,15,1),
	(1421,1,138,16,1),
	(1422,1,138,17,2),
	(1423,1,138,18,2),
	(1424,1,138,19,2),
	(1425,1,138,20,3),
	(1426,1,138,21,3),
	(1427,1,138,22,3),
	(1428,1,138,23,3),
	(1429,1,138,24,4),
	(1430,1,138,25,4),
	(1431,1,138,26,4),
	(1432,1,138,27,4),
	(1433,1,138,29,5),
	(1434,1,138,30,5),
	(1435,1,138,31,5),
	(1436,0,138,32,5),
	(1437,1,139,7,2),
	(1438,1,139,8,5),
	(1439,1,139,9,1),
	(1440,1,139,10,3),
	(1441,1,139,11,2),
	(1442,1,139,12,4),
	(1443,1,139,13,1),
	(1444,1,139,14,1),
	(1445,1,139,15,1),
	(1446,1,139,16,1),
	(1447,1,139,17,2),
	(1448,1,139,18,2),
	(1449,1,139,19,2),
	(1450,1,139,20,3),
	(1451,1,139,21,3),
	(1452,1,139,22,3),
	(1453,1,139,23,3),
	(1454,1,139,24,4),
	(1455,1,139,25,4),
	(1456,1,139,26,4),
	(1457,1,139,27,4),
	(1458,1,139,28,5),
	(1459,1,139,29,5),
	(1460,1,139,30,5),
	(1461,1,139,32,5),
	(1462,0,140,7,2),
	(1463,0,140,9,1),
	(1464,0,140,10,3),
	(1465,0,140,11,2),
	(1466,0,140,12,4),
	(1467,0,140,13,1),
	(1468,0,140,14,1),
	(1469,0,140,15,1),
	(1470,0,140,16,1),
	(1471,0,140,17,2),
	(1472,0,140,18,2),
	(1473,0,140,19,2),
	(1474,0,140,20,3),
	(1475,0,140,21,3),
	(1476,0,140,22,3),
	(1477,0,140,23,3),
	(1478,0,140,24,4),
	(1479,0,140,25,4),
	(1480,0,140,26,4),
	(1481,0,140,27,4),
	(1482,0,140,28,5),
	(1483,0,140,29,5),
	(1484,0,140,30,5),
	(1485,0,140,31,5),
	(1486,0,140,32,5);

/*!40000 ALTER TABLE `apply_testsapply` ENABLE KEYS */;
UNLOCK TABLES;


DROP TABLE IF EXISTS `auth_group`;

CREATE TABLE `auth_group` (
  `id` int(11) NOT NULL AUTO_INCREMENT,
  `name` varchar(80) NOT NULL,
  PRIMARY KEY (`id`),
  UNIQUE KEY `name` (`name`)
) ENGINE=InnoDB DEFAULT CHARSET=latin1;



DROP TABLE IF EXISTS `auth_group_permissions`;

CREATE TABLE `auth_group_permissions` (
  `id` int(11) NOT NULL AUTO_INCREMENT,
  `group_id` int(11) NOT NULL,
  `permission_id` int(11) NOT NULL,
  PRIMARY KEY (`id`),
  UNIQUE KEY `auth_group_permissions_group_id_0cd325b0_uniq` (`group_id`,`permission_id`),
  KEY `auth_group_permissi_permission_id_84c5c92e_fk_auth_permission_id` (`permission_id`),
  CONSTRAINT `auth_group_permissi_permission_id_84c5c92e_fk_auth_permission_id` FOREIGN KEY (`permission_id`) REFERENCES `auth_permission` (`id`),
  CONSTRAINT `auth_group_permissions_group_id_b120cbf9_fk_auth_group_id` FOREIGN KEY (`group_id`) REFERENCES `auth_group` (`id`)
) ENGINE=InnoDB DEFAULT CHARSET=latin1;



DROP TABLE IF EXISTS `auth_permission`;

CREATE TABLE `auth_permission` (
  `id` int(11) NOT NULL AUTO_INCREMENT,
  `name` varchar(255) NOT NULL,
  `content_type_id` int(11) NOT NULL,
  `codename` varchar(100) NOT NULL,
  PRIMARY KEY (`id`),
  UNIQUE KEY `auth_permission_content_type_id_01ab375a_uniq` (`content_type_id`,`codename`),
  CONSTRAINT `auth_permissi_content_type_id_2f476e4b_fk_django_content_type_id` FOREIGN KEY (`content_type_id`) REFERENCES `django_content_type` (`id`)
) ENGINE=InnoDB DEFAULT CHARSET=latin1;

LOCK TABLES `auth_permission` WRITE;
/*!40000 ALTER TABLE `auth_permission` DISABLE KEYS */;

INSERT INTO `auth_permission` (`id`, `name`, `content_type_id`, `codename`)
VALUES
	(1,'Can add log entry',1,'add_logentry'),
	(2,'Can change log entry',1,'change_logentry'),
	(3,'Can delete log entry',1,'delete_logentry'),
	(4,'Can add permission',2,'add_permission'),
	(5,'Can change permission',2,'change_permission'),
	(6,'Can delete permission',2,'delete_permission'),
	(7,'Can add group',3,'add_group'),
	(8,'Can change group',3,'change_group'),
	(9,'Can delete group',3,'delete_group'),
	(10,'Can add user',4,'add_user'),
	(11,'Can change user',4,'change_user'),
	(12,'Can delete user',4,'delete_user'),
	(13,'Can add content type',5,'add_contenttype'),
	(14,'Can change content type',5,'change_contenttype'),
	(15,'Can delete content type',5,'delete_contenttype'),
	(16,'Can add session',6,'add_session'),
	(17,'Can change session',6,'change_session'),
	(18,'Can delete session',6,'delete_session'),
	(19,'Can add news_ paragraph',7,'add_news_paragraph'),
	(20,'Can change news_ paragraph',7,'change_news_paragraph'),
	(21,'Can delete news_ paragraph',7,'delete_news_paragraph'),
	(34,'Can add project',12,'add_project'),
	(35,'Can change project',12,'change_project'),
	(36,'Can delete project',12,'delete_project'),
	(37,'Can add subject',13,'add_subject'),
	(38,'Can change subject',13,'change_subject'),
	(39,'Can delete subject',13,'delete_subject'),
	(40,'Can add test',14,'add_test'),
	(41,'Can change test',14,'change_test'),
	(42,'Can delete test',14,'delete_test'),
	(46,'Can add apply application',16,'add_applyapplication'),
	(47,'Can change apply application',16,'change_applyapplication'),
	(48,'Can delete apply application',16,'delete_applyapplication'),
	(49,'Can add tests apply',17,'add_testsapply'),
	(50,'Can change tests apply',17,'change_testsapply'),
	(51,'Can delete tests apply',17,'delete_testsapply'),
	(52,'Can add mark for each project',18,'add_markforeachproject'),
	(53,'Can change mark for each project',18,'change_markforeachproject'),
	(54,'Can delete mark for each project',18,'delete_markforeachproject'),
	(55,'Can add project priority',19,'add_projectpriority'),
	(56,'Can change project priority',19,'change_projectpriority'),
	(57,'Can delete project priority',19,'delete_projectpriority'),
	(58,'Can add destribution',20,'add_destribution'),
	(59,'Can change destribution',20,'change_destribution'),
	(60,'Can delete destribution',20,'delete_destribution'),
	(61,'Can add project_news',21,'add_project_news'),
	(62,'Can change project_news',21,'change_project_news'),
	(63,'Can delete project_news',21,'delete_project_news');

/*!40000 ALTER TABLE `auth_permission` ENABLE KEYS */;
UNLOCK TABLES;


DROP TABLE IF EXISTS `auth_user`;

CREATE TABLE `auth_user` (
  `id` int(11) NOT NULL AUTO_INCREMENT,
  `password` varchar(128) NOT NULL,
  `last_login` datetime(6) DEFAULT NULL,
  `is_superuser` tinyint(1) NOT NULL,
  `username` varchar(150) NOT NULL,
  `first_name` varchar(30) NOT NULL,
  `last_name` varchar(30) NOT NULL,
  `email` varchar(254) NOT NULL,
  `is_staff` tinyint(1) NOT NULL,
  `is_active` tinyint(1) NOT NULL,
  `date_joined` datetime(6) NOT NULL,
  PRIMARY KEY (`id`),
  UNIQUE KEY `username` (`username`)
) ENGINE=InnoDB DEFAULT CHARSET=latin1;

LOCK TABLES `auth_user` WRITE;
/*!40000 ALTER TABLE `auth_user` DISABLE KEYS */;

INSERT INTO `auth_user` (`id`, `password`, `last_login`, `is_superuser`, `username`, `first_name`, `last_name`, `email`, `is_staff`, `is_active`, `date_joined`)
VALUES
	(1,'pbkdf2_sha256$30000$qhvaqGXddqoL$KOPzyFldnYw4mfsfWP00qNbBM+rNVY33P+OHWnbzpwE=','2016-06-08 13:40:09.415040',1,'admin','','','gek2395@mail.ru',1,1,'2016-04-07 18:51:11.644862'),
	(64,'pbkdf2_sha256$30000$nnfOBExATVo6$MzO7+7ixJAPKb8q42LbrlfosRYL57aYkqwnXq/SSpB0=','2016-06-06 14:12:17.543904',0,'dkflj','','','lksjdf@sdfj.ru',0,1,'2016-06-02 23:34:40.048554'),
	(65,'pbkdf2_sha256$30000$wPDamGdvW3ht$iN6tiLO4+ZpY2Npq1SLVVfeOd/CSixpRJUpYeiP6cl0=',NULL,0,'fdiblvk','','','lksjdf@sdfj.ru',0,1,'2016-06-02 23:34:40.335686'),
	(66,'pbkdf2_sha256$30000$9rUN3TmeruKc$EVgFFz9l5I6jOWQeht2HJv11E1Rh+LETiBQ/VsZRTyg=',NULL,0,'eglkj','','','lksjdf@sdfj.ru',0,1,'2016-06-02 23:34:40.615078'),
	(67,'pbkdf2_sha256$30000$9eIaLrYFWiZ9$s+XQPul3/Njs//ZbNyF/IMZ8QZtYKdXZO7pdpCwdIos=',NULL,0,'pdovj','','','lksjdf@sdfj.ru',0,1,'2016-06-02 23:35:07.708570'),
	(68,'pbkdf2_sha256$30000$mmcPUmVahyon$YQ7wYQszeRiCJ+wjCWV3Dr/vsYP0poYnFaRNpiW3VxQ=',NULL,0,'fdkjbn','','','jnd@ekfn.ri',0,1,'2016-06-02 23:35:08.006282'),
	(69,'pbkdf2_sha256$30000$mAXPqJwZhPB2$8i8cZ4Su+q8VVjXCFqB4YPs/hiUBqDXsV23esJJxzEU=',NULL,0,'dglhv','','','lksjdf@sdfj.ru',0,1,'2016-06-02 23:35:08.297701'),
	(70,'pbkdf2_sha256$30000$LESiH2ZNfu9B$1N1kkZFYOcDluiGV+eQY4pjCfSAb1vFalfy5yOhmqrw=','2016-06-03 11:51:41.086451',0,'Avac','','','kgjn@dskgj.rm',1,1,'2016-06-02 23:36:10.000000'),
	(71,'pbkdf2_sha256$30000$Q0AAIZ6Iyk0q$PAyKpR1a2VzKHqldY1tdR0p9WWeI+PH1xSROtCJPtdU=',NULL,0,'lkj','','','lksjdf@sdfj.ru',0,1,'2016-06-02 23:36:10.649087'),
	(72,'pbkdf2_sha256$30000$zPVC5YUV35QB$yhpzq/ZgBLxadz6yn3cVJqkDtTPmsTwxtKsAE2PJ+Ys=',NULL,0,'rgen','','','ksdng@elkfn.rk',0,1,'2016-06-02 23:36:10.928720'),
	(73,'pbkdf2_sha256$30000$b7CHKzdrWOK6$oQJjjYxHwcXUfFel6tOpzDTrJiThKP2weauNUYLJiS0=','2016-06-06 09:23:44.097592',0,'dfklj','','','xvkjlksjdf@sdfj.ru',0,1,'2016-06-02 23:37:45.411796'),
	(74,'pbkdf2_sha256$30000$aXjQwFESKEfx$47AZ9YWRQI3uzM39A1250IeNW4YltdmImn2KSYJIgDg=',NULL,0,'fdbk','','','lksjdf@sdfj.ru',0,1,'2016-06-02 23:37:45.716605'),
	(75,'pbkdf2_sha256$30000$j5qz0Qqa53pN$vmkY6KyV3hdBH8WXAE7TakwUBmJrQItBcRA8T1WPVC4=',NULL,0,'egklhj','','','lksjdf@sdfj.ru',0,1,'2016-06-02 23:37:45.994223'),
	(76,'pbkdf2_sha256$30000$4U7gTXs7mHuS$PcQL7o79fx148FRCX0WKBdUn5E8zj4T/3sG0oDDmmHg=',NULL,0,'fgjk','','','lknv@nefk.rj',0,1,'2016-06-08 13:17:29.837793'),
	(77,'pbkdf2_sha256$30000$pw00pcl2a5iL$hnI8AJ2r60dC1eZxeZMJNb0lGdSrfb/XpSYeEmU9JAk=',NULL,0,'dlgkj','','','lksjdf@sdfj.ru',0,1,'2016-06-08 13:18:48.804671'),
	(78,'pbkdf2_sha256$30000$jMs2potspJB5$BfzW20j7/JeErldPS75NAPX8gFrs86EOQ8f3lKI0010=',NULL,0,'dfpbu','','','lksjdf@sdfj.ru',0,1,'2016-06-08 13:20:04.174103'),
	(79,'pbkdf2_sha256$30000$HM68DtFOpsA3$V/VFOIJTxFA68y0qoXxevanCLjs4YplpaCCD5aV4ncE=',NULL,0,'dlfkj','','','lksjdf@sdfj.ru',0,1,'2016-06-08 13:20:04.616770'),
	(80,'pbkdf2_sha256$30000$z6sIxsHfqtXH$7RiXfvKszLEnGQ4/HmFc75wpBt2S2m8GaKtjitJBxUI=',NULL,0,'dfgh','','','lksjdf@sdfj.ru',0,1,'2016-06-08 13:22:18.896480'),
	(81,'pbkdf2_sha256$30000$GznvMIjCzCvL$q8S2wwkh4cxKb29SngFi7NrEsgwJWVI6YqKK1OLuV68=',NULL,0,'ava','','','fkbjn@dkjnf.ri',0,1,'2016-06-08 13:22:53.480693'),
	(82,'pbkdf2_sha256$30000$lmCcsCCSnUm9$nCq9u1yubBLmvJlfgfNbvtzmWSuGNdEjwvvYK+2FQHk=',NULL,0,'sdgbjv','','','lksjdf@sdfj.ru',0,1,'2016-06-08 13:26:38.404678'),
	(83,'pbkdf2_sha256$30000$v5dYhX5Nd4Sr$rWiHGruBs2LZ6G/6r6fUGLLTg2uipqQa6KxPjeLoi/A=',NULL,0,'fhljkgqlkjg','','','lksjdf@sdfj.ru',0,1,'2016-06-08 13:32:03.247398'),
	(84,'pbkdf2_sha256$30000$t6ENVZmUYLUE$2YygFpgPPCdwB9yQyAGj/0fkjXzJ3E23mXIn3Q8Zbx0=',NULL,0,'egjk','','','lksjdf@sdfj.ru',0,1,'2016-06-08 13:36:58.988406'),
	(85,'pbkdf2_sha256$30000$KUZhqT7xlKBo$8RBdZKD+rqdCwpOKkvHurNHhqv37YJAbBxh0zkc3ODg=',NULL,0,'Liudmyla','','','Liudmila.pavlenko@gmail.com',0,1,'2016-06-08 18:22:37.384779'),
	(86,'pbkdf2_sha256$30000$s3QAhPMRb2PJ$cbGXiMrQRoDfwAV/2pGeC9E3HKpbkXMrt31bPnLshzY=',NULL,0,'aaa','','','kvj@dslkfn.ru',0,1,'2016-06-08 18:26:41.640735'),
	(87,'pbkdf2_sha256$30000$uUJYuH08Ccaf$ile5q6Pec79WU88MUgtR5paqJhsOfEBKm+AYT7di1Tk=',NULL,0,'fpdobjl','','','lksjdf@sdfj.ru',0,1,'2016-06-08 19:24:10.030844'),
	(88,'pbkdf2_sha256$30000$vZwZ3SXK6g6W$iY93XnRgKj6rYI7Lcjy4x98aIcB2bP2bWm3scw6Eg9g=',NULL,0,'knfgd','','','kfdgn@dsnf.ru',0,1,'2016-06-08 20:29:01.140479'),
	(89,'pbkdf2_sha256$30000$ckaEKzi9Re8h$WsTZ6Z+7SE+e96t7z9tyc70Xb18MQLPqYhCIOLmbuCA=',NULL,0,'gdfkjn','','','kfdgn@dsnf.ru',0,1,'2016-06-08 20:33:24.392477'),
	(90,'pbkdf2_sha256$30000$xncTxHUV5WvN$LGaV/3QqzlZjip0oImBIaZINpv+c4HzCsnWUFOD62ek=',NULL,0,'ktrgn','','','kfdgn@dsnf.ru',0,1,'2016-06-08 20:36:20.930893'),
	(91,'pbkdf2_sha256$30000$kkZdBII2UWyQ$sVvXhnfutJLi/iqczf5+CYr4KtVtjd2Ekm26fmsDeVc=',NULL,0,'fdpobjl','','','hlksjdf@sdfj.ru',0,1,'2016-06-08 20:47:23.103828'),
	(92,'pbkdf2_sha256$30000$oFvJ1tiJK5O2$fOaJgmnHZn/lPfD4CzaJxd9T6Oevklsc0LuIMLDK22Q=',NULL,0,'dglkj','','','lksjdf@sdfj.ru',0,1,'2016-06-08 20:59:27.972286'),
	(93,'pbkdf2_sha256$30000$dLxBchYAeUqI$p5C7nxo7vuL7W4vj36pZIvEjteb4f9on2E5Z0YzB910=',NULL,0,'dgu','','','lksjdf@sdfj.ru',0,1,'2016-06-08 20:59:42.497396'),
	(94,'pbkdf2_sha256$30000$7P4CEVwSVDYP$TQHeaZj5WDlBgzE3VwgEkRHb1SLafOBMQoGsGHonNZk=',NULL,0,'Eugene','','','llaskdfj@kldjsf.ru',0,1,'2016-06-09 10:54:56.884029'),
	(95,'pbkdf2_sha256$30000$rLtMMyzbHkmt$P+KFrNWRnY4O3LHfkyLnnmjO6zeKJEl1kj0ntew2WH0=',NULL,0,'Ivanna','','','laskdfj@kldjsf.ru',0,1,'2016-06-09 10:54:57.165143'),
	(96,'pbkdf2_sha256$30000$oBwk8zawtGiL$j/kByMdRRxQ8m6QY5hnGZrDgy8NW6DBiGib3mFZRSO0=',NULL,0,'Nikata','','','laskdfj@kldjsf.ru',0,1,'2016-06-09 10:55:05.616184'),
	(97,'pbkdf2_sha256$30000$oNxUnWym8gt7$I5PWuU7Ri/7E8xc1zobDB4oaPd00fMRX02uEJiqpK1s=',NULL,0,'Alex','','','kjfdghlaskdfj@kldjsf.ru',0,1,'2016-06-09 10:55:05.898371');

/*!40000 ALTER TABLE `auth_user` ENABLE KEYS */;
UNLOCK TABLES;


DROP TABLE IF EXISTS `auth_user_groups`;

CREATE TABLE `auth_user_groups` (
  `id` int(11) NOT NULL AUTO_INCREMENT,
  `user_id` int(11) NOT NULL,
  `group_id` int(11) NOT NULL,
  PRIMARY KEY (`id`),
  UNIQUE KEY `auth_user_groups_user_id_94350c0c_uniq` (`user_id`,`group_id`),
  KEY `auth_user_groups_group_id_97559544_fk_auth_group_id` (`group_id`),
  CONSTRAINT `auth_user_groups_group_id_97559544_fk_auth_group_id` FOREIGN KEY (`group_id`) REFERENCES `auth_group` (`id`),
  CONSTRAINT `auth_user_groups_user_id_6a12ed8b_fk_auth_user_id` FOREIGN KEY (`user_id`) REFERENCES `auth_user` (`id`)
) ENGINE=InnoDB DEFAULT CHARSET=latin1;



DROP TABLE IF EXISTS `auth_user_user_permissions`;

CREATE TABLE `auth_user_user_permissions` (
  `id` int(11) NOT NULL AUTO_INCREMENT,
  `user_id` int(11) NOT NULL,
  `permission_id` int(11) NOT NULL,
  PRIMARY KEY (`id`),
  UNIQUE KEY `auth_user_user_permissions_user_id_14a6b632_uniq` (`user_id`,`permission_id`),
  KEY `auth_user_user_perm_permission_id_1fbb5f2c_fk_auth_permission_id` (`permission_id`),
  CONSTRAINT `auth_user_user_perm_permission_id_1fbb5f2c_fk_auth_permission_id` FOREIGN KEY (`permission_id`) REFERENCES `auth_permission` (`id`),
  CONSTRAINT `auth_user_user_permissions_user_id_a95ead1b_fk_auth_user_id` FOREIGN KEY (`user_id`) REFERENCES `auth_user` (`id`)
) ENGINE=InnoDB DEFAULT CHARSET=latin1;

LOCK TABLES `auth_user_user_permissions` WRITE;
/*!40000 ALTER TABLE `auth_user_user_permissions` DISABLE KEYS */;

INSERT INTO `auth_user_user_permissions` (`id`, `user_id`, `permission_id`)
VALUES
	(1,70,61),
	(2,70,62),
	(3,70,63);

/*!40000 ALTER TABLE `auth_user_user_permissions` ENABLE KEYS */;
UNLOCK TABLES;


DROP TABLE IF EXISTS `django_admin_log`;

CREATE TABLE `django_admin_log` (
  `id` int(11) NOT NULL AUTO_INCREMENT,
  `action_time` datetime(6) NOT NULL,
  `object_id` longtext,
  `object_repr` varchar(200) NOT NULL,
  `action_flag` smallint(5) unsigned NOT NULL,
  `change_message` longtext NOT NULL,
  `content_type_id` int(11) DEFAULT NULL,
  `user_id` int(11) NOT NULL,
  PRIMARY KEY (`id`),
  KEY `django_admin__content_type_id_c4bce8eb_fk_django_content_type_id` (`content_type_id`),
  KEY `django_admin_log_user_id_c564eba6_fk_auth_user_id` (`user_id`),
  CONSTRAINT `django_admin__content_type_id_c4bce8eb_fk_django_content_type_id` FOREIGN KEY (`content_type_id`) REFERENCES `django_content_type` (`id`),
  CONSTRAINT `django_admin_log_user_id_c564eba6_fk_auth_user_id` FOREIGN KEY (`user_id`) REFERENCES `auth_user` (`id`)
) ENGINE=InnoDB DEFAULT CHARSET=latin1;

LOCK TABLES `django_admin_log` WRITE;
/*!40000 ALTER TABLE `django_admin_log` DISABLE KEYS */;

INSERT INTO `django_admin_log` (`id`, `action_time`, `object_id`, `object_repr`, `action_flag`, `change_message`, `content_type_id`, `user_id`)
VALUES
	(1,'2016-04-09 15:04:46.069423','2','testuser',1,'[{\"added\": {}}]',4,1),
	(2,'2016-04-09 15:05:58.208479','2','testuser',3,'',4,1),
	(3,'2016-05-03 16:36:04.333667','1','bla',1,'[{\"added\": {}}]',7,1),
	(4,'2016-05-04 14:29:45.273752','1','Spinn Off Hack KPI - how it wa',2,'[{\"changed\": {\"fields\": [\"title\", \"image\", \"date\"]}}]',7,1),
	(5,'2016-05-04 14:30:12.244115','2','An Airport Terminal',1,'[{\"added\": {}}]',7,1),
	(6,'2016-05-04 14:30:33.601346','3','Hyperspace Travel',1,'[{\"added\": {}}]',7,1),
	(7,'2016-05-04 14:30:52.516975','4','And Another Train',1,'[{\"added\": {}}]',7,1),
	(8,'2016-05-04 15:15:36.829756','1','Spinn Off Hack KPI - how it wa',2,'[{\"changed\": {\"fields\": [\"image\", \"date\"]}}]',7,1),
	(9,'2016-05-04 15:18:29.843649','1','Spinn Off Hack KPI - how it wa',2,'[{\"changed\": {\"fields\": [\"image\", \"date\"]}}]',7,1),
	(10,'2016-05-04 15:21:21.689701','2','An Airport Terminal',2,'[{\"changed\": {\"fields\": [\"image\", \"date\"]}}]',7,1),
	(11,'2016-05-04 15:21:30.166336','3','Hyperspace Travel',2,'[{\"changed\": {\"fields\": [\"image\", \"date\"]}}]',7,1),
	(12,'2016-05-04 15:21:36.791797','4','And Another Train',2,'[{\"changed\": {\"fields\": [\"image\", \"date\"]}}]',7,1),
	(13,'2016-05-04 15:57:16.187770','1','Spinn Off Hack KPI - how it wa',2,'[{\"changed\": {\"fields\": [\"image\", \"date\"]}}]',7,1),
	(14,'2016-05-04 16:00:51.172900','2','An Airport Terminal',2,'[{\"changed\": {\"fields\": [\"image\", \"date\"]}}]',7,1),
	(15,'2016-05-04 16:02:58.732817','3','Hyperspace Travel',2,'[{\"changed\": {\"fields\": [\"image\", \"date\"]}}]',7,1),
	(16,'2016-05-04 16:03:09.619039','4','And Another Train',2,'[{\"changed\": {\"fields\": [\"image\", \"date\"]}}]',7,1),
	(17,'2016-05-04 17:44:22.119022','1','Spinn Off Hack KPI - how it wa',2,'[{\"changed\": {\"fields\": [\"text\", \"date\"]}}]',7,1),
	(18,'2016-05-04 17:51:24.485341','1','Spinn Off Hack KPI - how it wa',2,'[{\"changed\": {\"fields\": [\"text\", \"date\"]}}]',7,1),
	(19,'2016-05-04 17:51:43.270389','4','And Another Train',2,'[{\"changed\": {\"fields\": [\"text\", \"date\"]}}]',7,1),
	(20,'2016-05-04 18:16:27.539925','4','And Another Train',2,'[{\"changed\": {\"fields\": [\"text\", \"date\"]}}]',7,1),
	(21,'2016-05-04 18:16:59.164844','1','Spinn Off Hack KPI - how it wa',2,'[{\"changed\": {\"fields\": [\"text\", \"date\"]}}]',7,1),
	(22,'2016-05-04 18:17:56.500551','1','Spinn Off Hack KPI - how it wa',2,'[{\"changed\": {\"fields\": [\"text\", \"date\"]}}]',7,1),
	(23,'2016-05-04 18:18:03.229141','4','And Another Train',2,'[{\"changed\": {\"fields\": [\"text\", \"date\"]}}]',7,1),
	(24,'2016-05-05 14:00:18.490361','2','user',1,'[{\"added\": {}}]',4,1),
	(25,'2016-05-05 14:00:45.862625','2','user',2,'[{\"changed\": {\"fields\": [\"date_joined\"]}}]',4,1),
	(26,'2016-05-11 18:03:38.283867','1','English',1,'[{\"added\": {}}]',13,1),
	(27,'2016-05-11 18:05:34.615896','1','English: bla bla bla',1,'[{\"added\": {}}, {\"added\": {\"object\": \"Answer object\", \"name\": \"answer\"}}, {\"added\": {\"object\": \"Answer object\", \"name\": \"answer\"}}, {\"added\": {\"object\": \"Answer object\", \"name\": \"answer\"}}]',14,1),
	(28,'2016-05-14 15:41:59.249333','2','Math',1,'[{\"added\": {}}]',13,1),
	(29,'2016-05-14 15:42:31.146263','2','Math: If the average of 7d and 11d is 54, what is the value of d?',1,'[{\"added\": {}}, {\"added\": {\"object\": \"Answer object\", \"name\": \"answer\"}}, {\"added\": {\"object\": \"Answer object\", \"name\": \"answer\"}}, {\"added\": {\"object\": \"Answer object\", \"name\": \"answer\"}}]',14,1),
	(30,'2016-05-14 15:43:57.249250','3','Logic',1,'[{\"added\": {}}]',13,1),
	(31,'2016-05-14 15:44:14.073210','3','Logic: test question on logic',1,'[{\"added\": {}}, {\"added\": {\"object\": \"Answer object\", \"name\": \"answer\"}}, {\"added\": {\"object\": \"Answer object\", \"name\": \"answer\"}}, {\"added\": {\"object\": \"Answer object\", \"name\": \"answer\"}}]',14,1),
	(32,'2016-05-14 15:44:30.848922','4','Programming',1,'[{\"added\": {}}]',13,1),
	(33,'2016-05-14 15:44:47.333557','4','Programming: test uestion in programming skills',1,'[{\"added\": {}}, {\"added\": {\"object\": \"Answer object\", \"name\": \"answer\"}}, {\"added\": {\"object\": \"Answer object\", \"name\": \"answer\"}}, {\"added\": {\"object\": \"Answer object\", \"name\": \"answer\"}}]',14,1),
	(34,'2016-05-14 15:45:13.999890','5','Operation research background',1,'[{\"added\": {}}]',13,1),
	(35,'2016-05-14 15:45:27.395653','5','Operation research background: TEST QUESTION ON operation research background',1,'[{\"added\": {}}, {\"added\": {\"object\": \"Answer object\", \"name\": \"answer\"}}, {\"added\": {\"object\": \"Answer object\", \"name\": \"answer\"}}, {\"added\": {\"object\": \"Answer object\", \"name\": \"answer\"}}]',14,1),
	(36,'2016-05-14 17:01:20.973542','6','Math: erjfghlekjrg',1,'[{\"added\": {}}, {\"added\": {\"object\": \"wrong: Math: erjfghlekjrg\", \"name\": \"answer\"}}, {\"added\": {\"object\": \"wrong: Math: erjfghlekjrg\", \"name\": \"answer\"}}, {\"added\": {\"object\": \"wrong: Math: erjfghlekjrg\", \"name\": \"answer\"}}]',14,1),
	(37,'2016-05-21 15:58:58.304550','6','erjfghlekjrg',3,'',14,1),
	(38,'2016-05-21 15:58:58.306877','5','TEST QUESTION ON operation research background',3,'',14,1),
	(39,'2016-05-21 15:58:58.308891','4','test uestion in programming skills',3,'',14,1),
	(40,'2016-05-21 15:58:58.310896','3','test question on logic',3,'',14,1),
	(41,'2016-05-21 15:58:58.312742','2','If the average of 7d and 11d is 54, what is the value of d?',3,'',14,1),
	(42,'2016-05-21 15:58:58.314888','1','bla bla bla',3,'',14,1),
	(43,'2016-05-21 16:00:17.684747','7','Test Math',1,'[{\"added\": {}}]',14,1),
	(44,'2016-05-21 16:00:57.406798','8','Operation',1,'[{\"added\": {}}]',14,1),
	(45,'2016-05-21 16:01:29.884991','9','Test English',1,'[{\"added\": {}}]',14,1),
	(46,'2016-05-21 16:02:04.388944','10','Test logic',1,'[{\"added\": {}}]',14,1),
	(47,'2016-05-21 16:02:31.135870','11','Test math 2',1,'[{\"added\": {}}]',14,1),
	(48,'2016-05-21 16:05:42.556896','12','Test programming',1,'[{\"added\": {}}]',14,1),
	(49,'2016-05-22 11:23:33.868055','1','testUser test',3,'',16,1),
	(50,'2016-05-22 11:23:33.870839','2','sd l;',3,'',16,1),
	(51,'2016-05-22 11:23:33.872877','3','sd l;',3,'',16,1),
	(52,'2016-05-22 11:23:33.874697','4','sd l;',3,'',16,1),
	(53,'2016-05-22 11:23:33.876564','5','dlfkj ldskj',3,'',16,1),
	(54,'2016-05-22 11:23:33.878490','6','dlfkj ldskj',3,'',16,1),
	(55,'2016-05-22 11:23:33.880968','7','dlfkj ldskj',3,'',16,1),
	(56,'2016-05-22 11:23:33.883039','8','cgh sdkjfh',3,'',16,1),
	(57,'2016-05-22 11:23:33.885094','9','cgh sdkjfh',3,'',16,1),
	(58,'2016-05-22 11:23:33.887473','10','cgh sdkjfh',3,'',16,1),
	(59,'2016-05-22 11:23:33.889487','11','cgh sdkjfh',3,'',16,1),
	(60,'2016-05-22 11:23:33.891713','12','cgh sdkjfh',3,'',16,1),
	(61,'2016-05-22 11:23:33.893679','13','cgh sdkjfh',3,'',16,1),
	(62,'2016-05-22 11:23:33.895906','14','dsjgkfh sdjhg',3,'',16,1),
	(63,'2016-05-22 11:23:33.897861','15','dfgkj fdklgj',3,'',16,1),
	(64,'2016-05-22 11:23:33.900627','16','dlkfj dsflgkj',3,'',16,1),
	(65,'2016-05-24 20:32:47.739694','1','Using Neural Networks for Diabetic Retinopathy Detection in Eye Images',1,'[{\"added\": {}}]',12,1),
	(66,'2016-05-24 21:03:04.898312','1','Using Neural Networks for Diabetic Retinopathy Detection in Eye Images',2,'[{\"changed\": {\"fields\": [\"description\"]}}]',12,1),
	(67,'2016-05-24 21:04:41.229302','1','Using Neural Networks for Diabetic Retinopathy Detection in Eye Images',2,'[{\"changed\": {\"fields\": [\"description\"]}}]',12,1),
	(68,'2016-05-24 21:05:03.345474','1','Using Neural Networks for Diabetic Retinopathy Detection in Eye Images',2,'[{\"changed\": {\"fields\": [\"description\"]}}]',12,1),
	(69,'2016-05-25 10:32:13.250842','1','Using Neural Networks for Diabetic Retinopathy Detection in Eye Images',2,'[{\"changed\": {\"fields\": [\"mentor_description\"]}}]',12,1),
	(70,'2016-05-25 10:35:30.974749','1','Using Neural Networks for Diabetic Retinopathy Detection in Eye Images',2,'[]',12,1),
	(71,'2016-05-25 10:38:15.539001','2','Smart Career Planning and Skill Development via Personal Analytics',1,'[{\"added\": {}}]',12,1),
	(72,'2016-05-25 10:38:47.459306','1','Using Neural Networks for Diabetic Retinopathy Detection in Eye Images',2,'[{\"changed\": {\"fields\": [\"mentor_description\"]}}]',12,1),
	(73,'2016-05-25 10:39:23.712475','2','Smart Career Planning and Skill Development via Personal Analytics',2,'[]',12,1),
	(74,'2016-05-25 10:41:49.204086','3','Plasticity of Neural Circuits and Neurobiology of Learning',1,'[{\"added\": {}}]',12,1),
	(75,'2016-05-25 10:43:49.590518','4','Creating a virtual reality object',1,'[{\"added\": {}}]',12,1),
	(76,'2016-05-25 10:44:24.947202','4','Creating a virtual reality object',2,'[{\"changed\": {\"fields\": [\"image\"]}}]',12,1),
	(77,'2016-05-26 12:50:24.644091','2','Math skills',2,'[{\"changed\": {\"fields\": [\"subject_name\"]}}]',13,1),
	(78,'2016-05-26 12:50:37.864995','4','Programming skills',2,'[{\"changed\": {\"fields\": [\"subject_name\"]}}]',13,1),
	(79,'2016-05-26 13:38:42.749561','4','Creating a virtual reality object',2,'[{\"added\": {\"object\": \"MarkForEachProject object\", \"name\": \"mark for each project\"}}]',12,1),
	(80,'2016-05-26 13:39:09.270468','4','Creating a virtual reality object',2,'[{\"added\": {\"object\": \"MarkForEachProject object\", \"name\": \"mark for each project\"}}, {\"added\": {\"object\": \"MarkForEachProject object\", \"name\": \"mark for each project\"}}, {\"added\": {\"object\": \"MarkForEachProject object\", \"name\": \"mark for each project\"}}, {\"added\": {\"object\": \"MarkForEachProject object\", \"name\": \"mark for each project\"}}, {\"added\": {\"object\": \"MarkForEachProject object\", \"name\": \"mark for each project\"}}]',12,1),
	(81,'2016-05-26 13:40:03.805634','3','Plasticity of Neural Circuits and Neurobiology of Learning',2,'[{\"added\": {\"object\": \"MarkForEachProject object\", \"name\": \"mark for each project\"}}, {\"added\": {\"object\": \"MarkForEachProject object\", \"name\": \"mark for each project\"}}, {\"added\": {\"object\": \"MarkForEachProject object\", \"name\": \"mark for each project\"}}, {\"added\": {\"object\": \"MarkForEachProject object\", \"name\": \"mark for each project\"}}, {\"added\": {\"object\": \"MarkForEachProject object\", \"name\": \"mark for each project\"}}]',12,1),
	(82,'2016-05-26 13:40:29.567427','2','Smart Career Planning and Skill Development via Personal Analytics',2,'[{\"added\": {\"object\": \"MarkForEachProject object\", \"name\": \"mark for each project\"}}, {\"added\": {\"object\": \"MarkForEachProject object\", \"name\": \"mark for each project\"}}, {\"added\": {\"object\": \"MarkForEachProject object\", \"name\": \"mark for each project\"}}, {\"added\": {\"object\": \"MarkForEachProject object\", \"name\": \"mark for each project\"}}, {\"added\": {\"object\": \"MarkForEachProject object\", \"name\": \"mark for each project\"}}]',12,1),
	(83,'2016-05-26 13:41:07.825010','1','Using Neural Networks for Diabetic Retinopathy Detection in Eye Images',2,'[{\"added\": {\"object\": \"MarkForEachProject object\", \"name\": \"mark for each project\"}}, {\"added\": {\"object\": \"MarkForEachProject object\", \"name\": \"mark for each project\"}}, {\"added\": {\"object\": \"MarkForEachProject object\", \"name\": \"mark for each project\"}}, {\"added\": {\"object\": \"MarkForEachProject object\", \"name\": \"mark for each project\"}}, {\"added\": {\"object\": \"MarkForEachProject object\", \"name\": \"mark for each project\"}}]',12,1),
	(84,'2016-05-26 18:50:59.537271','17','sdgfkjh sdkjfhg',3,'',16,1),
	(85,'2016-05-26 18:50:59.539834','18','drfb sg',3,'',16,1),
	(86,'2016-05-26 18:50:59.542690','19','dsgfjkh skdjgh',3,'',16,1),
	(87,'2016-05-26 18:50:59.545041','20','dsgfjkh skdjgh',3,'',16,1),
	(88,'2016-05-26 18:50:59.547033','21','dsgfjkh skdjgh',3,'',16,1),
	(89,'2016-05-26 18:50:59.548993','22','dsgfjkh skdjgh',3,'',16,1),
	(90,'2016-05-26 18:50:59.551315','23','lkfgh sldkfj',3,'',16,1),
	(91,'2016-05-26 18:50:59.553824','24','lkfgh sldkfj',3,'',16,1),
	(92,'2016-05-26 18:50:59.555887','25','lkfgh sldkfj',3,'',16,1),
	(93,'2016-05-26 18:50:59.559823','26','dlkgj ewdfl',3,'',16,1),
	(94,'2016-05-26 18:50:59.564306','27','dlkgj ewdfl',3,'',16,1),
	(95,'2016-05-26 18:50:59.567597','28','dlkgj ewdfl',3,'',16,1),
	(96,'2016-05-26 18:50:59.569609','29','xckvl sdlkfj',3,'',16,1),
	(97,'2016-05-26 18:50:59.571443','30','xckvl sdlkfj',3,'',16,1),
	(98,'2016-05-26 18:50:59.573323','31','xckvl sdlkfj',3,'',16,1),
	(99,'2016-05-26 18:50:59.577044','32','xckvl sdlkfj',3,'',16,1),
	(100,'2016-05-26 18:50:59.579155','33','xckvl sdlkfj',3,'',16,1),
	(101,'2016-05-26 18:50:59.580989','34','xckvl sdlkfj',3,'',16,1),
	(102,'2016-05-26 18:50:59.583269','35','xckvl sdlkfj',3,'',16,1),
	(103,'2016-05-26 18:50:59.585304','36','xckvl sdlkfj',3,'',16,1),
	(104,'2016-05-26 18:50:59.587112','37','kjh kjh',3,'',16,1),
	(105,'2016-05-26 18:50:59.588908','38','kjh kjh',3,'',16,1),
	(106,'2016-05-26 18:50:59.591612','39','kjh kjh',3,'',16,1),
	(107,'2016-05-26 18:52:34.208792','40','kjh kjh',3,'',16,1),
	(108,'2016-05-26 18:52:34.211717','41','kjh kjh',3,'',16,1),
	(109,'2016-05-26 18:54:49.181813','42','kjh kjh',3,'',16,1),
	(110,'2016-05-26 18:54:49.183953','43','sdkjg wejkgh',3,'',16,1),
	(111,'2016-05-26 18:56:54.403001','4','Creating a virtual reality object',2,'[{\"changed\": {\"fields\": [\"subject_id\"], \"object\": \"MarkForEachProject object\", \"name\": \"mark for each project\"}}, {\"changed\": {\"fields\": [\"subject_id\"], \"object\": \"MarkForEachProject object\", \"name\": \"mark for each project\"}}]',12,1),
	(112,'2016-05-26 19:15:34.339944','4','Creating a virtual reality object',2,'[{\"changed\": {\"fields\": [\"minMembers\", \"maxMembers\"]}}]',12,1),
	(113,'2016-05-26 19:15:43.260909','3','Plasticity of Neural Circuits and Neurobiology of Learning',2,'[{\"changed\": {\"fields\": [\"minMembers\", \"maxMembers\"]}}]',12,1),
	(114,'2016-05-26 19:15:51.768184','2','Smart Career Planning and Skill Development via Personal Analytics',2,'[{\"changed\": {\"fields\": [\"minMembers\", \"maxMembers\"]}}]',12,1),
	(115,'2016-05-26 19:15:58.867239','1','Using Neural Networks for Diabetic Retinopathy Detection in Eye Images',2,'[{\"changed\": {\"fields\": [\"minMembers\", \"maxMembers\"]}}]',12,1),
	(116,'2016-05-26 19:56:36.220024','44','sdklj lskdfj',3,'',16,1),
	(117,'2016-05-26 19:57:42.925610','45','sdklj lskdfj',3,'',16,1),
	(118,'2016-05-26 19:57:42.928023','46','sdklj lskdfj',3,'',16,1),
	(119,'2016-05-26 20:16:49.205087','47','sdklj lskdfj',3,'',16,1),
	(120,'2016-05-26 20:25:56.790009','48','sdvjh wekhj',3,'',16,1),
	(121,'2016-05-26 20:42:35.397534','49','Ivanna Last',3,'',16,1),
	(122,'2016-05-26 20:42:35.399931','50','Blavazar fk',3,'',16,1),
	(123,'2016-05-26 20:42:35.402236','51','dgkl sdlfkh',3,'',16,1),
	(124,'2016-05-26 20:42:53.738295','4','Creating a virtual reality object',2,'[{\"changed\": {\"fields\": [\"minMembers\"]}}]',12,1),
	(125,'2016-05-26 20:43:03.832602','3','Plasticity of Neural Circuits and Neurobiology of Learning',2,'[{\"changed\": {\"fields\": [\"minMembers\"]}}]',12,1),
	(126,'2016-05-26 20:43:10.473284','2','Smart Career Planning and Skill Development via Personal Analytics',2,'[{\"changed\": {\"fields\": [\"minMembers\"]}}]',12,1),
	(127,'2016-05-26 20:43:17.373271','1','Using Neural Networks for Diabetic Retinopathy Detection in Eye Images',2,'[{\"changed\": {\"fields\": [\"minMembers\"]}}]',12,1),
	(128,'2016-05-26 20:43:54.705855','13','bla bla bla',1,'[{\"added\": {}}]',14,1),
	(129,'2016-05-26 20:44:05.764886','14','sdfklj',1,'[{\"added\": {}}]',14,1),
	(130,'2016-05-26 20:44:14.539544','15','sdfkjh',1,'[{\"added\": {}}]',14,1),
	(131,'2016-05-26 20:44:38.425089','16','erg98',1,'[{\"added\": {}}]',14,1),
	(132,'2016-05-26 20:45:01.635936','17','sldkfj',1,'[{\"added\": {}}]',14,1),
	(133,'2016-05-26 20:45:11.449993','18','weoif',1,'[{\"added\": {}}]',14,1),
	(134,'2016-05-26 20:45:20.372773','19','weigh',1,'[{\"added\": {}}]',14,1),
	(135,'2016-05-26 20:45:29.329956','20','wejkfn',1,'[{\"added\": {}}]',14,1),
	(136,'2016-05-26 20:45:37.055222','21','wegh',1,'[{\"added\": {}}]',14,1),
	(137,'2016-05-26 20:45:46.990048','22','uf',1,'[{\"added\": {}}]',14,1),
	(138,'2016-05-26 20:45:56.336034','23','o3rqi',1,'[{\"added\": {}}]',14,1),
	(139,'2016-05-26 20:46:11.543490','24','3oirq',1,'[{\"added\": {}}]',14,1),
	(140,'2016-05-26 20:46:21.128183','25','qwoiejf',1,'[{\"added\": {}}]',14,1),
	(141,'2016-05-26 20:46:30.742047','26','3qrio',1,'[{\"added\": {}}]',14,1),
	(142,'2016-05-26 20:46:38.610028','27','oiwr',1,'[{\"added\": {}}]',14,1),
	(143,'2016-05-26 20:46:45.295204','28','3oiru',1,'[{\"added\": {}}]',14,1),
	(144,'2016-05-26 20:46:52.602034','29','3riuo',1,'[{\"added\": {}}]',14,1),
	(145,'2016-05-26 20:47:02.572028','30','23r',1,'[{\"added\": {}}]',14,1),
	(146,'2016-05-26 20:47:10.323334','31','rowjf',1,'[{\"added\": {}}]',14,1),
	(147,'2016-05-26 20:47:19.059080','32','weoifj',1,'[{\"added\": {}}]',14,1),
	(148,'2016-05-26 21:28:17.480848','52','kldvj lkdsgj',3,'',16,1),
	(149,'2016-05-26 21:28:17.483658','53','dflkgj wegfj',3,'',16,1),
	(150,'2016-05-26 21:28:17.485827','54','giodf roigu',3,'',16,1),
	(151,'2016-05-26 21:28:17.488428','55','sdfljk govj',3,'',16,1),
	(152,'2016-05-26 21:28:17.491162','56','guiy sdvh',3,'',16,1),
	(153,'2016-05-26 21:28:17.493588','57','rogiu dfvhjk',3,'',16,1),
	(154,'2016-05-26 21:28:17.495419','58','opsgdi pogwi',3,'',16,1),
	(155,'2016-05-26 21:28:17.497758','59','ergopj regjl',3,'',16,1),
	(156,'2016-05-26 21:28:17.500147','60','ofkj dofj',3,'',16,1),
	(157,'2016-05-26 21:28:17.502139','61','sdlf lkdsjgff',3,'',16,1),
	(158,'2016-05-26 21:28:17.504315','62','dfgj jldkf',3,'',16,1),
	(159,'2016-05-26 21:28:17.506559','63','dsf ldskjf',3,'',16,1),
	(160,'2016-05-26 21:28:17.508718','64','gfj vlkj',3,'',16,1),
	(161,'2016-05-26 21:28:17.511408','65','ewfiuh kjfdh',3,'',16,1),
	(162,'2016-05-26 21:28:17.514650','66','kjvh kldf',3,'',16,1),
	(163,'2016-05-26 21:28:17.517639','67','v lkjfkl',3,'',16,1),
	(164,'2016-05-26 21:28:17.519683','68','flkj lkvjd',3,'',16,1),
	(165,'2016-05-26 21:28:17.521984','69','fgj ljgd',3,'',16,1),
	(166,'2016-05-26 21:28:17.524097','70','flkvj lvkj',3,'',16,1),
	(167,'2016-05-26 21:28:17.526621','71','flkj lkj',3,'',16,1),
	(168,'2016-05-26 21:50:26.482916','72','dkvj dlkfj',3,'',16,1),
	(169,'2016-05-26 21:50:26.485572','73','jkvbhfkb fkh',3,'',16,1),
	(170,'2016-05-26 21:50:26.487151','74','cvj ldkvj',3,'',16,1),
	(171,'2016-05-26 21:50:26.489530','75','dlfkj dl;jv',3,'',16,1),
	(172,'2016-05-26 21:50:26.491920','76','dglkj dlkj',3,'',16,1),
	(173,'2016-05-26 21:50:26.494137','77','dlkjv ldgkh',3,'',16,1),
	(174,'2016-05-26 21:59:26.956465','4','Creating a virtual reality object',3,'',12,1),
	(175,'2016-05-26 22:02:40.385920','5','Creating a virtual reality object',1,'[{\"added\": {}}, {\"added\": {\"object\": \"MarkForEachProject object\", \"name\": \"mark for each project\"}}, {\"added\": {\"object\": \"MarkForEachProject object\", \"name\": \"mark for each project\"}}, {\"added\": {\"object\": \"MarkForEachProject object\", \"name\": \"mark for each project\"}}, {\"added\": {\"object\": \"MarkForEachProject object\", \"name\": \"mark for each project\"}}, {\"added\": {\"object\": \"MarkForEachProject object\", \"name\": \"mark for each project\"}}]',12,1),
	(176,'2016-05-26 22:03:56.161384','78','vclkj lk',3,'',16,1),
	(177,'2016-05-27 06:51:35.574531','5','Creating a virtual reality object',2,'[{\"changed\": {\"fields\": [\"mark\"], \"object\": \"MarkForEachProject object\", \"name\": \"mark for each project\"}}, {\"changed\": {\"fields\": [\"mark\"], \"object\": \"MarkForEachProject object\", \"name\": \"mark for each project\"}}, {\"changed\": {\"fields\": [\"mark\"], \"object\": \"MarkForEachProject object\", \"name\": \"mark for each project\"}}, {\"changed\": {\"fields\": [\"mark\"], \"object\": \"MarkForEachProject object\", \"name\": \"mark for each project\"}}, {\"changed\": {\"fields\": [\"mark\"], \"object\": \"MarkForEachProject object\", \"name\": \"mark for each project\"}}]',12,1),
	(178,'2016-05-27 07:22:12.970652','5','Creating a virtual reality object',2,'[{\"changed\": {\"fields\": [\"mark\"], \"object\": \"MarkForEachProject object\", \"name\": \"mark for each project\"}}, {\"changed\": {\"fields\": [\"mark\"], \"object\": \"MarkForEachProject object\", \"name\": \"mark for each project\"}}, {\"changed\": {\"fields\": [\"mark\"], \"object\": \"MarkForEachProject object\", \"name\": \"mark for each project\"}}, {\"changed\": {\"fields\": [\"mark\"], \"object\": \"MarkForEachProject object\", \"name\": \"mark for each project\"}}, {\"changed\": {\"fields\": [\"mark\"], \"object\": \"MarkForEachProject object\", \"name\": \"mark for each project\"}}]',12,1),
	(179,'2016-05-27 08:23:02.649267','597','testsApply object',2,'[{\"changed\": {\"fields\": [\"answer\"]}}]',17,1),
	(180,'2016-05-27 08:23:12.565757','594','testsApply object',2,'[{\"changed\": {\"fields\": [\"answer\"]}}]',17,1),
	(181,'2016-05-27 08:23:19.476941','590','testsApply object',2,'[{\"changed\": {\"fields\": [\"answer\"]}}]',17,1),
	(182,'2016-05-27 08:23:44.709844','572','testsApply object',2,'[{\"changed\": {\"fields\": [\"answer\"]}}]',17,1),
	(183,'2016-05-27 08:23:49.856728','561','testsApply object',2,'[{\"changed\": {\"fields\": [\"answer\"]}}]',17,1),
	(184,'2016-05-27 08:23:58.315277','567','testsApply object',2,'[{\"changed\": {\"fields\": [\"answer\"]}}]',17,1),
	(185,'2016-05-27 09:57:02.518731','4','Rant: Stop Treating Customer E',2,'[{\"changed\": {\"fields\": [\"title\", \"text\", \"date\"]}}]',7,1),
	(186,'2016-05-27 09:58:53.328475','1','15 Customer Experience Thought',2,'[{\"changed\": {\"fields\": [\"title\", \"text\", \"date\"]}}]',7,1),
	(187,'2016-05-27 09:59:46.355765','2','Mathematical model',2,'[{\"changed\": {\"fields\": [\"title\", \"text\", \"date\"]}}]',7,1),
	(188,'2016-05-27 10:00:45.051192','3','Student moderators',2,'[{\"changed\": {\"fields\": [\"title\", \"text\", \"date\"]}}]',7,1),
	(189,'2016-05-27 10:09:48.764586','1','15 Customer Experience Thought',2,'[{\"changed\": {\"fields\": [\"image\", \"date\"]}}]',7,1),
	(190,'2016-05-27 10:10:22.878445','2','Mathematical model',2,'[{\"changed\": {\"fields\": [\"image\", \"date\"]}}]',7,1),
	(191,'2016-05-27 10:11:12.901194','3','Student moderators',2,'[{\"changed\": {\"fields\": [\"image\", \"date\"]}}]',7,1),
	(192,'2016-05-27 10:12:53.720081','4','Is Analytics losing...?',2,'[{\"changed\": {\"fields\": [\"title\", \"image\", \"text\", \"date\"]}}]',7,1),
	(193,'2016-05-29 11:31:29.262629','108','iofgdujv qkhjdv',3,'',16,1),
	(194,'2016-05-29 11:31:29.267583','109','Baltazar Slezix',3,'',16,1),
	(195,'2016-05-29 11:31:29.269770','110','$ ))',3,'',16,1),
	(196,'2016-05-29 11:31:29.271933','111','dkljf lkdjv',3,'',16,1),
	(197,'2016-05-29 11:31:29.274794','112','dkljf lkdjv',3,'',16,1),
	(198,'2016-05-29 11:31:29.277056','113','fbkj lfbkj',3,'',16,1),
	(199,'2016-05-29 11:31:29.279212','114','sdkfhj fdlkjv',3,'',16,1),
	(200,'2016-05-29 11:31:29.281288','115','fdlgkj lfkh',3,'',16,1),
	(201,'2016-05-29 11:31:29.283400','116','dghfjk fdkjb',3,'',16,1),
	(202,'2016-05-29 11:31:29.285276','117','aaaa ksdjv',3,'',16,1),
	(203,'2016-05-29 11:31:29.287610','118','jhv kjb',3,'',16,1),
	(204,'2016-05-29 11:31:29.290000','119','bbbjlkren lkjh',3,'',16,1),
	(205,'2016-05-29 11:31:29.292100','120','jhkg jhkgsd',3,'',16,1),
	(206,'2016-05-29 11:31:29.294000','121','ggg sdjkhgf',3,'',16,1),
	(207,'2016-05-29 11:31:29.296052','122','eee dsgmfn',3,'',16,1),
	(208,'2016-05-29 11:31:29.298073','123','yyy dv',3,'',16,1),
	(209,'2016-05-31 06:30:28.223978','140','Destribution object',3,'',20,1),
	(210,'2016-05-31 06:30:28.226298','139','Destribution object',3,'',20,1),
	(211,'2016-05-31 06:30:28.229308','138','Destribution object',3,'',20,1),
	(212,'2016-05-31 06:30:28.231453','137','Destribution object',3,'',20,1),
	(213,'2016-05-31 06:30:28.233558','136','Destribution object',3,'',20,1),
	(214,'2016-05-31 07:00:52.813487','20','20',2,'[{\"changed\": {\"fields\": [\"question\", \"right_answer\", \"wrong_answer1\", \"wrong_answer2\", \"wrong_answer3\"]}}]',14,1),
	(215,'2016-05-31 07:01:12.776959','22','22',2,'[{\"changed\": {\"fields\": [\"question\", \"right_answer\", \"wrong_answer1\", \"wrong_answer2\", \"wrong_answer3\"]}}]',14,1),
	(216,'2016-05-31 07:01:52.706959','21','21',2,'[{\"changed\": {\"fields\": [\"question\", \"right_answer\", \"wrong_answer1\", \"wrong_answer2\", \"wrong_answer3\"]}}]',14,1),
	(217,'2016-05-31 07:02:26.527952','27','27',2,'[{\"changed\": {\"fields\": [\"question\", \"right_answer\", \"wrong_answer1\", \"wrong_answer2\", \"wrong_answer3\"]}}]',14,1),
	(218,'2016-05-31 07:02:58.616887','26','26',2,'[{\"changed\": {\"fields\": [\"question\", \"right_answer\", \"wrong_answer1\", \"wrong_answer2\", \"wrong_answer3\"]}}]',14,1),
	(219,'2016-05-31 07:03:30.895071','25','25',2,'[{\"changed\": {\"fields\": [\"question\", \"right_answer\", \"wrong_answer1\", \"wrong_answer2\", \"wrong_answer3\"]}}]',14,1),
	(220,'2016-05-31 07:04:05.590562','19','19',2,'[{\"changed\": {\"fields\": [\"question\", \"right_answer\", \"wrong_answer1\", \"wrong_answer2\", \"wrong_answer3\"]}}]',14,1),
	(221,'2016-05-31 07:04:56.364617','18','18',2,'[{\"changed\": {\"fields\": [\"question\", \"right_answer\", \"wrong_answer1\", \"wrong_answer2\", \"wrong_answer3\"]}}]',14,1),
	(222,'2016-05-31 07:05:34.497304','17','17',2,'[{\"changed\": {\"fields\": [\"question\", \"right_answer\", \"wrong_answer1\", \"wrong_answer2\", \"wrong_answer3\"]}}]',14,1),
	(223,'2016-05-31 07:06:19.811575','32','32',2,'[{\"changed\": {\"fields\": [\"question\", \"right_answer\", \"wrong_answer1\", \"wrong_answer2\", \"wrong_answer3\"]}}]',14,1),
	(224,'2016-05-31 07:06:52.030591','31','31',2,'[{\"changed\": {\"fields\": [\"question\", \"right_answer\", \"wrong_answer1\", \"wrong_answer2\", \"wrong_answer3\"]}}]',14,1),
	(225,'2016-05-31 07:07:12.304379','30','30',2,'[{\"changed\": {\"fields\": [\"question\", \"right_answer\", \"wrong_answer1\", \"wrong_answer2\", \"wrong_answer3\"]}}]',14,1),
	(226,'2016-05-31 07:07:51.174457','16','16',2,'[{\"changed\": {\"fields\": [\"question\", \"right_answer\", \"wrong_answer1\", \"wrong_answer2\", \"wrong_answer3\"]}}]',14,1),
	(227,'2016-05-31 07:08:26.550767','15','15',2,'[{\"changed\": {\"fields\": [\"question\", \"right_answer\", \"wrong_answer1\", \"wrong_answer2\", \"wrong_answer3\"]}}]',14,1),
	(228,'2016-05-31 07:09:02.085509','14','14',2,'[{\"changed\": {\"fields\": [\"question\", \"right_answer\", \"wrong_answer1\", \"wrong_answer2\", \"wrong_answer3\"]}}]',14,1),
	(229,'2016-05-31 08:31:49.922481','5','dlgkj',3,'',4,1),
	(230,'2016-05-31 08:31:49.925488','3','fhljkgqlkjg',3,'',4,1),
	(231,'2016-05-31 08:31:49.928035','4','sdgbjv',3,'',4,1),
	(232,'2016-05-31 08:31:49.930319','2','user',3,'',4,1),
	(233,'2016-05-31 08:51:53.142871','9','dlgkj',3,'',4,1),
	(234,'2016-05-31 08:51:53.146149','7','fhljkgqlkjg',3,'',4,1),
	(235,'2016-05-31 08:51:53.148514','8','sdgbjv',3,'',4,1),
	(236,'2016-05-31 08:59:11.375105','15','egklhj',3,'',4,1),
	(237,'2016-05-31 08:59:11.377148','13','eglkj',3,'',4,1),
	(238,'2016-05-31 08:59:11.379156','12','fdiblvk',3,'',4,1),
	(239,'2016-05-31 08:59:11.381462','11','fhljkgqlkjg',3,'',4,1),
	(240,'2016-05-31 08:59:11.383596','14','pdovj',3,'',4,1),
	(241,'2016-05-31 09:04:37.951893','21','egklhj',3,'',4,1),
	(242,'2016-05-31 09:04:37.954021','19','eglkj',3,'',4,1),
	(243,'2016-05-31 09:04:37.956239','18','fdiblvk',3,'',4,1),
	(244,'2016-05-31 09:04:37.959232','17','fhljkgqlkjg',3,'',4,1),
	(245,'2016-05-31 09:04:37.960751','20','pdovj',3,'',4,1),
	(246,'2016-05-31 09:08:24.964093','28','egklhj',3,'',4,1),
	(247,'2016-05-31 09:08:24.966539','26','eglkj',3,'',4,1),
	(248,'2016-05-31 09:08:24.969833','25','fdiblvk',3,'',4,1),
	(249,'2016-05-31 09:08:24.972141','24','fhljkgqlkjg',3,'',4,1),
	(250,'2016-05-31 09:08:24.974050','27','pdovj',3,'',4,1),
	(251,'2016-05-31 10:35:36.020571','1','sdlfeigh',1,'[{\"added\": {}}]',21,1),
	(252,'2016-05-31 11:25:19.641219','40','dfklj',3,'',4,1),
	(253,'2016-05-31 11:25:19.643407','42','dglhv',3,'',4,1),
	(254,'2016-05-31 11:25:19.645328','44','dlgkj',3,'',4,1),
	(255,'2016-05-31 11:25:19.648653','41','egjk',3,'',4,1),
	(256,'2016-05-31 11:25:19.651101','34','egklhj',3,'',4,1),
	(257,'2016-05-31 11:25:19.652964','32','eglkj',3,'',4,1),
	(258,'2016-05-31 11:25:19.656043','46','fdbk',3,'',4,1),
	(259,'2016-05-31 11:25:19.657704','31','fdiblvk',3,'',4,1),
	(260,'2016-05-31 11:25:19.660117','30','fhljkgqlkjg',3,'',4,1),
	(261,'2016-05-31 11:25:19.662249','45','fpdobjl',3,'',4,1),
	(262,'2016-05-31 11:25:19.664386','33','pdovj',3,'',4,1),
	(263,'2016-05-31 11:25:19.666373','43','sdgbjv',3,'',4,1),
	(264,'2016-06-02 15:14:43.668613','250','Destribution object',3,'',20,1),
	(265,'2016-06-02 15:14:43.672334','249','Destribution object',3,'',20,1),
	(266,'2016-06-02 15:14:43.674340','248','Destribution object',3,'',20,1),
	(267,'2016-06-02 15:14:43.676872','247','Destribution object',3,'',20,1),
	(268,'2016-06-02 15:14:43.680432','246','Destribution object',3,'',20,1),
	(269,'2016-06-02 15:14:43.682642','240','Destribution object',3,'',20,1),
	(270,'2016-06-02 15:14:43.685292','239','Destribution object',3,'',20,1),
	(271,'2016-06-02 15:14:43.688202','238','Destribution object',3,'',20,1),
	(272,'2016-06-02 15:14:43.690801','237','Destribution object',3,'',20,1),
	(273,'2016-06-02 15:14:43.692784','236','Destribution object',3,'',20,1),
	(274,'2016-06-02 15:14:43.694926','235','Destribution object',3,'',20,1),
	(275,'2016-06-02 15:14:43.697263','234','Destribution object',3,'',20,1),
	(276,'2016-06-02 15:14:43.700633','233','Destribution object',3,'',20,1),
	(277,'2016-06-02 15:14:43.703920','232','Destribution object',3,'',20,1),
	(278,'2016-06-02 15:14:43.706470','231','Destribution object',3,'',20,1),
	(279,'2016-06-02 15:14:43.708665','230','Destribution object',3,'',20,1),
	(280,'2016-06-02 15:14:43.711554','229','Destribution object',3,'',20,1),
	(281,'2016-06-02 15:14:43.713679','228','Destribution object',3,'',20,1),
	(282,'2016-06-02 15:14:43.715214','227','Destribution object',3,'',20,1),
	(283,'2016-06-02 15:14:43.717469','226','Destribution object',3,'',20,1),
	(284,'2016-06-02 15:14:59.484519','52','dfklj',3,'',4,1),
	(285,'2016-06-02 15:14:59.486848','54','dglhv',3,'',4,1),
	(286,'2016-06-02 15:14:59.490194','56','dlgkj',3,'',4,1),
	(287,'2016-06-02 15:14:59.493614','53','egjk',3,'',4,1),
	(288,'2016-06-02 15:14:59.495745','51','egklhj',3,'',4,1),
	(289,'2016-06-02 15:14:59.497628','49','eglkj',3,'',4,1),
	(290,'2016-06-02 15:14:59.499576','58','fdbk',3,'',4,1),
	(291,'2016-06-02 15:14:59.501497','48','fdiblvk',3,'',4,1),
	(292,'2016-06-02 15:14:59.503855','47','fhljkgqlkjg',3,'',4,1),
	(293,'2016-06-02 15:14:59.505685','57','fpdobjl',3,'',4,1),
	(294,'2016-06-02 15:14:59.508083','50','pdovj',3,'',4,1),
	(295,'2016-06-02 15:14:59.511961','55','sdgbjv',3,'',4,1),
	(296,'2016-06-02 15:34:20.843814','350','Destribution object',3,'',20,1),
	(297,'2016-06-02 15:34:20.846321','349','Destribution object',3,'',20,1),
	(298,'2016-06-02 15:34:20.848481','348','Destribution object',3,'',20,1),
	(299,'2016-06-02 15:34:20.850707','347','Destribution object',3,'',20,1),
	(300,'2016-06-02 15:34:20.852717','346','Destribution object',3,'',20,1),
	(301,'2016-06-02 15:34:20.854700','345','Destribution object',3,'',20,1),
	(302,'2016-06-02 15:34:20.856498','344','Destribution object',3,'',20,1),
	(303,'2016-06-02 15:34:20.858411','343','Destribution object',3,'',20,1),
	(304,'2016-06-02 15:34:20.860435','342','Destribution object',3,'',20,1),
	(305,'2016-06-02 15:34:20.862450','341','Destribution object',3,'',20,1),
	(306,'2016-06-02 15:34:20.864448','340','Destribution object',3,'',20,1),
	(307,'2016-06-02 15:34:20.866510','339','Destribution object',3,'',20,1),
	(308,'2016-06-02 15:34:20.868393','338','Destribution object',3,'',20,1),
	(309,'2016-06-02 15:34:20.870282','337','Destribution object',3,'',20,1),
	(310,'2016-06-02 15:34:20.872123','336','Destribution object',3,'',20,1),
	(311,'2016-06-02 15:34:20.874371','335','Destribution object',3,'',20,1),
	(312,'2016-06-02 15:34:20.876859','334','Destribution object',3,'',20,1),
	(313,'2016-06-02 15:34:20.880215','333','Destribution object',3,'',20,1),
	(314,'2016-06-02 15:34:20.882970','332','Destribution object',3,'',20,1),
	(315,'2016-06-02 15:34:20.885065','331','Destribution object',3,'',20,1),
	(316,'2016-06-02 15:34:20.886950','330','Destribution object',3,'',20,1),
	(317,'2016-06-02 15:34:20.888744','329','Destribution object',3,'',20,1),
	(318,'2016-06-02 15:34:20.890110','328','Destribution object',3,'',20,1),
	(319,'2016-06-02 15:34:20.891980','327','Destribution object',3,'',20,1),
	(320,'2016-06-02 15:34:20.895662','326','Destribution object',3,'',20,1),
	(321,'2016-06-02 15:34:20.897808','325','Destribution object',3,'',20,1),
	(322,'2016-06-02 15:34:20.899371','324','Destribution object',3,'',20,1),
	(323,'2016-06-02 15:34:20.901560','323','Destribution object',3,'',20,1),
	(324,'2016-06-02 15:34:20.903006','322','Destribution object',3,'',20,1),
	(325,'2016-06-02 15:34:20.904438','321','Destribution object',3,'',20,1),
	(326,'2016-06-02 15:34:20.906444','320','Destribution object',3,'',20,1),
	(327,'2016-06-02 15:34:20.909090','319','Destribution object',3,'',20,1),
	(328,'2016-06-02 15:34:20.912072','318','Destribution object',3,'',20,1),
	(329,'2016-06-02 15:34:20.914455','317','Destribution object',3,'',20,1),
	(330,'2016-06-02 15:34:20.916559','316','Destribution object',3,'',20,1),
	(331,'2016-06-02 15:34:20.918692','315','Destribution object',3,'',20,1),
	(332,'2016-06-02 15:34:20.920729','314','Destribution object',3,'',20,1),
	(333,'2016-06-02 15:34:20.922708','313','Destribution object',3,'',20,1),
	(334,'2016-06-02 15:34:20.924633','312','Destribution object',3,'',20,1),
	(335,'2016-06-02 15:34:20.927397','311','Destribution object',3,'',20,1),
	(336,'2016-06-02 15:34:20.929330','310','Destribution object',3,'',20,1),
	(337,'2016-06-02 15:34:20.931004','309','Destribution object',3,'',20,1),
	(338,'2016-06-02 15:34:20.932741','308','Destribution object',3,'',20,1),
	(339,'2016-06-02 15:34:20.934551','307','Destribution object',3,'',20,1),
	(340,'2016-06-02 15:34:20.936303','306','Destribution object',3,'',20,1),
	(341,'2016-06-02 15:34:20.938678','305','Destribution object',3,'',20,1),
	(342,'2016-06-02 15:34:20.940934','304','Destribution object',3,'',20,1),
	(343,'2016-06-02 15:34:20.943342','303','Destribution object',3,'',20,1),
	(344,'2016-06-02 15:34:20.945667','302','Destribution object',3,'',20,1),
	(345,'2016-06-02 15:34:20.947863','301','Destribution object',3,'',20,1),
	(346,'2016-06-02 15:34:20.951335','300','Destribution object',3,'',20,1),
	(347,'2016-06-02 15:34:20.953562','299','Destribution object',3,'',20,1),
	(348,'2016-06-02 15:34:20.955184','298','Destribution object',3,'',20,1),
	(349,'2016-06-02 15:34:20.957484','297','Destribution object',3,'',20,1),
	(350,'2016-06-02 15:34:20.959773','296','Destribution object',3,'',20,1),
	(351,'2016-06-02 15:34:20.961732','295','Destribution object',3,'',20,1),
	(352,'2016-06-02 15:34:20.963556','294','Destribution object',3,'',20,1),
	(353,'2016-06-02 15:34:20.965403','293','Destribution object',3,'',20,1),
	(354,'2016-06-02 15:34:20.967272','292','Destribution object',3,'',20,1),
	(355,'2016-06-02 15:34:20.969505','291','Destribution object',3,'',20,1),
	(356,'2016-06-02 15:34:20.971479','290','Destribution object',3,'',20,1),
	(357,'2016-06-02 15:34:20.973506','289','Destribution object',3,'',20,1),
	(358,'2016-06-02 15:34:20.975935','288','Destribution object',3,'',20,1),
	(359,'2016-06-02 15:34:20.977760','287','Destribution object',3,'',20,1),
	(360,'2016-06-02 15:34:20.979556','286','Destribution object',3,'',20,1),
	(361,'2016-06-02 15:34:20.981410','285','Destribution object',3,'',20,1),
	(362,'2016-06-02 15:34:20.983316','284','Destribution object',3,'',20,1),
	(363,'2016-06-02 15:34:20.985674','283','Destribution object',3,'',20,1),
	(364,'2016-06-02 15:34:20.987830','282','Destribution object',3,'',20,1),
	(365,'2016-06-02 15:34:20.989783','281','Destribution object',3,'',20,1),
	(366,'2016-06-02 15:34:20.991750','280','Destribution object',3,'',20,1),
	(367,'2016-06-02 15:34:20.993585','279','Destribution object',3,'',20,1),
	(368,'2016-06-02 15:34:20.995527','278','Destribution object',3,'',20,1),
	(369,'2016-06-02 15:34:20.997512','277','Destribution object',3,'',20,1),
	(370,'2016-06-02 15:34:20.998909','276','Destribution object',3,'',20,1),
	(371,'2016-06-02 15:34:21.000805','275','Destribution object',3,'',20,1),
	(372,'2016-06-02 15:34:21.002703','274','Destribution object',3,'',20,1),
	(373,'2016-06-02 15:34:21.004422','273','Destribution object',3,'',20,1),
	(374,'2016-06-02 15:34:21.006436','272','Destribution object',3,'',20,1),
	(375,'2016-06-02 15:34:21.008822','271','Destribution object',3,'',20,1),
	(376,'2016-06-02 15:34:21.011386','270','Destribution object',3,'',20,1),
	(377,'2016-06-02 15:34:21.013653','269','Destribution object',3,'',20,1),
	(378,'2016-06-02 15:34:21.015717','268','Destribution object',3,'',20,1),
	(379,'2016-06-02 15:34:21.017998','267','Destribution object',3,'',20,1),
	(380,'2016-06-02 15:34:21.020669','266','Destribution object',3,'',20,1),
	(381,'2016-06-02 15:34:21.022990','265','Destribution object',3,'',20,1),
	(382,'2016-06-02 15:34:21.025186','264','Destribution object',3,'',20,1),
	(383,'2016-06-02 15:34:21.027868','263','Destribution object',3,'',20,1),
	(384,'2016-06-02 15:34:21.030165','262','Destribution object',3,'',20,1),
	(385,'2016-06-02 15:34:21.032105','261','Destribution object',3,'',20,1),
	(386,'2016-06-02 15:34:21.034307','260','Destribution object',3,'',20,1),
	(387,'2016-06-02 15:34:21.036794','259','Destribution object',3,'',20,1),
	(388,'2016-06-02 15:34:21.038951','258','Destribution object',3,'',20,1),
	(389,'2016-06-02 15:34:21.041093','257','Destribution object',3,'',20,1),
	(390,'2016-06-02 15:34:21.042984','256','Destribution object',3,'',20,1),
	(391,'2016-06-02 15:34:21.044836','255','Destribution object',3,'',20,1),
	(392,'2016-06-02 15:34:21.046653','254','Destribution object',3,'',20,1),
	(393,'2016-06-02 15:34:21.048437','253','Destribution object',3,'',20,1),
	(394,'2016-06-02 15:34:21.050232','252','Destribution object',3,'',20,1),
	(395,'2016-06-02 15:34:21.052145','251','Destribution object',3,'',20,1),
	(396,'2016-06-02 15:47:19.125348','450','Destribution object',3,'',20,1),
	(397,'2016-06-02 15:47:19.127673','449','Destribution object',3,'',20,1),
	(398,'2016-06-02 15:47:19.129715','448','Destribution object',3,'',20,1),
	(399,'2016-06-02 15:47:19.131706','447','Destribution object',3,'',20,1),
	(400,'2016-06-02 15:47:19.134778','446','Destribution object',3,'',20,1),
	(401,'2016-06-02 15:47:19.136839','445','Destribution object',3,'',20,1),
	(402,'2016-06-02 15:47:19.138713','444','Destribution object',3,'',20,1),
	(403,'2016-06-02 15:47:19.140685','443','Destribution object',3,'',20,1),
	(404,'2016-06-02 15:47:19.142501','442','Destribution object',3,'',20,1),
	(405,'2016-06-02 15:47:19.144364','441','Destribution object',3,'',20,1),
	(406,'2016-06-02 15:47:19.146467','440','Destribution object',3,'',20,1),
	(407,'2016-06-02 15:47:19.149212','439','Destribution object',3,'',20,1),
	(408,'2016-06-02 15:47:19.151852','438','Destribution object',3,'',20,1),
	(409,'2016-06-02 15:47:19.154581','437','Destribution object',3,'',20,1),
	(410,'2016-06-02 15:47:19.156602','436','Destribution object',3,'',20,1),
	(411,'2016-06-02 15:47:19.158653','435','Destribution object',3,'',20,1),
	(412,'2016-06-02 15:47:19.160528','434','Destribution object',3,'',20,1),
	(413,'2016-06-02 15:47:19.162804','433','Destribution object',3,'',20,1),
	(414,'2016-06-02 15:47:19.165509','432','Destribution object',3,'',20,1),
	(415,'2016-06-02 15:47:19.167427','431','Destribution object',3,'',20,1),
	(416,'2016-06-02 15:47:19.169293','430','Destribution object',3,'',20,1),
	(417,'2016-06-02 15:47:19.171138','429','Destribution object',3,'',20,1),
	(418,'2016-06-02 15:47:19.172916','428','Destribution object',3,'',20,1),
	(419,'2016-06-02 15:47:19.174743','427','Destribution object',3,'',20,1),
	(420,'2016-06-02 15:47:19.176550','426','Destribution object',3,'',20,1),
	(421,'2016-06-02 15:47:19.178429','425','Destribution object',3,'',20,1),
	(422,'2016-06-02 15:47:19.181471','424','Destribution object',3,'',20,1),
	(423,'2016-06-02 15:47:19.183675','423','Destribution object',3,'',20,1),
	(424,'2016-06-02 15:47:19.186153','422','Destribution object',3,'',20,1),
	(425,'2016-06-02 15:47:19.188410','421','Destribution object',3,'',20,1),
	(426,'2016-06-02 15:47:19.190685','420','Destribution object',3,'',20,1),
	(427,'2016-06-02 15:47:19.192751','419','Destribution object',3,'',20,1),
	(428,'2016-06-02 15:47:19.194866','418','Destribution object',3,'',20,1),
	(429,'2016-06-02 15:47:19.197234','417','Destribution object',3,'',20,1),
	(430,'2016-06-02 15:47:19.199258','416','Destribution object',3,'',20,1),
	(431,'2016-06-02 15:47:19.201560','415','Destribution object',3,'',20,1),
	(432,'2016-06-02 15:47:19.203752','414','Destribution object',3,'',20,1),
	(433,'2016-06-02 15:47:19.205886','413','Destribution object',3,'',20,1),
	(434,'2016-06-02 15:47:19.208045','412','Destribution object',3,'',20,1),
	(435,'2016-06-02 15:47:19.210427','411','Destribution object',3,'',20,1),
	(436,'2016-06-02 15:47:19.212576','410','Destribution object',3,'',20,1),
	(437,'2016-06-02 15:47:19.214803','409','Destribution object',3,'',20,1),
	(438,'2016-06-02 15:47:19.217017','408','Destribution object',3,'',20,1),
	(439,'2016-06-02 15:47:19.219358','407','Destribution object',3,'',20,1),
	(440,'2016-06-02 15:47:19.221681','406','Destribution object',3,'',20,1),
	(441,'2016-06-02 15:47:19.223839','405','Destribution object',3,'',20,1),
	(442,'2016-06-02 15:47:19.225915','404','Destribution object',3,'',20,1),
	(443,'2016-06-02 15:47:19.229165','403','Destribution object',3,'',20,1),
	(444,'2016-06-02 15:47:19.231534','402','Destribution object',3,'',20,1),
	(445,'2016-06-02 15:47:19.233646','401','Destribution object',3,'',20,1),
	(446,'2016-06-02 15:47:19.235695','400','Destribution object',3,'',20,1),
	(447,'2016-06-02 15:47:19.237575','399','Destribution object',3,'',20,1),
	(448,'2016-06-02 15:47:19.239549','398','Destribution object',3,'',20,1),
	(449,'2016-06-02 15:47:19.241391','397','Destribution object',3,'',20,1),
	(450,'2016-06-02 15:47:19.243195','396','Destribution object',3,'',20,1),
	(451,'2016-06-02 15:47:19.245108','395','Destribution object',3,'',20,1),
	(452,'2016-06-02 15:47:19.247867','394','Destribution object',3,'',20,1),
	(453,'2016-06-02 15:47:19.249784','393','Destribution object',3,'',20,1),
	(454,'2016-06-02 15:47:19.251735','392','Destribution object',3,'',20,1),
	(455,'2016-06-02 15:47:19.253703','391','Destribution object',3,'',20,1),
	(456,'2016-06-02 15:47:19.255542','390','Destribution object',3,'',20,1),
	(457,'2016-06-02 15:47:19.257850','389','Destribution object',3,'',20,1),
	(458,'2016-06-02 15:47:19.259630','388','Destribution object',3,'',20,1),
	(459,'2016-06-02 15:47:19.261545','387','Destribution object',3,'',20,1),
	(460,'2016-06-02 15:47:19.263922','386','Destribution object',3,'',20,1),
	(461,'2016-06-02 15:47:19.265902','385','Destribution object',3,'',20,1),
	(462,'2016-06-02 15:47:19.267726','384','Destribution object',3,'',20,1),
	(463,'2016-06-02 15:47:19.269643','383','Destribution object',3,'',20,1),
	(464,'2016-06-02 15:47:19.272085','382','Destribution object',3,'',20,1),
	(465,'2016-06-02 15:47:19.274052','381','Destribution object',3,'',20,1),
	(466,'2016-06-02 15:47:19.275416','380','Destribution object',3,'',20,1),
	(467,'2016-06-02 15:47:19.276893','379','Destribution object',3,'',20,1),
	(468,'2016-06-02 15:47:19.278323','378','Destribution object',3,'',20,1),
	(469,'2016-06-02 15:47:19.280546','377','Destribution object',3,'',20,1),
	(470,'2016-06-02 15:47:19.282412','376','Destribution object',3,'',20,1),
	(471,'2016-06-02 15:47:19.284383','375','Destribution object',3,'',20,1),
	(472,'2016-06-02 15:47:19.286566','374','Destribution object',3,'',20,1),
	(473,'2016-06-02 15:47:19.288624','373','Destribution object',3,'',20,1),
	(474,'2016-06-02 15:47:19.290509','372','Destribution object',3,'',20,1),
	(475,'2016-06-02 15:47:19.292497','371','Destribution object',3,'',20,1),
	(476,'2016-06-02 15:47:19.294536','370','Destribution object',3,'',20,1),
	(477,'2016-06-02 15:47:19.296998','369','Destribution object',3,'',20,1),
	(478,'2016-06-02 15:47:19.298932','368','Destribution object',3,'',20,1),
	(479,'2016-06-02 15:47:19.300874','367','Destribution object',3,'',20,1),
	(480,'2016-06-02 15:47:19.302742','366','Destribution object',3,'',20,1),
	(481,'2016-06-02 15:47:19.304553','365','Destribution object',3,'',20,1),
	(482,'2016-06-02 15:47:19.306467','364','Destribution object',3,'',20,1),
	(483,'2016-06-02 15:47:19.308444','363','Destribution object',3,'',20,1),
	(484,'2016-06-02 15:47:19.310388','362','Destribution object',3,'',20,1),
	(485,'2016-06-02 15:47:19.312670','361','Destribution object',3,'',20,1),
	(486,'2016-06-02 15:47:19.314659','360','Destribution object',3,'',20,1),
	(487,'2016-06-02 15:47:19.316794','359','Destribution object',3,'',20,1),
	(488,'2016-06-02 15:47:19.319008','358','Destribution object',3,'',20,1),
	(489,'2016-06-02 15:47:19.321299','357','Destribution object',3,'',20,1),
	(490,'2016-06-02 15:47:19.323654','356','Destribution object',3,'',20,1),
	(491,'2016-06-02 15:47:19.325904','355','Destribution object',3,'',20,1),
	(492,'2016-06-02 15:47:19.328081','354','Destribution object',3,'',20,1),
	(493,'2016-06-02 15:47:19.330619','353','Destribution object',3,'',20,1),
	(494,'2016-06-02 15:47:19.332977','352','Destribution object',3,'',20,1),
	(495,'2016-06-02 15:47:19.335415','351','Destribution object',3,'',20,1),
	(496,'2016-06-02 16:05:01.602618','550','Destribution object',3,'',20,1),
	(497,'2016-06-02 16:05:01.605586','549','Destribution object',3,'',20,1),
	(498,'2016-06-02 16:05:01.607618','548','Destribution object',3,'',20,1),
	(499,'2016-06-02 16:05:01.609499','547','Destribution object',3,'',20,1),
	(500,'2016-06-02 16:05:01.611989','546','Destribution object',3,'',20,1),
	(501,'2016-06-02 16:05:01.614193','545','Destribution object',3,'',20,1),
	(502,'2016-06-02 16:05:01.616449','544','Destribution object',3,'',20,1),
	(503,'2016-06-02 16:05:01.618643','543','Destribution object',3,'',20,1),
	(504,'2016-06-02 16:05:01.620736','542','Destribution object',3,'',20,1),
	(505,'2016-06-02 16:05:01.622875','541','Destribution object',3,'',20,1),
	(506,'2016-06-02 16:05:01.625082','540','Destribution object',3,'',20,1),
	(507,'2016-06-02 16:05:01.628177','539','Destribution object',3,'',20,1),
	(508,'2016-06-02 16:05:01.631157','538','Destribution object',3,'',20,1),
	(509,'2016-06-02 16:05:01.633223','537','Destribution object',3,'',20,1),
	(510,'2016-06-02 16:05:01.635167','536','Destribution object',3,'',20,1),
	(511,'2016-06-02 16:05:01.637411','535','Destribution object',3,'',20,1),
	(512,'2016-06-02 16:05:01.639708','534','Destribution object',3,'',20,1),
	(513,'2016-06-02 16:05:01.642316','533','Destribution object',3,'',20,1),
	(514,'2016-06-02 16:05:01.644416','532','Destribution object',3,'',20,1),
	(515,'2016-06-02 16:05:01.646476','531','Destribution object',3,'',20,1),
	(516,'2016-06-02 16:05:01.648631','530','Destribution object',3,'',20,1),
	(517,'2016-06-02 16:05:01.650396','529','Destribution object',3,'',20,1),
	(518,'2016-06-02 16:05:01.652699','528','Destribution object',3,'',20,1),
	(519,'2016-06-02 16:05:01.654573','527','Destribution object',3,'',20,1),
	(520,'2016-06-02 16:05:01.656902','526','Destribution object',3,'',20,1),
	(521,'2016-06-02 16:05:01.659097','525','Destribution object',3,'',20,1),
	(522,'2016-06-02 16:05:01.660993','524','Destribution object',3,'',20,1),
	(523,'2016-06-02 16:05:01.663295','523','Destribution object',3,'',20,1),
	(524,'2016-06-02 16:05:01.665562','522','Destribution object',3,'',20,1),
	(525,'2016-06-02 16:05:01.667728','521','Destribution object',3,'',20,1),
	(526,'2016-06-02 16:05:01.669917','520','Destribution object',3,'',20,1),
	(527,'2016-06-02 16:05:01.672072','519','Destribution object',3,'',20,1),
	(528,'2016-06-02 16:05:01.674127','518','Destribution object',3,'',20,1),
	(529,'2016-06-02 16:05:01.676350','517','Destribution object',3,'',20,1),
	(530,'2016-06-02 16:05:01.678531','516','Destribution object',3,'',20,1),
	(531,'2016-06-02 16:05:01.680603','515','Destribution object',3,'',20,1),
	(532,'2016-06-02 16:05:01.682714','514','Destribution object',3,'',20,1),
	(533,'2016-06-02 16:05:01.685092','513','Destribution object',3,'',20,1),
	(534,'2016-06-02 16:05:01.687199','512','Destribution object',3,'',20,1),
	(535,'2016-06-02 16:05:01.689268','511','Destribution object',3,'',20,1),
	(536,'2016-06-02 16:05:01.692119','510','Destribution object',3,'',20,1),
	(537,'2016-06-02 16:05:01.694483','509','Destribution object',3,'',20,1),
	(538,'2016-06-02 16:05:01.696691','508','Destribution object',3,'',20,1),
	(539,'2016-06-02 16:05:01.698984','507','Destribution object',3,'',20,1),
	(540,'2016-06-02 16:05:01.701102','506','Destribution object',3,'',20,1),
	(541,'2016-06-02 16:05:01.703163','505','Destribution object',3,'',20,1),
	(542,'2016-06-02 16:05:01.705291','504','Destribution object',3,'',20,1),
	(543,'2016-06-02 16:05:01.707512','503','Destribution object',3,'',20,1),
	(544,'2016-06-02 16:05:01.709669','502','Destribution object',3,'',20,1),
	(545,'2016-06-02 16:05:01.712016','501','Destribution object',3,'',20,1),
	(546,'2016-06-02 16:05:01.714207','500','Destribution object',3,'',20,1),
	(547,'2016-06-02 16:05:01.716450','499','Destribution object',3,'',20,1),
	(548,'2016-06-02 16:05:01.718787','498','Destribution object',3,'',20,1),
	(549,'2016-06-02 16:05:01.721021','497','Destribution object',3,'',20,1),
	(550,'2016-06-02 16:05:01.723832','496','Destribution object',3,'',20,1),
	(551,'2016-06-02 16:05:01.726110','495','Destribution object',3,'',20,1),
	(552,'2016-06-02 16:05:01.728316','494','Destribution object',3,'',20,1),
	(553,'2016-06-02 16:05:01.730387','493','Destribution object',3,'',20,1),
	(554,'2016-06-02 16:05:01.732372','492','Destribution object',3,'',20,1),
	(555,'2016-06-02 16:05:01.736183','491','Destribution object',3,'',20,1),
	(556,'2016-06-02 16:05:01.738949','490','Destribution object',3,'',20,1),
	(557,'2016-06-02 16:05:01.741365','489','Destribution object',3,'',20,1),
	(558,'2016-06-02 16:05:01.743569','488','Destribution object',3,'',20,1),
	(559,'2016-06-02 16:05:01.745860','487','Destribution object',3,'',20,1),
	(560,'2016-06-02 16:05:01.748261','486','Destribution object',3,'',20,1),
	(561,'2016-06-02 16:05:01.750706','485','Destribution object',3,'',20,1),
	(562,'2016-06-02 16:05:01.752861','484','Destribution object',3,'',20,1),
	(563,'2016-06-02 16:05:01.755171','483','Destribution object',3,'',20,1),
	(564,'2016-06-02 16:05:01.757700','482','Destribution object',3,'',20,1),
	(565,'2016-06-02 16:05:01.759804','481','Destribution object',3,'',20,1),
	(566,'2016-06-02 16:05:01.762180','480','Destribution object',3,'',20,1),
	(567,'2016-06-02 16:05:01.764283','479','Destribution object',3,'',20,1),
	(568,'2016-06-02 16:05:01.766477','478','Destribution object',3,'',20,1),
	(569,'2016-06-02 16:05:01.768646','477','Destribution object',3,'',20,1),
	(570,'2016-06-02 16:05:01.771135','476','Destribution object',3,'',20,1),
	(571,'2016-06-02 16:05:01.773191','475','Destribution object',3,'',20,1),
	(572,'2016-06-02 16:05:01.775311','474','Destribution object',3,'',20,1),
	(573,'2016-06-02 16:05:01.777512','473','Destribution object',3,'',20,1),
	(574,'2016-06-02 16:05:01.779656','472','Destribution object',3,'',20,1),
	(575,'2016-06-02 16:05:01.782004','471','Destribution object',3,'',20,1),
	(576,'2016-06-02 16:05:01.784356','470','Destribution object',3,'',20,1),
	(577,'2016-06-02 16:05:01.786589','469','Destribution object',3,'',20,1),
	(578,'2016-06-02 16:05:01.788678','468','Destribution object',3,'',20,1),
	(579,'2016-06-02 16:05:01.791117','467','Destribution object',3,'',20,1),
	(580,'2016-06-02 16:05:01.793198','466','Destribution object',3,'',20,1),
	(581,'2016-06-02 16:05:01.795412','465','Destribution object',3,'',20,1),
	(582,'2016-06-02 16:05:01.798022','464','Destribution object',3,'',20,1),
	(583,'2016-06-02 16:05:01.800418','463','Destribution object',3,'',20,1),
	(584,'2016-06-02 16:05:01.803369','462','Destribution object',3,'',20,1),
	(585,'2016-06-02 16:05:01.805486','461','Destribution object',3,'',20,1),
	(586,'2016-06-02 16:05:01.807890','460','Destribution object',3,'',20,1),
	(587,'2016-06-02 16:05:01.810066','459','Destribution object',3,'',20,1),
	(588,'2016-06-02 16:05:01.812427','458','Destribution object',3,'',20,1),
	(589,'2016-06-02 16:05:01.814744','457','Destribution object',3,'',20,1),
	(590,'2016-06-02 16:05:01.817034','456','Destribution object',3,'',20,1),
	(591,'2016-06-02 16:05:01.819257','455','Destribution object',3,'',20,1),
	(592,'2016-06-02 16:05:01.821871','454','Destribution object',3,'',20,1),
	(593,'2016-06-02 16:05:01.824144','453','Destribution object',3,'',20,1),
	(594,'2016-06-02 16:05:01.826382','452','Destribution object',3,'',20,1),
	(595,'2016-06-02 16:05:01.828526','451','Destribution object',3,'',20,1),
	(596,'2016-06-02 16:46:21.248224','610','Destribution object',3,'',20,1),
	(597,'2016-06-02 16:46:21.250828','609','Destribution object',3,'',20,1),
	(598,'2016-06-02 16:46:21.252834','608','Destribution object',3,'',20,1),
	(599,'2016-06-02 16:46:21.254987','607','Destribution object',3,'',20,1),
	(600,'2016-06-02 16:46:21.257171','606','Destribution object',3,'',20,1),
	(601,'2016-06-02 16:46:21.259597','605','Destribution object',3,'',20,1),
	(602,'2016-06-02 16:46:21.261983','604','Destribution object',3,'',20,1),
	(603,'2016-06-02 16:46:21.263906','603','Destribution object',3,'',20,1),
	(604,'2016-06-02 16:46:21.266260','602','Destribution object',3,'',20,1),
	(605,'2016-06-02 16:46:21.269217','601','Destribution object',3,'',20,1),
	(606,'2016-06-02 16:46:21.271852','600','Destribution object',3,'',20,1),
	(607,'2016-06-02 16:46:21.274144','599','Destribution object',3,'',20,1),
	(608,'2016-06-02 16:46:21.276268','598','Destribution object',3,'',20,1),
	(609,'2016-06-02 16:46:21.278397','597','Destribution object',3,'',20,1),
	(610,'2016-06-02 16:46:21.281339','596','Destribution object',3,'',20,1),
	(611,'2016-06-02 16:46:21.283183','595','Destribution object',3,'',20,1),
	(612,'2016-06-02 16:46:21.285280','594','Destribution object',3,'',20,1),
	(613,'2016-06-02 16:46:21.287364','593','Destribution object',3,'',20,1),
	(614,'2016-06-02 16:46:21.289034','592','Destribution object',3,'',20,1),
	(615,'2016-06-02 16:46:21.290535','591','Destribution object',3,'',20,1),
	(616,'2016-06-02 16:46:21.291956','590','Destribution object',3,'',20,1),
	(617,'2016-06-02 16:46:21.294026','589','Destribution object',3,'',20,1),
	(618,'2016-06-02 16:46:21.296273','588','Destribution object',3,'',20,1),
	(619,'2016-06-02 16:46:21.299024','587','Destribution object',3,'',20,1),
	(620,'2016-06-02 16:46:21.301021','586','Destribution object',3,'',20,1),
	(621,'2016-06-02 16:46:21.303181','585','Destribution object',3,'',20,1),
	(622,'2016-06-02 16:46:21.304936','584','Destribution object',3,'',20,1),
	(623,'2016-06-02 16:46:21.306738','583','Destribution object',3,'',20,1),
	(624,'2016-06-02 16:46:21.308741','582','Destribution object',3,'',20,1),
	(625,'2016-06-02 16:46:21.310648','581','Destribution object',3,'',20,1),
	(626,'2016-06-02 16:46:21.313070','580','Destribution object',3,'',20,1),
	(627,'2016-06-02 16:46:21.315126','579','Destribution object',3,'',20,1),
	(628,'2016-06-02 16:46:21.316967','578','Destribution object',3,'',20,1),
	(629,'2016-06-02 16:46:21.318872','577','Destribution object',3,'',20,1),
	(630,'2016-06-02 16:46:21.320741','576','Destribution object',3,'',20,1),
	(631,'2016-06-02 16:46:21.322559','575','Destribution object',3,'',20,1),
	(632,'2016-06-02 16:46:21.324566','574','Destribution object',3,'',20,1),
	(633,'2016-06-02 16:46:21.326413','573','Destribution object',3,'',20,1),
	(634,'2016-06-02 16:46:21.328440','572','Destribution object',3,'',20,1),
	(635,'2016-06-02 16:46:21.330422','571','Destribution object',3,'',20,1),
	(636,'2016-06-02 16:46:21.332292','570','Destribution object',3,'',20,1),
	(637,'2016-06-02 16:46:21.334206','569','Destribution object',3,'',20,1),
	(638,'2016-06-02 16:46:21.335960','568','Destribution object',3,'',20,1),
	(639,'2016-06-02 16:46:21.337736','567','Destribution object',3,'',20,1),
	(640,'2016-06-02 16:46:21.339496','566','Destribution object',3,'',20,1),
	(641,'2016-06-02 16:46:21.341207','565','Destribution object',3,'',20,1),
	(642,'2016-06-02 16:46:21.343102','564','Destribution object',3,'',20,1),
	(643,'2016-06-02 16:46:21.345199','563','Destribution object',3,'',20,1),
	(644,'2016-06-02 16:46:21.347132','562','Destribution object',3,'',20,1),
	(645,'2016-06-02 16:46:21.348991','561','Destribution object',3,'',20,1),
	(646,'2016-06-02 16:46:21.350759','560','Destribution object',3,'',20,1),
	(647,'2016-06-02 16:46:21.352536','559','Destribution object',3,'',20,1),
	(648,'2016-06-02 16:46:21.354487','558','Destribution object',3,'',20,1),
	(649,'2016-06-02 16:46:21.356415','557','Destribution object',3,'',20,1),
	(650,'2016-06-02 16:46:21.357863','556','Destribution object',3,'',20,1),
	(651,'2016-06-02 16:46:21.359677','555','Destribution object',3,'',20,1),
	(652,'2016-06-02 16:46:21.360955','554','Destribution object',3,'',20,1),
	(653,'2016-06-02 16:46:21.362667','553','Destribution object',3,'',20,1),
	(654,'2016-06-02 16:46:21.364774','552','Destribution object',3,'',20,1),
	(655,'2016-06-02 16:46:21.366142','551','Destribution object',3,'',20,1),
	(656,'2016-06-02 16:46:33.508754','710','Destribution object',3,'',20,1),
	(657,'2016-06-02 16:46:33.510857','709','Destribution object',3,'',20,1),
	(658,'2016-06-02 16:46:33.513286','708','Destribution object',3,'',20,1),
	(659,'2016-06-02 16:46:33.515521','707','Destribution object',3,'',20,1),
	(660,'2016-06-02 16:46:33.517727','706','Destribution object',3,'',20,1),
	(661,'2016-06-02 16:46:33.519875','705','Destribution object',3,'',20,1),
	(662,'2016-06-02 16:46:33.521941','704','Destribution object',3,'',20,1),
	(663,'2016-06-02 16:46:33.524188','703','Destribution object',3,'',20,1),
	(664,'2016-06-02 16:46:33.526477','702','Destribution object',3,'',20,1),
	(665,'2016-06-02 16:46:33.528634','701','Destribution object',3,'',20,1),
	(666,'2016-06-02 16:46:33.531006','700','Destribution object',3,'',20,1),
	(667,'2016-06-02 16:46:33.533975','699','Destribution object',3,'',20,1),
	(668,'2016-06-02 16:46:33.537099','698','Destribution object',3,'',20,1),
	(669,'2016-06-02 16:46:33.539725','697','Destribution object',3,'',20,1),
	(670,'2016-06-02 16:46:33.541782','696','Destribution object',3,'',20,1),
	(671,'2016-06-02 16:46:33.543577','695','Destribution object',3,'',20,1),
	(672,'2016-06-02 16:46:33.545468','694','Destribution object',3,'',20,1),
	(673,'2016-06-02 16:46:33.548646','693','Destribution object',3,'',20,1),
	(674,'2016-06-02 16:46:33.550738','692','Destribution object',3,'',20,1),
	(675,'2016-06-02 16:46:33.552791','691','Destribution object',3,'',20,1),
	(676,'2016-06-02 16:46:33.554912','690','Destribution object',3,'',20,1),
	(677,'2016-06-02 16:46:33.556849','689','Destribution object',3,'',20,1),
	(678,'2016-06-02 16:46:33.558532','688','Destribution object',3,'',20,1),
	(679,'2016-06-02 16:46:33.560327','687','Destribution object',3,'',20,1),
	(680,'2016-06-02 16:46:33.562747','686','Destribution object',3,'',20,1),
	(681,'2016-06-02 16:46:33.566092','685','Destribution object',3,'',20,1),
	(682,'2016-06-02 16:46:33.568253','684','Destribution object',3,'',20,1),
	(683,'2016-06-02 16:46:33.570358','683','Destribution object',3,'',20,1),
	(684,'2016-06-02 16:46:33.572721','682','Destribution object',3,'',20,1),
	(685,'2016-06-02 16:46:33.574861','681','Destribution object',3,'',20,1),
	(686,'2016-06-02 16:46:33.576812','680','Destribution object',3,'',20,1),
	(687,'2016-06-02 16:46:33.580347','679','Destribution object',3,'',20,1),
	(688,'2016-06-02 16:46:33.582649','678','Destribution object',3,'',20,1),
	(689,'2016-06-02 16:46:33.584899','677','Destribution object',3,'',20,1),
	(690,'2016-06-02 16:46:33.587032','676','Destribution object',3,'',20,1),
	(691,'2016-06-02 16:46:33.589063','675','Destribution object',3,'',20,1),
	(692,'2016-06-02 16:46:33.590900','674','Destribution object',3,'',20,1),
	(693,'2016-06-02 16:46:33.592845','673','Destribution object',3,'',20,1),
	(694,'2016-06-02 16:46:33.595062','672','Destribution object',3,'',20,1),
	(695,'2016-06-02 16:46:33.597088','671','Destribution object',3,'',20,1),
	(696,'2016-06-02 16:46:33.599230','670','Destribution object',3,'',20,1),
	(697,'2016-06-02 16:46:33.601223','669','Destribution object',3,'',20,1),
	(698,'2016-06-02 16:46:33.603550','668','Destribution object',3,'',20,1),
	(699,'2016-06-02 16:46:33.605394','667','Destribution object',3,'',20,1),
	(700,'2016-06-02 16:46:33.607249','666','Destribution object',3,'',20,1),
	(701,'2016-06-02 16:46:33.609053','665','Destribution object',3,'',20,1),
	(702,'2016-06-02 16:46:33.611018','664','Destribution object',3,'',20,1),
	(703,'2016-06-02 16:46:33.613694','663','Destribution object',3,'',20,1),
	(704,'2016-06-02 16:46:33.615737','662','Destribution object',3,'',20,1),
	(705,'2016-06-02 16:46:33.617774','661','Destribution object',3,'',20,1),
	(706,'2016-06-02 16:46:33.620174','660','Destribution object',3,'',20,1),
	(707,'2016-06-02 16:46:33.622407','659','Destribution object',3,'',20,1),
	(708,'2016-06-02 16:46:33.624373','658','Destribution object',3,'',20,1),
	(709,'2016-06-02 16:46:33.626528','657','Destribution object',3,'',20,1),
	(710,'2016-06-02 16:46:33.628339','656','Destribution object',3,'',20,1),
	(711,'2016-06-02 16:46:33.630302','655','Destribution object',3,'',20,1),
	(712,'2016-06-02 16:46:33.632364','654','Destribution object',3,'',20,1),
	(713,'2016-06-02 16:46:33.634478','653','Destribution object',3,'',20,1),
	(714,'2016-06-02 16:46:33.636345','652','Destribution object',3,'',20,1),
	(715,'2016-06-02 16:46:33.638198','651','Destribution object',3,'',20,1),
	(716,'2016-06-02 16:46:33.639869','650','Destribution object',3,'',20,1),
	(717,'2016-06-02 16:46:33.641852','649','Destribution object',3,'',20,1),
	(718,'2016-06-02 16:46:33.643877','648','Destribution object',3,'',20,1),
	(719,'2016-06-02 16:46:33.645635','647','Destribution object',3,'',20,1),
	(720,'2016-06-02 16:46:33.648371','646','Destribution object',3,'',20,1),
	(721,'2016-06-02 16:46:33.650689','645','Destribution object',3,'',20,1),
	(722,'2016-06-02 16:46:33.652686','644','Destribution object',3,'',20,1),
	(723,'2016-06-02 16:46:33.654612','643','Destribution object',3,'',20,1),
	(724,'2016-06-02 16:46:33.656388','642','Destribution object',3,'',20,1),
	(725,'2016-06-02 16:46:33.658514','641','Destribution object',3,'',20,1),
	(726,'2016-06-02 16:46:33.660688','640','Destribution object',3,'',20,1),
	(727,'2016-06-02 16:46:33.662577','639','Destribution object',3,'',20,1),
	(728,'2016-06-02 16:46:33.664789','638','Destribution object',3,'',20,1),
	(729,'2016-06-02 16:46:33.667578','637','Destribution object',3,'',20,1),
	(730,'2016-06-02 16:46:33.669848','636','Destribution object',3,'',20,1),
	(731,'2016-06-02 16:46:33.671989','635','Destribution object',3,'',20,1),
	(732,'2016-06-02 16:46:33.674021','634','Destribution object',3,'',20,1),
	(733,'2016-06-02 16:46:33.675857','633','Destribution object',3,'',20,1),
	(734,'2016-06-02 16:46:33.677652','632','Destribution object',3,'',20,1),
	(735,'2016-06-02 16:46:33.679479','631','Destribution object',3,'',20,1),
	(736,'2016-06-02 16:46:33.682161','630','Destribution object',3,'',20,1),
	(737,'2016-06-02 16:46:33.684557','629','Destribution object',3,'',20,1),
	(738,'2016-06-02 16:46:33.686872','628','Destribution object',3,'',20,1),
	(739,'2016-06-02 16:46:33.688999','627','Destribution object',3,'',20,1),
	(740,'2016-06-02 16:46:33.692901','626','Destribution object',3,'',20,1),
	(741,'2016-06-02 16:46:33.695627','625','Destribution object',3,'',20,1),
	(742,'2016-06-02 16:46:33.698604','624','Destribution object',3,'',20,1),
	(743,'2016-06-02 16:46:33.700896','623','Destribution object',3,'',20,1),
	(744,'2016-06-02 16:46:33.703011','622','Destribution object',3,'',20,1),
	(745,'2016-06-02 16:46:33.704966','621','Destribution object',3,'',20,1),
	(746,'2016-06-02 16:46:33.707132','620','Destribution object',3,'',20,1),
	(747,'2016-06-02 16:46:33.709178','619','Destribution object',3,'',20,1),
	(748,'2016-06-02 16:46:33.711452','618','Destribution object',3,'',20,1),
	(749,'2016-06-02 16:46:33.713831','617','Destribution object',3,'',20,1),
	(750,'2016-06-02 16:46:33.715985','616','Destribution object',3,'',20,1),
	(751,'2016-06-02 16:46:33.718483','615','Destribution object',3,'',20,1),
	(752,'2016-06-02 16:46:33.720657','614','Destribution object',3,'',20,1),
	(753,'2016-06-02 16:46:33.722932','613','Destribution object',3,'',20,1),
	(754,'2016-06-02 16:46:33.725807','612','Destribution object',3,'',20,1),
	(755,'2016-06-02 16:46:33.727746','611','Destribution object',3,'',20,1),
	(756,'2016-06-02 20:05:41.769865','1325','Destribution object',3,'',20,1),
	(757,'2016-06-02 20:05:41.772233','1324','Destribution object',3,'',20,1),
	(758,'2016-06-02 20:05:41.774706','1323','Destribution object',3,'',20,1),
	(759,'2016-06-02 20:05:41.776774','1322','Destribution object',3,'',20,1),
	(760,'2016-06-02 20:05:41.778893','1321','Destribution object',3,'',20,1),
	(761,'2016-06-02 20:05:41.780944','1320','Destribution object',3,'',20,1),
	(762,'2016-06-02 20:05:41.782731','1319','Destribution object',3,'',20,1),
	(763,'2016-06-02 20:05:41.784797','1318','Destribution object',3,'',20,1),
	(764,'2016-06-02 20:05:41.786866','1317','Destribution object',3,'',20,1),
	(765,'2016-06-02 20:05:41.789521','1316','Destribution object',3,'',20,1),
	(766,'2016-06-02 20:05:41.791672','1315','Destribution object',3,'',20,1),
	(767,'2016-06-02 20:05:41.793820','1314','Destribution object',3,'',20,1),
	(768,'2016-06-02 20:05:41.795820','1313','Destribution object',3,'',20,1),
	(769,'2016-06-02 20:05:41.797891','1312','Destribution object',3,'',20,1),
	(770,'2016-06-02 20:05:41.799944','1311','Destribution object',3,'',20,1),
	(771,'2016-06-02 20:05:41.801807','1310','Destribution object',3,'',20,1),
	(772,'2016-06-02 20:05:41.803714','1309','Destribution object',3,'',20,1),
	(773,'2016-06-02 20:05:41.806346','1308','Destribution object',3,'',20,1),
	(774,'2016-06-02 20:05:41.808490','1307','Destribution object',3,'',20,1),
	(775,'2016-06-02 20:05:41.810617','1306','Destribution object',3,'',20,1),
	(776,'2016-06-02 20:05:41.812688','1305','Destribution object',3,'',20,1),
	(777,'2016-06-02 20:05:41.814720','1304','Destribution object',3,'',20,1),
	(778,'2016-06-02 20:05:41.816534','1303','Destribution object',3,'',20,1),
	(779,'2016-06-02 20:05:41.818357','1302','Destribution object',3,'',20,1),
	(780,'2016-06-02 20:05:41.820209','1301','Destribution object',3,'',20,1),
	(781,'2016-06-02 20:05:41.822859','1300','Destribution object',3,'',20,1),
	(782,'2016-06-02 20:05:41.824777','1299','Destribution object',3,'',20,1),
	(783,'2016-06-02 20:05:41.826605','1298','Destribution object',3,'',20,1),
	(784,'2016-06-02 20:05:41.828419','1297','Destribution object',3,'',20,1),
	(785,'2016-06-02 20:05:41.830263','1296','Destribution object',3,'',20,1),
	(786,'2016-06-02 20:05:41.832366','1295','Destribution object',3,'',20,1),
	(787,'2016-06-02 20:05:41.834675','1294','Destribution object',3,'',20,1),
	(788,'2016-06-02 20:05:41.836457','1293','Destribution object',3,'',20,1),
	(789,'2016-06-02 20:05:41.838409','1292','Destribution object',3,'',20,1),
	(790,'2016-06-02 20:05:41.841070','1291','Destribution object',3,'',20,1),
	(791,'2016-06-02 20:05:41.843208','1290','Destribution object',3,'',20,1),
	(792,'2016-06-02 20:05:41.845095','1289','Destribution object',3,'',20,1),
	(793,'2016-06-02 20:05:41.846947','1288','Destribution object',3,'',20,1),
	(794,'2016-06-02 20:05:41.848854','1287','Destribution object',3,'',20,1),
	(795,'2016-06-02 20:05:41.850637','1286','Destribution object',3,'',20,1),
	(796,'2016-06-02 20:05:41.852429','1285','Destribution object',3,'',20,1),
	(797,'2016-06-02 20:05:41.854195','1284','Destribution object',3,'',20,1),
	(798,'2016-06-02 20:05:41.856426','1283','Destribution object',3,'',20,1),
	(799,'2016-06-02 20:05:41.858511','1282','Destribution object',3,'',20,1),
	(800,'2016-06-02 20:05:41.860263','1281','Destribution object',3,'',20,1),
	(801,'2016-06-02 20:05:41.862099','1280','Destribution object',3,'',20,1),
	(802,'2016-06-02 20:05:41.863917','1279','Destribution object',3,'',20,1),
	(803,'2016-06-02 20:05:41.865621','1278','Destribution object',3,'',20,1),
	(804,'2016-06-02 20:05:41.867376','1277','Destribution object',3,'',20,1),
	(805,'2016-06-02 20:05:41.869174','1276','Destribution object',3,'',20,1),
	(806,'2016-06-02 20:05:41.871021','1275','Destribution object',3,'',20,1),
	(807,'2016-06-02 20:05:41.873254','1274','Destribution object',3,'',20,1),
	(808,'2016-06-02 20:05:41.875147','1273','Destribution object',3,'',20,1),
	(809,'2016-06-02 20:05:41.877011','1272','Destribution object',3,'',20,1),
	(810,'2016-06-02 20:05:41.879006','1271','Destribution object',3,'',20,1),
	(811,'2016-06-02 20:05:41.881016','1270','Destribution object',3,'',20,1),
	(812,'2016-06-02 20:05:41.883525','1269','Destribution object',3,'',20,1),
	(813,'2016-06-02 20:05:41.885262','1268','Destribution object',3,'',20,1),
	(814,'2016-06-02 20:05:41.887310','1267','Destribution object',3,'',20,1),
	(815,'2016-06-02 20:05:41.890229','1266','Destribution object',3,'',20,1),
	(816,'2016-06-02 20:05:41.892378','1265','Destribution object',3,'',20,1),
	(817,'2016-06-02 20:05:41.894229','1264','Destribution object',3,'',20,1),
	(818,'2016-06-02 20:05:41.896128','1263','Destribution object',3,'',20,1),
	(819,'2016-06-02 20:05:41.898185','1262','Destribution object',3,'',20,1),
	(820,'2016-06-02 20:05:41.900330','1261','Destribution object',3,'',20,1),
	(821,'2016-06-02 20:05:41.902136','1260','Destribution object',3,'',20,1),
	(822,'2016-06-02 20:05:41.904210','1259','Destribution object',3,'',20,1),
	(823,'2016-06-02 20:05:41.906443','1258','Destribution object',3,'',20,1),
	(824,'2016-06-02 20:05:41.908540','1257','Destribution object',3,'',20,1),
	(825,'2016-06-02 20:05:41.910433','1256','Destribution object',3,'',20,1),
	(826,'2016-06-02 20:05:41.912482','1255','Destribution object',3,'',20,1),
	(827,'2016-06-02 20:05:41.914560','1254','Destribution object',3,'',20,1),
	(828,'2016-06-02 20:05:41.916491','1253','Destribution object',3,'',20,1),
	(829,'2016-06-02 20:05:41.918278','1252','Destribution object',3,'',20,1),
	(830,'2016-06-02 20:05:41.920316','1251','Destribution object',3,'',20,1),
	(831,'2016-06-02 20:05:41.922547','1250','Destribution object',3,'',20,1),
	(832,'2016-06-02 20:05:41.924781','1249','Destribution object',3,'',20,1),
	(833,'2016-06-02 20:05:41.926939','1248','Destribution object',3,'',20,1),
	(834,'2016-06-02 20:05:41.929073','1247','Destribution object',3,'',20,1),
	(835,'2016-06-02 20:05:41.931396','1246','Destribution object',3,'',20,1),
	(836,'2016-06-02 20:05:41.933691','1245','Destribution object',3,'',20,1),
	(837,'2016-06-02 20:05:41.935688','1244','Destribution object',3,'',20,1),
	(838,'2016-06-02 20:05:41.938517','1243','Destribution object',3,'',20,1),
	(839,'2016-06-02 20:05:41.940940','1242','Destribution object',3,'',20,1),
	(840,'2016-06-02 20:05:41.943461','1241','Destribution object',3,'',20,1),
	(841,'2016-06-02 20:05:41.945858','1240','Destribution object',3,'',20,1),
	(842,'2016-06-02 20:05:41.948028','1239','Destribution object',3,'',20,1),
	(843,'2016-06-02 20:05:41.950218','1238','Destribution object',3,'',20,1),
	(844,'2016-06-02 20:05:41.952392','1237','Destribution object',3,'',20,1),
	(845,'2016-06-02 20:05:41.954414','1236','Destribution object',3,'',20,1),
	(846,'2016-06-02 20:05:41.956818','1235','Destribution object',3,'',20,1),
	(847,'2016-06-02 20:05:41.958950','1234','Destribution object',3,'',20,1),
	(848,'2016-06-02 20:05:41.961306','1233','Destribution object',3,'',20,1),
	(849,'2016-06-02 20:05:41.963606','1232','Destribution object',3,'',20,1),
	(850,'2016-06-02 20:05:41.965729','1231','Destribution object',3,'',20,1),
	(851,'2016-06-02 20:05:41.967705','1230','Destribution object',3,'',20,1),
	(852,'2016-06-02 20:05:41.969852','1229','Destribution object',3,'',20,1),
	(853,'2016-06-02 20:05:41.972453','1228','Destribution object',3,'',20,1),
	(854,'2016-06-02 20:05:41.974592','1227','Destribution object',3,'',20,1),
	(855,'2016-06-02 20:05:41.976977','1226','Destribution object',3,'',20,1),
	(856,'2016-06-02 20:05:41.979332','1225','Destribution object',3,'',20,1),
	(857,'2016-06-02 20:05:41.981640','1224','Destribution object',3,'',20,1),
	(858,'2016-06-02 20:05:41.983732','1223','Destribution object',3,'',20,1),
	(859,'2016-06-02 20:05:41.986252','1222','Destribution object',3,'',20,1),
	(860,'2016-06-02 20:05:41.988367','1221','Destribution object',3,'',20,1),
	(861,'2016-06-02 20:05:41.989754','1220','Destribution object',3,'',20,1),
	(862,'2016-06-02 20:05:41.991292','1219','Destribution object',3,'',20,1),
	(863,'2016-06-02 20:05:41.993211','1218','Destribution object',3,'',20,1),
	(864,'2016-06-02 20:05:41.995043','1217','Destribution object',3,'',20,1),
	(865,'2016-06-02 20:05:41.996758','1216','Destribution object',3,'',20,1),
	(866,'2016-06-02 20:05:41.998517','1215','Destribution object',3,'',20,1),
	(867,'2016-06-02 20:05:42.000643','1214','Destribution object',3,'',20,1),
	(868,'2016-06-02 20:05:42.002542','1213','Destribution object',3,'',20,1),
	(869,'2016-06-02 20:05:42.004402','1212','Destribution object',3,'',20,1),
	(870,'2016-06-02 20:05:42.007017','1211','Destribution object',3,'',20,1),
	(871,'2016-06-02 20:05:42.009564','1210','Destribution object',3,'',20,1),
	(872,'2016-06-02 20:05:42.011864','1209','Destribution object',3,'',20,1),
	(873,'2016-06-02 20:05:42.014256','1208','Destribution object',3,'',20,1),
	(874,'2016-06-02 20:05:42.016612','1207','Destribution object',3,'',20,1),
	(875,'2016-06-02 20:05:42.018769','1206','Destribution object',3,'',20,1),
	(876,'2016-06-02 20:05:42.020867','1205','Destribution object',3,'',20,1),
	(877,'2016-06-02 20:05:42.023074','1204','Destribution object',3,'',20,1),
	(878,'2016-06-02 20:05:42.025198','1203','Destribution object',3,'',20,1),
	(879,'2016-06-02 20:05:42.026546','1202','Destribution object',3,'',20,1),
	(880,'2016-06-02 20:05:42.027841','1201','Destribution object',3,'',20,1),
	(881,'2016-06-02 20:05:42.029454','1200','Destribution object',3,'',20,1),
	(882,'2016-06-02 20:05:42.031169','1199','Destribution object',3,'',20,1),
	(883,'2016-06-02 20:05:42.032828','1198','Destribution object',3,'',20,1),
	(884,'2016-06-02 20:05:42.034459','1197','Destribution object',3,'',20,1),
	(885,'2016-06-02 20:05:42.036161','1196','Destribution object',3,'',20,1),
	(886,'2016-06-02 20:05:42.038157','1195','Destribution object',3,'',20,1),
	(887,'2016-06-02 20:05:42.041229','1194','Destribution object',3,'',20,1),
	(888,'2016-06-02 20:05:42.043315','1193','Destribution object',3,'',20,1),
	(889,'2016-06-02 20:05:42.045170','1192','Destribution object',3,'',20,1),
	(890,'2016-06-02 20:05:42.047267','1191','Destribution object',3,'',20,1),
	(891,'2016-06-02 20:05:42.049151','1190','Destribution object',3,'',20,1),
	(892,'2016-06-02 20:05:42.051173','1189','Destribution object',3,'',20,1),
	(893,'2016-06-02 20:05:42.053083','1188','Destribution object',3,'',20,1),
	(894,'2016-06-02 20:05:42.055173','1187','Destribution object',3,'',20,1),
	(895,'2016-06-02 20:05:42.057914','1186','Destribution object',3,'',20,1),
	(896,'2016-06-02 20:05:42.060644','1185','Destribution object',3,'',20,1),
	(897,'2016-06-02 20:05:42.062531','1184','Destribution object',3,'',20,1),
	(898,'2016-06-02 20:05:42.064598','1183','Destribution object',3,'',20,1),
	(899,'2016-06-02 20:05:42.066762','1182','Destribution object',3,'',20,1),
	(900,'2016-06-02 20:05:42.068770','1181','Destribution object',3,'',20,1),
	(901,'2016-06-02 20:05:42.070755','1180','Destribution object',3,'',20,1),
	(902,'2016-06-02 20:05:42.072567','1179','Destribution object',3,'',20,1),
	(903,'2016-06-02 20:05:42.074307','1178','Destribution object',3,'',20,1),
	(904,'2016-06-02 20:05:42.076051','1177','Destribution object',3,'',20,1),
	(905,'2016-06-02 20:05:42.077743','1176','Destribution object',3,'',20,1),
	(906,'2016-06-02 20:05:42.080013','1175','Destribution object',3,'',20,1),
	(907,'2016-06-02 20:05:42.081793','1174','Destribution object',3,'',20,1),
	(908,'2016-06-02 20:05:42.083481','1173','Destribution object',3,'',20,1),
	(909,'2016-06-02 20:05:42.085362','1172','Destribution object',3,'',20,1),
	(910,'2016-06-02 20:05:42.087196','1171','Destribution object',3,'',20,1),
	(911,'2016-06-02 20:05:42.089450','1170','Destribution object',3,'',20,1),
	(912,'2016-06-02 20:05:42.091296','1169','Destribution object',3,'',20,1),
	(913,'2016-06-02 20:05:42.093172','1168','Destribution object',3,'',20,1),
	(914,'2016-06-02 20:05:42.095540','1167','Destribution object',3,'',20,1),
	(915,'2016-06-02 20:05:42.097660','1166','Destribution object',3,'',20,1),
	(916,'2016-06-02 20:05:42.099809','1165','Destribution object',3,'',20,1),
	(917,'2016-06-02 20:05:42.101752','1164','Destribution object',3,'',20,1),
	(918,'2016-06-02 20:05:42.103961','1163','Destribution object',3,'',20,1),
	(919,'2016-06-02 20:05:42.106613','1162','Destribution object',3,'',20,1),
	(920,'2016-06-02 20:05:42.108893','1161','Destribution object',3,'',20,1),
	(921,'2016-06-02 20:05:42.111252','1160','Destribution object',3,'',20,1),
	(922,'2016-06-02 20:05:42.113887','1159','Destribution object',3,'',20,1),
	(923,'2016-06-02 20:05:42.115983','1158','Destribution object',3,'',20,1),
	(924,'2016-06-02 20:05:42.118154','1157','Destribution object',3,'',20,1),
	(925,'2016-06-02 20:05:42.120507','1156','Destribution object',3,'',20,1),
	(926,'2016-06-02 20:05:42.122703','1155','Destribution object',3,'',20,1),
	(927,'2016-06-02 20:05:42.125716','1154','Destribution object',3,'',20,1),
	(928,'2016-06-02 20:05:42.127933','1153','Destribution object',3,'',20,1),
	(929,'2016-06-02 20:05:42.129946','1152','Destribution object',3,'',20,1),
	(930,'2016-06-02 20:05:42.132534','1151','Destribution object',3,'',20,1),
	(931,'2016-06-02 20:05:42.134690','1150','Destribution object',3,'',20,1),
	(932,'2016-06-02 20:05:42.136816','1149','Destribution object',3,'',20,1),
	(933,'2016-06-02 20:05:42.139252','1148','Destribution object',3,'',20,1),
	(934,'2016-06-02 20:05:42.141246','1147','Destribution object',3,'',20,1),
	(935,'2016-06-02 20:05:42.143376','1146','Destribution object',3,'',20,1),
	(936,'2016-06-02 20:05:42.145786','1145','Destribution object',3,'',20,1),
	(937,'2016-06-02 20:05:42.147630','1144','Destribution object',3,'',20,1),
	(938,'2016-06-02 20:05:42.149848','1143','Destribution object',3,'',20,1),
	(939,'2016-06-02 20:05:42.151983','1142','Destribution object',3,'',20,1),
	(940,'2016-06-02 20:05:42.154124','1141','Destribution object',3,'',20,1),
	(941,'2016-06-02 20:05:42.156369','1140','Destribution object',3,'',20,1),
	(942,'2016-06-02 20:05:42.158645','1139','Destribution object',3,'',20,1),
	(943,'2016-06-02 20:05:42.160803','1138','Destribution object',3,'',20,1),
	(944,'2016-06-02 20:05:42.162630','1137','Destribution object',3,'',20,1),
	(945,'2016-06-02 20:05:42.164414','1136','Destribution object',3,'',20,1),
	(946,'2016-06-02 20:05:42.166542','1135','Destribution object',3,'',20,1),
	(947,'2016-06-02 20:05:42.168849','1134','Destribution object',3,'',20,1),
	(948,'2016-06-02 20:05:42.171075','1133','Destribution object',3,'',20,1),
	(949,'2016-06-02 20:05:42.173358','1132','Destribution object',3,'',20,1),
	(950,'2016-06-02 20:05:42.175530','1131','Destribution object',3,'',20,1),
	(951,'2016-06-02 20:05:42.177629','1130','Destribution object',3,'',20,1),
	(952,'2016-06-02 20:05:42.179723','1129','Destribution object',3,'',20,1),
	(953,'2016-06-02 20:05:42.181817','1128','Destribution object',3,'',20,1),
	(954,'2016-06-02 20:05:42.183944','1127','Destribution object',3,'',20,1),
	(955,'2016-06-02 20:05:42.186277','1126','Destribution object',3,'',20,1),
	(956,'2016-06-02 20:05:42.188571','1125','Destribution object',3,'',20,1),
	(957,'2016-06-02 20:05:42.190772','1124','Destribution object',3,'',20,1),
	(958,'2016-06-02 20:05:42.192746','1123','Destribution object',3,'',20,1),
	(959,'2016-06-02 20:05:42.194596','1122','Destribution object',3,'',20,1),
	(960,'2016-06-02 20:05:42.196439','1121','Destribution object',3,'',20,1),
	(961,'2016-06-02 20:05:42.198273','1120','Destribution object',3,'',20,1),
	(962,'2016-06-02 20:05:42.200136','1119','Destribution object',3,'',20,1),
	(963,'2016-06-02 20:05:42.201988','1118','Destribution object',3,'',20,1),
	(964,'2016-06-02 20:05:42.203780','1117','Destribution object',3,'',20,1),
	(965,'2016-06-02 20:05:42.205739','1116','Destribution object',3,'',20,1),
	(966,'2016-06-02 20:05:42.208346','1115','Destribution object',3,'',20,1),
	(967,'2016-06-02 20:05:42.210246','1114','Destribution object',3,'',20,1),
	(968,'2016-06-02 20:05:42.212120','1113','Destribution object',3,'',20,1),
	(969,'2016-06-02 20:05:42.214047','1112','Destribution object',3,'',20,1),
	(970,'2016-06-02 20:05:42.215847','1111','Destribution object',3,'',20,1),
	(971,'2016-06-02 20:05:42.218098','1110','Destribution object',3,'',20,1),
	(972,'2016-06-02 20:05:42.219900','1109','Destribution object',3,'',20,1),
	(973,'2016-06-02 20:05:42.221957','1108','Destribution object',3,'',20,1),
	(974,'2016-06-02 20:05:42.224324','1107','Destribution object',3,'',20,1),
	(975,'2016-06-02 20:05:42.226268','1106','Destribution object',3,'',20,1),
	(976,'2016-06-02 20:05:42.227670','1105','Destribution object',3,'',20,1),
	(977,'2016-06-02 20:05:42.229052','1104','Destribution object',3,'',20,1),
	(978,'2016-06-02 20:05:42.231145','1103','Destribution object',3,'',20,1),
	(979,'2016-06-02 20:05:42.232478','1102','Destribution object',3,'',20,1),
	(980,'2016-06-02 20:05:42.233901','1101','Destribution object',3,'',20,1),
	(981,'2016-06-02 20:05:42.235289','1100','Destribution object',3,'',20,1),
	(982,'2016-06-02 20:05:42.236653','1099','Destribution object',3,'',20,1),
	(983,'2016-06-02 20:05:42.238230','1098','Destribution object',3,'',20,1),
	(984,'2016-06-02 20:05:42.240435','1097','Destribution object',3,'',20,1),
	(985,'2016-06-02 20:05:42.242619','1096','Destribution object',3,'',20,1),
	(986,'2016-06-02 20:05:42.244565','1095','Destribution object',3,'',20,1),
	(987,'2016-06-02 20:05:42.246497','1094','Destribution object',3,'',20,1),
	(988,'2016-06-02 20:05:42.248324','1093','Destribution object',3,'',20,1),
	(989,'2016-06-02 20:05:42.250136','1092','Destribution object',3,'',20,1),
	(990,'2016-06-02 20:05:42.252087','1091','Destribution object',3,'',20,1),
	(991,'2016-06-02 20:05:42.253974','1090','Destribution object',3,'',20,1),
	(992,'2016-06-02 20:05:42.256104','1089','Destribution object',3,'',20,1),
	(993,'2016-06-02 20:05:42.258761','1088','Destribution object',3,'',20,1),
	(994,'2016-06-02 20:05:42.261128','1087','Destribution object',3,'',20,1),
	(995,'2016-06-02 20:05:42.263256','1086','Destribution object',3,'',20,1),
	(996,'2016-06-02 20:05:42.265402','1085','Destribution object',3,'',20,1),
	(997,'2016-06-02 20:05:42.267258','1084','Destribution object',3,'',20,1),
	(998,'2016-06-02 20:05:42.268602','1083','Destribution object',3,'',20,1),
	(999,'2016-06-02 20:05:42.270034','1082','Destribution object',3,'',20,1),
	(1000,'2016-06-02 20:05:42.271475','1081','Destribution object',3,'',20,1),
	(1001,'2016-06-02 20:05:42.273826','1080','Destribution object',3,'',20,1),
	(1002,'2016-06-02 20:05:42.275990','1079','Destribution object',3,'',20,1),
	(1003,'2016-06-02 20:05:42.277967','1078','Destribution object',3,'',20,1),
	(1004,'2016-06-02 20:05:42.279856','1077','Destribution object',3,'',20,1),
	(1005,'2016-06-02 20:05:42.281829','1076','Destribution object',3,'',20,1),
	(1006,'2016-06-02 20:05:42.283700','1075','Destribution object',3,'',20,1),
	(1007,'2016-06-02 20:05:42.285498','1074','Destribution object',3,'',20,1),
	(1008,'2016-06-02 20:05:42.287303','1073','Destribution object',3,'',20,1),
	(1009,'2016-06-02 20:05:42.289600','1072','Destribution object',3,'',20,1),
	(1010,'2016-06-02 20:05:42.291961','1071','Destribution object',3,'',20,1),
	(1011,'2016-06-02 20:05:42.293918','1070','Destribution object',3,'',20,1),
	(1012,'2016-06-02 20:05:42.295850','1069','Destribution object',3,'',20,1),
	(1013,'2016-06-02 20:05:42.297741','1068','Destribution object',3,'',20,1),
	(1014,'2016-06-02 20:05:42.299506','1067','Destribution object',3,'',20,1),
	(1015,'2016-06-02 20:05:42.301292','1066','Destribution object',3,'',20,1),
	(1016,'2016-06-02 20:05:42.303162','1065','Destribution object',3,'',20,1),
	(1017,'2016-06-02 20:05:42.305178','1064','Destribution object',3,'',20,1),
	(1018,'2016-06-02 20:05:42.307558','1063','Destribution object',3,'',20,1),
	(1019,'2016-06-02 20:05:42.309569','1062','Destribution object',3,'',20,1),
	(1020,'2016-06-02 20:05:42.311367','1061','Destribution object',3,'',20,1),
	(1021,'2016-06-02 20:05:42.313264','1060','Destribution object',3,'',20,1),
	(1022,'2016-06-02 20:05:42.315294','1059','Destribution object',3,'',20,1),
	(1023,'2016-06-02 20:05:42.317631','1058','Destribution object',3,'',20,1),
	(1024,'2016-06-02 20:05:42.319508','1057','Destribution object',3,'',20,1),
	(1025,'2016-06-02 20:05:42.321459','1056','Destribution object',3,'',20,1),
	(1026,'2016-06-02 20:05:42.323409','1055','Destribution object',3,'',20,1),
	(1027,'2016-06-02 20:05:42.325878','1054','Destribution object',3,'',20,1),
	(1028,'2016-06-02 20:05:42.327952','1053','Destribution object',3,'',20,1),
	(1029,'2016-06-02 20:05:42.329881','1052','Destribution object',3,'',20,1),
	(1030,'2016-06-02 20:05:42.332016','1051','Destribution object',3,'',20,1),
	(1031,'2016-06-02 20:05:42.333973','1050','Destribution object',3,'',20,1),
	(1032,'2016-06-02 20:05:42.335989','1049','Destribution object',3,'',20,1),
	(1033,'2016-06-02 20:05:42.337767','1048','Destribution object',3,'',20,1),
	(1034,'2016-06-02 20:05:42.340094','1047','Destribution object',3,'',20,1),
	(1035,'2016-06-02 20:05:42.342200','1046','Destribution object',3,'',20,1),
	(1036,'2016-06-02 20:05:42.344158','1045','Destribution object',3,'',20,1),
	(1037,'2016-06-02 20:05:42.346350','1044','Destribution object',3,'',20,1),
	(1038,'2016-06-02 20:05:42.348260','1043','Destribution object',3,'',20,1),
	(1039,'2016-06-02 20:05:42.350347','1042','Destribution object',3,'',20,1),
	(1040,'2016-06-02 20:05:42.352528','1041','Destribution object',3,'',20,1),
	(1041,'2016-06-02 20:05:42.354555','1040','Destribution object',3,'',20,1),
	(1042,'2016-06-02 20:05:42.356901','1039','Destribution object',3,'',20,1),
	(1043,'2016-06-02 20:05:42.359047','1038','Destribution object',3,'',20,1),
	(1044,'2016-06-02 20:05:42.361346','1037','Destribution object',3,'',20,1),
	(1045,'2016-06-02 20:05:42.363411','1036','Destribution object',3,'',20,1),
	(1046,'2016-06-02 20:05:42.365312','1035','Destribution object',3,'',20,1),
	(1047,'2016-06-02 20:05:42.367177','1034','Destribution object',3,'',20,1),
	(1048,'2016-06-02 20:05:42.369166','1033','Destribution object',3,'',20,1),
	(1049,'2016-06-02 20:05:42.371102','1032','Destribution object',3,'',20,1),
	(1050,'2016-06-02 20:05:42.373340','1031','Destribution object',3,'',20,1),
	(1051,'2016-06-02 20:05:42.375350','1030','Destribution object',3,'',20,1),
	(1052,'2016-06-02 20:05:42.377418','1029','Destribution object',3,'',20,1),
	(1053,'2016-06-02 20:05:42.380078','1028','Destribution object',3,'',20,1),
	(1054,'2016-06-02 20:05:42.382264','1027','Destribution object',3,'',20,1),
	(1055,'2016-06-02 20:05:42.384563','1026','Destribution object',3,'',20,1),
	(1056,'2016-06-02 20:05:42.386603','1025','Destribution object',3,'',20,1),
	(1057,'2016-06-02 20:05:42.388996','1024','Destribution object',3,'',20,1),
	(1058,'2016-06-02 20:05:42.391416','1023','Destribution object',3,'',20,1),
	(1059,'2016-06-02 20:05:42.393550','1022','Destribution object',3,'',20,1),
	(1060,'2016-06-02 20:05:42.395850','1021','Destribution object',3,'',20,1),
	(1061,'2016-06-02 20:05:42.398040','1020','Destribution object',3,'',20,1),
	(1062,'2016-06-02 20:05:42.400277','1019','Destribution object',3,'',20,1),
	(1063,'2016-06-02 20:05:42.402563','1018','Destribution object',3,'',20,1),
	(1064,'2016-06-02 20:05:42.404692','1017','Destribution object',3,'',20,1),
	(1065,'2016-06-02 20:05:42.406814','1016','Destribution object',3,'',20,1),
	(1066,'2016-06-02 20:05:42.408992','1015','Destribution object',3,'',20,1),
	(1067,'2016-06-02 20:05:42.411284','1014','Destribution object',3,'',20,1),
	(1068,'2016-06-02 20:05:42.413386','1013','Destribution object',3,'',20,1),
	(1069,'2016-06-02 20:05:42.415464','1012','Destribution object',3,'',20,1),
	(1070,'2016-06-02 20:05:42.417576','1011','Destribution object',3,'',20,1),
	(1071,'2016-06-02 20:05:42.419633','1010','Destribution object',3,'',20,1),
	(1072,'2016-06-02 20:05:42.421628','1009','Destribution object',3,'',20,1),
	(1073,'2016-06-02 20:05:42.424241','1008','Destribution object',3,'',20,1),
	(1074,'2016-06-02 20:05:42.426156','1007','Destribution object',3,'',20,1),
	(1075,'2016-06-02 20:05:42.428035','1006','Destribution object',3,'',20,1),
	(1076,'2016-06-02 20:05:42.430136','1005','Destribution object',3,'',20,1),
	(1077,'2016-06-02 20:05:42.432476','1004','Destribution object',3,'',20,1),
	(1078,'2016-06-02 20:05:42.434594','1003','Destribution object',3,'',20,1),
	(1079,'2016-06-02 20:05:42.436870','1002','Destribution object',3,'',20,1),
	(1080,'2016-06-02 20:05:42.439404','1001','Destribution object',3,'',20,1),
	(1081,'2016-06-02 20:05:42.442464','1000','Destribution object',3,'',20,1),
	(1082,'2016-06-02 20:05:42.445084','999','Destribution object',3,'',20,1),
	(1083,'2016-06-02 20:05:42.447293','998','Destribution object',3,'',20,1),
	(1084,'2016-06-02 20:05:42.449325','997','Destribution object',3,'',20,1),
	(1085,'2016-06-02 20:05:42.451357','996','Destribution object',3,'',20,1),
	(1086,'2016-06-02 20:05:42.453461','995','Destribution object',3,'',20,1),
	(1087,'2016-06-02 20:05:42.457457','994','Destribution object',3,'',20,1),
	(1088,'2016-06-02 20:05:42.459408','993','Destribution object',3,'',20,1),
	(1089,'2016-06-02 20:05:42.461218','992','Destribution object',3,'',20,1),
	(1090,'2016-06-02 20:05:42.463200','991','Destribution object',3,'',20,1),
	(1091,'2016-06-02 20:05:42.465164','990','Destribution object',3,'',20,1),
	(1092,'2016-06-02 20:05:42.467050','989','Destribution object',3,'',20,1),
	(1093,'2016-06-02 20:05:42.468790','988','Destribution object',3,'',20,1),
	(1094,'2016-06-02 20:05:42.470666','987','Destribution object',3,'',20,1),
	(1095,'2016-06-02 20:05:42.473108','986','Destribution object',3,'',20,1),
	(1096,'2016-06-02 20:05:42.476005','985','Destribution object',3,'',20,1),
	(1097,'2016-06-02 20:05:42.477905','984','Destribution object',3,'',20,1),
	(1098,'2016-06-02 20:05:42.479387','983','Destribution object',3,'',20,1),
	(1099,'2016-06-02 20:05:42.481474','982','Destribution object',3,'',20,1),
	(1100,'2016-06-02 20:05:42.482834','981','Destribution object',3,'',20,1),
	(1101,'2016-06-02 20:05:42.484150','980','Destribution object',3,'',20,1),
	(1102,'2016-06-02 20:05:42.485513','979','Destribution object',3,'',20,1),
	(1103,'2016-06-02 20:05:42.486940','978','Destribution object',3,'',20,1),
	(1104,'2016-06-02 20:05:42.488377','977','Destribution object',3,'',20,1),
	(1105,'2016-06-02 20:05:42.490934','976','Destribution object',3,'',20,1),
	(1106,'2016-06-02 20:05:42.493094','975','Destribution object',3,'',20,1),
	(1107,'2016-06-02 20:05:42.495044','974','Destribution object',3,'',20,1),
	(1108,'2016-06-02 20:05:42.497182','973','Destribution object',3,'',20,1),
	(1109,'2016-06-02 20:05:42.499136','972','Destribution object',3,'',20,1),
	(1110,'2016-06-02 20:05:42.501159','971','Destribution object',3,'',20,1),
	(1111,'2016-06-02 20:05:42.503262','970','Destribution object',3,'',20,1),
	(1112,'2016-06-02 20:05:42.505475','969','Destribution object',3,'',20,1),
	(1113,'2016-06-02 20:05:42.508025','968','Destribution object',3,'',20,1),
	(1114,'2016-06-02 20:05:42.510176','967','Destribution object',3,'',20,1),
	(1115,'2016-06-02 20:05:42.512534','966','Destribution object',3,'',20,1),
	(1116,'2016-06-02 20:05:42.515204','965','Destribution object',3,'',20,1),
	(1117,'2016-06-02 20:05:42.517531','964','Destribution object',3,'',20,1),
	(1118,'2016-06-02 20:05:42.519663','963','Destribution object',3,'',20,1),
	(1119,'2016-06-02 20:05:42.521670','962','Destribution object',3,'',20,1),
	(1120,'2016-06-02 20:05:42.524261','961','Destribution object',3,'',20,1),
	(1121,'2016-06-02 20:05:42.526413','960','Destribution object',3,'',20,1),
	(1122,'2016-06-02 20:05:42.529894','959','Destribution object',3,'',20,1),
	(1123,'2016-06-02 20:05:42.532201','958','Destribution object',3,'',20,1),
	(1124,'2016-06-02 20:05:42.534609','957','Destribution object',3,'',20,1),
	(1125,'2016-06-02 20:05:42.536820','956','Destribution object',3,'',20,1),
	(1126,'2016-06-02 20:05:42.539077','955','Destribution object',3,'',20,1),
	(1127,'2016-06-02 20:05:42.541522','954','Destribution object',3,'',20,1),
	(1128,'2016-06-02 20:05:42.543667','953','Destribution object',3,'',20,1),
	(1129,'2016-06-02 20:05:42.545523','952','Destribution object',3,'',20,1),
	(1130,'2016-06-02 20:05:42.547328','951','Destribution object',3,'',20,1),
	(1131,'2016-06-02 20:05:42.549308','950','Destribution object',3,'',20,1),
	(1132,'2016-06-02 20:05:42.551491','949','Destribution object',3,'',20,1),
	(1133,'2016-06-02 20:05:42.553391','948','Destribution object',3,'',20,1),
	(1134,'2016-06-02 20:05:42.555231','947','Destribution object',3,'',20,1),
	(1135,'2016-06-02 20:05:42.557100','946','Destribution object',3,'',20,1),
	(1136,'2016-06-02 20:05:42.558819','945','Destribution object',3,'',20,1),
	(1137,'2016-06-02 20:05:42.560521','944','Destribution object',3,'',20,1),
	(1138,'2016-06-02 20:05:42.562363','943','Destribution object',3,'',20,1),
	(1139,'2016-06-02 20:05:42.564159','942','Destribution object',3,'',20,1),
	(1140,'2016-06-02 20:05:42.566053','941','Destribution object',3,'',20,1),
	(1141,'2016-06-02 20:05:42.567967','940','Destribution object',3,'',20,1),
	(1142,'2016-06-02 20:05:42.569812','939','Destribution object',3,'',20,1),
	(1143,'2016-06-02 20:05:42.571513','938','Destribution object',3,'',20,1),
	(1144,'2016-06-02 20:05:42.573251','937','Destribution object',3,'',20,1),
	(1145,'2016-06-02 20:05:42.575602','936','Destribution object',3,'',20,1),
	(1146,'2016-06-02 20:05:42.577331','935','Destribution object',3,'',20,1),
	(1147,'2016-06-02 20:05:42.579115','934','Destribution object',3,'',20,1),
	(1148,'2016-06-02 20:05:42.580979','933','Destribution object',3,'',20,1),
	(1149,'2016-06-02 20:05:42.582939','932','Destribution object',3,'',20,1),
	(1150,'2016-06-02 20:05:42.584725','931','Destribution object',3,'',20,1),
	(1151,'2016-06-02 20:05:42.586514','930','Destribution object',3,'',20,1),
	(1152,'2016-06-02 20:05:42.588323','929','Destribution object',3,'',20,1),
	(1153,'2016-06-02 20:05:42.590166','928','Destribution object',3,'',20,1),
	(1154,'2016-06-02 20:05:42.592138','927','Destribution object',3,'',20,1),
	(1155,'2016-06-02 20:05:42.594077','926','Destribution object',3,'',20,1),
	(1156,'2016-06-02 20:05:42.596247','925','Destribution object',3,'',20,1),
	(1157,'2016-06-02 20:05:42.598455','924','Destribution object',3,'',20,1),
	(1158,'2016-06-02 20:05:42.600422','923','Destribution object',3,'',20,1),
	(1159,'2016-06-02 20:05:42.602368','922','Destribution object',3,'',20,1),
	(1160,'2016-06-02 20:05:42.604133','921','Destribution object',3,'',20,1),
	(1161,'2016-06-02 20:05:42.605994','920','Destribution object',3,'',20,1),
	(1162,'2016-06-02 20:05:42.607974','919','Destribution object',3,'',20,1),
	(1163,'2016-06-02 20:05:42.609962','918','Destribution object',3,'',20,1),
	(1164,'2016-06-02 20:05:42.611745','917','Destribution object',3,'',20,1),
	(1165,'2016-06-02 20:05:42.613594','916','Destribution object',3,'',20,1),
	(1166,'2016-06-02 20:05:42.615366','915','Destribution object',3,'',20,1),
	(1167,'2016-06-02 20:05:42.617261','914','Destribution object',3,'',20,1),
	(1168,'2016-06-02 20:05:42.619138','913','Destribution object',3,'',20,1),
	(1169,'2016-06-02 20:05:42.621008','912','Destribution object',3,'',20,1),
	(1170,'2016-06-02 20:05:42.622810','911','Destribution object',3,'',20,1),
	(1171,'2016-06-02 20:05:42.624554','910','Destribution object',3,'',20,1),
	(1172,'2016-06-02 20:05:42.626450','909','Destribution object',3,'',20,1),
	(1173,'2016-06-02 20:05:42.628398','908','Destribution object',3,'',20,1),
	(1174,'2016-06-02 20:05:42.630147','907','Destribution object',3,'',20,1),
	(1175,'2016-06-02 20:05:42.631986','906','Destribution object',3,'',20,1),
	(1176,'2016-06-02 20:05:42.633292','905','Destribution object',3,'',20,1),
	(1177,'2016-06-02 20:05:42.634666','904','Destribution object',3,'',20,1),
	(1178,'2016-06-02 20:05:42.636129','903','Destribution object',3,'',20,1),
	(1179,'2016-06-02 20:05:42.637493','902','Destribution object',3,'',20,1),
	(1180,'2016-06-02 20:05:42.638847','901','Destribution object',3,'',20,1),
	(1181,'2016-06-02 20:05:42.640323','900','Destribution object',3,'',20,1),
	(1182,'2016-06-02 20:05:42.641711','899','Destribution object',3,'',20,1),
	(1183,'2016-06-02 20:05:42.643161','898','Destribution object',3,'',20,1),
	(1184,'2016-06-02 20:05:42.644970','897','Destribution object',3,'',20,1),
	(1185,'2016-06-02 20:05:42.646642','896','Destribution object',3,'',20,1),
	(1186,'2016-06-02 20:05:42.648392','895','Destribution object',3,'',20,1),
	(1187,'2016-06-02 20:05:42.650169','894','Destribution object',3,'',20,1),
	(1188,'2016-06-02 20:05:42.651989','893','Destribution object',3,'',20,1),
	(1189,'2016-06-02 20:05:42.653782','892','Destribution object',3,'',20,1),
	(1190,'2016-06-02 20:05:42.655673','891','Destribution object',3,'',20,1),
	(1191,'2016-06-02 20:05:42.658017','890','Destribution object',3,'',20,1),
	(1192,'2016-06-02 20:05:42.660064','889','Destribution object',3,'',20,1),
	(1193,'2016-06-02 20:05:42.662002','888','Destribution object',3,'',20,1),
	(1194,'2016-06-02 20:05:42.663756','887','Destribution object',3,'',20,1),
	(1195,'2016-06-02 20:05:42.665502','886','Destribution object',3,'',20,1),
	(1196,'2016-06-02 20:05:42.667270','885','Destribution object',3,'',20,1),
	(1197,'2016-06-02 20:05:42.669074','884','Destribution object',3,'',20,1),
	(1198,'2016-06-02 20:05:42.670905','883','Destribution object',3,'',20,1),
	(1199,'2016-06-02 20:05:42.673333','882','Destribution object',3,'',20,1),
	(1200,'2016-06-02 20:05:42.675279','881','Destribution object',3,'',20,1),
	(1201,'2016-06-02 20:05:42.677196','880','Destribution object',3,'',20,1),
	(1202,'2016-06-02 20:05:42.679499','879','Destribution object',3,'',20,1),
	(1203,'2016-06-02 20:05:42.681307','878','Destribution object',3,'',20,1),
	(1204,'2016-06-02 20:05:42.683129','877','Destribution object',3,'',20,1),
	(1205,'2016-06-02 20:05:42.686486','876','Destribution object',3,'',20,1),
	(1206,'2016-06-02 20:05:42.688536','875','Destribution object',3,'',20,1),
	(1207,'2016-06-02 20:05:42.690742','874','Destribution object',3,'',20,1),
	(1208,'2016-06-02 20:05:42.692664','873','Destribution object',3,'',20,1),
	(1209,'2016-06-02 20:05:42.694615','872','Destribution object',3,'',20,1),
	(1210,'2016-06-02 20:05:42.696424','871','Destribution object',3,'',20,1),
	(1211,'2016-06-02 20:05:42.698385','870','Destribution object',3,'',20,1),
	(1212,'2016-06-02 20:05:42.700202','869','Destribution object',3,'',20,1),
	(1213,'2016-06-02 20:05:42.702112','868','Destribution object',3,'',20,1),
	(1214,'2016-06-02 20:05:42.703988','867','Destribution object',3,'',20,1),
	(1215,'2016-06-02 20:05:42.706222','866','Destribution object',3,'',20,1),
	(1216,'2016-06-02 20:05:42.708390','865','Destribution object',3,'',20,1),
	(1217,'2016-06-02 20:05:42.710197','864','Destribution object',3,'',20,1),
	(1218,'2016-06-02 20:05:42.712105','863','Destribution object',3,'',20,1),
	(1219,'2016-06-02 20:05:42.713987','862','Destribution object',3,'',20,1),
	(1220,'2016-06-02 20:05:42.715889','861','Destribution object',3,'',20,1),
	(1221,'2016-06-02 20:05:42.717672','860','Destribution object',3,'',20,1),
	(1222,'2016-06-02 20:05:42.719391','859','Destribution object',3,'',20,1),
	(1223,'2016-06-02 20:05:42.721233','858','Destribution object',3,'',20,1),
	(1224,'2016-06-02 20:05:42.723511','857','Destribution object',3,'',20,1),
	(1225,'2016-06-02 20:05:42.725482','856','Destribution object',3,'',20,1),
	(1226,'2016-06-02 20:05:42.727419','855','Destribution object',3,'',20,1),
	(1227,'2016-06-02 20:05:42.729228','854','Destribution object',3,'',20,1),
	(1228,'2016-06-02 20:05:42.731233','853','Destribution object',3,'',20,1),
	(1229,'2016-06-02 20:05:42.733050','852','Destribution object',3,'',20,1),
	(1230,'2016-06-02 20:05:42.734992','851','Destribution object',3,'',20,1),
	(1231,'2016-06-02 20:05:42.736705','850','Destribution object',3,'',20,1),
	(1232,'2016-06-02 20:05:42.738569','849','Destribution object',3,'',20,1),
	(1233,'2016-06-02 20:05:42.740874','848','Destribution object',3,'',20,1),
	(1234,'2016-06-02 20:05:42.742865','847','Destribution object',3,'',20,1),
	(1235,'2016-06-02 20:05:42.744680','846','Destribution object',3,'',20,1),
	(1236,'2016-06-02 20:05:42.746398','845','Destribution object',3,'',20,1),
	(1237,'2016-06-02 20:05:42.748202','844','Destribution object',3,'',20,1),
	(1238,'2016-06-02 20:05:42.750522','843','Destribution object',3,'',20,1),
	(1239,'2016-06-02 20:05:42.752338','842','Destribution object',3,'',20,1),
	(1240,'2016-06-02 20:05:42.754231','841','Destribution object',3,'',20,1),
	(1241,'2016-06-02 20:05:42.756432','840','Destribution object',3,'',20,1),
	(1242,'2016-06-02 20:05:42.758374','839','Destribution object',3,'',20,1),
	(1243,'2016-06-02 20:05:42.760297','838','Destribution object',3,'',20,1),
	(1244,'2016-06-02 20:05:42.762203','837','Destribution object',3,'',20,1),
	(1245,'2016-06-02 20:05:42.764060','836','Destribution object',3,'',20,1),
	(1246,'2016-06-02 20:05:42.765974','835','Destribution object',3,'',20,1),
	(1247,'2016-06-02 20:05:42.767780','834','Destribution object',3,'',20,1),
	(1248,'2016-06-02 20:05:42.769522','833','Destribution object',3,'',20,1),
	(1249,'2016-06-02 20:05:42.771408','832','Destribution object',3,'',20,1),
	(1250,'2016-06-02 20:05:42.773601','831','Destribution object',3,'',20,1),
	(1251,'2016-06-02 20:05:42.775556','830','Destribution object',3,'',20,1),
	(1252,'2016-06-02 20:05:42.777309','829','Destribution object',3,'',20,1),
	(1253,'2016-06-02 20:05:42.779126','828','Destribution object',3,'',20,1),
	(1254,'2016-06-02 20:05:42.781023','827','Destribution object',3,'',20,1),
	(1255,'2016-06-02 20:05:42.782810','826','Destribution object',3,'',20,1),
	(1256,'2016-06-02 20:05:42.784728','825','Destribution object',3,'',20,1),
	(1257,'2016-06-02 20:05:42.786129','824','Destribution object',3,'',20,1),
	(1258,'2016-06-02 20:05:42.787581','823','Destribution object',3,'',20,1),
	(1259,'2016-06-02 20:05:42.789113','822','Destribution object',3,'',20,1),
	(1260,'2016-06-02 20:05:42.791330','821','Destribution object',3,'',20,1),
	(1261,'2016-06-02 20:05:42.792791','820','Destribution object',3,'',20,1),
	(1262,'2016-06-02 20:05:42.794216','819','Destribution object',3,'',20,1),
	(1263,'2016-06-02 20:05:42.795671','818','Destribution object',3,'',20,1),
	(1264,'2016-06-02 20:05:42.797118','817','Destribution object',3,'',20,1),
	(1265,'2016-06-02 20:05:42.798998','816','Destribution object',3,'',20,1),
	(1266,'2016-06-02 20:05:42.800949','815','Destribution object',3,'',20,1),
	(1267,'2016-06-02 20:05:42.802966','814','Destribution object',3,'',20,1),
	(1268,'2016-06-02 20:05:42.804931','813','Destribution object',3,'',20,1),
	(1269,'2016-06-02 20:05:42.807053','812','Destribution object',3,'',20,1),
	(1270,'2016-06-02 20:05:42.809040','811','Destribution object',3,'',20,1),
	(1271,'2016-06-02 20:05:42.810790','810','Destribution object',3,'',20,1),
	(1272,'2016-06-02 20:05:42.812565','809','Destribution object',3,'',20,1),
	(1273,'2016-06-02 20:05:42.814334','808','Destribution object',3,'',20,1),
	(1274,'2016-06-02 20:05:42.816139','807','Destribution object',3,'',20,1),
	(1275,'2016-06-02 20:05:42.817950','806','Destribution object',3,'',20,1),
	(1276,'2016-06-02 20:05:42.819709','805','Destribution object',3,'',20,1),
	(1277,'2016-06-02 20:05:42.821559','804','Destribution object',3,'',20,1),
	(1278,'2016-06-02 20:05:42.823634','803','Destribution object',3,'',20,1),
	(1279,'2016-06-02 20:05:42.825491','802','Destribution object',3,'',20,1),
	(1280,'2016-06-02 20:05:42.827231','801','Destribution object',3,'',20,1),
	(1281,'2016-06-02 20:05:42.829046','800','Destribution object',3,'',20,1),
	(1282,'2016-06-02 20:05:42.830743','799','Destribution object',3,'',20,1),
	(1283,'2016-06-02 20:05:42.832554','798','Destribution object',3,'',20,1),
	(1284,'2016-06-02 20:05:42.834332','797','Destribution object',3,'',20,1),
	(1285,'2016-06-02 20:05:42.836149','796','Destribution object',3,'',20,1),
	(1286,'2016-06-02 20:05:42.838077','795','Destribution object',3,'',20,1),
	(1287,'2016-06-02 20:05:42.840345','794','Destribution object',3,'',20,1),
	(1288,'2016-06-02 20:05:42.842273','793','Destribution object',3,'',20,1),
	(1289,'2016-06-02 20:05:42.844622','792','Destribution object',3,'',20,1),
	(1290,'2016-06-02 20:05:42.846359','791','Destribution object',3,'',20,1),
	(1291,'2016-06-02 20:05:42.848147','790','Destribution object',3,'',20,1),
	(1292,'2016-06-02 20:05:42.849933','789','Destribution object',3,'',20,1),
	(1293,'2016-06-02 20:05:42.851643','788','Destribution object',3,'',20,1),
	(1294,'2016-06-02 20:05:42.853314','787','Destribution object',3,'',20,1),
	(1295,'2016-06-02 20:05:42.855702','786','Destribution object',3,'',20,1),
	(1296,'2016-06-02 20:05:42.858090','785','Destribution object',3,'',20,1),
	(1297,'2016-06-02 20:05:42.860492','784','Destribution object',3,'',20,1),
	(1298,'2016-06-02 20:05:42.861799','783','Destribution object',3,'',20,1),
	(1299,'2016-06-02 20:05:42.863183','782','Destribution object',3,'',20,1),
	(1300,'2016-06-02 20:05:42.864617','781','Destribution object',3,'',20,1),
	(1301,'2016-06-02 20:05:42.865933','780','Destribution object',3,'',20,1),
	(1302,'2016-06-02 20:05:42.867968','779','Destribution object',3,'',20,1),
	(1303,'2016-06-02 20:05:42.869337','778','Destribution object',3,'',20,1),
	(1304,'2016-06-02 20:05:42.870755','777','Destribution object',3,'',20,1),
	(1305,'2016-06-02 20:05:42.872238','776','Destribution object',3,'',20,1),
	(1306,'2016-06-02 20:05:42.874404','775','Destribution object',3,'',20,1),
	(1307,'2016-06-02 20:05:42.876219','774','Destribution object',3,'',20,1),
	(1308,'2016-06-02 20:05:42.878040','773','Destribution object',3,'',20,1),
	(1309,'2016-06-02 20:05:42.879973','772','Destribution object',3,'',20,1),
	(1310,'2016-06-02 20:05:42.881958','771','Destribution object',3,'',20,1),
	(1311,'2016-06-02 20:05:42.883717','770','Destribution object',3,'',20,1),
	(1312,'2016-06-02 20:05:42.885452','769','Destribution object',3,'',20,1),
	(1313,'2016-06-02 20:05:42.887296','768','Destribution object',3,'',20,1),
	(1314,'2016-06-02 20:05:42.889242','767','Destribution object',3,'',20,1),
	(1315,'2016-06-02 20:05:42.891118','766','Destribution object',3,'',20,1),
	(1316,'2016-06-02 20:05:42.892983','765','Destribution object',3,'',20,1),
	(1317,'2016-06-02 20:05:42.894747','764','Destribution object',3,'',20,1),
	(1318,'2016-06-02 20:05:42.896610','763','Destribution object',3,'',20,1),
	(1319,'2016-06-02 20:05:42.898380','762','Destribution object',3,'',20,1),
	(1320,'2016-06-02 20:05:42.900479','761','Destribution object',3,'',20,1),
	(1321,'2016-06-02 20:05:42.902305','760','Destribution object',3,'',20,1),
	(1322,'2016-06-02 20:05:42.904175','759','Destribution object',3,'',20,1),
	(1323,'2016-06-02 20:05:42.906310','758','Destribution object',3,'',20,1),
	(1324,'2016-06-02 20:05:42.908125','757','Destribution object',3,'',20,1),
	(1325,'2016-06-02 20:05:42.909978','756','Destribution object',3,'',20,1),
	(1326,'2016-06-02 20:05:42.911781','755','Destribution object',3,'',20,1),
	(1327,'2016-06-02 20:05:42.913629','754','Destribution object',3,'',20,1),
	(1328,'2016-06-02 20:05:42.915652','753','Destribution object',3,'',20,1),
	(1329,'2016-06-02 20:05:42.917675','752','Destribution object',3,'',20,1),
	(1330,'2016-06-02 20:05:42.919782','751','Destribution object',3,'',20,1),
	(1331,'2016-06-02 20:05:42.921876','750','Destribution object',3,'',20,1),
	(1332,'2016-06-02 20:05:42.923787','749','Destribution object',3,'',20,1),
	(1333,'2016-06-02 20:05:42.925569','748','Destribution object',3,'',20,1),
	(1334,'2016-06-02 20:05:42.927390','747','Destribution object',3,'',20,1),
	(1335,'2016-06-02 20:05:42.929163','746','Destribution object',3,'',20,1),
	(1336,'2016-06-02 20:05:42.931457','745','Destribution object',3,'',20,1),
	(1337,'2016-06-02 20:05:42.933298','744','Destribution object',3,'',20,1),
	(1338,'2016-06-02 20:05:42.935159','743','Destribution object',3,'',20,1),
	(1339,'2016-06-02 20:05:42.937048','742','Destribution object',3,'',20,1),
	(1340,'2016-06-02 20:05:42.939470','741','Destribution object',3,'',20,1),
	(1341,'2016-06-02 20:05:42.941255','740','Destribution object',3,'',20,1),
	(1342,'2016-06-02 20:05:42.943313','739','Destribution object',3,'',20,1),
	(1343,'2016-06-02 20:05:42.945159','738','Destribution object',3,'',20,1),
	(1344,'2016-06-02 20:05:42.947004','737','Destribution object',3,'',20,1),
	(1345,'2016-06-02 20:05:42.948774','736','Destribution object',3,'',20,1),
	(1346,'2016-06-02 20:05:42.950490','735','Destribution object',3,'',20,1),
	(1347,'2016-06-02 20:05:42.952232','734','Destribution object',3,'',20,1),
	(1348,'2016-06-02 20:05:42.954021','733','Destribution object',3,'',20,1),
	(1349,'2016-06-02 20:05:42.955763','732','Destribution object',3,'',20,1),
	(1350,'2016-06-02 20:05:42.957635','731','Destribution object',3,'',20,1),
	(1351,'2016-06-02 20:05:42.959414','730','Destribution object',3,'',20,1),
	(1352,'2016-06-02 20:05:42.961189','729','Destribution object',3,'',20,1),
	(1353,'2016-06-02 20:05:42.963154','728','Destribution object',3,'',20,1),
	(1354,'2016-06-02 20:05:42.965061','727','Destribution object',3,'',20,1),
	(1355,'2016-06-02 20:05:42.966772','726','Destribution object',3,'',20,1),
	(1356,'2016-06-02 20:05:42.968593','725','Destribution object',3,'',20,1),
	(1357,'2016-06-02 20:05:42.970359','724','Destribution object',3,'',20,1),
	(1358,'2016-06-02 20:05:42.972149','723','Destribution object',3,'',20,1),
	(1359,'2016-06-02 20:05:42.974002','722','Destribution object',3,'',20,1),
	(1360,'2016-06-02 20:05:42.975838','721','Destribution object',3,'',20,1),
	(1361,'2016-06-02 20:05:42.977180','720','Destribution object',3,'',20,1),
	(1362,'2016-06-02 20:05:42.978598','719','Destribution object',3,'',20,1),
	(1363,'2016-06-02 20:05:42.979996','718','Destribution object',3,'',20,1),
	(1364,'2016-06-02 20:05:42.981411','717','Destribution object',3,'',20,1),
	(1365,'2016-06-02 20:05:42.982786','716','Destribution object',3,'',20,1),
	(1366,'2016-06-02 20:05:42.984583','715','Destribution object',3,'',20,1),
	(1367,'2016-06-02 20:05:42.986265','714','Destribution object',3,'',20,1),
	(1368,'2016-06-02 20:05:42.988041','713','Destribution object',3,'',20,1),
	(1369,'2016-06-02 20:05:42.989773','712','Destribution object',3,'',20,1),
	(1370,'2016-06-02 20:05:42.991499','711','Destribution object',3,'',20,1),
	(1371,'2016-06-02 21:33:23.996022','2015','Destribution object',3,'',20,1),
	(1372,'2016-06-02 21:33:23.999417','2014','Destribution object',3,'',20,1),
	(1373,'2016-06-02 21:33:24.001325','2013','Destribution object',3,'',20,1),
	(1374,'2016-06-02 21:33:24.003689','2012','Destribution object',3,'',20,1),
	(1375,'2016-06-02 21:33:24.005739','2011','Destribution object',3,'',20,1),
	(1376,'2016-06-02 21:33:24.007656','2010','Destribution object',3,'',20,1),
	(1377,'2016-06-02 21:33:24.009580','2009','Destribution object',3,'',20,1),
	(1378,'2016-06-02 21:33:24.011724','2008','Destribution object',3,'',20,1),
	(1379,'2016-06-02 21:33:24.014130','2007','Destribution object',3,'',20,1),
	(1380,'2016-06-02 21:33:24.015927','2006','Destribution object',3,'',20,1),
	(1381,'2016-06-02 21:33:24.017830','2005','Destribution object',3,'',20,1),
	(1382,'2016-06-02 21:33:24.020284','2004','Destribution object',3,'',20,1),
	(1383,'2016-06-02 21:33:24.022869','2003','Destribution object',3,'',20,1),
	(1384,'2016-06-02 21:33:24.024838','2002','Destribution object',3,'',20,1),
	(1385,'2016-06-02 21:33:24.026975','2001','Destribution object',3,'',20,1),
	(1386,'2016-06-02 21:33:24.029300','2000','Destribution object',3,'',20,1),
	(1387,'2016-06-02 21:33:24.031212','1999','Destribution object',3,'',20,1),
	(1388,'2016-06-02 21:33:24.033648','1998','Destribution object',3,'',20,1),
	(1389,'2016-06-02 21:33:24.035989','1997','Destribution object',3,'',20,1),
	(1390,'2016-06-02 21:33:24.038233','1996','Destribution object',3,'',20,1),
	(1391,'2016-06-02 21:33:24.039998','1995','Destribution object',3,'',20,1),
	(1392,'2016-06-02 21:33:24.042585','1994','Destribution object',3,'',20,1),
	(1393,'2016-06-02 21:33:24.045396','1993','Destribution object',3,'',20,1),
	(1394,'2016-06-02 21:33:24.047205','1992','Destribution object',3,'',20,1),
	(1395,'2016-06-02 21:33:24.049084','1991','Destribution object',3,'',20,1),
	(1396,'2016-06-02 21:33:24.051212','1990','Destribution object',3,'',20,1),
	(1397,'2016-06-02 21:33:24.053333','1989','Destribution object',3,'',20,1),
	(1398,'2016-06-02 21:33:24.056425','1988','Destribution object',3,'',20,1),
	(1399,'2016-06-02 21:33:24.058489','1987','Destribution object',3,'',20,1),
	(1400,'2016-06-02 21:33:24.060796','1986','Destribution object',3,'',20,1),
	(1401,'2016-06-02 21:33:24.063196','1985','Destribution object',3,'',20,1),
	(1402,'2016-06-02 21:33:24.065034','1984','Destribution object',3,'',20,1),
	(1403,'2016-06-02 21:33:24.066913','1983','Destribution object',3,'',20,1),
	(1404,'2016-06-02 21:33:24.068996','1982','Destribution object',3,'',20,1),
	(1405,'2016-06-02 21:33:24.071787','1981','Destribution object',3,'',20,1),
	(1406,'2016-06-02 21:33:24.074590','1980','Destribution object',3,'',20,1),
	(1407,'2016-06-02 21:33:24.076999','1979','Destribution object',3,'',20,1),
	(1408,'2016-06-02 21:33:24.078972','1978','Destribution object',3,'',20,1),
	(1409,'2016-06-02 21:33:24.080925','1977','Destribution object',3,'',20,1),
	(1410,'2016-06-02 21:33:24.083043','1976','Destribution object',3,'',20,1),
	(1411,'2016-06-02 21:33:24.084795','1975','Destribution object',3,'',20,1),
	(1412,'2016-06-02 21:33:24.086825','1974','Destribution object',3,'',20,1),
	(1413,'2016-06-02 21:33:24.089123','1973','Destribution object',3,'',20,1),
	(1414,'2016-06-02 21:33:24.092175','1972','Destribution object',3,'',20,1),
	(1415,'2016-06-02 21:33:24.094153','1971','Destribution object',3,'',20,1),
	(1416,'2016-06-02 21:33:24.095993','1970','Destribution object',3,'',20,1),
	(1417,'2016-06-02 21:33:24.097900','1969','Destribution object',3,'',20,1),
	(1418,'2016-06-02 21:33:24.099782','1968','Destribution object',3,'',20,1),
	(1419,'2016-06-02 21:33:24.101632','1967','Destribution object',3,'',20,1),
	(1420,'2016-06-02 21:33:24.103598','1966','Destribution object',3,'',20,1),
	(1421,'2016-06-02 21:33:24.106067','1965','Destribution object',3,'',20,1),
	(1422,'2016-06-02 21:33:24.108962','1964','Destribution object',3,'',20,1),
	(1423,'2016-06-02 21:33:24.111390','1963','Destribution object',3,'',20,1),
	(1424,'2016-06-02 21:33:24.113719','1962','Destribution object',3,'',20,1),
	(1425,'2016-06-02 21:33:24.115888','1961','Destribution object',3,'',20,1),
	(1426,'2016-06-02 21:33:24.117362','1960','Destribution object',3,'',20,1),
	(1427,'2016-06-02 21:33:24.119509','1959','Destribution object',3,'',20,1),
	(1428,'2016-06-02 21:33:24.121114','1958','Destribution object',3,'',20,1),
	(1429,'2016-06-02 21:33:24.124237','1957','Destribution object',3,'',20,1),
	(1430,'2016-06-02 21:33:24.127046','1956','Destribution object',3,'',20,1),
	(1431,'2016-06-02 21:33:24.129369','1955','Destribution object',3,'',20,1),
	(1432,'2016-06-02 21:33:24.131481','1954','Destribution object',3,'',20,1),
	(1433,'2016-06-02 21:33:24.133427','1953','Destribution object',3,'',20,1),
	(1434,'2016-06-02 21:33:24.135258','1952','Destribution object',3,'',20,1),
	(1435,'2016-06-02 21:33:24.137066','1951','Destribution object',3,'',20,1),
	(1436,'2016-06-02 21:33:24.139657','1950','Destribution object',3,'',20,1),
	(1437,'2016-06-02 21:33:24.141709','1949','Destribution object',3,'',20,1),
	(1438,'2016-06-02 21:33:24.144288','1948','Destribution object',3,'',20,1),
	(1439,'2016-06-02 21:33:24.146748','1947','Destribution object',3,'',20,1),
	(1440,'2016-06-02 21:33:24.148789','1946','Destribution object',3,'',20,1),
	(1441,'2016-06-02 21:33:24.150774','1945','Destribution object',3,'',20,1),
	(1442,'2016-06-02 21:33:24.152790','1944','Destribution object',3,'',20,1),
	(1443,'2016-06-02 21:33:24.155249','1943','Destribution object',3,'',20,1),
	(1444,'2016-06-02 21:33:24.157904','1942','Destribution object',3,'',20,1),
	(1445,'2016-06-02 21:33:24.160557','1941','Destribution object',3,'',20,1),
	(1446,'2016-06-02 21:33:24.163005','1940','Destribution object',3,'',20,1),
	(1447,'2016-06-02 21:33:24.164353','1939','Destribution object',3,'',20,1),
	(1448,'2016-06-02 21:33:24.165759','1938','Destribution object',3,'',20,1),
	(1449,'2016-06-02 21:33:24.167149','1937','Destribution object',3,'',20,1),
	(1450,'2016-06-02 21:33:24.168556','1936','Destribution object',3,'',20,1),
	(1451,'2016-06-02 21:33:24.170865','1935','Destribution object',3,'',20,1),
	(1452,'2016-06-02 21:33:24.173769','1934','Destribution object',3,'',20,1),
	(1453,'2016-06-02 21:33:24.176012','1933','Destribution object',3,'',20,1),
	(1454,'2016-06-02 21:33:24.178776','1932','Destribution object',3,'',20,1),
	(1455,'2016-06-02 21:33:24.180622','1931','Destribution object',3,'',20,1),
	(1456,'2016-06-02 21:33:24.182310','1930','Destribution object',3,'',20,1),
	(1457,'2016-06-02 21:33:24.184033','1929','Destribution object',3,'',20,1),
	(1458,'2016-06-02 21:33:24.185737','1928','Destribution object',3,'',20,1),
	(1459,'2016-06-02 21:33:24.187923','1927','Destribution object',3,'',20,1),
	(1460,'2016-06-02 21:33:24.189763','1926','Destribution object',3,'',20,1),
	(1461,'2016-06-02 21:33:24.191808','1925','Destribution object',3,'',20,1),
	(1462,'2016-06-02 21:33:24.194307','1924','Destribution object',3,'',20,1),
	(1463,'2016-06-02 21:33:24.196264','1923','Destribution object',3,'',20,1),
	(1464,'2016-06-02 21:33:24.198067','1922','Destribution object',3,'',20,1),
	(1465,'2016-06-02 21:33:24.199979','1921','Destribution object',3,'',20,1),
	(1466,'2016-06-02 21:33:24.201741','1920','Destribution object',3,'',20,1),
	(1467,'2016-06-02 21:33:24.203559','1919','Destribution object',3,'',20,1),
	(1468,'2016-06-02 21:33:24.205479','1918','Destribution object',3,'',20,1),
	(1469,'2016-06-02 21:33:24.207885','1917','Destribution object',3,'',20,1),
	(1470,'2016-06-02 21:33:24.210231','1916','Destribution object',3,'',20,1),
	(1471,'2016-06-02 21:33:24.212329','1915','Destribution object',3,'',20,1),
	(1472,'2016-06-02 21:33:24.214258','1914','Destribution object',3,'',20,1),
	(1473,'2016-06-02 21:33:24.216181','1913','Destribution object',3,'',20,1),
	(1474,'2016-06-02 21:33:24.217951','1912','Destribution object',3,'',20,1),
	(1475,'2016-06-02 21:33:24.219722','1911','Destribution object',3,'',20,1),
	(1476,'2016-06-02 21:33:24.221526','1910','Destribution object',3,'',20,1),
	(1477,'2016-06-02 21:33:24.223196','1909','Destribution object',3,'',20,1),
	(1478,'2016-06-02 21:33:24.225405','1908','Destribution object',3,'',20,1),
	(1479,'2016-06-02 21:33:24.228607','1907','Destribution object',3,'',20,1),
	(1480,'2016-06-02 21:33:24.230579','1906','Destribution object',3,'',20,1),
	(1481,'2016-06-02 21:33:24.232457','1905','Destribution object',3,'',20,1),
	(1482,'2016-06-02 21:33:24.234359','1904','Destribution object',3,'',20,1),
	(1483,'2016-06-02 21:33:24.236046','1903','Destribution object',3,'',20,1),
	(1484,'2016-06-02 21:33:24.237941','1902','Destribution object',3,'',20,1),
	(1485,'2016-06-02 21:33:24.239744','1901','Destribution object',3,'',20,1),
	(1486,'2016-06-02 21:33:24.242105','1900','Destribution object',3,'',20,1),
	(1487,'2016-06-02 21:33:24.244731','1899','Destribution object',3,'',20,1),
	(1488,'2016-06-02 21:33:24.246843','1898','Destribution object',3,'',20,1),
	(1489,'2016-06-02 21:33:24.248826','1897','Destribution object',3,'',20,1),
	(1490,'2016-06-02 21:33:24.250701','1896','Destribution object',3,'',20,1),
	(1491,'2016-06-02 21:33:24.252534','1895','Destribution object',3,'',20,1),
	(1492,'2016-06-02 21:33:24.254321','1894','Destribution object',3,'',20,1),
	(1493,'2016-06-02 21:33:24.256070','1893','Destribution object',3,'',20,1),
	(1494,'2016-06-02 21:33:24.258164','1892','Destribution object',3,'',20,1),
	(1495,'2016-06-02 21:33:24.260844','1891','Destribution object',3,'',20,1),
	(1496,'2016-06-02 21:33:24.262707','1890','Destribution object',3,'',20,1),
	(1497,'2016-06-02 21:33:24.264685','1889','Destribution object',3,'',20,1),
	(1498,'2016-06-02 21:33:24.266581','1888','Destribution object',3,'',20,1),
	(1499,'2016-06-02 21:33:24.268478','1887','Destribution object',3,'',20,1),
	(1500,'2016-06-02 21:33:24.270444','1886','Destribution object',3,'',20,1),
	(1501,'2016-06-02 21:33:24.272153','1885','Destribution object',3,'',20,1),
	(1502,'2016-06-02 21:33:24.273947','1884','Destribution object',3,'',20,1),
	(1503,'2016-06-02 21:33:24.276100','1883','Destribution object',3,'',20,1),
	(1504,'2016-06-02 21:33:24.278713','1882','Destribution object',3,'',20,1),
	(1505,'2016-06-02 21:33:24.280669','1881','Destribution object',3,'',20,1),
	(1506,'2016-06-02 21:33:24.282505','1880','Destribution object',3,'',20,1),
	(1507,'2016-06-02 21:33:24.284358','1879','Destribution object',3,'',20,1),
	(1508,'2016-06-02 21:33:24.286075','1878','Destribution object',3,'',20,1),
	(1509,'2016-06-02 21:33:24.287917','1877','Destribution object',3,'',20,1),
	(1510,'2016-06-02 21:33:24.289741','1876','Destribution object',3,'',20,1),
	(1511,'2016-06-02 21:33:24.291740','1875','Destribution object',3,'',20,1),
	(1512,'2016-06-02 21:33:24.294365','1874','Destribution object',3,'',20,1),
	(1513,'2016-06-02 21:33:24.296350','1873','Destribution object',3,'',20,1),
	(1514,'2016-06-02 21:33:24.298243','1872','Destribution object',3,'',20,1),
	(1515,'2016-06-02 21:33:24.299975','1871','Destribution object',3,'',20,1),
	(1516,'2016-06-02 21:33:24.301671','1870','Destribution object',3,'',20,1),
	(1517,'2016-06-02 21:33:24.303972','1869','Destribution object',3,'',20,1),
	(1518,'2016-06-02 21:33:24.305743','1868','Destribution object',3,'',20,1),
	(1519,'2016-06-02 21:33:24.307984','1867','Destribution object',3,'',20,1),
	(1520,'2016-06-02 21:33:24.310723','1866','Destribution object',3,'',20,1),
	(1521,'2016-06-02 21:33:24.312865','1865','Destribution object',3,'',20,1),
	(1522,'2016-06-02 21:33:24.314722','1864','Destribution object',3,'',20,1),
	(1523,'2016-06-02 21:33:24.316693','1863','Destribution object',3,'',20,1),
	(1524,'2016-06-02 21:33:24.318522','1862','Destribution object',3,'',20,1),
	(1525,'2016-06-02 21:33:24.320636','1861','Destribution object',3,'',20,1),
	(1526,'2016-06-02 21:33:24.322539','1860','Destribution object',3,'',20,1),
	(1527,'2016-06-02 21:33:24.324297','1859','Destribution object',3,'',20,1),
	(1528,'2016-06-02 21:33:24.327585','1858','Destribution object',3,'',20,1),
	(1529,'2016-06-02 21:33:24.330797','1857','Destribution object',3,'',20,1),
	(1530,'2016-06-02 21:33:24.333146','1856','Destribution object',3,'',20,1),
	(1531,'2016-06-02 21:33:24.334980','1855','Destribution object',3,'',20,1),
	(1532,'2016-06-02 21:33:24.336928','1854','Destribution object',3,'',20,1),
	(1533,'2016-06-02 21:33:24.338822','1853','Destribution object',3,'',20,1),
	(1534,'2016-06-02 21:33:24.341316','1852','Destribution object',3,'',20,1),
	(1535,'2016-06-02 21:33:24.345065','1851','Destribution object',3,'',20,1),
	(1536,'2016-06-02 21:33:24.347468','1850','Destribution object',3,'',20,1),
	(1537,'2016-06-02 21:33:24.349746','1849','Destribution object',3,'',20,1),
	(1538,'2016-06-02 21:33:24.351189','1848','Destribution object',3,'',20,1),
	(1539,'2016-06-02 21:33:24.352622','1847','Destribution object',3,'',20,1),
	(1540,'2016-06-02 21:33:24.353997','1846','Destribution object',3,'',20,1),
	(1541,'2016-06-02 21:33:24.355990','1845','Destribution object',3,'',20,1),
	(1542,'2016-06-02 21:33:24.357518','1844','Destribution object',3,'',20,1),
	(1543,'2016-06-02 21:33:24.360739','1843','Destribution object',3,'',20,1),
	(1544,'2016-06-02 21:33:24.363777','1842','Destribution object',3,'',20,1),
	(1545,'2016-06-02 21:33:24.365738','1841','Destribution object',3,'',20,1),
	(1546,'2016-06-02 21:33:24.367749','1840','Destribution object',3,'',20,1),
	(1547,'2016-06-02 21:33:24.369762','1839','Destribution object',3,'',20,1),
	(1548,'2016-06-02 21:33:24.371801','1838','Destribution object',3,'',20,1),
	(1549,'2016-06-02 21:33:24.373630','1837','Destribution object',3,'',20,1),
	(1550,'2016-06-02 21:33:24.376302','1836','Destribution object',3,'',20,1),
	(1551,'2016-06-02 21:33:24.379317','1835','Destribution object',3,'',20,1),
	(1552,'2016-06-02 21:33:24.381145','1834','Destribution object',3,'',20,1),
	(1553,'2016-06-02 21:33:24.383025','1833','Destribution object',3,'',20,1),
	(1554,'2016-06-02 21:33:24.385007','1832','Destribution object',3,'',20,1),
	(1555,'2016-06-02 21:33:24.387575','1831','Destribution object',3,'',20,1),
	(1556,'2016-06-02 21:33:24.389647','1830','Destribution object',3,'',20,1),
	(1557,'2016-06-02 21:33:24.391894','1829','Destribution object',3,'',20,1),
	(1558,'2016-06-02 21:33:24.394834','1828','Destribution object',3,'',20,1),
	(1559,'2016-06-02 21:33:24.396970','1827','Destribution object',3,'',20,1),
	(1560,'2016-06-02 21:33:24.398692','1826','Destribution object',3,'',20,1),
	(1561,'2016-06-02 21:33:24.400624','1825','Destribution object',3,'',20,1),
	(1562,'2016-06-02 21:33:24.402885','1824','Destribution object',3,'',20,1),
	(1563,'2016-06-02 21:33:24.404826','1823','Destribution object',3,'',20,1),
	(1564,'2016-06-02 21:33:24.406723','1822','Destribution object',3,'',20,1),
	(1565,'2016-06-02 21:33:24.408963','1821','Destribution object',3,'',20,1),
	(1566,'2016-06-02 21:33:24.411832','1820','Destribution object',3,'',20,1),
	(1567,'2016-06-02 21:33:24.413885','1819','Destribution object',3,'',20,1),
	(1568,'2016-06-02 21:33:24.415705','1818','Destribution object',3,'',20,1),
	(1569,'2016-06-02 21:33:24.417915','1817','Destribution object',3,'',20,1),
	(1570,'2016-06-02 21:33:24.419948','1816','Destribution object',3,'',20,1),
	(1571,'2016-06-02 21:33:24.421755','1815','Destribution object',3,'',20,1),
	(1572,'2016-06-02 21:33:24.423602','1814','Destribution object',3,'',20,1),
	(1573,'2016-06-02 21:33:24.425877','1813','Destribution object',3,'',20,1),
	(1574,'2016-06-02 21:33:24.428821','1812','Destribution object',3,'',20,1),
	(1575,'2016-06-02 21:33:24.430715','1811','Destribution object',3,'',20,1),
	(1576,'2016-06-02 21:33:24.432575','1810','Destribution object',3,'',20,1),
	(1577,'2016-06-02 21:33:24.434732','1809','Destribution object',3,'',20,1),
	(1578,'2016-06-02 21:33:24.437947','1808','Destribution object',3,'',20,1),
	(1579,'2016-06-02 21:33:24.439334','1807','Destribution object',3,'',20,1),
	(1580,'2016-06-02 21:33:24.444110','1806','Destribution object',3,'',20,1),
	(1581,'2016-06-02 21:33:24.447240','1805','Destribution object',3,'',20,1),
	(1582,'2016-06-02 21:33:24.448680','1804','Destribution object',3,'',20,1),
	(1583,'2016-06-02 21:33:24.451040','1803','Destribution object',3,'',20,1),
	(1584,'2016-06-02 21:33:24.452416','1802','Destribution object',3,'',20,1),
	(1585,'2016-06-02 21:33:24.454397','1801','Destribution object',3,'',20,1),
	(1586,'2016-06-02 21:33:24.456434','1800','Destribution object',3,'',20,1),
	(1587,'2016-06-02 21:33:24.458951','1799','Destribution object',3,'',20,1),
	(1588,'2016-06-02 21:33:24.461582','1798','Destribution object',3,'',20,1),
	(1589,'2016-06-02 21:33:24.463531','1797','Destribution object',3,'',20,1),
	(1590,'2016-06-02 21:33:24.465307','1796','Destribution object',3,'',20,1),
	(1591,'2016-06-02 21:33:24.467042','1795','Destribution object',3,'',20,1),
	(1592,'2016-06-02 21:33:24.468820','1794','Destribution object',3,'',20,1),
	(1593,'2016-06-02 21:33:24.470676','1793','Destribution object',3,'',20,1),
	(1594,'2016-06-02 21:33:24.473005','1792','Destribution object',3,'',20,1),
	(1595,'2016-06-02 21:33:24.474990','1791','Destribution object',3,'',20,1),
	(1596,'2016-06-02 21:33:24.477529','1790','Destribution object',3,'',20,1),
	(1597,'2016-06-02 21:33:24.479905','1789','Destribution object',3,'',20,1),
	(1598,'2016-06-02 21:33:24.482090','1788','Destribution object',3,'',20,1),
	(1599,'2016-06-02 21:33:24.484001','1787','Destribution object',3,'',20,1),
	(1600,'2016-06-02 21:33:24.485756','1786','Destribution object',3,'',20,1),
	(1601,'2016-06-02 21:33:24.487588','1785','Destribution object',3,'',20,1),
	(1602,'2016-06-02 21:33:24.489498','1784','Destribution object',3,'',20,1),
	(1603,'2016-06-02 21:33:24.491326','1783','Destribution object',3,'',20,1),
	(1604,'2016-06-02 21:33:24.493364','1782','Destribution object',3,'',20,1),
	(1605,'2016-06-02 21:33:24.495217','1781','Destribution object',3,'',20,1),
	(1606,'2016-06-02 21:33:24.497050','1780','Destribution object',3,'',20,1),
	(1607,'2016-06-02 21:33:24.498737','1779','Destribution object',3,'',20,1),
	(1608,'2016-06-02 21:33:24.500508','1778','Destribution object',3,'',20,1),
	(1609,'2016-06-02 21:33:24.502229','1777','Destribution object',3,'',20,1),
	(1610,'2016-06-02 21:33:24.504033','1776','Destribution object',3,'',20,1),
	(1611,'2016-06-02 21:33:24.505880','1775','Destribution object',3,'',20,1),
	(1612,'2016-06-02 21:33:24.507864','1774','Destribution object',3,'',20,1),
	(1613,'2016-06-02 21:33:24.510391','1773','Destribution object',3,'',20,1),
	(1614,'2016-06-02 21:33:24.512376','1772','Destribution object',3,'',20,1),
	(1615,'2016-06-02 21:33:24.514100','1771','Destribution object',3,'',20,1),
	(1616,'2016-06-02 21:33:24.516005','1770','Destribution object',3,'',20,1),
	(1617,'2016-06-02 21:33:24.517764','1769','Destribution object',3,'',20,1),
	(1618,'2016-06-02 21:33:24.519528','1768','Destribution object',3,'',20,1),
	(1619,'2016-06-02 21:33:24.521996','1767','Destribution object',3,'',20,1),
	(1620,'2016-06-02 21:33:24.523937','1766','Destribution object',3,'',20,1),
	(1621,'2016-06-02 21:33:24.525989','1765','Destribution object',3,'',20,1),
	(1622,'2016-06-02 21:33:24.528675','1764','Destribution object',3,'',20,1),
	(1623,'2016-06-02 21:33:24.531024','1763','Destribution object',3,'',20,1),
	(1624,'2016-06-02 21:33:24.532742','1762','Destribution object',3,'',20,1),
	(1625,'2016-06-02 21:33:24.534549','1761','Destribution object',3,'',20,1),
	(1626,'2016-06-02 21:33:24.536479','1760','Destribution object',3,'',20,1),
	(1627,'2016-06-02 21:33:24.538198','1759','Destribution object',3,'',20,1),
	(1628,'2016-06-02 21:33:24.540000','1758','Destribution object',3,'',20,1),
	(1629,'2016-06-02 21:33:24.541973','1757','Destribution object',3,'',20,1),
	(1630,'2016-06-02 21:33:24.544446','1756','Destribution object',3,'',20,1),
	(1631,'2016-06-02 21:33:24.546502','1755','Destribution object',3,'',20,1),
	(1632,'2016-06-02 21:33:24.548317','1754','Destribution object',3,'',20,1),
	(1633,'2016-06-02 21:33:24.550195','1753','Destribution object',3,'',20,1),
	(1634,'2016-06-02 21:33:24.552551','1752','Destribution object',3,'',20,1),
	(1635,'2016-06-02 21:33:24.554534','1751','Destribution object',3,'',20,1),
	(1636,'2016-06-02 21:33:24.556239','1750','Destribution object',3,'',20,1),
	(1637,'2016-06-02 21:33:24.558098','1749','Destribution object',3,'',20,1),
	(1638,'2016-06-02 21:33:24.560536','1748','Destribution object',3,'',20,1),
	(1639,'2016-06-02 21:33:24.562909','1747','Destribution object',3,'',20,1),
	(1640,'2016-06-02 21:33:24.564297','1746','Destribution object',3,'',20,1),
	(1641,'2016-06-02 21:33:24.566344','1745','Destribution object',3,'',20,1),
	(1642,'2016-06-02 21:33:24.567852','1744','Destribution object',3,'',20,1),
	(1643,'2016-06-02 21:33:24.569764','1743','Destribution object',3,'',20,1),
	(1644,'2016-06-02 21:33:24.571531','1742','Destribution object',3,'',20,1),
	(1645,'2016-06-02 21:33:24.573362','1741','Destribution object',3,'',20,1),
	(1646,'2016-06-02 21:33:24.575759','1740','Destribution object',3,'',20,1),
	(1647,'2016-06-02 21:33:24.578045','1739','Destribution object',3,'',20,1),
	(1648,'2016-06-02 21:33:24.579836','1738','Destribution object',3,'',20,1),
	(1649,'2016-06-02 21:33:24.581653','1737','Destribution object',3,'',20,1),
	(1650,'2016-06-02 21:33:24.583645','1736','Destribution object',3,'',20,1),
	(1651,'2016-06-02 21:33:24.585473','1735','Destribution object',3,'',20,1),
	(1652,'2016-06-02 21:33:24.587315','1734','Destribution object',3,'',20,1),
	(1653,'2016-06-02 21:33:24.589105','1733','Destribution object',3,'',20,1),
	(1654,'2016-06-02 21:33:24.591650','1732','Destribution object',3,'',20,1),
	(1655,'2016-06-02 21:33:24.593902','1731','Destribution object',3,'',20,1),
	(1656,'2016-06-02 21:33:24.595761','1730','Destribution object',3,'',20,1),
	(1657,'2016-06-02 21:33:24.598132','1729','Destribution object',3,'',20,1),
	(1658,'2016-06-02 21:33:24.599998','1728','Destribution object',3,'',20,1),
	(1659,'2016-06-02 21:33:24.601687','1727','Destribution object',3,'',20,1),
	(1660,'2016-06-02 21:33:24.603526','1726','Destribution object',3,'',20,1),
	(1661,'2016-06-02 21:33:24.605190','1725','Destribution object',3,'',20,1),
	(1662,'2016-06-02 21:33:24.606967','1724','Destribution object',3,'',20,1),
	(1663,'2016-06-02 21:33:24.609304','1723','Destribution object',3,'',20,1),
	(1664,'2016-06-02 21:33:24.611590','1722','Destribution object',3,'',20,1),
	(1665,'2016-06-02 21:33:24.613653','1721','Destribution object',3,'',20,1),
	(1666,'2016-06-02 21:33:24.615536','1720','Destribution object',3,'',20,1),
	(1667,'2016-06-02 21:33:24.617994','1719','Destribution object',3,'',20,1),
	(1668,'2016-06-02 21:33:24.620223','1718','Destribution object',3,'',20,1),
	(1669,'2016-06-02 21:33:24.622157','1717','Destribution object',3,'',20,1),
	(1670,'2016-06-02 21:33:24.624265','1716','Destribution object',3,'',20,1),
	(1671,'2016-06-02 21:33:24.626436','1715','Destribution object',3,'',20,1),
	(1672,'2016-06-02 21:33:24.628318','1714','Destribution object',3,'',20,1),
	(1673,'2016-06-02 21:33:24.630132','1713','Destribution object',3,'',20,1),
	(1674,'2016-06-02 21:33:24.632253','1712','Destribution object',3,'',20,1),
	(1675,'2016-06-02 21:33:24.634025','1711','Destribution object',3,'',20,1),
	(1676,'2016-06-02 21:33:24.635824','1710','Destribution object',3,'',20,1),
	(1677,'2016-06-02 21:33:24.637669','1709','Destribution object',3,'',20,1),
	(1678,'2016-06-02 21:33:24.639851','1708','Destribution object',3,'',20,1),
	(1679,'2016-06-02 21:33:24.642466','1707','Destribution object',3,'',20,1),
	(1680,'2016-06-02 21:33:24.644728','1706','Destribution object',3,'',20,1),
	(1681,'2016-06-02 21:33:24.646227','1705','Destribution object',3,'',20,1),
	(1682,'2016-06-02 21:33:24.648856','1704','Destribution object',3,'',20,1),
	(1683,'2016-06-02 21:33:24.651002','1703','Destribution object',3,'',20,1),
	(1684,'2016-06-02 21:33:24.653180','1702','Destribution object',3,'',20,1),
	(1685,'2016-06-02 21:33:24.655198','1701','Destribution object',3,'',20,1),
	(1686,'2016-06-02 21:33:24.657651','1700','Destribution object',3,'',20,1),
	(1687,'2016-06-02 21:33:24.660074','1699','Destribution object',3,'',20,1),
	(1688,'2016-06-02 21:33:24.662152','1698','Destribution object',3,'',20,1),
	(1689,'2016-06-02 21:33:24.664011','1697','Destribution object',3,'',20,1),
	(1690,'2016-06-02 21:33:24.665747','1696','Destribution object',3,'',20,1),
	(1691,'2016-06-02 21:33:24.667612','1695','Destribution object',3,'',20,1),
	(1692,'2016-06-02 21:33:24.669534','1694','Destribution object',3,'',20,1),
	(1693,'2016-06-02 21:33:24.672038','1693','Destribution object',3,'',20,1),
	(1694,'2016-06-02 21:33:24.674011','1692','Destribution object',3,'',20,1),
	(1695,'2016-06-02 21:33:24.676905','1691','Destribution object',3,'',20,1),
	(1696,'2016-06-02 21:33:24.679361','1690','Destribution object',3,'',20,1),
	(1697,'2016-06-02 21:33:24.681301','1689','Destribution object',3,'',20,1),
	(1698,'2016-06-02 21:33:24.683027','1688','Destribution object',3,'',20,1),
	(1699,'2016-06-02 21:33:24.684842','1687','Destribution object',3,'',20,1),
	(1700,'2016-06-02 21:33:24.686683','1686','Destribution object',3,'',20,1),
	(1701,'2016-06-02 21:33:24.688489','1685','Destribution object',3,'',20,1),
	(1702,'2016-06-02 21:33:24.690168','1684','Destribution object',3,'',20,1),
	(1703,'2016-06-02 21:33:24.692246','1683','Destribution object',3,'',20,1),
	(1704,'2016-06-02 21:33:24.695095','1682','Destribution object',3,'',20,1),
	(1705,'2016-06-02 21:33:24.697193','1681','Destribution object',3,'',20,1),
	(1706,'2016-06-02 21:33:24.698966','1680','Destribution object',3,'',20,1),
	(1707,'2016-06-02 21:33:24.700984','1679','Destribution object',3,'',20,1),
	(1708,'2016-06-02 21:33:24.702876','1678','Destribution object',3,'',20,1),
	(1709,'2016-06-02 21:33:24.704838','1677','Destribution object',3,'',20,1),
	(1710,'2016-06-02 21:33:24.706692','1676','Destribution object',3,'',20,1),
	(1711,'2016-06-02 21:33:24.708837','1675','Destribution object',3,'',20,1),
	(1712,'2016-06-02 21:33:24.711187','1674','Destribution object',3,'',20,1),
	(1713,'2016-06-02 21:33:24.713049','1673','Destribution object',3,'',20,1),
	(1714,'2016-06-02 21:33:24.715082','1672','Destribution object',3,'',20,1),
	(1715,'2016-06-02 21:33:24.717233','1671','Destribution object',3,'',20,1),
	(1716,'2016-06-02 21:33:24.719156','1670','Destribution object',3,'',20,1),
	(1717,'2016-06-02 21:33:24.720938','1669','Destribution object',3,'',20,1),
	(1718,'2016-06-02 21:33:24.722851','1668','Destribution object',3,'',20,1),
	(1719,'2016-06-02 21:33:24.724741','1667','Destribution object',3,'',20,1),
	(1720,'2016-06-02 21:33:24.727474','1666','Destribution object',3,'',20,1),
	(1721,'2016-06-02 21:33:24.729732','1665','Destribution object',3,'',20,1),
	(1722,'2016-06-02 21:33:24.731579','1664','Destribution object',3,'',20,1),
	(1723,'2016-06-02 21:33:24.733391','1663','Destribution object',3,'',20,1),
	(1724,'2016-06-02 21:33:24.735591','1662','Destribution object',3,'',20,1),
	(1725,'2016-06-02 21:33:24.737346','1661','Destribution object',3,'',20,1),
	(1726,'2016-06-02 21:33:24.739578','1660','Destribution object',3,'',20,1),
	(1727,'2016-06-02 21:33:24.742166','1659','Destribution object',3,'',20,1),
	(1728,'2016-06-02 21:33:24.744887','1658','Destribution object',3,'',20,1),
	(1729,'2016-06-02 21:33:24.746900','1657','Destribution object',3,'',20,1),
	(1730,'2016-06-02 21:33:24.748825','1656','Destribution object',3,'',20,1),
	(1731,'2016-06-02 21:33:24.750988','1655','Destribution object',3,'',20,1),
	(1732,'2016-06-02 21:33:24.752742','1654','Destribution object',3,'',20,1),
	(1733,'2016-06-02 21:33:24.755036','1653','Destribution object',3,'',20,1),
	(1734,'2016-06-02 21:33:24.756774','1652','Destribution object',3,'',20,1),
	(1735,'2016-06-02 21:33:24.758924','1651','Destribution object',3,'',20,1),
	(1736,'2016-06-02 21:33:24.761175','1650','Destribution object',3,'',20,1),
	(1737,'2016-06-02 21:33:24.763029','1649','Destribution object',3,'',20,1),
	(1738,'2016-06-02 21:33:24.764746','1648','Destribution object',3,'',20,1),
	(1739,'2016-06-02 21:33:24.766891','1647','Destribution object',3,'',20,1),
	(1740,'2016-06-02 21:33:24.768658','1646','Destribution object',3,'',20,1),
	(1741,'2016-06-02 21:33:24.770632','1645','Destribution object',3,'',20,1),
	(1742,'2016-06-02 21:33:24.772332','1644','Destribution object',3,'',20,1),
	(1743,'2016-06-02 21:33:24.774334','1643','Destribution object',3,'',20,1),
	(1744,'2016-06-02 21:33:24.776637','1642','Destribution object',3,'',20,1),
	(1745,'2016-06-02 21:33:24.778638','1641','Destribution object',3,'',20,1),
	(1746,'2016-06-02 21:33:24.780748','1640','Destribution object',3,'',20,1),
	(1747,'2016-06-02 21:33:24.782909','1639','Destribution object',3,'',20,1),
	(1748,'2016-06-02 21:33:24.784754','1638','Destribution object',3,'',20,1),
	(1749,'2016-06-02 21:33:24.786594','1637','Destribution object',3,'',20,1),
	(1750,'2016-06-02 21:33:24.788393','1636','Destribution object',3,'',20,1),
	(1751,'2016-06-02 21:33:24.790439','1635','Destribution object',3,'',20,1),
	(1752,'2016-06-02 21:33:24.792661','1634','Destribution object',3,'',20,1),
	(1753,'2016-06-02 21:33:24.794715','1633','Destribution object',3,'',20,1),
	(1754,'2016-06-02 21:33:24.796922','1632','Destribution object',3,'',20,1),
	(1755,'2016-06-02 21:33:24.798821','1631','Destribution object',3,'',20,1),
	(1756,'2016-06-02 21:33:24.800777','1630','Destribution object',3,'',20,1),
	(1757,'2016-06-02 21:33:24.802587','1629','Destribution object',3,'',20,1),
	(1758,'2016-06-02 21:33:24.804631','1628','Destribution object',3,'',20,1),
	(1759,'2016-06-02 21:33:24.806578','1627','Destribution object',3,'',20,1),
	(1760,'2016-06-02 21:33:24.808807','1626','Destribution object',3,'',20,1),
	(1761,'2016-06-02 21:33:24.810758','1625','Destribution object',3,'',20,1),
	(1762,'2016-06-02 21:33:24.812763','1624','Destribution object',3,'',20,1),
	(1763,'2016-06-02 21:33:24.814915','1623','Destribution object',3,'',20,1),
	(1764,'2016-06-02 21:33:24.816947','1622','Destribution object',3,'',20,1),
	(1765,'2016-06-02 21:33:24.818881','1621','Destribution object',3,'',20,1),
	(1766,'2016-06-02 21:33:24.820874','1620','Destribution object',3,'',20,1),
	(1767,'2016-06-02 21:33:24.822770','1619','Destribution object',3,'',20,1),
	(1768,'2016-06-02 21:33:24.824916','1618','Destribution object',3,'',20,1),
	(1769,'2016-06-02 21:33:24.827128','1617','Destribution object',3,'',20,1),
	(1770,'2016-06-02 21:33:24.829006','1616','Destribution object',3,'',20,1),
	(1771,'2016-06-02 21:33:24.830827','1615','Destribution object',3,'',20,1),
	(1772,'2016-06-02 21:33:24.832730','1614','Destribution object',3,'',20,1),
	(1773,'2016-06-02 21:33:24.834553','1613','Destribution object',3,'',20,1),
	(1774,'2016-06-02 21:33:24.836572','1612','Destribution object',3,'',20,1),
	(1775,'2016-06-02 21:33:24.838728','1611','Destribution object',3,'',20,1),
	(1776,'2016-06-02 21:33:24.840553','1610','Destribution object',3,'',20,1),
	(1777,'2016-06-02 21:33:24.842785','1609','Destribution object',3,'',20,1),
	(1778,'2016-06-02 21:33:24.844789','1608','Destribution object',3,'',20,1),
	(1779,'2016-06-02 21:33:24.846817','1607','Destribution object',3,'',20,1),
	(1780,'2016-06-02 21:33:24.848205','1606','Destribution object',3,'',20,1),
	(1781,'2016-06-02 21:33:24.849694','1605','Destribution object',3,'',20,1),
	(1782,'2016-06-02 21:33:24.851042','1604','Destribution object',3,'',20,1),
	(1783,'2016-06-02 21:33:24.852517','1603','Destribution object',3,'',20,1),
	(1784,'2016-06-02 21:33:24.853830','1602','Destribution object',3,'',20,1),
	(1785,'2016-06-02 21:33:24.855209','1601','Destribution object',3,'',20,1),
	(1786,'2016-06-02 21:33:24.856467','1600','Destribution object',3,'',20,1),
	(1787,'2016-06-02 21:33:24.858004','1599','Destribution object',3,'',20,1),
	(1788,'2016-06-02 21:33:24.860604','1598','Destribution object',3,'',20,1),
	(1789,'2016-06-02 21:33:24.862661','1597','Destribution object',3,'',20,1),
	(1790,'2016-06-02 21:33:24.864543','1596','Destribution object',3,'',20,1),
	(1791,'2016-06-02 21:33:24.867194','1595','Destribution object',3,'',20,1),
	(1792,'2016-06-02 21:33:24.869871','1594','Destribution object',3,'',20,1),
	(1793,'2016-06-02 21:33:24.873182','1593','Destribution object',3,'',20,1),
	(1794,'2016-06-02 21:33:24.875422','1592','Destribution object',3,'',20,1),
	(1795,'2016-06-02 21:33:24.879947','1591','Destribution object',3,'',20,1),
	(1796,'2016-06-02 21:33:24.882033','1590','Destribution object',3,'',20,1),
	(1797,'2016-06-02 21:33:24.884043','1589','Destribution object',3,'',20,1),
	(1798,'2016-06-02 21:33:24.885933','1588','Destribution object',3,'',20,1),
	(1799,'2016-06-02 21:33:24.887691','1587','Destribution object',3,'',20,1),
	(1800,'2016-06-02 21:33:24.889563','1586','Destribution object',3,'',20,1),
	(1801,'2016-06-02 21:33:24.891590','1585','Destribution object',3,'',20,1),
	(1802,'2016-06-02 21:33:24.894725','1584','Destribution object',3,'',20,1),
	(1803,'2016-06-02 21:33:24.897162','1583','Destribution object',3,'',20,1),
	(1804,'2016-06-02 21:33:24.899793','1582','Destribution object',3,'',20,1),
	(1805,'2016-06-02 21:33:24.901767','1581','Destribution object',3,'',20,1),
	(1806,'2016-06-02 21:33:24.905958','1580','Destribution object',3,'',20,1),
	(1807,'2016-06-02 21:33:24.908374','1579','Destribution object',3,'',20,1),
	(1808,'2016-06-02 21:33:24.911066','1578','Destribution object',3,'',20,1),
	(1809,'2016-06-02 21:33:24.913274','1577','Destribution object',3,'',20,1),
	(1810,'2016-06-02 21:33:24.917020','1576','Destribution object',3,'',20,1),
	(1811,'2016-06-02 21:33:24.919866','1575','Destribution object',3,'',20,1),
	(1812,'2016-06-02 21:33:24.923131','1574','Destribution object',3,'',20,1),
	(1813,'2016-06-02 21:33:24.927416','1573','Destribution object',3,'',20,1),
	(1814,'2016-06-02 21:33:24.931137','1572','Destribution object',3,'',20,1),
	(1815,'2016-06-02 21:33:24.933954','1571','Destribution object',3,'',20,1),
	(1816,'2016-06-02 21:33:24.938017','1570','Destribution object',3,'',20,1),
	(1817,'2016-06-02 21:33:24.942730','1569','Destribution object',3,'',20,1),
	(1818,'2016-06-02 21:33:24.945843','1568','Destribution object',3,'',20,1),
	(1819,'2016-06-02 21:33:24.948836','1567','Destribution object',3,'',20,1),
	(1820,'2016-06-02 21:33:24.951196','1566','Destribution object',3,'',20,1),
	(1821,'2016-06-02 21:33:24.953583','1565','Destribution object',3,'',20,1),
	(1822,'2016-06-02 21:33:24.956107','1564','Destribution object',3,'',20,1),
	(1823,'2016-06-02 21:33:24.958315','1563','Destribution object',3,'',20,1),
	(1824,'2016-06-02 21:33:24.960894','1562','Destribution object',3,'',20,1),
	(1825,'2016-06-02 21:33:24.963646','1561','Destribution object',3,'',20,1),
	(1826,'2016-06-02 21:33:24.965937','1560','Destribution object',3,'',20,1),
	(1827,'2016-06-02 21:33:24.968212','1559','Destribution object',3,'',20,1),
	(1828,'2016-06-02 21:33:24.970494','1558','Destribution object',3,'',20,1),
	(1829,'2016-06-02 21:33:24.972763','1557','Destribution object',3,'',20,1),
	(1830,'2016-06-02 21:33:24.974462','1556','Destribution object',3,'',20,1),
	(1831,'2016-06-02 21:33:24.977108','1555','Destribution object',3,'',20,1),
	(1832,'2016-06-02 21:33:24.979598','1554','Destribution object',3,'',20,1),
	(1833,'2016-06-02 21:33:24.981807','1553','Destribution object',3,'',20,1),
	(1834,'2016-06-02 21:33:24.983568','1552','Destribution object',3,'',20,1),
	(1835,'2016-06-02 21:33:24.985986','1551','Destribution object',3,'',20,1),
	(1836,'2016-06-02 21:33:24.987513','1550','Destribution object',3,'',20,1),
	(1837,'2016-06-02 21:33:24.989848','1549','Destribution object',3,'',20,1),
	(1838,'2016-06-02 21:33:24.992024','1548','Destribution object',3,'',20,1),
	(1839,'2016-06-02 21:33:24.994833','1547','Destribution object',3,'',20,1),
	(1840,'2016-06-02 21:33:24.996983','1546','Destribution object',3,'',20,1),
	(1841,'2016-06-02 21:33:24.999083','1545','Destribution object',3,'',20,1),
	(1842,'2016-06-02 21:33:25.001039','1544','Destribution object',3,'',20,1),
	(1843,'2016-06-02 21:33:25.002951','1543','Destribution object',3,'',20,1),
	(1844,'2016-06-02 21:33:25.004864','1542','Destribution object',3,'',20,1),
	(1845,'2016-06-02 21:33:25.006739','1541','Destribution object',3,'',20,1),
	(1846,'2016-06-02 21:33:25.009013','1540','Destribution object',3,'',20,1),
	(1847,'2016-06-02 21:33:25.012396','1539','Destribution object',3,'',20,1),
	(1848,'2016-06-02 21:33:25.016268','1538','Destribution object',3,'',20,1),
	(1849,'2016-06-02 21:33:25.022309','1537','Destribution object',3,'',20,1),
	(1850,'2016-06-02 21:33:25.024438','1536','Destribution object',3,'',20,1),
	(1851,'2016-06-02 21:33:25.026845','1535','Destribution object',3,'',20,1),
	(1852,'2016-06-02 21:33:25.029005','1534','Destribution object',3,'',20,1),
	(1853,'2016-06-02 21:33:25.031647','1533','Destribution object',3,'',20,1),
	(1854,'2016-06-02 21:33:25.034289','1532','Destribution object',3,'',20,1),
	(1855,'2016-06-02 21:33:25.036740','1531','Destribution object',3,'',20,1),
	(1856,'2016-06-02 21:33:25.038745','1530','Destribution object',3,'',20,1),
	(1857,'2016-06-02 21:33:25.040675','1529','Destribution object',3,'',20,1),
	(1858,'2016-06-02 21:33:25.043485','1528','Destribution object',3,'',20,1),
	(1859,'2016-06-02 21:33:25.046461','1527','Destribution object',3,'',20,1),
	(1860,'2016-06-02 21:33:25.048881','1526','Destribution object',3,'',20,1),
	(1861,'2016-06-02 21:33:25.051179','1525','Destribution object',3,'',20,1),
	(1862,'2016-06-02 21:33:25.053567','1524','Destribution object',3,'',20,1),
	(1863,'2016-06-02 21:33:25.057314','1523','Destribution object',3,'',20,1),
	(1864,'2016-06-02 21:33:25.060263','1522','Destribution object',3,'',20,1),
	(1865,'2016-06-02 21:33:25.063083','1521','Destribution object',3,'',20,1),
	(1866,'2016-06-02 21:33:25.065410','1520','Destribution object',3,'',20,1),
	(1867,'2016-06-02 21:33:25.067823','1519','Destribution object',3,'',20,1),
	(1868,'2016-06-02 21:33:25.070286','1518','Destribution object',3,'',20,1),
	(1869,'2016-06-02 21:33:25.072208','1517','Destribution object',3,'',20,1),
	(1870,'2016-06-02 21:33:25.074671','1516','Destribution object',3,'',20,1),
	(1871,'2016-06-02 21:33:25.076912','1515','Destribution object',3,'',20,1),
	(1872,'2016-06-02 21:33:25.079367','1514','Destribution object',3,'',20,1),
	(1873,'2016-06-02 21:33:25.080817','1513','Destribution object',3,'',20,1),
	(1874,'2016-06-02 21:33:25.083132','1512','Destribution object',3,'',20,1),
	(1875,'2016-06-02 21:33:25.085466','1511','Destribution object',3,'',20,1),
	(1876,'2016-06-02 21:33:25.087823','1510','Destribution object',3,'',20,1),
	(1877,'2016-06-02 21:33:25.091591','1509','Destribution object',3,'',20,1),
	(1878,'2016-06-02 21:33:25.093510','1508','Destribution object',3,'',20,1),
	(1879,'2016-06-02 21:33:25.095326','1507','Destribution object',3,'',20,1),
	(1880,'2016-06-02 21:33:25.096793','1506','Destribution object',3,'',20,1),
	(1881,'2016-06-02 21:33:25.098822','1505','Destribution object',3,'',20,1),
	(1882,'2016-06-02 21:33:25.101029','1504','Destribution object',3,'',20,1),
	(1883,'2016-06-02 21:33:25.103209','1503','Destribution object',3,'',20,1),
	(1884,'2016-06-02 21:33:25.105138','1502','Destribution object',3,'',20,1),
	(1885,'2016-06-02 21:33:25.107392','1501','Destribution object',3,'',20,1),
	(1886,'2016-06-02 21:33:25.109061','1500','Destribution object',3,'',20,1),
	(1887,'2016-06-02 21:33:25.110984','1499','Destribution object',3,'',20,1),
	(1888,'2016-06-02 21:33:25.113330','1498','Destribution object',3,'',20,1),
	(1889,'2016-06-02 21:33:25.115556','1497','Destribution object',3,'',20,1),
	(1890,'2016-06-02 21:33:25.117863','1496','Destribution object',3,'',20,1),
	(1891,'2016-06-02 21:33:25.119748','1495','Destribution object',3,'',20,1),
	(1892,'2016-06-02 21:33:25.122170','1494','Destribution object',3,'',20,1),
	(1893,'2016-06-02 21:33:25.123826','1493','Destribution object',3,'',20,1),
	(1894,'2016-06-02 21:33:25.125959','1492','Destribution object',3,'',20,1),
	(1895,'2016-06-02 21:33:25.128511','1491','Destribution object',3,'',20,1),
	(1896,'2016-06-02 21:33:25.133238','1490','Destribution object',3,'',20,1),
	(1897,'2016-06-02 21:33:25.135346','1489','Destribution object',3,'',20,1),
	(1898,'2016-06-02 21:33:25.137846','1488','Destribution object',3,'',20,1),
	(1899,'2016-06-02 21:33:25.139942','1487','Destribution object',3,'',20,1),
	(1900,'2016-06-02 21:33:25.142072','1486','Destribution object',3,'',20,1),
	(1901,'2016-06-02 21:33:25.144178','1485','Destribution object',3,'',20,1),
	(1902,'2016-06-02 21:33:25.146263','1484','Destribution object',3,'',20,1),
	(1903,'2016-06-02 21:33:25.148598','1483','Destribution object',3,'',20,1),
	(1904,'2016-06-02 21:33:25.150693','1482','Destribution object',3,'',20,1),
	(1905,'2016-06-02 21:33:25.152204','1481','Destribution object',3,'',20,1),
	(1906,'2016-06-02 21:33:25.154288','1480','Destribution object',3,'',20,1),
	(1907,'2016-06-02 21:33:25.156099','1479','Destribution object',3,'',20,1),
	(1908,'2016-06-02 21:33:25.157426','1478','Destribution object',3,'',20,1),
	(1909,'2016-06-02 21:33:25.159914','1477','Destribution object',3,'',20,1),
	(1910,'2016-06-02 21:33:25.162720','1476','Destribution object',3,'',20,1),
	(1911,'2016-06-02 21:33:25.165179','1475','Destribution object',3,'',20,1),
	(1912,'2016-06-02 21:33:25.167533','1474','Destribution object',3,'',20,1),
	(1913,'2016-06-02 21:33:25.169892','1473','Destribution object',3,'',20,1),
	(1914,'2016-06-02 21:33:25.171087','1472','Destribution object',3,'',20,1),
	(1915,'2016-06-02 21:33:25.172633','1471','Destribution object',3,'',20,1),
	(1916,'2016-06-02 21:33:25.174112','1470','Destribution object',3,'',20,1),
	(1917,'2016-06-02 21:33:25.176605','1469','Destribution object',3,'',20,1),
	(1918,'2016-06-02 21:33:25.178877','1468','Destribution object',3,'',20,1),
	(1919,'2016-06-02 21:33:25.181370','1467','Destribution object',3,'',20,1),
	(1920,'2016-06-02 21:33:25.183715','1466','Destribution object',3,'',20,1),
	(1921,'2016-06-02 21:33:25.185361','1465','Destribution object',3,'',20,1),
	(1922,'2016-06-02 21:33:25.187801','1464','Destribution object',3,'',20,1),
	(1923,'2016-06-02 21:33:25.189881','1463','Destribution object',3,'',20,1),
	(1924,'2016-06-02 21:33:25.191475','1462','Destribution object',3,'',20,1),
	(1925,'2016-06-02 21:33:25.193705','1461','Destribution object',3,'',20,1),
	(1926,'2016-06-02 21:33:25.195820','1460','Destribution object',3,'',20,1),
	(1927,'2016-06-02 21:33:25.198074','1459','Destribution object',3,'',20,1),
	(1928,'2016-06-02 21:33:25.200351','1458','Destribution object',3,'',20,1),
	(1929,'2016-06-02 21:33:25.202640','1457','Destribution object',3,'',20,1),
	(1930,'2016-06-02 21:33:25.204754','1456','Destribution object',3,'',20,1),
	(1931,'2016-06-02 21:33:25.206781','1455','Destribution object',3,'',20,1),
	(1932,'2016-06-02 21:33:25.208774','1454','Destribution object',3,'',20,1),
	(1933,'2016-06-02 21:33:25.211041','1453','Destribution object',3,'',20,1),
	(1934,'2016-06-02 21:33:25.213248','1452','Destribution object',3,'',20,1),
	(1935,'2016-06-02 21:33:25.215153','1451','Destribution object',3,'',20,1),
	(1936,'2016-06-02 21:33:25.217539','1450','Destribution object',3,'',20,1),
	(1937,'2016-06-02 21:33:25.219807','1449','Destribution object',3,'',20,1),
	(1938,'2016-06-02 21:33:25.222121','1448','Destribution object',3,'',20,1),
	(1939,'2016-06-02 21:33:25.224379','1447','Destribution object',3,'',20,1),
	(1940,'2016-06-02 21:33:25.226751','1446','Destribution object',3,'',20,1),
	(1941,'2016-06-02 21:33:25.229054','1445','Destribution object',3,'',20,1),
	(1942,'2016-06-02 21:33:25.231163','1444','Destribution object',3,'',20,1),
	(1943,'2016-06-02 21:33:25.233286','1443','Destribution object',3,'',20,1),
	(1944,'2016-06-02 21:33:25.235587','1442','Destribution object',3,'',20,1),
	(1945,'2016-06-02 21:33:25.237706','1441','Destribution object',3,'',20,1),
	(1946,'2016-06-02 21:33:25.240117','1440','Destribution object',3,'',20,1),
	(1947,'2016-06-02 21:33:25.242791','1439','Destribution object',3,'',20,1),
	(1948,'2016-06-02 21:33:25.245253','1438','Destribution object',3,'',20,1),
	(1949,'2016-06-02 21:33:25.247554','1437','Destribution object',3,'',20,1),
	(1950,'2016-06-02 21:33:25.249631','1436','Destribution object',3,'',20,1),
	(1951,'2016-06-02 21:33:25.252361','1435','Destribution object',3,'',20,1),
	(1952,'2016-06-02 21:33:25.254871','1434','Destribution object',3,'',20,1),
	(1953,'2016-06-02 21:33:25.257303','1433','Destribution object',3,'',20,1),
	(1954,'2016-06-02 21:33:25.259837','1432','Destribution object',3,'',20,1),
	(1955,'2016-06-02 21:33:25.262644','1431','Destribution object',3,'',20,1),
	(1956,'2016-06-02 21:33:25.265701','1430','Destribution object',3,'',20,1),
	(1957,'2016-06-02 21:33:25.268079','1429','Destribution object',3,'',20,1),
	(1958,'2016-06-02 21:33:25.269854','1428','Destribution object',3,'',20,1),
	(1959,'2016-06-02 21:33:25.272519','1427','Destribution object',3,'',20,1),
	(1960,'2016-06-02 21:33:25.277984','1426','Destribution object',3,'',20,1),
	(1961,'2016-06-02 21:33:25.281437','1425','Destribution object',3,'',20,1),
	(1962,'2016-06-02 21:33:25.283524','1424','Destribution object',3,'',20,1),
	(1963,'2016-06-02 21:33:25.286218','1423','Destribution object',3,'',20,1),
	(1964,'2016-06-02 21:33:25.288881','1422','Destribution object',3,'',20,1),
	(1965,'2016-06-02 21:33:25.290932','1421','Destribution object',3,'',20,1),
	(1966,'2016-06-02 21:33:25.292994','1420','Destribution object',3,'',20,1),
	(1967,'2016-06-02 21:33:25.295196','1419','Destribution object',3,'',20,1),
	(1968,'2016-06-02 21:33:25.297493','1418','Destribution object',3,'',20,1),
	(1969,'2016-06-02 21:33:25.299508','1417','Destribution object',3,'',20,1),
	(1970,'2016-06-02 21:33:25.301622','1416','Destribution object',3,'',20,1),
	(1971,'2016-06-02 21:33:25.303921','1415','Destribution object',3,'',20,1),
	(1972,'2016-06-02 21:33:25.305763','1414','Destribution object',3,'',20,1),
	(1973,'2016-06-02 21:33:25.307818','1413','Destribution object',3,'',20,1),
	(1974,'2016-06-02 21:33:25.309971','1412','Destribution object',3,'',20,1),
	(1975,'2016-06-02 21:33:25.312222','1411','Destribution object',3,'',20,1),
	(1976,'2016-06-02 21:33:25.314655','1410','Destribution object',3,'',20,1),
	(1977,'2016-06-02 21:33:25.316757','1409','Destribution object',3,'',20,1),
	(1978,'2016-06-02 21:33:25.318865','1408','Destribution object',3,'',20,1),
	(1979,'2016-06-02 21:33:25.321000','1407','Destribution object',3,'',20,1),
	(1980,'2016-06-02 21:33:25.323038','1406','Destribution object',3,'',20,1),
	(1981,'2016-06-02 21:33:25.325385','1405','Destribution object',3,'',20,1),
	(1982,'2016-06-02 21:33:25.327961','1404','Destribution object',3,'',20,1),
	(1983,'2016-06-02 21:33:25.330283','1403','Destribution object',3,'',20,1),
	(1984,'2016-06-02 21:33:25.332093','1402','Destribution object',3,'',20,1),
	(1985,'2016-06-02 21:33:25.334574','1401','Destribution object',3,'',20,1),
	(1986,'2016-06-02 21:33:25.336649','1400','Destribution object',3,'',20,1),
	(1987,'2016-06-02 21:33:25.338759','1399','Destribution object',3,'',20,1),
	(1988,'2016-06-02 21:33:25.341091','1398','Destribution object',3,'',20,1),
	(1989,'2016-06-02 21:33:25.343939','1397','Destribution object',3,'',20,1),
	(1990,'2016-06-02 21:33:25.346077','1396','Destribution object',3,'',20,1),
	(1991,'2016-06-02 21:33:25.350423','1395','Destribution object',3,'',20,1),
	(1992,'2016-06-02 21:33:25.352671','1394','Destribution object',3,'',20,1),
	(1993,'2016-06-02 21:33:25.354659','1393','Destribution object',3,'',20,1),
	(1994,'2016-06-02 21:33:25.356431','1392','Destribution object',3,'',20,1),
	(1995,'2016-06-02 21:33:25.358409','1391','Destribution object',3,'',20,1),
	(1996,'2016-06-02 21:33:25.360478','1390','Destribution object',3,'',20,1),
	(1997,'2016-06-02 21:33:25.362312','1389','Destribution object',3,'',20,1),
	(1998,'2016-06-02 21:33:25.364102','1388','Destribution object',3,'',20,1),
	(1999,'2016-06-02 21:33:25.365784','1387','Destribution object',3,'',20,1),
	(2000,'2016-06-02 21:33:25.367637','1386','Destribution object',3,'',20,1),
	(2001,'2016-06-02 21:33:25.369573','1385','Destribution object',3,'',20,1),
	(2002,'2016-06-02 21:33:25.371259','1384','Destribution object',3,'',20,1),
	(2003,'2016-06-02 21:33:25.373057','1383','Destribution object',3,'',20,1),
	(2004,'2016-06-02 21:33:25.374965','1382','Destribution object',3,'',20,1),
	(2005,'2016-06-02 21:33:25.376682','1381','Destribution object',3,'',20,1),
	(2006,'2016-06-02 21:33:25.378580','1380','Destribution object',3,'',20,1),
	(2007,'2016-06-02 21:33:25.380485','1379','Destribution object',3,'',20,1),
	(2008,'2016-06-02 21:33:25.382455','1378','Destribution object',3,'',20,1),
	(2009,'2016-06-02 21:33:25.383737','1377','Destribution object',3,'',20,1),
	(2010,'2016-06-02 21:33:25.385119','1376','Destribution object',3,'',20,1),
	(2011,'2016-06-02 21:33:25.386514','1375','Destribution object',3,'',20,1),
	(2012,'2016-06-02 21:33:25.387891','1374','Destribution object',3,'',20,1),
	(2013,'2016-06-02 21:33:25.389264','1373','Destribution object',3,'',20,1),
	(2014,'2016-06-02 21:33:25.390616','1372','Destribution object',3,'',20,1),
	(2015,'2016-06-02 21:33:25.392204','1371','Destribution object',3,'',20,1),
	(2016,'2016-06-02 21:33:25.396925','1370','Destribution object',3,'',20,1),
	(2017,'2016-06-02 21:33:25.399128','1369','Destribution object',3,'',20,1),
	(2018,'2016-06-02 21:33:25.400575','1368','Destribution object',3,'',20,1),
	(2019,'2016-06-02 21:33:25.401884','1367','Destribution object',3,'',20,1),
	(2020,'2016-06-02 21:33:25.403721','1366','Destribution object',3,'',20,1),
	(2021,'2016-06-02 21:33:25.405686','1365','Destribution object',3,'',20,1),
	(2022,'2016-06-02 21:33:25.407516','1364','Destribution object',3,'',20,1),
	(2023,'2016-06-02 21:33:25.409474','1363','Destribution object',3,'',20,1),
	(2024,'2016-06-02 21:33:25.411724','1362','Destribution object',3,'',20,1),
	(2025,'2016-06-02 21:33:25.413656','1361','Destribution object',3,'',20,1),
	(2026,'2016-06-02 21:33:25.415509','1360','Destribution object',3,'',20,1),
	(2027,'2016-06-02 21:33:25.417454','1359','Destribution object',3,'',20,1),
	(2028,'2016-06-02 21:33:25.419243','1358','Destribution object',3,'',20,1),
	(2029,'2016-06-02 21:33:25.421219','1357','Destribution object',3,'',20,1),
	(2030,'2016-06-02 21:33:25.423098','1356','Destribution object',3,'',20,1),
	(2031,'2016-06-02 21:33:25.424874','1355','Destribution object',3,'',20,1),
	(2032,'2016-06-02 21:33:25.426702','1354','Destribution object',3,'',20,1),
	(2033,'2016-06-02 21:33:25.428015','1353','Destribution object',3,'',20,1),
	(2034,'2016-06-02 21:33:25.429871','1352','Destribution object',3,'',20,1),
	(2035,'2016-06-02 21:33:25.432004','1351','Destribution object',3,'',20,1),
	(2036,'2016-06-02 21:33:25.433912','1350','Destribution object',3,'',20,1),
	(2037,'2016-06-02 21:33:25.435724','1349','Destribution object',3,'',20,1),
	(2038,'2016-06-02 21:33:25.437825','1348','Destribution object',3,'',20,1),
	(2039,'2016-06-02 21:33:25.439624','1347','Destribution object',3,'',20,1),
	(2040,'2016-06-02 21:33:25.441629','1346','Destribution object',3,'',20,1),
	(2041,'2016-06-02 21:33:25.443662','1345','Destribution object',3,'',20,1),
	(2042,'2016-06-02 21:33:25.445579','1344','Destribution object',3,'',20,1),
	(2043,'2016-06-02 21:33:25.447439','1343','Destribution object',3,'',20,1),
	(2044,'2016-06-02 21:33:25.449602','1342','Destribution object',3,'',20,1),
	(2045,'2016-06-02 21:33:25.452498','1341','Destribution object',3,'',20,1),
	(2046,'2016-06-02 21:33:25.455130','1340','Destribution object',3,'',20,1),
	(2047,'2016-06-02 21:33:25.456983','1339','Destribution object',3,'',20,1),
	(2048,'2016-06-02 21:33:25.458890','1338','Destribution object',3,'',20,1),
	(2049,'2016-06-02 21:33:25.460732','1337','Destribution object',3,'',20,1),
	(2050,'2016-06-02 21:33:25.462824','1336','Destribution object',3,'',20,1),
	(2051,'2016-06-02 21:33:25.464644','1335','Destribution object',3,'',20,1),
	(2052,'2016-06-02 21:33:25.466496','1334','Destribution object',3,'',20,1),
	(2053,'2016-06-02 21:33:25.468285','1333','Destribution object',3,'',20,1),
	(2054,'2016-06-02 21:33:25.470120','1332','Destribution object',3,'',20,1),
	(2055,'2016-06-02 21:33:25.471799','1331','Destribution object',3,'',20,1),
	(2056,'2016-06-02 21:33:25.473594','1330','Destribution object',3,'',20,1),
	(2057,'2016-06-02 21:33:25.475325','1329','Destribution object',3,'',20,1),
	(2058,'2016-06-02 21:33:25.477185','1328','Destribution object',3,'',20,1),
	(2059,'2016-06-02 21:33:25.479026','1327','Destribution object',3,'',20,1),
	(2060,'2016-06-02 21:33:25.480892','1326','Destribution object',3,'',20,1),
	(2061,'2016-06-02 21:59:32.847833','2020','Destribution object',3,'',20,1),
	(2062,'2016-06-02 21:59:32.849945','2019','Destribution object',3,'',20,1),
	(2063,'2016-06-02 21:59:32.851967','2018','Destribution object',3,'',20,1),
	(2064,'2016-06-02 21:59:32.853848','2017','Destribution object',3,'',20,1),
	(2065,'2016-06-02 21:59:32.855699','2016','Destribution object',3,'',20,1),
	(2066,'2016-06-02 21:59:42.253770','61','dfpbu',3,'',4,1),
	(2067,'2016-06-02 21:59:42.255822','63','dglhv',3,'',4,1),
	(2068,'2016-06-02 21:59:42.257829','62','dlfkj',3,'',4,1),
	(2069,'2016-06-02 21:59:42.260657','60','fdbk',3,'',4,1),
	(2070,'2016-06-02 21:59:42.262987','59','fhljkgqlkjg',3,'',4,1),
	(2071,'2016-06-03 10:19:49.096700','130','ava inc',3,'',16,1),
	(2072,'2016-06-03 11:49:47.058995','70','Avac',2,'[{\"changed\": {\"fields\": [\"is_staff\", \"user_permissions\", \"date_joined\"]}}]',4,1),
	(2073,'2016-06-08 13:17:02.123418','12','Destribution object',3,'',20,1),
	(2074,'2016-06-08 13:17:02.129672','11','Destribution object',3,'',20,1),
	(2075,'2016-06-08 13:17:02.132422','10','Destribution object',3,'',20,1),
	(2076,'2016-06-08 13:17:02.134868','9','Destribution object',3,'',20,1),
	(2077,'2016-06-08 13:17:02.137097','8','Destribution object',3,'',20,1),
	(2078,'2016-06-08 13:17:02.139305','7','Destribution object',3,'',20,1),
	(2079,'2016-06-08 13:17:02.141622','6','Destribution object',3,'',20,1),
	(2080,'2016-06-08 13:17:02.144279','5','Destribution object',3,'',20,1),
	(2081,'2016-06-08 13:17:02.146718','4','Destribution object',3,'',20,1),
	(2082,'2016-06-08 13:17:02.149031','3','Destribution object',3,'',20,1),
	(2083,'2016-06-08 13:17:02.151283','2','Destribution object',3,'',20,1),
	(2084,'2016-06-08 13:17:02.153345','1','Destribution object',3,'',20,1),
	(2085,'2016-06-08 13:21:21.761556','24','Destribution object',3,'',20,1),
	(2086,'2016-06-08 13:21:21.763904','23','Destribution object',3,'',20,1),
	(2087,'2016-06-08 13:21:21.766680','22','Destribution object',3,'',20,1),
	(2088,'2016-06-08 13:21:21.769096','21','Destribution object',3,'',20,1),
	(2089,'2016-06-08 13:21:21.771233','20','Destribution object',3,'',20,1),
	(2090,'2016-06-08 13:21:21.773338','19','Destribution object',3,'',20,1),
	(2091,'2016-06-08 13:21:21.776181','18','Destribution object',3,'',20,1),
	(2092,'2016-06-08 13:21:21.778375','17','Destribution object',3,'',20,1),
	(2093,'2016-06-08 13:21:21.780333','16','Destribution object',3,'',20,1),
	(2094,'2016-06-08 13:21:21.782494','15','Destribution object',3,'',20,1),
	(2095,'2016-06-08 13:21:21.784654','14','Destribution object',3,'',20,1),
	(2096,'2016-06-08 13:21:21.787064','13','Destribution object',3,'',20,1),
	(2097,'2016-06-08 13:21:37.983143','1','Using Neural Networks for Diabetic Retinopathy Detection in Eye Images',2,'[{\"changed\": {\"fields\": [\"minMembers\"]}}]',12,1),
	(2098,'2016-06-08 13:29:59.237741','40','Destribution object',3,'',20,1),
	(2099,'2016-06-08 13:29:59.239816','39','Destribution object',3,'',20,1),
	(2100,'2016-06-08 13:29:59.242361','38','Destribution object',3,'',20,1),
	(2101,'2016-06-08 13:29:59.244379','37','Destribution object',3,'',20,1),
	(2102,'2016-06-08 13:29:59.246437','36','Destribution object',3,'',20,1),
	(2103,'2016-06-08 13:29:59.248352','35','Destribution object',3,'',20,1),
	(2104,'2016-06-08 13:29:59.250402','34','Destribution object',3,'',20,1),
	(2105,'2016-06-08 13:29:59.252530','33','Destribution object',3,'',20,1),
	(2106,'2016-06-08 13:29:59.254595','32','Destribution object',3,'',20,1),
	(2107,'2016-06-08 13:29:59.256618','31','Destribution object',3,'',20,1),
	(2108,'2016-06-08 13:29:59.258648','30','Destribution object',3,'',20,1),
	(2109,'2016-06-08 13:29:59.261377','29','Destribution object',3,'',20,1),
	(2110,'2016-06-08 13:29:59.263669','28','Destribution object',3,'',20,1),
	(2111,'2016-06-08 13:29:59.265805','27','Destribution object',3,'',20,1),
	(2112,'2016-06-08 13:29:59.268008','26','Destribution object',3,'',20,1),
	(2113,'2016-06-08 13:29:59.270672','25','Destribution object',3,'',20,1),
	(2114,'2016-06-08 13:34:00.186731','55','Destribution object',3,'',20,1),
	(2115,'2016-06-08 13:34:00.188990','54','Destribution object',3,'',20,1),
	(2116,'2016-06-08 13:34:00.191110','53','Destribution object',3,'',20,1),
	(2117,'2016-06-08 13:34:00.193155','52','Destribution object',3,'',20,1),
	(2118,'2016-06-08 13:34:00.195242','51','Destribution object',3,'',20,1),
	(2119,'2016-06-08 13:34:00.197479','50','Destribution object',3,'',20,1),
	(2120,'2016-06-08 13:34:00.199508','49','Destribution object',3,'',20,1),
	(2121,'2016-06-08 13:34:00.201415','48','Destribution object',3,'',20,1),
	(2122,'2016-06-08 13:34:00.204048','47','Destribution object',3,'',20,1),
	(2123,'2016-06-08 13:34:00.206071','46','Destribution object',3,'',20,1),
	(2124,'2016-06-08 13:34:00.208045','45','Destribution object',3,'',20,1),
	(2125,'2016-06-08 13:34:00.210365','44','Destribution object',3,'',20,1),
	(2126,'2016-06-08 13:34:00.212475','43','Destribution object',3,'',20,1),
	(2127,'2016-06-08 13:34:00.214184','42','Destribution object',3,'',20,1),
	(2128,'2016-06-08 13:34:00.216246','41','Destribution object',3,'',20,1),
	(2129,'2016-06-08 13:39:19.181585','71','Destribution object',3,'',20,1),
	(2130,'2016-06-08 13:39:19.183610','70','Destribution object',3,'',20,1),
	(2131,'2016-06-08 13:39:19.185491','69','Destribution object',3,'',20,1),
	(2132,'2016-06-08 13:39:19.187804','68','Destribution object',3,'',20,1),
	(2133,'2016-06-08 13:39:19.190016','67','Destribution object',3,'',20,1),
	(2134,'2016-06-08 13:39:19.192231','66','Destribution object',3,'',20,1),
	(2135,'2016-06-08 13:39:19.195185','65','Destribution object',3,'',20,1),
	(2136,'2016-06-08 13:39:19.197516','64','Destribution object',3,'',20,1),
	(2137,'2016-06-08 13:39:19.200034','63','Destribution object',3,'',20,1),
	(2138,'2016-06-08 13:39:19.202318','62','Destribution object',3,'',20,1),
	(2139,'2016-06-08 13:39:19.204988','61','Destribution object',3,'',20,1),
	(2140,'2016-06-08 13:39:19.207209','60','Destribution object',3,'',20,1),
	(2141,'2016-06-08 13:39:19.209048','59','Destribution object',3,'',20,1),
	(2142,'2016-06-08 13:39:19.211236','58','Destribution object',3,'',20,1),
	(2143,'2016-06-08 13:39:19.213312','57','Destribution object',3,'',20,1),
	(2144,'2016-06-08 13:39:19.215421','56','Destribution object',3,'',20,1),
	(2145,'2016-06-08 13:44:38.937748','83','Destribution object',3,'',20,1),
	(2146,'2016-06-08 13:44:38.939793','82','Destribution object',3,'',20,1),
	(2147,'2016-06-08 13:44:38.942029','81','Destribution object',3,'',20,1),
	(2148,'2016-06-08 13:44:38.944248','80','Destribution object',3,'',20,1),
	(2149,'2016-06-08 13:44:38.946344','79','Destribution object',3,'',20,1),
	(2150,'2016-06-08 13:44:38.948453','78','Destribution object',3,'',20,1),
	(2151,'2016-06-08 13:44:38.950902','77','Destribution object',3,'',20,1),
	(2152,'2016-06-08 13:44:38.952850','76','Destribution object',3,'',20,1),
	(2153,'2016-06-08 13:44:38.954610','75','Destribution object',3,'',20,1),
	(2154,'2016-06-08 13:44:38.956415','74','Destribution object',3,'',20,1),
	(2155,'2016-06-08 13:44:38.958316','73','Destribution object',3,'',20,1),
	(2156,'2016-06-08 13:44:38.960629','72','Destribution object',3,'',20,1),
	(2157,'2016-06-08 13:49:06.329439','91','Destribution object',3,'',20,1),
	(2158,'2016-06-08 13:49:06.331852','90','Destribution object',3,'',20,1),
	(2159,'2016-06-08 13:49:06.334525','89','Destribution object',3,'',20,1),
	(2160,'2016-06-08 13:49:06.336964','88','Destribution object',3,'',20,1),
	(2161,'2016-06-08 13:49:06.339176','87','Destribution object',3,'',20,1),
	(2162,'2016-06-08 13:49:06.341340','86','Destribution object',3,'',20,1),
	(2163,'2016-06-08 13:49:06.343325','85','Destribution object',3,'',20,1),
	(2164,'2016-06-08 13:49:06.345815','84','Destribution object',3,'',20,1),
	(2165,'2016-06-08 13:51:18.649100','99','Destribution object',3,'',20,1),
	(2166,'2016-06-08 13:51:18.652524','98','Destribution object',3,'',20,1),
	(2167,'2016-06-08 13:51:18.654752','97','Destribution object',3,'',20,1),
	(2168,'2016-06-08 13:51:18.656887','96','Destribution object',3,'',20,1),
	(2169,'2016-06-08 13:51:18.659248','95','Destribution object',3,'',20,1),
	(2170,'2016-06-08 13:51:18.661681','94','Destribution object',3,'',20,1),
	(2171,'2016-06-08 13:51:18.663825','93','Destribution object',3,'',20,1),
	(2172,'2016-06-08 13:51:18.665781','92','Destribution object',3,'',20,1),
	(2173,'2016-06-08 13:52:47.947854','103','Destribution object',3,'',20,1),
	(2174,'2016-06-08 13:52:47.950108','102','Destribution object',3,'',20,1),
	(2175,'2016-06-08 13:52:47.952395','101','Destribution object',3,'',20,1),
	(2176,'2016-06-08 13:52:47.954832','100','Destribution object',3,'',20,1),
	(2177,'2016-06-08 13:55:44.898958','111','Destribution object',3,'',20,1),
	(2178,'2016-06-08 13:55:44.901076','110','Destribution object',3,'',20,1),
	(2179,'2016-06-08 13:55:44.902985','109','Destribution object',3,'',20,1),
	(2180,'2016-06-08 13:55:44.905141','108','Destribution object',3,'',20,1),
	(2181,'2016-06-08 13:55:44.907384','107','Destribution object',3,'',20,1),
	(2182,'2016-06-08 13:55:44.910112','106','Destribution object',3,'',20,1),
	(2183,'2016-06-08 13:55:44.913319','105','Destribution object',3,'',20,1),
	(2184,'2016-06-08 13:55:44.915606','104','Destribution object',3,'',20,1),
	(2185,'2016-06-08 13:58:59.929414','123','Destribution object',3,'',20,1),
	(2186,'2016-06-08 13:58:59.931542','122','Destribution object',3,'',20,1),
	(2187,'2016-06-08 13:58:59.933413','121','Destribution object',3,'',20,1),
	(2188,'2016-06-08 13:58:59.936333','120','Destribution object',3,'',20,1),
	(2189,'2016-06-08 13:58:59.938547','119','Destribution object',3,'',20,1),
	(2190,'2016-06-08 13:58:59.940671','118','Destribution object',3,'',20,1),
	(2191,'2016-06-08 13:58:59.942666','117','Destribution object',3,'',20,1),
	(2192,'2016-06-08 13:58:59.944485','116','Destribution object',3,'',20,1),
	(2193,'2016-06-08 13:58:59.946313','115','Destribution object',3,'',20,1),
	(2194,'2016-06-08 13:58:59.948259','114','Destribution object',3,'',20,1),
	(2195,'2016-06-08 13:58:59.950277','113','Destribution object',3,'',20,1),
	(2196,'2016-06-08 13:58:59.953813','112','Destribution object',3,'',20,1),
	(2197,'2016-06-08 20:22:40.077672','99','dflkbj lkdjv',3,'',16,1),
	(2198,'2016-06-08 20:22:40.080085','100','dfkl lkdj',3,'',16,1),
	(2199,'2016-06-08 20:22:40.082265','101','eorgiu lkjv',3,'',16,1),
	(2200,'2016-06-08 20:22:40.084401','102','dofgqohv eorig',3,'',16,1),
	(2201,'2016-06-08 20:22:40.086935','103','gh vdiuh',3,'',16,1),
	(2202,'2016-06-08 20:22:40.089412','104','regh ofdjvn',3,'',16,1),
	(2203,'2016-06-08 20:22:40.091666','105','ergoifbjvn ogdjkvn',3,'',16,1),
	(2204,'2016-06-08 20:22:40.093685','106','eiojgdfkv kdnvc',3,'',16,1),
	(2205,'2016-06-08 20:22:40.096560','107','re98gdivh kjhv',3,'',16,1),
	(2206,'2016-06-08 21:09:10.339873','5','Creating a virtual reality object',3,'',12,1),
	(2207,'2016-06-08 21:19:19.236707','3','Plasticity of Neural Circuits and Neurobiology of Learning',3,'',12,1),
	(2208,'2016-06-08 21:22:33.127359','2','Smart Career Planning and Skill Development via Personal Analytics',3,'',12,1),
	(2209,'2016-06-09 10:21:51.712978','154','Destribution object',3,'',20,1),
	(2210,'2016-06-09 10:21:51.716222','153','Destribution object',3,'',20,1),
	(2211,'2016-06-09 10:21:51.718315','152','Destribution object',3,'',20,1),
	(2212,'2016-06-09 10:21:51.720830','148','Destribution object',3,'',20,1),
	(2213,'2016-06-09 10:21:51.723010','147','Destribution object',3,'',20,1),
	(2214,'2016-06-09 10:21:51.725063','146','Destribution object',3,'',20,1),
	(2215,'2016-06-09 10:21:51.727031','139','Destribution object',3,'',20,1),
	(2216,'2016-06-09 10:21:51.729331','138','Destribution object',3,'',20,1),
	(2217,'2016-06-09 10:21:51.731578','137','Destribution object',3,'',20,1),
	(2218,'2016-06-09 10:21:51.733777','127','Destribution object',3,'',20,1),
	(2219,'2016-06-09 10:21:51.736335','126','Destribution object',3,'',20,1),
	(2220,'2016-06-09 10:21:51.738851','125','Destribution object',3,'',20,1),
	(2221,'2016-06-09 10:21:51.741157','124','Destribution object',3,'',20,1),
	(2222,'2016-06-09 10:34:32.754549','157','Destribution object',3,'',20,1),
	(2223,'2016-06-09 10:34:32.756667','156','Destribution object',3,'',20,1),
	(2224,'2016-06-09 10:34:32.758726','155','Destribution object',3,'',20,1),
	(2225,'2016-06-09 10:37:11.841092','160','Destribution object',3,'',20,1),
	(2226,'2016-06-09 10:37:11.843493','159','Destribution object',3,'',20,1),
	(2227,'2016-06-09 10:37:11.845285','158','Destribution object',3,'',20,1),
	(2228,'2016-06-09 10:41:41.004779','79','dfgh gjdh',3,'',16,1),
	(2229,'2016-06-09 10:41:41.006793','80','dlfkj lkgj',3,'',16,1),
	(2230,'2016-06-09 10:41:41.009246','81','lkj lkj',3,'',16,1),
	(2231,'2016-06-09 10:41:41.011045','82','dfklj hb',3,'',16,1),
	(2232,'2016-06-09 10:41:41.012818','83','dkflj lkgj',3,'',16,1),
	(2233,'2016-06-09 10:41:41.014237','84','egjk lkg',3,'',16,1),
	(2234,'2016-06-09 10:41:41.016042','85','fhljkgqlkjg kdjh',3,'',16,1),
	(2235,'2016-06-09 10:41:41.018032','86','dglkj lkfh',3,'',16,1),
	(2236,'2016-06-09 10:41:41.020356','87','dgu lkvh',3,'',16,1),
	(2237,'2016-06-09 10:41:41.022407','88','dlgkj lvkj',3,'',16,1),
	(2238,'2016-06-09 10:41:41.024436','89','sdgbjv kvclj',3,'',16,1),
	(2239,'2016-06-09 10:41:41.027252','90','eglkj kvcn',3,'',16,1),
	(2240,'2016-06-09 10:41:41.029532','91','egklhj m,nvc',3,'',16,1),
	(2241,'2016-06-09 10:41:41.031884','92','dglhv nlkj',3,'',16,1),
	(2242,'2016-06-09 10:41:41.033918','93','fpdobjl lvknc',3,'',16,1),
	(2243,'2016-06-09 10:41:41.036162','94','dfpbu lcjvkn',3,'',16,1),
	(2244,'2016-06-09 10:41:41.038350','95','fdpobjl lvkn',3,'',16,1),
	(2245,'2016-06-09 10:41:41.040666','96','fdiblvk qlkvn',3,'',16,1),
	(2246,'2016-06-09 10:41:41.043598','97','fdbk kjhcv',3,'',16,1),
	(2247,'2016-06-09 10:41:41.045788','98','pdovj cjlkv',3,'',16,1),
	(2248,'2016-06-09 10:41:41.048041','124','aaa sdlfkh',3,'',16,1),
	(2249,'2016-06-09 10:41:41.050205','125','Liudmyla Pavlenko',3,'',16,1),
	(2250,'2016-06-09 10:41:41.052470','126','Avac Projk',3,'',16,1),
	(2251,'2016-06-09 10:41:41.054810','127','fdkjbn relkgn',3,'',16,1),
	(2252,'2016-06-09 10:41:41.057009','128','rgen dvkn',3,'',16,1),
	(2253,'2016-06-09 10:41:41.059489','129','fgjk kjdvn',3,'',16,1),
	(2254,'2016-06-09 10:41:41.061667','131','ava inc',3,'',16,1),
	(2255,'2016-06-09 10:41:41.063258','132','knfgd kfdnb',3,'',16,1),
	(2256,'2016-06-09 10:41:41.065084','133','ktrgn erkjgnfd',3,'',16,1),
	(2257,'2016-06-09 10:41:41.066748','134','gdfkjn fdkjbv',3,'',16,1),
	(2258,'2016-06-09 10:45:04.828988','2','Smart Career Planning and Skill Development via Personal Analytics',1,'[{\"added\": {}}, {\"added\": {\"object\": \"MarkForEachProject object\", \"name\": \"mark for each project\"}}, {\"added\": {\"object\": \"MarkForEachProject object\", \"name\": \"mark for each project\"}}, {\"added\": {\"object\": \"MarkForEachProject object\", \"name\": \"mark for each project\"}}, {\"added\": {\"object\": \"MarkForEachProject object\", \"name\": \"mark for each project\"}}, {\"added\": {\"object\": \"MarkForEachProject object\", \"name\": \"mark for each project\"}}]',12,1),
	(2259,'2016-06-09 10:46:31.193720','135','Ivanna Diachuk',3,'',16,1),
	(2260,'2016-06-09 10:48:25.172980','1','Using Neural Networks for Diabetic Retinopathy Detection in Eye Images',2,'[{\"changed\": {\"fields\": [\"minMembers\"]}}]',12,1),
	(2261,'2016-06-09 13:54:05.779884','167','Destribution object',3,'',20,1),
	(2262,'2016-06-09 13:54:05.782363','166','Destribution object',3,'',20,1),
	(2263,'2016-06-09 13:54:05.784561','165','Destribution object',3,'',20,1),
	(2264,'2016-06-09 13:54:05.786739','164','Destribution object',3,'',20,1),
	(2265,'2016-06-09 15:03:32.792411','171','Destribution object',3,'',20,1),
	(2266,'2016-06-09 15:03:32.794566','170','Destribution object',3,'',20,1),
	(2267,'2016-06-09 15:03:32.796778','169','Destribution object',3,'',20,1),
	(2268,'2016-06-09 15:03:32.798981','168','Destribution object',3,'',20,1),
	(2269,'2016-06-09 15:15:44.791129','175','Destribution object',3,'',20,1),
	(2270,'2016-06-09 15:15:44.793377','174','Destribution object',3,'',20,1),
	(2271,'2016-06-09 15:15:44.795821','173','Destribution object',3,'',20,1),
	(2272,'2016-06-09 15:15:44.798574','172','Destribution object',3,'',20,1),
	(2273,'2016-06-09 15:18:02.910779','179','Destribution object',3,'',20,1),
	(2274,'2016-06-09 15:18:02.912872','178','Destribution object',3,'',20,1),
	(2275,'2016-06-09 15:18:02.915290','177','Destribution object',3,'',20,1),
	(2276,'2016-06-09 15:18:02.917903','176','Destribution object',3,'',20,1);

/*!40000 ALTER TABLE `django_admin_log` ENABLE KEYS */;
UNLOCK TABLES;


DROP TABLE IF EXISTS `django_content_type`;

CREATE TABLE `django_content_type` (
  `id` int(11) NOT NULL AUTO_INCREMENT,
  `app_label` varchar(100) NOT NULL,
  `model` varchar(100) NOT NULL,
  PRIMARY KEY (`id`),
  UNIQUE KEY `django_content_type_app_label_76bd3d3b_uniq` (`app_label`,`model`)
) ENGINE=InnoDB DEFAULT CHARSET=latin1;

LOCK TABLES `django_content_type` WRITE;
/*!40000 ALTER TABLE `django_content_type` DISABLE KEYS */;

INSERT INTO `django_content_type` (`id`, `app_label`, `model`)
VALUES
	(1,'admin','logentry'),
	(16,'apply','applyapplication'),
	(20,'apply','destribution'),
	(19,'apply','projectpriority'),
	(17,'apply','testsapply'),
	(3,'auth','group'),
	(2,'auth','permission'),
	(4,'auth','user'),
	(5,'contenttypes','contenttype'),
	(7,'news','news_paragraph'),
	(18,'projectsTestsQuestions','markforeachproject'),
	(12,'projectsTestsQuestions','project'),
	(21,'projectsTestsQuestions','project_news'),
	(13,'projectsTestsQuestions','subject'),
	(14,'projectsTestsQuestions','test'),
	(6,'sessions','session');

/*!40000 ALTER TABLE `django_content_type` ENABLE KEYS */;
UNLOCK TABLES;


DROP TABLE IF EXISTS `django_migrations`;

CREATE TABLE `django_migrations` (
  `id` int(11) NOT NULL AUTO_INCREMENT,
  `app` varchar(255) NOT NULL,
  `name` varchar(255) NOT NULL,
  `applied` datetime(6) NOT NULL,
  PRIMARY KEY (`id`)
) ENGINE=InnoDB DEFAULT CHARSET=latin1;

LOCK TABLES `django_migrations` WRITE;
/*!40000 ALTER TABLE `django_migrations` DISABLE KEYS */;

INSERT INTO `django_migrations` (`id`, `app`, `name`, `applied`)
VALUES
	(1,'contenttypes','0001_initial','2016-04-03 16:37:58.449800'),
	(2,'auth','0001_initial','2016-04-03 16:37:58.843843'),
	(3,'admin','0001_initial','2016-04-03 16:37:58.921304'),
	(4,'admin','0002_logentry_remove_auto_add','2016-04-03 16:37:58.961193'),
	(5,'contenttypes','0002_remove_content_type_name','2016-04-03 16:37:59.074183'),
	(6,'auth','0002_alter_permission_name_max_length','2016-04-03 16:37:59.104475'),
	(7,'auth','0003_alter_user_email_max_length','2016-04-03 16:37:59.137184'),
	(8,'auth','0004_alter_user_username_opts','2016-04-03 16:37:59.150520'),
	(9,'auth','0005_alter_user_last_login_null','2016-04-03 16:37:59.186425'),
	(10,'auth','0006_require_contenttypes_0002','2016-04-03 16:37:59.189617'),
	(11,'auth','0007_alter_validators_add_error_messages','2016-04-03 16:37:59.201350'),
	(12,'auth','0008_alter_user_username_max_length','2016-04-03 16:37:59.231076'),
	(13,'sessions','0001_initial','2016-04-03 16:37:59.274049'),
	(14,'news','0001_initial','2016-05-03 15:18:26.608708'),
	(15,'news','0002_news_paragraph_image','2016-05-03 16:31:40.191048'),
	(16,'news','0003_auto_20160504_1359','2016-05-04 13:59:48.602901'),
	(17,'projectsTestsQuestions','0001_initial','2016-05-06 22:50:49.584478'),
	(18,'projectsTestsQuestions','0002_subjects','2016-05-06 22:50:49.611602'),
	(19,'projectsTestsQuestions','0003_answers','2016-05-06 22:50:49.634187'),
	(20,'projectsTestsQuestions','0004_tests','2016-05-06 22:50:49.714924'),
	(21,'projectsTestsQuestions','0005_auto_20160506_2250','2016-05-06 22:50:49.982454'),
	(22,'projectsTestsQuestions','0006_auto_20160506_2252','2016-05-06 22:53:08.488607'),
	(23,'apply','0001_initial','2016-05-12 22:58:31.380768'),
	(24,'projectsTestsQuestions','0007_auto_20160521_1557','2016-05-21 15:57:58.576476'),
	(25,'projectsTestsQuestions','0008_auto_20160521_1559','2016-05-21 15:59:42.942037'),
	(26,'apply','0002_testsapply','2016-05-22 13:09:33.471527'),
	(27,'projectsTestsQuestions','0009_auto_20160524_1952','2016-05-24 19:52:35.660565'),
	(28,'projectsTestsQuestions','0010_auto_20160524_1953','2016-05-24 19:53:21.966602'),
	(29,'projectsTestsQuestions','0011_auto_20160524_2032','2016-05-24 20:32:37.599213'),
	(30,'projectsTestsQuestions','0012_auto_20160525_1028','2016-05-25 10:28:42.537842'),
	(31,'projectsTestsQuestions','0013_auto_20160525_1042','2016-05-25 10:42:06.210955'),
	(32,'projectsTestsQuestions','0014_markforeachproject','2016-05-26 13:25:28.429556'),
	(33,'projectsTestsQuestions','0015_auto_20160526_1840','2016-05-26 18:40:18.895271'),
	(34,'apply','0003_projectpriority','2016-05-26 18:40:19.035094'),
	(35,'apply','0004_auto_20160526_1845','2016-05-26 18:45:34.145479'),
	(36,'projectsTestsQuestions','0016_auto_20160526_1915','2016-05-26 19:15:06.808946'),
	(37,'projectsTestsQuestions','0017_auto_20160526_1916','2016-05-26 19:16:23.736886'),
	(38,'apply','0005_testsapply_subject_id','2016-05-26 23:53:30.433640'),
	(39,'apply','0006_destribution','2016-05-27 02:51:11.214129'),
	(40,'apply','0007_auto_20160528_2323','2016-05-28 23:23:56.034570'),
	(41,'projectsTestsQuestions','0018_project_news','2016-05-31 10:30:23.934408'),
	(42,'apply','0008_applyapplication_image','2016-06-03 06:43:04.291793'),
	(43,'apply','0009_auto_20160603_0649','2016-06-03 06:50:04.448406'),
	(44,'apply','0010_auto_20160603_0650','2016-06-03 06:50:53.789590'),
	(45,'apply','0011_auto_20160603_0704','2016-06-03 07:04:03.922689'),
	(46,'apply','0012_auto_20160603_0706','2016-06-03 07:06:05.086144'),
	(47,'apply','0013_auto_20160603_0714','2016-06-03 07:15:01.136509'),
	(48,'apply','0014_auto_20160605_1048','2016-06-05 10:48:24.734616'),
	(49,'apply','0015_auto_20160605_1050','2016-06-05 10:50:07.961716'),
	(50,'apply','0016_auto_20160605_1102','2016-06-05 11:02:16.444455');

/*!40000 ALTER TABLE `django_migrations` ENABLE KEYS */;
UNLOCK TABLES;


DROP TABLE IF EXISTS `django_session`;

CREATE TABLE `django_session` (
  `session_key` varchar(40) NOT NULL,
  `session_data` longtext NOT NULL,
  `expire_date` datetime(6) NOT NULL,
  PRIMARY KEY (`session_key`),
  KEY `django_session_de54fa62` (`expire_date`)
) ENGINE=InnoDB DEFAULT CHARSET=latin1;

LOCK TABLES `django_session` WRITE;
/*!40000 ALTER TABLE `django_session` DISABLE KEYS */;

INSERT INTO `django_session` (`session_key`, `session_data`, `expire_date`)
VALUES
	('27qas2ocuyv3vsj15x5ipbldllvwuxe1','YjI0N2RiZTQyMjQ2OGFiZDEwMDQ5ZGUxOTllNjRmZTFiMjZkMzM0Zjp7Il9hdXRoX3VzZXJfaGFzaCI6ImE2YTJjYWRkZmU4NGUyMzlhZjAyZDU1YTRjNDg0YzQ1YmI5NjdmYjkiLCJfYXV0aF91c2VyX2JhY2tlbmQiOiJkamFuZ28uY29udHJpYi5hdXRoLmJhY2tlbmRzLk1vZGVsQmFja2VuZCIsIl9hdXRoX3VzZXJfaWQiOiIxIn0=','2016-04-23 20:58:55.049786'),
	('59b7qvr96rvr439peyqhxflxb4m6r2l6','NmJjMzJkM2RkZjk4OTliMjU3NjAxNDc2MWMyMTcyMTg0MjNmMGI5NTp7Il9hdXRoX3VzZXJfaGFzaCI6ImE2YTJjYWRkZmU4NGUyMzlhZjAyZDU1YTRjNDg0YzQ1YmI5NjdmYjkiLCJhcHBseUlEIjoxNDAsIl9hdXRoX3VzZXJfaWQiOiIxIiwiX2F1dGhfdXNlcl9iYWNrZW5kIjoiZGphbmdvLmNvbnRyaWIuYXV0aC5iYWNrZW5kcy5Nb2RlbEJhY2tlbmQifQ==','2016-06-23 10:54:09.734073'),
	('ec34qqakz566koq2qkhyzcwbvb59lvbk','YjI0N2RiZTQyMjQ2OGFiZDEwMDQ5ZGUxOTllNjRmZTFiMjZkMzM0Zjp7Il9hdXRoX3VzZXJfaGFzaCI6ImE2YTJjYWRkZmU4NGUyMzlhZjAyZDU1YTRjNDg0YzQ1YmI5NjdmYjkiLCJfYXV0aF91c2VyX2JhY2tlbmQiOiJkamFuZ28uY29udHJpYi5hdXRoLmJhY2tlbmRzLk1vZGVsQmFja2VuZCIsIl9hdXRoX3VzZXJfaWQiOiIxIn0=','2016-04-22 06:46:07.187916'),
	('hidyl1oj6qa7ts4q9t76mc943zdlrv36','YjI0N2RiZTQyMjQ2OGFiZDEwMDQ5ZGUxOTllNjRmZTFiMjZkMzM0Zjp7Il9hdXRoX3VzZXJfaGFzaCI6ImE2YTJjYWRkZmU4NGUyMzlhZjAyZDU1YTRjNDg0YzQ1YmI5NjdmYjkiLCJfYXV0aF91c2VyX2JhY2tlbmQiOiJkamFuZ28uY29udHJpYi5hdXRoLmJhY2tlbmRzLk1vZGVsQmFja2VuZCIsIl9hdXRoX3VzZXJfaWQiOiIxIn0=','2016-05-15 16:29:02.937399'),
	('taigjc2vxttn1nuznuodkky1ke7ffc7h','YjI0N2RiZTQyMjQ2OGFiZDEwMDQ5ZGUxOTllNjRmZTFiMjZkMzM0Zjp7Il9hdXRoX3VzZXJfaGFzaCI6ImE2YTJjYWRkZmU4NGUyMzlhZjAyZDU1YTRjNDg0YzQ1YmI5NjdmYjkiLCJfYXV0aF91c2VyX2JhY2tlbmQiOiJkamFuZ28uY29udHJpYi5hdXRoLmJhY2tlbmRzLk1vZGVsQmFja2VuZCIsIl9hdXRoX3VzZXJfaWQiOiIxIn0=','2016-04-23 20:43:05.972017'),
	('v4iyq9lzn5ioebqhtjarmqmtiw4hai9z','MzVkZTdjOTMxYTczYmMwNDAwM2IwNTllOTdlNjEyYzJiYmMxZmUxNTp7Il9hdXRoX3VzZXJfaGFzaCI6ImE2YTJjYWRkZmU4NGUyMzlhZjAyZDU1YTRjNDg0YzQ1YmI5NjdmYjkiLCJfYXV0aF91c2VyX2lkIjoiMSIsIl9hdXRoX3VzZXJfYmFja2VuZCI6ImRqYW5nby5jb250cmliLmF1dGguYmFja2VuZHMuTW9kZWxCYWNrZW5kIn0=','2016-04-22 06:45:44.396389'),
	('wogspvxy807je4sj8kowspj08ztrlsc3','YjI0N2RiZTQyMjQ2OGFiZDEwMDQ5ZGUxOTllNjRmZTFiMjZkMzM0Zjp7Il9hdXRoX3VzZXJfaGFzaCI6ImE2YTJjYWRkZmU4NGUyMzlhZjAyZDU1YTRjNDg0YzQ1YmI5NjdmYjkiLCJfYXV0aF91c2VyX2JhY2tlbmQiOiJkamFuZ28uY29udHJpYi5hdXRoLmJhY2tlbmRzLk1vZGVsQmFja2VuZCIsIl9hdXRoX3VzZXJfaWQiOiIxIn0=','2016-05-20 22:51:31.124272'),
	('xky6onq6f5xs8d9mkfsztn6tzf80kxg6','YjI0N2RiZTQyMjQ2OGFiZDEwMDQ5ZGUxOTllNjRmZTFiMjZkMzM0Zjp7Il9hdXRoX3VzZXJfaGFzaCI6ImE2YTJjYWRkZmU4NGUyMzlhZjAyZDU1YTRjNDg0YzQ1YmI5NjdmYjkiLCJfYXV0aF91c2VyX2JhY2tlbmQiOiJkamFuZ28uY29udHJpYi5hdXRoLmJhY2tlbmRzLk1vZGVsQmFja2VuZCIsIl9hdXRoX3VzZXJfaWQiOiIxIn0=','2016-05-10 07:58:29.415205'),
	('z0p8c2bbxvfqaeamqxlrhzcfazev9ur1','YjI0N2RiZTQyMjQ2OGFiZDEwMDQ5ZGUxOTllNjRmZTFiMjZkMzM0Zjp7Il9hdXRoX3VzZXJfaGFzaCI6ImE2YTJjYWRkZmU4NGUyMzlhZjAyZDU1YTRjNDg0YzQ1YmI5NjdmYjkiLCJfYXV0aF91c2VyX2JhY2tlbmQiOiJkamFuZ28uY29udHJpYi5hdXRoLmJhY2tlbmRzLk1vZGVsQmFja2VuZCIsIl9hdXRoX3VzZXJfaWQiOiIxIn0=','2016-05-19 14:01:34.689417');

/*!40000 ALTER TABLE `django_session` ENABLE KEYS */;
UNLOCK TABLES;


DROP TABLE IF EXISTS `news_news_paragraph`;

CREATE TABLE `news_news_paragraph` (
  `id` int(11) NOT NULL AUTO_INCREMENT,
  `title` varchar(30) NOT NULL,
  `text` longtext NOT NULL,
  `date` datetime(6) NOT NULL,
  `image` varchar(100) NOT NULL,
  PRIMARY KEY (`id`)
) ENGINE=InnoDB DEFAULT CHARSET=latin1;



DROP TABLE IF EXISTS `projectsTestsQuestions_markforeachproject`;

CREATE TABLE `projectsTestsQuestions_markforeachproject` (
  `id` int(11) NOT NULL AUTO_INCREMENT,
  `mark` int(11) NOT NULL,
  `project_id_id` int(11) NOT NULL,
  `subject_id_id` int(11) NOT NULL,
  PRIMARY KEY (`id`),
  KEY `proj_project_id_id_122611db_fk_projectsTestsQuestions_project_id` (`project_id_id`),
  KEY `proj_subject_id_id_9b523f12_fk_projectsTestsQuestions_subject_id` (`subject_id_id`),
  CONSTRAINT `proj_project_id_id_122611db_fk_projectsTestsQuestions_project_id` FOREIGN KEY (`project_id_id`) REFERENCES `projectsTestsQuestions_project` (`id`),
  CONSTRAINT `proj_subject_id_id_9b523f12_fk_projectsTestsQuestions_subject_id` FOREIGN KEY (`subject_id_id`) REFERENCES `projectsTestsQuestions_subject` (`id`)
) ENGINE=InnoDB DEFAULT CHARSET=latin1;

LOCK TABLES `projectsTestsQuestions_markforeachproject` WRITE;
/*!40000 ALTER TABLE `projectsTestsQuestions_markforeachproject` DISABLE KEYS */;

INSERT INTO `projectsTestsQuestions_markforeachproject` (`id`, `mark`, `project_id_id`, `subject_id_id`)
VALUES
	(24,3,1,1),
	(25,2,1,2),
	(26,3,1,3),
	(27,3,1,4),
	(28,2,1,5),
	(29,3,2,1),
	(30,4,2,2),
	(31,4,2,3),
	(32,4,2,4),
	(33,4,2,5);

/*!40000 ALTER TABLE `projectsTestsQuestions_markforeachproject` ENABLE KEYS */;
UNLOCK TABLES;


DROP TABLE IF EXISTS `projectsTestsQuestions_project`;

CREATE TABLE `projectsTestsQuestions_project` (
  `id` int(11) NOT NULL AUTO_INCREMENT,
  `project_name` varchar(300) NOT NULL,
  `description` longtext NOT NULL,
  `mentor_id_id` int(11) DEFAULT NULL,
  `image` varchar(100) NOT NULL,
  `mentor_image` varchar(100) NOT NULL,
  `mentor_description` longtext NOT NULL,
  `maxMembers` int(11) NOT NULL,
  `minMembers` int(11) NOT NULL,
  PRIMARY KEY (`id`),
  KEY `projectsTestsQuestions_pro_mentor_id_id_2ee710cb_fk_auth_user_id` (`mentor_id_id`),
  CONSTRAINT `projectsTestsQuestions_pro_mentor_id_id_2ee710cb_fk_auth_user_id` FOREIGN KEY (`mentor_id_id`) REFERENCES `auth_user` (`id`)
) ENGINE=InnoDB DEFAULT CHARSET=latin1;

LOCK TABLES `projectsTestsQuestions_project` WRITE;
/*!40000 ALTER TABLE `projectsTestsQuestions_project` DISABLE KEYS */;

INSERT INTO `projectsTestsQuestions_project` (`id`, `project_name`, `description`, `mentor_id_id`, `image`, `mentor_image`, `mentor_description`, `maxMembers`, `minMembers`)
VALUES
	(1,'Using Neural Networks for Diabetic Retinopathy Detection in Eye Images','Abstract:\r\nCurrently, detecting DR is a time-consuming and manual process that requires a trained clinician to examine and evaluate digital color fundus photographs of the retina. By the time human readers submit their reviews, often a day or two later, the delayed results lead to lost follow up, miscommunication, and delayed treatment (from http://www.kaggle.com/c/diabetic-retinopathy-detection).\r\n\r\nProject prerequisites:\r\n\r\nMatrix/vector arithmetics \r\nIntroduction to machine learning:\r\nClassification/regression (hands on some basic classifiers)\r\nCost function optimization (gradient descent)\r\nCross validation techniques (leave-one-out cross validation, ten-fold cross validation)\r\nOverfitting/underfitting\r\nParameters tuning (grid search/random search)\r\nModel evaluation\r\n\r\n\r\n\r\nProgramming language: Python\r\nIntroduction to Neural Networks\r\n\r\nAssociated topics:\r\nImage classification, neural networks, cost function optimization, parameters tuning, comparing models',NULL,'projectImages/P1.jpg','projectMentorImages/Fishman.jpg','Mr. Dmytro Fishman,\r\nPhD student, junior researcher at the University of Tartu.',10,2),
	(2,'Smart Career Planning and Skill Development via Personal Analytics','Abstract\r\n\r\nThe project aims to develop a personal analytics platform for career planning and development. Each person at early stages of her or his career need to make a decision about in which skills to invest time or money in order to be successfull in the future and have an interested and well-paid profession. The platform would help an individual to make a decision which courses to take, which soft skills to develop, how to choose a university program, when and where to look for a new job. The data for analytics can be gathered from social networks, e.g., LinkedIn profile of an individual, open data sources to projects number of future jobs in each profession, from university web-sites, from MOOC web-portals, job search web-sites, etc.\r\n\r\nThe project goal is to develop a web-portal that aggregates user-specific information via LinkedIn API and based on other open data makes personalized recommendations about career choices. By the end of the summer school we would try to form a team for a startup company to develop the project further and create a self-contained prototype. The ultimate goal is to turn this project into the startup.\r\n\r\nProject prerequisites :\r\n\r\nLinear algebra, matrix computations\r\nIntroduction to business analytics (basic statistics, machine learning, simulation, optimization)\r\nProgramming language: Python (numerical computations in Python, LinkedIn and Facebook Python API)\r\nBasics of web-development (front-end to the portal via one of existing CMS, back-end of the portal in Python)\r\nEnterpreneural skills and marketing skills\r\nWeb-platform for testing and experimentation: https://datascientistworkbench.com',NULL,'','','Dr. Oleksandr Romanko,\r\nPh.D., Senior Research Analyst at IBM Canada and Adjunct Professor at University of Toronto.',3,2);

/*!40000 ALTER TABLE `projectsTestsQuestions_project` ENABLE KEYS */;
UNLOCK TABLES;


DROP TABLE IF EXISTS `projectsTestsQuestions_project_members`;

CREATE TABLE `projectsTestsQuestions_project_members` (
  `id` int(11) NOT NULL AUTO_INCREMENT,
  `project_id` int(11) NOT NULL,
  `user_id` int(11) NOT NULL,
  PRIMARY KEY (`id`),
  UNIQUE KEY `projectsTestsQuestions_project_members_project_id_384ba9e5_uniq` (`project_id`,`user_id`),
  KEY `projectsTestsQuestions_project__user_id_3615ab47_fk_auth_user_id` (`user_id`),
  CONSTRAINT `project_project_id_6cc36346_fk_projectsTestsQuestions_project_id` FOREIGN KEY (`project_id`) REFERENCES `projectsTestsQuestions_project` (`id`),
  CONSTRAINT `projectsTestsQuestions_project__user_id_3615ab47_fk_auth_user_id` FOREIGN KEY (`user_id`) REFERENCES `auth_user` (`id`)
) ENGINE=InnoDB DEFAULT CHARSET=latin1;

LOCK TABLES `projectsTestsQuestions_project_members` WRITE;
/*!40000 ALTER TABLE `projectsTestsQuestions_project_members` DISABLE KEYS */;

INSERT INTO `projectsTestsQuestions_project_members` (`id`, `project_id`, `user_id`)
VALUES
	(18,1,64),
	(19,1,65),
	(20,1,66),
	(30,1,76),
	(34,1,80),
	(35,1,94),
	(36,1,95),
	(37,2,96),
	(38,2,97);

/*!40000 ALTER TABLE `projectsTestsQuestions_project_members` ENABLE KEYS */;
UNLOCK TABLES;


DROP TABLE IF EXISTS `projectsTestsQuestions_project_news`;

CREATE TABLE `projectsTestsQuestions_project_news` (
  `id` int(11) NOT NULL AUTO_INCREMENT,
  `title` varchar(300) NOT NULL,
  `image` varchar(100) NOT NULL,
  `text` longtext NOT NULL,
  `project_id_id` int(11) NOT NULL,
  PRIMARY KEY (`id`),
  KEY `proj_project_id_id_7d2bad7c_fk_projectsTestsQuestions_project_id` (`project_id_id`),
  CONSTRAINT `proj_project_id_id_7d2bad7c_fk_projectsTestsQuestions_project_id` FOREIGN KEY (`project_id_id`) REFERENCES `projectsTestsQuestions_project` (`id`)
) ENGINE=InnoDB DEFAULT CHARSET=latin1;



DROP TABLE IF EXISTS `projectsTestsQuestions_subject`;

CREATE TABLE `projectsTestsQuestions_subject` (
  `id` int(11) NOT NULL AUTO_INCREMENT,
  `subject_name` varchar(30) NOT NULL,
  PRIMARY KEY (`id`)
) ENGINE=InnoDB DEFAULT CHARSET=latin1;

LOCK TABLES `projectsTestsQuestions_subject` WRITE;
/*!40000 ALTER TABLE `projectsTestsQuestions_subject` DISABLE KEYS */;

INSERT INTO `projectsTestsQuestions_subject` (`id`, `subject_name`)
VALUES
	(1,'English'),
	(2,'Math skills'),
	(3,'Logic'),
	(4,'Programming skills'),
	(5,'Operation research background');

/*!40000 ALTER TABLE `projectsTestsQuestions_subject` ENABLE KEYS */;
UNLOCK TABLES;


DROP TABLE IF EXISTS `projectsTestsQuestions_test`;

CREATE TABLE `projectsTestsQuestions_test` (
  `id` int(11) NOT NULL AUTO_INCREMENT,
  `question` varchar(200) NOT NULL,
  `right_answer` varchar(50) NOT NULL,
  `subject_id` int(11) NOT NULL,
  `wrong_answer1` varchar(50) NOT NULL,
  `wrong_answer2` varchar(50) NOT NULL,
  `wrong_answer3` varchar(50) NOT NULL,
  PRIMARY KEY (`id`),
  KEY `project_subject_id_52e22dc1_fk_projectsTestsQuestions_subject_id` (`subject_id`),
  CONSTRAINT `project_subject_id_52e22dc1_fk_projectsTestsQuestions_subject_id` FOREIGN KEY (`subject_id`) REFERENCES `projectsTestsQuestions_subject` (`id`)
) ENGINE=InnoDB DEFAULT CHARSET=latin1;

LOCK TABLES `projectsTestsQuestions_test` WRITE;
/*!40000 ALTER TABLE `projectsTestsQuestions_test` DISABLE KEYS */;

INSERT INTO `projectsTestsQuestions_test` (`id`, `question`, `right_answer`, `subject_id`, `wrong_answer1`, `wrong_answer2`, `wrong_answer3`)
VALUES
	(7,'Lorem ipsum dolor sit amet, consectetur adipiscing elit?','right math',2,'wrong Math 1','wrong Math 2','wrong Math 3'),
	(8,'Lorem ipsum dolor sit amet, consectetur adipiscing elit?','right operation',5,'wrong operation 1','wrong operation 2','wrong operation 3'),
	(9,'Lorem ipsum dolor sit amet, consectetur adipiscing elit?','right English',1,'wrong english 1','wrong english 2','wrong english 3'),
	(10,'Lorem ipsum dolor sit amet, consectetur adipiscing elit?','right logic',3,'wrong logic 1','wrong logic 2','wrong logic 3'),
	(11,'Lorem ipsum dolor sit amet, consectetur adipiscing elit?','right math 2',2,'wrong math 2_1','wrong math 2_2','wrong math 2_3'),
	(12,'Lorem ipsum dolor sit amet, consectetur adipiscing elit?','right progr',4,'wrong progr 1','wrong progr 2','wrong progr 3'),
	(13,'Lorem ipsum dolor sit amet, consectetur adipiscing elit?','sdlkfj',1,'eruigh','wieuhgf','dskvn'),
	(14,'ways of\' is not used befor nouns. Use \'means of\' instead.','was being made',1,'had made','made','about to make'),
	(15,'It was important for her _____ seen as a threat.','not to be',1,'to not be','not being','she wasn\'t'),
	(16,'Passengers are advised ________ their belongings with them at all times.','to keep',1,'to mind','if they could mind','if they could keep'),
	(17,'If you drove at average speed of 66 miles per hour, what distance, in miles, did you drive in 99 minutes?','108.9',2,'1,5','0,7','65.34'),
	(18,'What are the values of a and b, if any, where - a|b + 4| > 0?','a < 0 and b <> -4',2,'a > 0 and b <> -4','a > 0 and b <> 4','a < 0 and b >= -4'),
	(19,'There are 15 balls in a box: 8 balls are green, 4 are blue and 3 are white. Then 1 green and 1 blue balls are taken from the box and put away. What is the probability that a blue ball is selected at r','3/13',2,'4/15','3/15','4/13'),
	(20,'Look at this series: 22, 21, 23, 22, 24, 23, ... What number should come next?','25',3,'24','22','26'),
	(21,'An Informal Gathering occurs when a group of people get together in a casual, relaxed manner. Which situation below is the best example of an Informal Gathering?','After finding out about his promotion, Jeremy and',3,'The book club meets on the first Thursday evening','Mary sends out 25 invitations for the bridal showe','Whenever she eats at the Mexican restaurant, Clara'),
	(22,'Look at this series: 70, 71, 76, __, 81, 86, 70, 91, ... What number should fill the blank?','70',3,'71','80','96'),
	(23,'Lorem ipsum dolor sit amet, consectetur adipiscing elit?','dsvj',3,'oivdj','oijv','oij'),
	(24,'Lorem ipsum dolor sit amet, consectetur adipiscing elit?','dosivj',4,'wogidjv','cvopj','3qrh'),
	(25,'Which of the following factors supports the statement that reusability is a desirable feature of a language?','Both A and B.',4,'It decreases the testing time.','It lowers the maintenance cost','It reduces the compilation time.'),
	(26,'Which of the following concepts means determining at runtime what method to invoke?','Dynamic binding',4,'Data hiding','Dynamic Typing','Dynamic loading'),
	(27,'Which of the following type of class allows only one object of it to be created?','Singleton class',4,'Virtual class','Abstract class','Friend class'),
	(28,'Lorem ipsum dolor sit amet, consectetur adipiscing elit?','odifu',5,'oidsuv','lk','kl'),
	(29,'Lorem ipsum dolor sit amet, consectetur adipiscing elit?','oidfsu',5,'weoigu','oitu','qoieru'),
	(30,'In a departmental store customers arrive at a rate of 20 customers per hour. the average number of customers that can be handled by cashier is 24 per hour. What is arrival rate in this problem?','20',5,'3','24','10'),
	(31,'Which of the following assertations is true of an optimal solution to an Linear Programming Problem?','Every LP has an optimal solution',5,'The optimal solution always occur at extreme point','If an optimal solution exists, there will always b','All of the given'),
	(32,'The scientific method in O.R. study generally involves','Judgement Phase',5,'Research Phase','Action Phase','All of the given');

/*!40000 ALTER TABLE `projectsTestsQuestions_test` ENABLE KEYS */;
UNLOCK TABLES;



/*!40111 SET SQL_NOTES=@OLD_SQL_NOTES */;
/*!40101 SET SQL_MODE=@OLD_SQL_MODE */;
/*!40014 SET FOREIGN_KEY_CHECKS=@OLD_FOREIGN_KEY_CHECKS */;
/*!40101 SET CHARACTER_SET_CLIENT=@OLD_CHARACTER_SET_CLIENT */;
/*!40101 SET CHARACTER_SET_RESULTS=@OLD_CHARACTER_SET_RESULTS */;
/*!40101 SET COLLATION_CONNECTION=@OLD_COLLATION_CONNECTION */;
