DROP TABLE IF EXISTS `aboutus_aboutus`;

CREATE TABLE `aboutus_aboutus` (
  `id` int(11) NOT NULL AUTO_INCREMENT,
  `image` varchar(100) NOT NULL,
  `description` longtext NOT NULL,
  PRIMARY KEY (`id`)
) ENGINE=InnoDB DEFAULT CHARSET=latin1;



DROP TABLE IF EXISTS `afterSchool_reportcomments`;

CREATE TABLE `afterSchool_reportcomments` (
  `id` int(11) NOT NULL AUTO_INCREMENT,
  `comment` longtext NOT NULL,
  `date` datetime(6) NOT NULL,
  `applyApp_id` int(11) NOT NULL,
  `user_id` int(11) NOT NULL,
  PRIMARY KEY (`id`),
  KEY `afterSchool_re_applyApp_id_b4ef6a47_fk_apply_applyapplication_id` (`applyApp_id`),
  KEY `afterSchool_reportcomments_user_id_6dbce43c_fk_auth_user_id` (`user_id`),
  CONSTRAINT `afterSchool_re_applyApp_id_b4ef6a47_fk_apply_applyapplication_id` FOREIGN KEY (`applyApp_id`) REFERENCES `apply_applyapplication` (`id`),
  CONSTRAINT `afterSchool_reportcomments_user_id_6dbce43c_fk_auth_user_id` FOREIGN KEY (`user_id`) REFERENCES `auth_user` (`id`)
) ENGINE=InnoDB DEFAULT CHARSET=latin1;



DROP TABLE IF EXISTS `afterSchool_reportproject`;

CREATE TABLE `afterSchool_reportproject` (
  `id` int(11) NOT NULL AUTO_INCREMENT,
  `text` longtext NOT NULL,
  `image` varchar(100) CHARACTER SET utf8mb4 NOT NULL DEFAULT '',
  `project_id` int(11) NOT NULL,
  `title` varchar(500) NOT NULL,
  PRIMARY KEY (`id`),
  KEY `afterSchool_reportproject_b098ad43` (`project_id`),
  CONSTRAINT `afterSc_project_id_27a0773a_fk_projectsTestsQuestions_project_id` FOREIGN KEY (`project_id`) REFERENCES `projectsTestsQuestions_project` (`id`)
) ENGINE=InnoDB DEFAULT CHARSET=latin1;

LOCK TABLES `afterSchool_reportproject` WRITE;
/*!40000 ALTER TABLE `afterSchool_reportproject` DISABLE KEYS */;

INSERT INTO `afterSchool_reportproject` (`id`, `text`, `image`, `project_id`, `title`)
VALUES
	(1,'<p>sldkjflk jslfdj lsjf lsdjf lsj fsd</p>\r\n\r\n<p>f&nbsp;</p>\r\n\r\n<p>sf jsdfkj slkdfj lskdjf lksdjf lksdjf lksjflk sjkl</p>','images/Снимок_экрана_2017-05-27_в_17.01.46_KhMGnRJ.png',1,'abba');

/*!40000 ALTER TABLE `afterSchool_reportproject` ENABLE KEYS */;
UNLOCK TABLES;


DROP TABLE IF EXISTS `afterSchool_reportproject_comment`;

CREATE TABLE `afterSchool_reportproject_comment` (
  `id` int(11) NOT NULL AUTO_INCREMENT,
  `reportproject_id` int(11) NOT NULL,
  `reportcomments_id` int(11) NOT NULL,
  PRIMARY KEY (`id`),
  UNIQUE KEY `afterSchool_reportproject_comment_reportproject_id_70617391_uniq` (`reportproject_id`,`reportcomments_id`),
  KEY `afte_reportcomments_id_41990e8a_fk_afterSchool_reportcomments_id` (`reportcomments_id`),
  CONSTRAINT `afte_reportcomments_id_41990e8a_fk_afterSchool_reportcomments_id` FOREIGN KEY (`reportcomments_id`) REFERENCES `afterSchool_reportcomments` (`id`),
  CONSTRAINT `afterS_reportproject_id_16dd7d54_fk_afterSchool_reportproject_id` FOREIGN KEY (`reportproject_id`) REFERENCES `afterSchool_reportproject` (`id`)
) ENGINE=InnoDB DEFAULT CHARSET=latin1;



DROP TABLE IF EXISTS `apply_applyapplication`;

CREATE TABLE `apply_applyapplication` (
  `id` int(11) NOT NULL AUTO_INCREMENT,
  `name` varchar(50) NOT NULL,
  `surname` varchar(50) NOT NULL,
  `image` varchar(100) DEFAULT NULL,
  `gender` varchar(5) NOT NULL,
  `dateOfBirth` date NOT NULL,
  `country` varchar(50) NOT NULL,
  `city` varchar(50) NOT NULL,
  `email` varchar(254) NOT NULL,
  `placeOfWorkOrStudy` varchar(100) NOT NULL,
  `speciality` varchar(50) NOT NULL,
  `motivationMessage` longtext NOT NULL,
  `behanceLink` varchar(250),
  `faceBookLink` varchar(250),
  `googlePlusLink` varchar(250),
  `instagrammLink` varchar(250),
  `linkedInLink` varchar(250),
  `skypeLink` varchar(250),
  `telegrammLink` varchar(250),
  `twitterLink` varchar(250),
  PRIMARY KEY (`id`)
) ENGINE=InnoDB DEFAULT CHARSET=latin1;

LOCK TABLES `apply_applyapplication` WRITE;
/*!40000 ALTER TABLE `apply_applyapplication` DISABLE KEYS */;

INSERT INTO `apply_applyapplication` (`id`, `name`, `surname`, `image`, `gender`, `dateOfBirth`, `country`, `city`, `email`, `placeOfWorkOrStudy`, `speciality`, `motivationMessage`, `behanceLink`, `faceBookLink`, `googlePlusLink`, `instagrammLink`, `linkedInLink`, `skypeLink`, `telegrammLink`, `twitterLink`)
VALUES
	(1970,'aaa','aaa','','m','1995-11-11','Ukraine','Kiev','sdf@f.fd','KPI','progr','motMessage',NULL,NULL,NULL,NULL,NULL,NULL,NULL,NULL),
	(1971,'aaa','aaa','','m','1995-11-11','Ukraine','Kiev','sdf@f.fd','KPI','progr','motMessage',NULL,NULL,NULL,NULL,NULL,NULL,NULL,NULL),
	(1972,'aaa','aaa','','m','1995-11-11','Ukraine','Kiev','sdf@f.fd','KPI','progr','motMessage',NULL,NULL,NULL,NULL,NULL,NULL,NULL,NULL),
	(1973,'aaa','aaa','','m','1995-11-11','Ukraine','Kiev','sdf@f.fd','KPI','progr','motMessage',NULL,NULL,NULL,NULL,NULL,NULL,NULL,NULL),
	(1974,'aaa','aaa','','m','1995-11-11','Ukraine','Kiev','sdf@f.fd','KPI','progr','motMessage',NULL,NULL,NULL,NULL,NULL,NULL,NULL,NULL),
	(1975,'aaa','aaa','','m','1995-11-11','Ukraine','Kiev','sdf@f.fd','KPI','progr','motMessage',NULL,NULL,NULL,NULL,NULL,NULL,NULL,NULL),
	(1976,'aaa','aaa','','m','1995-11-11','Ukraine','Kiev','sdf@f.fd','KPI','progr','motMessage',NULL,NULL,NULL,NULL,NULL,NULL,NULL,NULL),
	(1977,'aaa','aaa','','m','1995-11-11','Ukraine','Kiev','sdf@f.fd','KPI','progr','motMessage',NULL,NULL,NULL,NULL,NULL,NULL,NULL,NULL),
	(1978,'aaa','aaa','','m','1995-11-11','Ukraine','Kiev','sdf@f.fd','KPI','progr','motMessage',NULL,NULL,NULL,NULL,NULL,NULL,NULL,NULL),
	(1979,'aaa','aaa','','m','1995-11-11','Ukraine','Kiev','sdf@f.fd','KPI','progr','motMessage',NULL,NULL,NULL,NULL,NULL,NULL,NULL,NULL),
	(1980,'aaa','aaa','','m','1995-11-11','Ukraine','Kiev','sdf@f.fd','KPI','progr','motMessage',NULL,NULL,NULL,NULL,NULL,NULL,NULL,NULL),
	(1981,'aaa','aaa','','m','1995-11-11','Ukraine','Kiev','sdf@f.fd','KPI','progr','motMessage',NULL,NULL,NULL,NULL,NULL,NULL,NULL,NULL),
	(1982,'aaa','aaa','','m','1995-11-11','Ukraine','Kiev','sdf@f.fd','KPI','progr','motMessage',NULL,NULL,NULL,NULL,NULL,NULL,NULL,NULL),
	(1983,'aaa','aaa','','m','1995-11-11','Ukraine','Kiev','sdf@f.fd','KPI','progr','motMessage',NULL,NULL,NULL,NULL,NULL,NULL,NULL,NULL),
	(1984,'aaa','aaa','','m','1995-11-11','Ukraine','Kiev','sdf@f.fd','KPI','progr','motMessage',NULL,NULL,NULL,NULL,NULL,NULL,NULL,NULL),
	(1985,'aaa','aaa','','m','1995-11-11','Ukraine','Kiev','sdf@f.fd','KPI','progr','motMessage',NULL,NULL,NULL,NULL,NULL,NULL,NULL,NULL),
	(1986,'aaa','aaa','','m','1995-11-11','Ukraine','Kiev','sdf@f.fd','KPI','progr','motMessage',NULL,NULL,NULL,NULL,NULL,NULL,NULL,NULL),
	(1987,'aaa','aaa','','m','1995-11-11','Ukraine','Kiev','sdf@f.fd','KPI','progr','motMessage',NULL,NULL,NULL,NULL,NULL,NULL,NULL,NULL),
	(1988,'aaa','aaa','','m','1995-11-11','Ukraine','Kiev','sdf@f.fd','KPI','progr','motMessage',NULL,NULL,NULL,NULL,NULL,NULL,NULL,NULL),
	(1989,'aaa','aaa','','m','1995-11-11','Ukraine','Kiev','sdf@f.fd','KPI','progr','motMessage',NULL,NULL,NULL,NULL,NULL,NULL,NULL,NULL),
	(1990,'aaa','aaa','','m','1995-11-11','Ukraine','Kiev','sdf@f.fd','KPI','progr','motMessage',NULL,NULL,NULL,NULL,NULL,NULL,NULL,NULL),
	(1991,'aaa','aaa','','m','1995-11-11','Ukraine','Kiev','sdf@f.fd','KPI','progr','motMessage',NULL,NULL,NULL,NULL,NULL,NULL,NULL,NULL),
	(1992,'aaa','aaa','','m','1995-11-11','Ukraine','Kiev','sdf@f.fd','KPI','progr','motMessage',NULL,NULL,NULL,NULL,NULL,NULL,NULL,NULL),
	(1993,'aaa','aaa','','m','1995-11-11','Ukraine','Kiev','sdf@f.fd','KPI','progr','motMessage',NULL,NULL,NULL,NULL,NULL,NULL,NULL,NULL),
	(1994,'aaa','aaa','','m','1995-11-11','Ukraine','Kiev','sdf@f.fd','KPI','progr','motMessage',NULL,NULL,NULL,NULL,NULL,NULL,NULL,NULL),
	(1995,'aaa','aaa','','m','1995-11-11','Ukraine','Kiev','sdf@f.fd','KPI','progr','motMessage',NULL,NULL,NULL,NULL,NULL,NULL,NULL,NULL),
	(1996,'aaa','aaa','','m','1995-11-11','Ukraine','Kiev','sdf@f.fd','KPI','progr','motMessage',NULL,NULL,NULL,NULL,NULL,NULL,NULL,NULL),
	(1997,'aaa','aaa','','m','1995-11-11','Ukraine','Kiev','sdf@f.fd','KPI','progr','motMessage',NULL,NULL,NULL,NULL,NULL,NULL,NULL,NULL),
	(1998,'aaa','aaa','','m','1995-11-11','Ukraine','Kiev','sdf@f.fd','KPI','progr','motMessage',NULL,NULL,NULL,NULL,NULL,NULL,NULL,NULL),
	(1999,'aaa','aaa','','m','1995-11-11','Ukraine','Kiev','sdf@f.fd','KPI','progr','motMessage',NULL,NULL,NULL,NULL,NULL,NULL,NULL,NULL),
	(2000,'aaa','aaa','','m','1995-11-11','Ukraine','Kiev','sdf@f.fd','KPI','progr','motMessage',NULL,NULL,NULL,NULL,NULL,NULL,NULL,NULL),
	(2001,'aaa','aaa','','m','1995-11-11','Ukraine','Kiev','sdf@f.fd','KPI','progr','motMessage',NULL,NULL,NULL,NULL,NULL,NULL,NULL,NULL),
	(2002,'aaa','aaa','','m','1995-11-11','Ukraine','Kiev','sdf@f.fd','KPI','progr','motMessage',NULL,NULL,NULL,NULL,NULL,NULL,NULL,NULL),
	(2003,'aaa','aaa','','m','1995-11-11','Ukraine','Kiev','sdf@f.fd','KPI','progr','motMessage',NULL,NULL,NULL,NULL,NULL,NULL,NULL,NULL),
	(2004,'aaa','aaa','','m','1995-11-11','Ukraine','Kiev','sdf@f.fd','KPI','progr','motMessage',NULL,NULL,NULL,NULL,NULL,NULL,NULL,NULL),
	(2005,'aaa','aaa','','m','1995-11-11','Ukraine','Kiev','sdf@f.fd','KPI','progr','motMessage',NULL,NULL,NULL,NULL,NULL,NULL,NULL,NULL),
	(2006,'aaa','aaa','','m','1995-11-11','Ukraine','Kiev','sdf@f.fd','KPI','progr','motMessage',NULL,NULL,NULL,NULL,NULL,NULL,NULL,NULL),
	(2007,'aaa','aaa','','m','1995-11-11','Ukraine','Kiev','sdf@f.fd','KPI','progr','motMessage',NULL,NULL,NULL,NULL,NULL,NULL,NULL,NULL),
	(2008,'aaa','aaa','','m','1995-11-11','Ukraine','Kiev','sdf@f.fd','KPI','progr','motMessage',NULL,NULL,NULL,NULL,NULL,NULL,NULL,NULL),
	(2009,'aaa','aaa','','m','1995-11-11','Ukraine','Kiev','sdf@f.fd','KPI','progr','motMessage',NULL,NULL,NULL,NULL,NULL,NULL,NULL,NULL),
	(2010,'aaa','aaa','','m','1995-11-11','Ukraine','Kiev','sdf@f.fd','KPI','progr','motMessage',NULL,NULL,NULL,NULL,NULL,NULL,NULL,NULL),
	(2011,'aaa','aaa','','m','1995-11-11','Ukraine','Kiev','sdf@f.fd','KPI','progr','motMessage',NULL,NULL,NULL,NULL,NULL,NULL,NULL,NULL),
	(2012,'aaa','aaa','','m','1995-11-11','Ukraine','Kiev','sdf@f.fd','KPI','progr','motMessage',NULL,NULL,NULL,NULL,NULL,NULL,NULL,NULL),
	(2013,'aaa','aaa','','m','1995-11-11','Ukraine','Kiev','sdf@f.fd','KPI','progr','motMessage',NULL,NULL,NULL,NULL,NULL,NULL,NULL,NULL),
	(2014,'aaa','aaa','','m','1995-11-11','Ukraine','Kiev','sdf@f.fd','KPI','progr','motMessage',NULL,NULL,NULL,NULL,NULL,NULL,NULL,NULL),
	(2015,'aaa','aaa','','m','1995-11-11','Ukraine','Kiev','sdf@f.fd','KPI','progr','motMessage',NULL,NULL,NULL,NULL,NULL,NULL,NULL,NULL),
	(2016,'aaa','aaa','','m','1995-11-11','Ukraine','Kiev','sdf@f.fd','KPI','progr','motMessage',NULL,NULL,NULL,NULL,NULL,NULL,NULL,NULL),
	(2017,'aaa','aaa','','m','1995-11-11','Ukraine','Kiev','sdf@f.fd','KPI','progr','motMessage',NULL,NULL,NULL,NULL,NULL,NULL,NULL,NULL),
	(2018,'aaa','aaa','','m','1995-11-11','Ukraine','Kiev','sdf@f.fd','KPI','progr','motMessage',NULL,NULL,NULL,NULL,NULL,NULL,NULL,NULL),
	(2019,'aaa','aaa','','m','1995-11-11','Ukraine','Kiev','sdf@f.fd','KPI','progr','motMessage',NULL,NULL,NULL,NULL,NULL,NULL,NULL,NULL),
	(2020,'aaa','aaa','','m','1995-11-11','Ukraine','Kiev','sdf@f.fd','KPI','progr','motMessage',NULL,NULL,NULL,NULL,NULL,NULL,NULL,NULL),
	(2021,'aaa','aaa','','m','1995-11-11','Ukraine','Kiev','sdf@f.fd','KPI','progr','motMessage',NULL,NULL,NULL,NULL,NULL,NULL,NULL,NULL),
	(2022,'aaa','aaa','','m','1995-11-11','Ukraine','Kiev','sdf@f.fd','KPI','progr','motMessage',NULL,NULL,NULL,NULL,NULL,NULL,NULL,NULL),
	(2023,'aaa','aaa','','m','1995-11-11','Ukraine','Kiev','sdf@f.fd','KPI','progr','motMessage',NULL,NULL,NULL,NULL,NULL,NULL,NULL,NULL),
	(2024,'aaa','aaa','','m','1995-11-11','Ukraine','Kiev','sdf@f.fd','KPI','progr','motMessage',NULL,NULL,NULL,NULL,NULL,NULL,NULL,NULL),
	(2025,'aaa','aaa','','m','1995-11-11','Ukraine','Kiev','sdf@f.fd','KPI','progr','motMessage',NULL,NULL,NULL,NULL,NULL,NULL,NULL,NULL),
	(2026,'aaa','aaa','','m','1995-11-11','Ukraine','Kiev','sdf@f.fd','KPI','progr','motMessage',NULL,NULL,NULL,NULL,NULL,NULL,NULL,NULL),
	(2027,'aaa','aaa','','m','1995-11-11','Ukraine','Kiev','sdf@f.fd','KPI','progr','motMessage',NULL,NULL,NULL,NULL,NULL,NULL,NULL,NULL),
	(2028,'aaa','aaa','','m','1995-11-11','Ukraine','Kiev','sdf@f.fd','KPI','progr','motMessage',NULL,NULL,NULL,NULL,NULL,NULL,NULL,NULL),
	(2029,'aaa','aaa','','m','1995-11-11','Ukraine','Kiev','sdf@f.fd','KPI','progr','motMessage',NULL,NULL,NULL,NULL,NULL,NULL,NULL,NULL),
	(2030,'aaa','aaa','','m','1995-11-11','Ukraine','Kiev','sdf@f.fd','KPI','progr','motMessage',NULL,NULL,NULL,NULL,NULL,NULL,NULL,NULL),
	(2031,'aaa','aaa','','m','1995-11-11','Ukraine','Kiev','sdf@f.fd','KPI','progr','motMessage',NULL,NULL,NULL,NULL,NULL,NULL,NULL,NULL),
	(2032,'aaa','aaa','','m','1995-11-11','Ukraine','Kiev','sdf@f.fd','KPI','progr','motMessage',NULL,NULL,NULL,NULL,NULL,NULL,NULL,NULL),
	(2033,'aaa','aaa','','m','1995-11-11','Ukraine','Kiev','sdf@f.fd','KPI','progr','motMessage',NULL,NULL,NULL,NULL,NULL,NULL,NULL,NULL),
	(2034,'aaa','aaa','','m','1995-11-11','Ukraine','Kiev','sdf@f.fd','KPI','progr','motMessage',NULL,NULL,NULL,NULL,NULL,NULL,NULL,NULL),
	(2035,'aaa','aaa','','m','1995-11-11','Ukraine','Kiev','sdf@f.fd','KPI','progr','motMessage',NULL,NULL,NULL,NULL,NULL,NULL,NULL,NULL),
	(2036,'aaa','aaa','','m','1995-11-11','Ukraine','Kiev','sdf@f.fd','KPI','progr','motMessage',NULL,NULL,NULL,NULL,NULL,NULL,NULL,NULL),
	(2037,'aaa','aaa','','m','1995-11-11','Ukraine','Kiev','sdf@f.fd','KPI','progr','motMessage',NULL,NULL,NULL,NULL,NULL,NULL,NULL,NULL),
	(2038,'aaa','aaa','','m','1995-11-11','Ukraine','Kiev','sdf@f.fd','KPI','progr','motMessage',NULL,NULL,NULL,NULL,NULL,NULL,NULL,NULL),
	(2039,'aaa','aaa','','m','1995-11-11','Ukraine','Kiev','sdf@f.fd','KPI','progr','motMessage',NULL,NULL,NULL,NULL,NULL,NULL,NULL,NULL),
	(2040,'aaa','aaa','','m','1995-11-11','Ukraine','Kiev','sdf@f.fd','KPI','progr','motMessage',NULL,NULL,NULL,NULL,NULL,NULL,NULL,NULL),
	(2041,'aaa','aaa','','m','1995-11-11','Ukraine','Kiev','sdf@f.fd','KPI','progr','motMessage',NULL,NULL,NULL,NULL,NULL,NULL,NULL,NULL),
	(2042,'aaa','aaa','','m','1995-11-11','Ukraine','Kiev','sdf@f.fd','KPI','progr','motMessage',NULL,NULL,NULL,NULL,NULL,NULL,NULL,NULL),
	(2043,'aaa','aaa','','m','1995-11-11','Ukraine','Kiev','sdf@f.fd','KPI','progr','motMessage',NULL,NULL,NULL,NULL,NULL,NULL,NULL,NULL),
	(2044,'aaa','aaa','','m','1995-11-11','Ukraine','Kiev','sdf@f.fd','KPI','progr','motMessage',NULL,NULL,NULL,NULL,NULL,NULL,NULL,NULL),
	(2045,'aaa','aaa','','m','1995-11-11','Ukraine','Kiev','sdf@f.fd','KPI','progr','motMessage',NULL,NULL,NULL,NULL,NULL,NULL,NULL,NULL),
	(2046,'aaa','aaa','','m','1995-11-11','Ukraine','Kiev','sdf@f.fd','KPI','progr','motMessage',NULL,NULL,NULL,NULL,NULL,NULL,NULL,NULL),
	(2047,'aaa','aaa','','m','1995-11-11','Ukraine','Kiev','sdf@f.fd','KPI','progr','motMessage',NULL,NULL,NULL,NULL,NULL,NULL,NULL,NULL),
	(2048,'aaa','aaa','','m','1995-11-11','Ukraine','Kiev','sdf@f.fd','KPI','progr','motMessage',NULL,NULL,NULL,NULL,NULL,NULL,NULL,NULL),
	(2049,'aaa','aaa','','m','1995-11-11','Ukraine','Kiev','sdf@f.fd','KPI','progr','motMessage',NULL,NULL,NULL,NULL,NULL,NULL,NULL,NULL),
	(2050,'aaa','aaa','','m','1995-11-11','Ukraine','Kiev','sdf@f.fd','KPI','progr','motMessage',NULL,NULL,NULL,NULL,NULL,NULL,NULL,NULL),
	(2051,'aaa','aaa','','m','1995-11-11','Ukraine','Kiev','sdf@f.fd','KPI','progr','motMessage',NULL,NULL,NULL,NULL,NULL,NULL,NULL,NULL),
	(2052,'aaa','aaa','','m','1995-11-11','Ukraine','Kiev','sdf@f.fd','KPI','progr','motMessage',NULL,NULL,NULL,NULL,NULL,NULL,NULL,NULL),
	(2053,'aaa','aaa','','m','1995-11-11','Ukraine','Kiev','sdf@f.fd','KPI','progr','motMessage',NULL,NULL,NULL,NULL,NULL,NULL,NULL,NULL),
	(2054,'aaa','aaa','','m','1995-11-11','Ukraine','Kiev','sdf@f.fd','KPI','progr','motMessage',NULL,NULL,NULL,NULL,NULL,NULL,NULL,NULL),
	(2055,'aaa','aaa','','m','1995-11-11','Ukraine','Kiev','sdf@f.fd','KPI','progr','motMessage',NULL,NULL,NULL,NULL,NULL,NULL,NULL,NULL),
	(2056,'aaa','aaa','','m','1995-11-11','Ukraine','Kiev','sdf@f.fd','KPI','progr','motMessage',NULL,NULL,NULL,NULL,NULL,NULL,NULL,NULL),
	(2057,'aaa','aaa','','m','1995-11-11','Ukraine','Kiev','sdf@f.fd','KPI','progr','motMessage',NULL,NULL,NULL,NULL,NULL,NULL,NULL,NULL),
	(2058,'aaa','aaa','','m','1995-11-11','Ukraine','Kiev','sdf@f.fd','KPI','progr','motMessage',NULL,NULL,NULL,NULL,NULL,NULL,NULL,NULL),
	(2059,'aaa','aaa','','m','1995-11-11','Ukraine','Kiev','sdf@f.fd','KPI','progr','motMessage',NULL,NULL,NULL,NULL,NULL,NULL,NULL,NULL),
	(2060,'aaa','aaa','','m','1995-11-11','Ukraine','Kiev','sdf@f.fd','KPI','progr','motMessage',NULL,NULL,NULL,NULL,NULL,NULL,NULL,NULL),
	(2061,'aaa','aaa','','m','1995-11-11','Ukraine','Kiev','sdf@f.fd','KPI','progr','motMessage',NULL,NULL,NULL,NULL,NULL,NULL,NULL,NULL),
	(2062,'aaa','aaa','','m','1995-11-11','Ukraine','Kiev','sdf@f.fd','KPI','progr','motMessage',NULL,NULL,NULL,NULL,NULL,NULL,NULL,NULL),
	(2063,'aaa','aaa','','m','1995-11-11','Ukraine','Kiev','sdf@f.fd','KPI','progr','motMessage',NULL,NULL,NULL,NULL,NULL,NULL,NULL,NULL),
	(2064,'aaa','aaa','','m','1995-11-11','Ukraine','Kiev','sdf@f.fd','KPI','progr','motMessage',NULL,NULL,NULL,NULL,NULL,NULL,NULL,NULL),
	(2065,'aaa','aaa','','m','1995-11-11','Ukraine','Kiev','sdf@f.fd','KPI','progr','motMessage',NULL,NULL,NULL,NULL,NULL,NULL,NULL,NULL),
	(2066,'aaa','aaa','','m','1995-11-11','Ukraine','Kiev','sdf@f.fd','KPI','progr','motMessage',NULL,NULL,NULL,NULL,NULL,NULL,NULL,NULL),
	(2067,'aaa','aaa','','m','1995-11-11','Ukraine','Kiev','sdf@f.fd','KPI','progr','motMessage',NULL,NULL,NULL,NULL,NULL,NULL,NULL,NULL),
	(2068,'aaa','aaa','','m','1995-11-11','Ukraine','Kiev','sdf@f.fd','KPI','progr','motMessage',NULL,NULL,NULL,NULL,NULL,NULL,NULL,NULL),
	(2069,'aaa','aaa','','m','1995-11-11','Ukraine','Kiev','sdf@f.fd','KPI','progr','motMessage',NULL,NULL,NULL,NULL,NULL,NULL,NULL,NULL),
	(2070,'aaa','aaa','','m','1995-11-11','Ukraine','Kiev','sdf@f.fd','KPI','progr','motMessage',NULL,NULL,NULL,NULL,NULL,NULL,NULL,NULL),
	(2071,'aaa','aaa','','m','1995-11-11','Ukraine','Kiev','sdf@f.fd','KPI','progr','motMessage',NULL,NULL,NULL,NULL,NULL,NULL,NULL,NULL),
	(2072,'aaa','aaa','','m','1995-11-11','Ukraine','Kiev','sdf@f.fd','KPI','progr','motMessage',NULL,NULL,NULL,NULL,NULL,NULL,NULL,NULL),
	(2073,'aaa','aaa','','m','1995-11-11','Ukraine','Kiev','sdf@f.fd','KPI','progr','motMessage',NULL,NULL,NULL,NULL,NULL,NULL,NULL,NULL),
	(2074,'aaa','aaa','','m','1995-11-11','Ukraine','Kiev','sdf@f.fd','KPI','progr','motMessage',NULL,NULL,NULL,NULL,NULL,NULL,NULL,NULL),
	(2075,'aaa','aaa','','m','1995-11-11','Ukraine','Kiev','sdf@f.fd','KPI','progr','motMessage',NULL,NULL,NULL,NULL,NULL,NULL,NULL,NULL),
	(2076,'aaa','aaa','','m','1995-11-11','Ukraine','Kiev','sdf@f.fd','KPI','progr','motMessage',NULL,NULL,NULL,NULL,NULL,NULL,NULL,NULL),
	(2077,'aaa','aaa','','m','1995-11-11','Ukraine','Kiev','sdf@f.fd','KPI','progr','motMessage',NULL,NULL,NULL,NULL,NULL,NULL,NULL,NULL),
	(2078,'aaa','aaa','','m','1995-11-11','Ukraine','Kiev','sdf@f.fd','KPI','progr','motMessage',NULL,NULL,NULL,NULL,NULL,NULL,NULL,NULL),
	(2079,'aaa','aaa','','m','1995-11-11','Ukraine','Kiev','sdf@f.fd','KPI','progr','motMessage',NULL,NULL,NULL,NULL,NULL,NULL,NULL,NULL),
	(2080,'aaa','aaa','','m','1995-11-11','Ukraine','Kiev','sdf@f.fd','KPI','progr','motMessage',NULL,NULL,NULL,NULL,NULL,NULL,NULL,NULL),
	(2081,'aaa','aaa','','m','1995-11-11','Ukraine','Kiev','sdf@f.fd','KPI','progr','motMessage',NULL,NULL,NULL,NULL,NULL,NULL,NULL,NULL),
	(2082,'aaa','aaa','','m','1995-11-11','Ukraine','Kiev','sdf@f.fd','KPI','progr','motMessage',NULL,NULL,NULL,NULL,NULL,NULL,NULL,NULL),
	(2083,'aaa','aaa','','m','1995-11-11','Ukraine','Kiev','sdf@f.fd','KPI','progr','motMessage',NULL,NULL,NULL,NULL,NULL,NULL,NULL,NULL),
	(2084,'aaa','aaa','','m','1995-11-11','Ukraine','Kiev','sdf@f.fd','KPI','progr','motMessage',NULL,NULL,NULL,NULL,NULL,NULL,NULL,NULL),
	(2085,'aaa','aaa','','m','1995-11-11','Ukraine','Kiev','sdf@f.fd','KPI','progr','motMessage',NULL,NULL,NULL,NULL,NULL,NULL,NULL,NULL),
	(2086,'aaa','aaa','','m','1995-11-11','Ukraine','Kiev','sdf@f.fd','KPI','progr','motMessage',NULL,NULL,NULL,NULL,NULL,NULL,NULL,NULL),
	(2087,'aaa','aaa','','m','1995-11-11','Ukraine','Kiev','sdf@f.fd','KPI','progr','motMessage',NULL,NULL,NULL,NULL,NULL,NULL,NULL,NULL),
	(2088,'aaa','aaa','','m','1995-11-11','Ukraine','Kiev','sdf@f.fd','KPI','progr','motMessage',NULL,NULL,NULL,NULL,NULL,NULL,NULL,NULL),
	(2089,'aaa','aaa','','m','1995-11-11','Ukraine','Kiev','sdf@f.fd','KPI','progr','motMessage',NULL,NULL,NULL,NULL,NULL,NULL,NULL,NULL),
	(2090,'aaa','aaa','','m','1995-11-11','Ukraine','Kiev','sdf@f.fd','KPI','progr','motMessage',NULL,NULL,NULL,NULL,NULL,NULL,NULL,NULL),
	(2091,'aaa','aaa','','m','1995-11-11','Ukraine','Kiev','sdf@f.fd','KPI','progr','motMessage',NULL,NULL,NULL,NULL,NULL,NULL,NULL,NULL),
	(2092,'aaa','aaa','','m','1995-11-11','Ukraine','Kiev','sdf@f.fd','KPI','progr','motMessage',NULL,NULL,NULL,NULL,NULL,NULL,NULL,NULL),
	(2093,'aaa','aaa','','m','1995-11-11','Ukraine','Kiev','sdf@f.fd','KPI','progr','motMessage',NULL,NULL,NULL,NULL,NULL,NULL,NULL,NULL),
	(2094,'aaa','aaa','','m','1995-11-11','Ukraine','Kiev','sdf@f.fd','KPI','progr','motMessage',NULL,NULL,NULL,NULL,NULL,NULL,NULL,NULL),
	(2095,'aaa','aaa','','m','1995-11-11','Ukraine','Kiev','sdf@f.fd','KPI','progr','motMessage',NULL,NULL,NULL,NULL,NULL,NULL,NULL,NULL),
	(2096,'aaa','aaa','','m','1995-11-11','Ukraine','Kiev','sdf@f.fd','KPI','progr','motMessage',NULL,NULL,NULL,NULL,NULL,NULL,NULL,NULL),
	(2097,'aaa','aaa','','m','1995-11-11','Ukraine','Kiev','sdf@f.fd','KPI','progr','motMessage',NULL,NULL,NULL,NULL,NULL,NULL,NULL,NULL),
	(2098,'aaa','aaa','','m','1995-11-11','Ukraine','Kiev','sdf@f.fd','KPI','progr','motMessage',NULL,NULL,NULL,NULL,NULL,NULL,NULL,NULL),
	(2099,'aaa','aaa','','m','1995-11-11','Ukraine','Kiev','sdf@f.fd','KPI','progr','motMessage',NULL,NULL,NULL,NULL,NULL,NULL,NULL,NULL),
	(2100,'aaa','aaa','','m','1995-11-11','Ukraine','Kiev','sdf@f.fd','KPI','progr','motMessage',NULL,NULL,NULL,NULL,NULL,NULL,NULL,NULL),
	(2101,'aaa','aaa','','m','1995-11-11','Ukraine','Kiev','sdf@f.fd','KPI','progr','motMessage',NULL,NULL,NULL,NULL,NULL,NULL,NULL,NULL),
	(2102,'aaa','aaa','','m','1995-11-11','Ukraine','Kiev','sdf@f.fd','KPI','progr','motMessage',NULL,NULL,NULL,NULL,NULL,NULL,NULL,NULL),
	(2103,'aaa','aaa','','m','1995-11-11','Ukraine','Kiev','sdf@f.fd','KPI','progr','motMessage',NULL,NULL,NULL,NULL,NULL,NULL,NULL,NULL),
	(2104,'aaa','aaa','','m','1995-11-11','Ukraine','Kiev','sdf@f.fd','KPI','progr','motMessage',NULL,NULL,NULL,NULL,NULL,NULL,NULL,NULL),
	(2105,'aaa','aaa','','m','1995-11-11','Ukraine','Kiev','sdf@f.fd','KPI','progr','motMessage',NULL,NULL,NULL,NULL,NULL,NULL,NULL,NULL),
	(2106,'aaa','aaa','','m','1995-11-11','Ukraine','Kiev','sdf@f.fd','KPI','progr','motMessage',NULL,NULL,NULL,NULL,NULL,NULL,NULL,NULL),
	(2107,'aaa','aaa','','m','1995-11-11','Ukraine','Kiev','sdf@f.fd','KPI','progr','motMessage',NULL,NULL,NULL,NULL,NULL,NULL,NULL,NULL),
	(2108,'aaa','aaa','','m','1995-11-11','Ukraine','Kiev','sdf@f.fd','KPI','progr','motMessage',NULL,NULL,NULL,NULL,NULL,NULL,NULL,NULL),
	(2109,'aaa','aaa','','m','1995-11-11','Ukraine','Kiev','sdf@f.fd','KPI','progr','motMessage',NULL,NULL,NULL,NULL,NULL,NULL,NULL,NULL),
	(2110,'aaa','aaa','','m','1995-11-11','Ukraine','Kiev','sdf@f.fd','KPI','progr','motMessage',NULL,NULL,NULL,NULL,NULL,NULL,NULL,NULL),
	(2111,'aaa','aaa','','m','1995-11-11','Ukraine','Kiev','sdf@f.fd','KPI','progr','motMessage',NULL,NULL,NULL,NULL,NULL,NULL,NULL,NULL),
	(2112,'aaa','aaa','','m','1995-11-11','Ukraine','Kiev','sdf@f.fd','KPI','progr','motMessage',NULL,NULL,NULL,NULL,NULL,NULL,NULL,NULL),
	(2113,'aaa','aaa','','m','1995-11-11','Ukraine','Kiev','sdf@f.fd','KPI','progr','motMessage',NULL,NULL,NULL,NULL,NULL,NULL,NULL,NULL),
	(2114,'aaa','aaa','','m','1995-11-11','Ukraine','Kiev','sdf@f.fd','KPI','progr','motMessage',NULL,NULL,NULL,NULL,NULL,NULL,NULL,NULL),
	(2115,'aaa','aaa','','m','1995-11-11','Ukraine','Kiev','sdf@f.fd','KPI','progr','motMessage',NULL,NULL,NULL,NULL,NULL,NULL,NULL,NULL),
	(2116,'aaa','aaa','','m','1995-11-11','Ukraine','Kiev','sdf@f.fd','KPI','progr','motMessage',NULL,NULL,NULL,NULL,NULL,NULL,NULL,NULL),
	(2117,'aaa','aaa','','m','1995-11-11','Ukraine','Kiev','sdf@f.fd','KPI','progr','motMessage',NULL,NULL,NULL,NULL,NULL,NULL,NULL,NULL),
	(2118,'aaa','aaa','','m','1995-11-11','Ukraine','Kiev','sdf@f.fd','KPI','progr','motMessage',NULL,NULL,NULL,NULL,NULL,NULL,NULL,NULL);

/*!40000 ALTER TABLE `apply_applyapplication` ENABLE KEYS */;
UNLOCK TABLES;


DROP TABLE IF EXISTS `apply_destribution`;

CREATE TABLE `apply_destribution` (
  `id` int(11) NOT NULL AUTO_INCREMENT,
  `CF_max` int(11) NOT NULL,
  `member_id_id` int(11) NOT NULL,
  `project_id_id` int(11) NOT NULL,
  PRIMARY KEY (`id`),
  KEY `apply_destrib_member_id_id_8b114f62_fk_apply_applyapplication_id` (`member_id_id`),
  KEY `appl_project_id_id_8daee9b5_fk_projectsTestsQuestions_project_id` (`project_id_id`),
  CONSTRAINT `appl_project_id_id_8daee9b5_fk_projectsTestsQuestions_project_id` FOREIGN KEY (`project_id_id`) REFERENCES `projectsTestsQuestions_project` (`id`),
  CONSTRAINT `apply_destrib_member_id_id_8b114f62_fk_apply_applyapplication_id` FOREIGN KEY (`member_id_id`) REFERENCES `apply_applyapplication` (`id`)
) ENGINE=InnoDB DEFAULT CHARSET=latin1;

LOCK TABLES `apply_destribution` WRITE;
/*!40000 ALTER TABLE `apply_destribution` DISABLE KEYS */;

INSERT INTO `apply_destribution` (`id`, `CF_max`, `member_id_id`, `project_id_id`)
VALUES
	(919,8,2034,1),
	(920,8,2118,1),
	(921,8,2084,1),
	(922,8,2058,1),
	(923,8,2073,1),
	(924,8,2115,1),
	(925,8,2104,1),
	(926,8,2089,1),
	(927,8,2006,1),
	(928,8,1996,1),
	(929,8,1989,2),
	(930,8,2039,2),
	(931,8,2011,2),
	(932,8,2023,2),
	(933,8,2012,2),
	(934,8,2102,2),
	(935,8,1994,2),
	(936,8,2087,2),
	(937,8,2091,2),
	(938,8,2022,2),
	(939,8,2088,3),
	(940,8,2109,3),
	(941,8,1979,3),
	(942,8,1991,3),
	(943,8,2110,3),
	(944,8,1998,3),
	(945,8,1995,3),
	(946,8,2116,3),
	(947,8,2017,3),
	(948,8,2052,3);

/*!40000 ALTER TABLE `apply_destribution` ENABLE KEYS */;
UNLOCK TABLES;


DROP TABLE IF EXISTS `apply_projectpriority`;

CREATE TABLE `apply_projectpriority` (
  `id` int(11) NOT NULL AUTO_INCREMENT,
  `priority` int(11) NOT NULL,
  `applyApp_id_id` int(11) NOT NULL,
  `project_id_id` int(11) NOT NULL,
  PRIMARY KEY (`id`),
  KEY `apply_proje_applyApp_id_id_e9d33e64_fk_apply_applyapplication_id` (`applyApp_id_id`),
  KEY `appl_project_id_id_9370a61f_fk_projectsTestsQuestions_project_id` (`project_id_id`),
  CONSTRAINT `appl_project_id_id_9370a61f_fk_projectsTestsQuestions_project_id` FOREIGN KEY (`project_id_id`) REFERENCES `projectsTestsQuestions_project` (`id`),
  CONSTRAINT `apply_proje_applyApp_id_id_e9d33e64_fk_apply_applyapplication_id` FOREIGN KEY (`applyApp_id_id`) REFERENCES `apply_applyapplication` (`id`)
) ENGINE=InnoDB DEFAULT CHARSET=latin1;

LOCK TABLES `apply_projectpriority` WRITE;
/*!40000 ALTER TABLE `apply_projectpriority` DISABLE KEYS */;

INSERT INTO `apply_projectpriority` (`id`, `priority`, `applyApp_id_id`, `project_id_id`)
VALUES
	(3767,1,1970,1),
	(3768,3,1970,2),
	(3769,2,1970,3),
	(3770,2,1971,1),
	(3771,1,1971,2),
	(3772,3,1971,3),
	(3773,1,1972,1),
	(3774,3,1972,2),
	(3775,2,1972,3),
	(3776,1,1973,1),
	(3777,2,1973,2),
	(3778,3,1973,3),
	(3779,1,1974,1),
	(3780,2,1974,2),
	(3781,3,1974,3),
	(3782,3,1975,1),
	(3783,2,1975,2),
	(3784,1,1975,3),
	(3785,2,1976,1),
	(3786,3,1976,2),
	(3787,1,1976,3),
	(3788,1,1977,1),
	(3789,3,1977,2),
	(3790,2,1977,3),
	(3791,2,1978,1),
	(3792,1,1978,2),
	(3793,3,1978,3),
	(3794,2,1979,1),
	(3795,3,1979,2),
	(3796,1,1979,3),
	(3797,3,1980,1),
	(3798,1,1980,2),
	(3799,2,1980,3),
	(3800,1,1981,1),
	(3801,2,1981,2),
	(3802,3,1981,3),
	(3803,2,1982,1),
	(3804,3,1982,2),
	(3805,1,1982,3),
	(3806,3,1983,1),
	(3807,1,1983,2),
	(3808,2,1983,3),
	(3809,2,1984,1),
	(3810,1,1984,2),
	(3811,3,1984,3),
	(3812,3,1985,1),
	(3813,1,1985,2),
	(3814,2,1985,3),
	(3815,3,1986,1),
	(3816,1,1986,2),
	(3817,2,1986,3),
	(3818,1,1987,1),
	(3819,3,1987,2),
	(3820,2,1987,3),
	(3821,2,1988,1),
	(3822,3,1988,2),
	(3823,1,1988,3),
	(3824,3,1989,1),
	(3825,1,1989,2),
	(3826,2,1989,3),
	(3827,2,1990,1),
	(3828,1,1990,2),
	(3829,3,1990,3),
	(3830,2,1991,1),
	(3831,1,1991,2),
	(3832,3,1991,3),
	(3833,1,1992,1),
	(3834,2,1992,2),
	(3835,3,1992,3),
	(3836,1,1993,1),
	(3837,2,1993,2),
	(3838,3,1993,3),
	(3839,1,1994,1),
	(3840,3,1994,2),
	(3841,2,1994,3),
	(3842,2,1995,1),
	(3843,1,1995,2),
	(3844,3,1995,3),
	(3845,1,1996,1),
	(3846,2,1996,2),
	(3847,3,1996,3),
	(3848,1,1997,1),
	(3849,3,1997,2),
	(3850,2,1997,3),
	(3851,3,1998,1),
	(3852,2,1998,2),
	(3853,1,1998,3),
	(3854,2,1999,1),
	(3855,3,1999,2),
	(3856,1,1999,3),
	(3857,2,2000,1),
	(3858,1,2000,2),
	(3859,3,2000,3),
	(3860,1,2001,1),
	(3861,2,2001,2),
	(3862,3,2001,3),
	(3863,1,2002,1),
	(3864,2,2002,2),
	(3865,3,2002,3),
	(3866,3,2003,1),
	(3867,2,2003,2),
	(3868,1,2003,3),
	(3869,2,2004,1),
	(3870,1,2004,2),
	(3871,3,2004,3),
	(3872,2,2005,1),
	(3873,3,2005,2),
	(3874,1,2005,3),
	(3875,1,2006,1),
	(3876,2,2006,2),
	(3877,3,2006,3),
	(3878,2,2007,1),
	(3879,1,2007,2),
	(3880,3,2007,3),
	(3881,1,2008,1),
	(3882,2,2008,2),
	(3883,3,2008,3),
	(3884,1,2009,1),
	(3885,3,2009,2),
	(3886,2,2009,3),
	(3887,3,2010,1),
	(3888,2,2010,2),
	(3889,1,2010,3),
	(3890,3,2011,1),
	(3891,1,2011,2),
	(3892,2,2011,3),
	(3893,3,2012,1),
	(3894,1,2012,2),
	(3895,2,2012,3),
	(3896,1,2013,1),
	(3897,2,2013,2),
	(3898,3,2013,3),
	(3899,2,2014,1),
	(3900,3,2014,2),
	(3901,1,2014,3),
	(3902,1,2015,1),
	(3903,3,2015,2),
	(3904,2,2015,3),
	(3905,2,2016,1),
	(3906,1,2016,2),
	(3907,3,2016,3),
	(3908,2,2017,1),
	(3909,3,2017,2),
	(3910,1,2017,3),
	(3911,2,2018,1),
	(3912,3,2018,2),
	(3913,1,2018,3),
	(3914,3,2019,1),
	(3915,2,2019,2),
	(3916,1,2019,3),
	(3917,1,2020,1),
	(3918,2,2020,2),
	(3919,3,2020,3),
	(3920,3,2021,1),
	(3921,2,2021,2),
	(3922,1,2021,3),
	(3923,1,2022,1),
	(3924,2,2022,2),
	(3925,3,2022,3),
	(3926,3,2023,1),
	(3927,1,2023,2),
	(3928,2,2023,3),
	(3929,3,2024,1),
	(3930,2,2024,2),
	(3931,1,2024,3),
	(3932,1,2025,1),
	(3933,3,2025,2),
	(3934,2,2025,3),
	(3935,1,2026,1),
	(3936,2,2026,2),
	(3937,3,2026,3),
	(3938,2,2027,1),
	(3939,3,2027,2),
	(3940,1,2027,3),
	(3941,3,2028,1),
	(3942,1,2028,2),
	(3943,2,2028,3),
	(3944,2,2029,1),
	(3945,1,2029,2),
	(3946,3,2029,3),
	(3947,2,2030,1),
	(3948,3,2030,2),
	(3949,1,2030,3),
	(3950,2,2031,1),
	(3951,3,2031,2),
	(3952,1,2031,3),
	(3953,1,2032,1),
	(3954,3,2032,2),
	(3955,2,2032,3),
	(3956,3,2033,1),
	(3957,2,2033,2),
	(3958,1,2033,3),
	(3959,1,2034,1),
	(3960,3,2034,2),
	(3961,2,2034,3),
	(3962,1,2035,1),
	(3963,2,2035,2),
	(3964,3,2035,3),
	(3965,1,2036,1),
	(3966,3,2036,2),
	(3967,2,2036,3),
	(3968,1,2037,1),
	(3969,3,2037,2),
	(3970,2,2037,3),
	(3971,1,2038,1),
	(3972,2,2038,2),
	(3973,3,2038,3),
	(3974,3,2039,1),
	(3975,1,2039,2),
	(3976,2,2039,3),
	(3977,3,2040,1),
	(3978,1,2040,2),
	(3979,2,2040,3),
	(3980,3,2041,1),
	(3981,2,2041,2),
	(3982,1,2041,3),
	(3983,3,2042,1),
	(3984,2,2042,2),
	(3985,1,2042,3),
	(3986,2,2043,1),
	(3987,1,2043,2),
	(3988,3,2043,3),
	(3989,1,2044,1),
	(3990,2,2044,2),
	(3991,3,2044,3),
	(3992,2,2045,1),
	(3993,3,2045,2),
	(3994,1,2045,3),
	(3995,2,2046,1),
	(3996,1,2046,2),
	(3997,3,2046,3),
	(3998,2,2047,1),
	(3999,1,2047,2),
	(4000,3,2047,3),
	(4001,2,2048,1),
	(4002,3,2048,2),
	(4003,1,2048,3),
	(4004,3,2049,1),
	(4005,2,2049,2),
	(4006,1,2049,3),
	(4007,2,2050,1),
	(4008,1,2050,2),
	(4009,3,2050,3),
	(4010,1,2051,1),
	(4011,3,2051,2),
	(4012,2,2051,3),
	(4013,2,2052,1),
	(4014,3,2052,2),
	(4015,1,2052,3),
	(4016,2,2053,1),
	(4017,3,2053,2),
	(4018,1,2053,3),
	(4019,3,2054,1),
	(4020,1,2054,2),
	(4021,2,2054,3),
	(4022,2,2055,1),
	(4023,1,2055,2),
	(4024,3,2055,3),
	(4025,2,2056,1),
	(4026,3,2056,2),
	(4027,1,2056,3),
	(4028,3,2057,1),
	(4029,1,2057,2),
	(4030,2,2057,3),
	(4031,1,2058,1),
	(4032,2,2058,2),
	(4033,3,2058,3),
	(4034,3,2059,1),
	(4035,2,2059,2),
	(4036,1,2059,3),
	(4037,3,2060,1),
	(4038,1,2060,2),
	(4039,2,2060,3),
	(4040,3,2061,1),
	(4041,2,2061,2),
	(4042,1,2061,3),
	(4043,1,2062,1),
	(4044,3,2062,2),
	(4045,2,2062,3),
	(4046,1,2063,1),
	(4047,2,2063,2),
	(4048,3,2063,3),
	(4049,1,2064,1),
	(4050,2,2064,2),
	(4051,3,2064,3),
	(4052,1,2065,1),
	(4053,3,2065,2),
	(4054,2,2065,3),
	(4055,2,2066,1),
	(4056,1,2066,2),
	(4057,3,2066,3),
	(4058,1,2067,1),
	(4059,3,2067,2),
	(4060,2,2067,3),
	(4061,1,2068,1),
	(4062,3,2068,2),
	(4063,2,2068,3),
	(4064,3,2069,1),
	(4065,2,2069,2),
	(4066,1,2069,3),
	(4067,1,2070,1),
	(4068,2,2070,2),
	(4069,3,2070,3),
	(4070,2,2071,1),
	(4071,3,2071,2),
	(4072,1,2071,3),
	(4073,2,2072,1),
	(4074,3,2072,2),
	(4075,1,2072,3),
	(4076,1,2073,1),
	(4077,3,2073,2),
	(4078,2,2073,3),
	(4079,1,2074,1),
	(4080,3,2074,2),
	(4081,2,2074,3),
	(4082,3,2075,1),
	(4083,2,2075,2),
	(4084,1,2075,3),
	(4085,1,2076,1),
	(4086,3,2076,2),
	(4087,2,2076,3),
	(4088,3,2077,1),
	(4089,1,2077,2),
	(4090,2,2077,3),
	(4091,2,2078,1),
	(4092,3,2078,2),
	(4093,1,2078,3),
	(4094,1,2079,1),
	(4095,3,2079,2),
	(4096,2,2079,3),
	(4097,1,2080,1),
	(4098,2,2080,2),
	(4099,3,2080,3),
	(4100,2,2081,1),
	(4101,3,2081,2),
	(4102,1,2081,3),
	(4103,3,2082,1),
	(4104,1,2082,2),
	(4105,2,2082,3),
	(4106,1,2083,1),
	(4107,3,2083,2),
	(4108,2,2083,3),
	(4109,1,2084,1),
	(4110,3,2084,2),
	(4111,2,2084,3),
	(4112,3,2085,1),
	(4113,2,2085,2),
	(4114,1,2085,3),
	(4115,1,2086,1),
	(4116,2,2086,2),
	(4117,3,2086,3),
	(4118,2,2087,1),
	(4119,1,2087,2),
	(4120,3,2087,3),
	(4121,2,2088,1),
	(4122,3,2088,2),
	(4123,1,2088,3),
	(4124,2,2089,1),
	(4125,1,2089,2),
	(4126,3,2089,3),
	(4127,1,2090,1),
	(4128,3,2090,2),
	(4129,2,2090,3),
	(4130,3,2091,1),
	(4131,1,2091,2),
	(4132,2,2091,3),
	(4133,2,2092,1),
	(4134,3,2092,2),
	(4135,1,2092,3),
	(4136,1,2093,1),
	(4137,2,2093,2),
	(4138,3,2093,3),
	(4139,1,2094,1),
	(4140,3,2094,2),
	(4141,2,2094,3),
	(4142,2,2095,1),
	(4143,1,2095,2),
	(4144,3,2095,3),
	(4145,2,2096,1),
	(4146,3,2096,2),
	(4147,1,2096,3),
	(4148,3,2097,1),
	(4149,1,2097,2),
	(4150,2,2097,3),
	(4151,3,2098,1),
	(4152,2,2098,2),
	(4153,1,2098,3),
	(4154,3,2099,1),
	(4155,2,2099,2),
	(4156,1,2099,3),
	(4157,1,2100,1),
	(4158,3,2100,2),
	(4159,2,2100,3),
	(4160,2,2101,1),
	(4161,1,2101,2),
	(4162,3,2101,3),
	(4163,3,2102,1),
	(4164,1,2102,2),
	(4165,2,2102,3),
	(4166,3,2103,1),
	(4167,2,2103,2),
	(4168,1,2103,3),
	(4169,1,2104,1),
	(4170,3,2104,2),
	(4171,2,2104,3),
	(4172,1,2105,1),
	(4173,2,2105,2),
	(4174,3,2105,3),
	(4175,2,2106,1),
	(4176,3,2106,2),
	(4177,1,2106,3),
	(4178,3,2107,1),
	(4179,1,2107,2),
	(4180,2,2107,3),
	(4181,1,2108,1),
	(4182,2,2108,2),
	(4183,3,2108,3),
	(4184,3,2109,1),
	(4185,2,2109,2),
	(4186,1,2109,3),
	(4187,2,2110,1),
	(4188,3,2110,2),
	(4189,1,2110,3),
	(4190,3,2111,1),
	(4191,1,2111,2),
	(4192,2,2111,3),
	(4193,1,2112,1),
	(4194,2,2112,2),
	(4195,3,2112,3),
	(4196,2,2113,1),
	(4197,3,2113,2),
	(4198,1,2113,3),
	(4199,2,2114,1),
	(4200,3,2114,2),
	(4201,1,2114,3),
	(4202,1,2115,1),
	(4203,2,2115,2),
	(4204,3,2115,3),
	(4205,2,2116,1),
	(4206,3,2116,2),
	(4207,1,2116,3),
	(4208,1,2117,1),
	(4209,3,2117,2),
	(4210,2,2117,3),
	(4211,3,2118,1),
	(4212,2,2118,2),
	(4213,1,2118,3);

/*!40000 ALTER TABLE `apply_projectpriority` ENABLE KEYS */;
UNLOCK TABLES;


DROP TABLE IF EXISTS `apply_testsapply`;

CREATE TABLE `apply_testsapply` (
  `id` int(11) NOT NULL AUTO_INCREMENT,
  `answer` tinyint(1) NOT NULL,
  `applyApp_id_id` int(11) NOT NULL,
  `subject_id_id` int(11) NOT NULL,
  `tests_id_id` int(11) NOT NULL,
  PRIMARY KEY (`id`),
  KEY `apply_tests_applyApp_id_id_2ed4b924_fk_apply_applyapplication_id` (`applyApp_id_id`),
  KEY `appl_subject_id_id_61d2607c_fk_projectsTestsQuestions_subject_id` (`subject_id_id`),
  KEY `apply_tes_tests_id_id_83d6bd99_fk_projectsTestsQuestions_test_id` (`tests_id_id`),
  CONSTRAINT `appl_subject_id_id_61d2607c_fk_projectsTestsQuestions_subject_id` FOREIGN KEY (`subject_id_id`) REFERENCES `projectsTestsQuestions_subject` (`id`),
  CONSTRAINT `apply_tes_tests_id_id_83d6bd99_fk_projectsTestsQuestions_test_id` FOREIGN KEY (`tests_id_id`) REFERENCES `projectsTestsQuestions_test` (`id`),
  CONSTRAINT `apply_tests_applyApp_id_id_2ed4b924_fk_apply_applyapplication_id` FOREIGN KEY (`applyApp_id_id`) REFERENCES `apply_applyapplication` (`id`)
) ENGINE=InnoDB DEFAULT CHARSET=latin1;

LOCK TABLES `apply_testsapply` WRITE;
/*!40000 ALTER TABLE `apply_testsapply` DISABLE KEYS */;

INSERT INTO `apply_testsapply` (`id`, `answer`, `applyApp_id_id`, `subject_id_id`, `tests_id_id`)
VALUES
	(47194,1,1970,1,14),
	(47195,1,1970,1,13),
	(47196,1,1970,1,16),
	(47197,1,1970,1,9),
	(47198,1,1970,1,15),
	(47199,1,1970,2,18),
	(47200,1,1970,2,11),
	(47201,1,1970,2,19),
	(47202,1,1970,2,7),
	(47203,1,1970,2,17),
	(47204,1,1970,3,20),
	(47205,1,1970,3,22),
	(47206,1,1970,3,23),
	(47207,1,1970,3,21),
	(47208,1,1970,3,10),
	(47209,1,1970,4,27),
	(47210,1,1970,4,26),
	(47211,1,1970,4,24),
	(47212,1,1970,4,25),
	(47213,1,1970,4,12),
	(47214,1,1970,5,29),
	(47215,1,1970,5,30),
	(47216,1,1970,5,28),
	(47217,1,1970,5,31),
	(47218,1,1970,5,8),
	(47219,1,1971,1,14),
	(47220,1,1971,1,13),
	(47221,1,1971,1,16),
	(47222,1,1971,1,15),
	(47223,1,1971,1,9),
	(47224,1,1971,2,17),
	(47225,1,1971,2,19),
	(47226,1,1971,2,11),
	(47227,1,1971,2,18),
	(47228,1,1971,2,7),
	(47229,1,1971,3,10),
	(47230,1,1971,3,21),
	(47231,1,1971,3,20),
	(47232,1,1971,3,23),
	(47233,1,1971,3,22),
	(47234,1,1971,4,25),
	(47235,1,1971,4,27),
	(47236,1,1971,4,26),
	(47237,1,1971,4,12),
	(47238,1,1971,4,24),
	(47239,1,1971,5,30),
	(47240,1,1971,5,29),
	(47241,1,1971,5,32),
	(47242,1,1971,5,28),
	(47243,1,1971,5,8),
	(47244,1,1972,1,13),
	(47245,1,1972,1,15),
	(47246,1,1972,1,9),
	(47247,1,1972,1,14),
	(47248,1,1972,1,16),
	(47249,1,1972,2,17),
	(47250,1,1972,2,7),
	(47251,1,1972,2,11),
	(47252,1,1972,2,19),
	(47253,1,1972,2,18),
	(47254,1,1972,3,23),
	(47255,1,1972,3,21),
	(47256,1,1972,3,10),
	(47257,1,1972,3,20),
	(47258,1,1972,3,22),
	(47259,1,1972,4,24),
	(47260,1,1972,4,12),
	(47261,1,1972,4,25),
	(47262,1,1972,4,26),
	(47263,1,1972,4,27),
	(47264,1,1972,5,32),
	(47265,1,1972,5,31),
	(47266,1,1972,5,30),
	(47267,1,1972,5,29),
	(47268,1,1972,5,8),
	(47269,1,1973,1,16),
	(47270,1,1973,1,13),
	(47271,1,1973,1,15),
	(47272,1,1973,1,14),
	(47273,1,1973,1,9),
	(47274,1,1973,2,17),
	(47275,1,1973,2,18),
	(47276,1,1973,2,11),
	(47277,1,1973,2,7),
	(47278,1,1973,2,19),
	(47279,1,1973,3,10),
	(47280,1,1973,3,23),
	(47281,1,1973,3,20),
	(47282,1,1973,3,21),
	(47283,1,1973,3,22),
	(47284,1,1973,4,26),
	(47285,1,1973,4,25),
	(47286,1,1973,4,12),
	(47287,1,1973,4,24),
	(47288,1,1973,4,27),
	(47289,1,1973,5,28),
	(47290,1,1973,5,31),
	(47291,1,1973,5,29),
	(47292,1,1973,5,8),
	(47293,1,1973,5,30),
	(47294,1,1974,1,16),
	(47295,1,1974,1,15),
	(47296,1,1974,1,14),
	(47297,1,1974,1,13),
	(47298,1,1974,1,9),
	(47299,1,1974,2,19),
	(47300,1,1974,2,17),
	(47301,1,1974,2,11),
	(47302,1,1974,2,7),
	(47303,1,1974,2,18),
	(47304,1,1974,3,20),
	(47305,1,1974,3,23),
	(47306,1,1974,3,10),
	(47307,1,1974,3,22),
	(47308,1,1974,3,21),
	(47309,1,1974,4,24),
	(47310,1,1974,4,12),
	(47311,1,1974,4,26),
	(47312,1,1974,4,27),
	(47313,1,1974,4,25),
	(47314,1,1974,5,28),
	(47315,1,1974,5,29),
	(47316,1,1974,5,31),
	(47317,1,1974,5,32),
	(47318,1,1974,5,8),
	(47319,1,1975,1,16),
	(47320,1,1975,1,13),
	(47321,1,1975,1,14),
	(47322,1,1975,1,9),
	(47323,1,1975,1,15),
	(47324,1,1975,2,7),
	(47325,1,1975,2,11),
	(47326,1,1975,2,17),
	(47327,1,1975,2,19),
	(47328,1,1975,2,18),
	(47329,1,1975,3,10),
	(47330,1,1975,3,22),
	(47331,1,1975,3,20),
	(47332,1,1975,3,23),
	(47333,1,1975,3,21),
	(47334,1,1975,4,12),
	(47335,1,1975,4,27),
	(47336,1,1975,4,24),
	(47337,1,1975,4,25),
	(47338,1,1975,4,26),
	(47339,1,1975,5,32),
	(47340,1,1975,5,30),
	(47341,1,1975,5,31),
	(47342,1,1975,5,8),
	(47343,1,1975,5,28),
	(47344,1,1976,1,14),
	(47345,1,1976,1,16),
	(47346,1,1976,1,9),
	(47347,1,1976,1,15),
	(47348,1,1976,1,13),
	(47349,1,1976,2,18),
	(47350,1,1976,2,19),
	(47351,1,1976,2,17),
	(47352,1,1976,2,11),
	(47353,1,1976,2,7),
	(47354,1,1976,3,22),
	(47355,1,1976,3,10),
	(47356,1,1976,3,20),
	(47357,1,1976,3,21),
	(47358,1,1976,3,23),
	(47359,1,1976,4,26),
	(47360,1,1976,4,27),
	(47361,1,1976,4,12),
	(47362,1,1976,4,25),
	(47363,1,1976,4,24),
	(47364,1,1976,5,28),
	(47365,1,1976,5,8),
	(47366,1,1976,5,29),
	(47367,1,1976,5,31),
	(47368,1,1976,5,30),
	(47369,1,1977,1,15),
	(47370,1,1977,1,14),
	(47371,1,1977,1,9),
	(47372,1,1977,1,16),
	(47373,1,1977,1,13),
	(47374,1,1977,2,18),
	(47375,1,1977,2,17),
	(47376,1,1977,2,7),
	(47377,1,1977,2,19),
	(47378,1,1977,2,11),
	(47379,1,1977,3,20),
	(47380,1,1977,3,22),
	(47381,1,1977,3,10),
	(47382,1,1977,3,21),
	(47383,1,1977,3,23),
	(47384,1,1977,4,24),
	(47385,1,1977,4,12),
	(47386,1,1977,4,26),
	(47387,1,1977,4,27),
	(47388,1,1977,4,25),
	(47389,1,1977,5,28),
	(47390,1,1977,5,31),
	(47391,1,1977,5,30),
	(47392,1,1977,5,32),
	(47393,1,1977,5,8),
	(47394,1,1978,1,15),
	(47395,1,1978,1,9),
	(47396,1,1978,1,13),
	(47397,1,1978,1,14),
	(47398,1,1978,1,16),
	(47399,1,1978,2,19),
	(47400,1,1978,2,7),
	(47401,1,1978,2,18),
	(47402,1,1978,2,11),
	(47403,1,1978,2,17),
	(47404,1,1978,3,23),
	(47405,1,1978,3,20),
	(47406,1,1978,3,21),
	(47407,1,1978,3,10),
	(47408,1,1978,3,22),
	(47409,1,1978,4,12),
	(47410,1,1978,4,24),
	(47411,1,1978,4,27),
	(47412,1,1978,4,26),
	(47413,1,1978,4,25),
	(47414,1,1978,5,29),
	(47415,1,1978,5,32),
	(47416,1,1978,5,31),
	(47417,1,1978,5,30),
	(47418,1,1978,5,8),
	(47419,1,1979,1,16),
	(47420,1,1979,1,15),
	(47421,1,1979,1,14),
	(47422,1,1979,1,9),
	(47423,1,1979,1,13),
	(47424,1,1979,2,7),
	(47425,1,1979,2,19),
	(47426,1,1979,2,17),
	(47427,1,1979,2,11),
	(47428,1,1979,2,18),
	(47429,1,1979,3,10),
	(47430,1,1979,3,22),
	(47431,1,1979,3,21),
	(47432,1,1979,3,20),
	(47433,1,1979,3,23),
	(47434,1,1979,4,27),
	(47435,1,1979,4,26),
	(47436,1,1979,4,12),
	(47437,1,1979,4,25),
	(47438,1,1979,4,24),
	(47439,1,1979,5,28),
	(47440,1,1979,5,8),
	(47441,1,1979,5,31),
	(47442,1,1979,5,29),
	(47443,1,1979,5,30),
	(47444,1,1980,1,14),
	(47445,1,1980,1,16),
	(47446,1,1980,1,9),
	(47447,1,1980,1,15),
	(47448,1,1980,1,13),
	(47449,1,1980,2,11),
	(47450,1,1980,2,17),
	(47451,1,1980,2,7),
	(47452,1,1980,2,18),
	(47453,1,1980,2,19),
	(47454,1,1980,3,20),
	(47455,1,1980,3,23),
	(47456,1,1980,3,22),
	(47457,1,1980,3,10),
	(47458,1,1980,3,21),
	(47459,1,1980,4,12),
	(47460,1,1980,4,26),
	(47461,1,1980,4,25),
	(47462,1,1980,4,24),
	(47463,1,1980,4,27),
	(47464,1,1980,5,8),
	(47465,1,1980,5,28),
	(47466,1,1980,5,29),
	(47467,1,1980,5,31),
	(47468,1,1980,5,32),
	(47469,1,1981,1,16),
	(47470,1,1981,1,9),
	(47471,1,1981,1,13),
	(47472,1,1981,1,14),
	(47473,1,1981,1,15),
	(47474,1,1981,2,17),
	(47475,1,1981,2,18),
	(47476,1,1981,2,19),
	(47477,1,1981,2,11),
	(47478,1,1981,2,7),
	(47479,1,1981,3,23),
	(47480,1,1981,3,22),
	(47481,1,1981,3,10),
	(47482,1,1981,3,20),
	(47483,1,1981,3,21),
	(47484,1,1981,4,12),
	(47485,1,1981,4,24),
	(47486,1,1981,4,26),
	(47487,1,1981,4,27),
	(47488,1,1981,4,25),
	(47489,1,1981,5,8),
	(47490,1,1981,5,29),
	(47491,1,1981,5,31),
	(47492,1,1981,5,30),
	(47493,1,1981,5,32),
	(47494,1,1982,1,9),
	(47495,1,1982,1,16),
	(47496,1,1982,1,13),
	(47497,1,1982,1,15),
	(47498,1,1982,1,14),
	(47499,1,1982,2,19),
	(47500,1,1982,2,11),
	(47501,1,1982,2,7),
	(47502,1,1982,2,18),
	(47503,1,1982,2,17),
	(47504,1,1982,3,20),
	(47505,1,1982,3,22),
	(47506,1,1982,3,23),
	(47507,1,1982,3,10),
	(47508,1,1982,3,21),
	(47509,1,1982,4,24),
	(47510,1,1982,4,25),
	(47511,1,1982,4,26),
	(47512,1,1982,4,27),
	(47513,1,1982,4,12),
	(47514,1,1982,5,30),
	(47515,1,1982,5,28),
	(47516,1,1982,5,29),
	(47517,1,1982,5,31),
	(47518,1,1982,5,32),
	(47519,1,1983,1,16),
	(47520,1,1983,1,14),
	(47521,1,1983,1,13),
	(47522,1,1983,1,15),
	(47523,1,1983,1,9),
	(47524,1,1983,2,17),
	(47525,1,1983,2,11),
	(47526,1,1983,2,19),
	(47527,1,1983,2,18),
	(47528,1,1983,2,7),
	(47529,1,1983,3,21),
	(47530,1,1983,3,10),
	(47531,1,1983,3,22),
	(47532,1,1983,3,23),
	(47533,1,1983,3,20),
	(47534,1,1983,4,26),
	(47535,1,1983,4,12),
	(47536,1,1983,4,24),
	(47537,1,1983,4,27),
	(47538,1,1983,4,25),
	(47539,1,1983,5,30),
	(47540,1,1983,5,31),
	(47541,1,1983,5,28),
	(47542,1,1983,5,32),
	(47543,1,1983,5,29),
	(47544,1,1984,1,13),
	(47545,1,1984,1,14),
	(47546,1,1984,1,15),
	(47547,1,1984,1,9),
	(47548,1,1984,1,16),
	(47549,1,1984,2,17),
	(47550,1,1984,2,18),
	(47551,1,1984,2,11),
	(47552,1,1984,2,19),
	(47553,1,1984,2,7),
	(47554,1,1984,3,23),
	(47555,1,1984,3,21),
	(47556,1,1984,3,20),
	(47557,1,1984,3,10),
	(47558,1,1984,3,22),
	(47559,1,1984,4,24),
	(47560,1,1984,4,26),
	(47561,1,1984,4,25),
	(47562,1,1984,4,12),
	(47563,1,1984,4,27),
	(47564,1,1984,5,31),
	(47565,1,1984,5,29),
	(47566,1,1984,5,28),
	(47567,1,1984,5,32),
	(47568,1,1984,5,30),
	(47569,1,1985,1,14),
	(47570,1,1985,1,9),
	(47571,1,1985,1,13),
	(47572,1,1985,1,15),
	(47573,1,1985,1,16),
	(47574,1,1985,2,17),
	(47575,1,1985,2,11),
	(47576,1,1985,2,19),
	(47577,1,1985,2,7),
	(47578,1,1985,2,18),
	(47579,1,1985,3,20),
	(47580,1,1985,3,22),
	(47581,1,1985,3,10),
	(47582,1,1985,3,21),
	(47583,1,1985,3,23),
	(47584,1,1985,4,25),
	(47585,1,1985,4,12),
	(47586,1,1985,4,24),
	(47587,1,1985,4,26),
	(47588,1,1985,4,27),
	(47589,1,1985,5,28),
	(47590,1,1985,5,32),
	(47591,1,1985,5,29),
	(47592,1,1985,5,8),
	(47593,1,1985,5,30),
	(47594,1,1986,1,14),
	(47595,1,1986,1,16),
	(47596,1,1986,1,15),
	(47597,1,1986,1,13),
	(47598,1,1986,1,9),
	(47599,1,1986,2,7),
	(47600,1,1986,2,19),
	(47601,1,1986,2,11),
	(47602,1,1986,2,18),
	(47603,1,1986,2,17),
	(47604,1,1986,3,20),
	(47605,1,1986,3,10),
	(47606,1,1986,3,21),
	(47607,1,1986,3,22),
	(47608,1,1986,3,23),
	(47609,1,1986,4,25),
	(47610,1,1986,4,24),
	(47611,1,1986,4,26),
	(47612,1,1986,4,27),
	(47613,1,1986,4,12),
	(47614,1,1986,5,30),
	(47615,1,1986,5,32),
	(47616,1,1986,5,8),
	(47617,1,1986,5,29),
	(47618,1,1986,5,28),
	(47619,1,1987,1,14),
	(47620,1,1987,1,16),
	(47621,1,1987,1,9),
	(47622,1,1987,1,15),
	(47623,1,1987,1,13),
	(47624,1,1987,2,17),
	(47625,1,1987,2,18),
	(47626,1,1987,2,7),
	(47627,1,1987,2,11),
	(47628,1,1987,2,19),
	(47629,1,1987,3,20),
	(47630,1,1987,3,10),
	(47631,1,1987,3,21),
	(47632,1,1987,3,23),
	(47633,1,1987,3,22),
	(47634,1,1987,4,26),
	(47635,1,1987,4,24),
	(47636,1,1987,4,25),
	(47637,1,1987,4,12),
	(47638,1,1987,4,27),
	(47639,1,1987,5,30),
	(47640,1,1987,5,32),
	(47641,1,1987,5,31),
	(47642,1,1987,5,29),
	(47643,1,1987,5,8),
	(47644,1,1988,1,9),
	(47645,1,1988,1,15),
	(47646,1,1988,1,13),
	(47647,1,1988,1,14),
	(47648,1,1988,1,16),
	(47649,1,1988,2,19),
	(47650,1,1988,2,11),
	(47651,1,1988,2,18),
	(47652,1,1988,2,17),
	(47653,1,1988,2,7),
	(47654,1,1988,3,20),
	(47655,1,1988,3,21),
	(47656,1,1988,3,10),
	(47657,1,1988,3,22),
	(47658,1,1988,3,23),
	(47659,1,1988,4,24),
	(47660,1,1988,4,25),
	(47661,1,1988,4,26),
	(47662,1,1988,4,27),
	(47663,1,1988,4,12),
	(47664,1,1988,5,32),
	(47665,1,1988,5,8),
	(47666,1,1988,5,28),
	(47667,1,1988,5,31),
	(47668,1,1988,5,30),
	(47669,1,1989,1,13),
	(47670,1,1989,1,9),
	(47671,1,1989,1,16),
	(47672,1,1989,1,15),
	(47673,1,1989,1,14),
	(47674,1,1989,2,19),
	(47675,1,1989,2,18),
	(47676,1,1989,2,11),
	(47677,1,1989,2,17),
	(47678,1,1989,2,7),
	(47679,1,1989,3,10),
	(47680,1,1989,3,20),
	(47681,1,1989,3,23),
	(47682,1,1989,3,21),
	(47683,1,1989,3,22),
	(47684,1,1989,4,24),
	(47685,1,1989,4,12),
	(47686,1,1989,4,26),
	(47687,1,1989,4,27),
	(47688,1,1989,4,25),
	(47689,1,1989,5,30),
	(47690,1,1989,5,32),
	(47691,1,1989,5,8),
	(47692,1,1989,5,31),
	(47693,1,1989,5,28),
	(47694,1,1990,1,9),
	(47695,1,1990,1,15),
	(47696,1,1990,1,13),
	(47697,1,1990,1,14),
	(47698,1,1990,1,16),
	(47699,1,1990,2,17),
	(47700,1,1990,2,7),
	(47701,1,1990,2,18),
	(47702,1,1990,2,11),
	(47703,1,1990,2,19),
	(47704,1,1990,3,21),
	(47705,1,1990,3,23),
	(47706,1,1990,3,10),
	(47707,1,1990,3,20),
	(47708,1,1990,3,22),
	(47709,1,1990,4,26),
	(47710,1,1990,4,25),
	(47711,1,1990,4,12),
	(47712,1,1990,4,27),
	(47713,1,1990,4,24),
	(47714,1,1990,5,30),
	(47715,1,1990,5,29),
	(47716,1,1990,5,31),
	(47717,1,1990,5,28),
	(47718,1,1990,5,32),
	(47719,1,1991,1,14),
	(47720,1,1991,1,16),
	(47721,1,1991,1,15),
	(47722,1,1991,1,13),
	(47723,1,1991,1,9),
	(47724,1,1991,2,17),
	(47725,1,1991,2,7),
	(47726,1,1991,2,19),
	(47727,1,1991,2,18),
	(47728,1,1991,2,11),
	(47729,1,1991,3,10),
	(47730,1,1991,3,21),
	(47731,1,1991,3,23),
	(47732,1,1991,3,20),
	(47733,1,1991,3,22),
	(47734,1,1991,4,27),
	(47735,1,1991,4,26),
	(47736,1,1991,4,12),
	(47737,1,1991,4,25),
	(47738,1,1991,4,24),
	(47739,1,1991,5,8),
	(47740,1,1991,5,29),
	(47741,1,1991,5,31),
	(47742,1,1991,5,30),
	(47743,1,1991,5,32),
	(47744,1,1992,1,15),
	(47745,1,1992,1,13),
	(47746,1,1992,1,14),
	(47747,1,1992,1,9),
	(47748,1,1992,1,16),
	(47749,1,1992,2,17),
	(47750,1,1992,2,11),
	(47751,1,1992,2,19),
	(47752,1,1992,2,7),
	(47753,1,1992,2,18),
	(47754,1,1992,3,23),
	(47755,1,1992,3,10),
	(47756,1,1992,3,20),
	(47757,1,1992,3,21),
	(47758,1,1992,3,22),
	(47759,1,1992,4,12),
	(47760,1,1992,4,27),
	(47761,1,1992,4,26),
	(47762,1,1992,4,25),
	(47763,1,1992,4,24),
	(47764,1,1992,5,32),
	(47765,1,1992,5,30),
	(47766,1,1992,5,8),
	(47767,1,1992,5,28),
	(47768,1,1992,5,31),
	(47769,1,1993,1,13),
	(47770,1,1993,1,14),
	(47771,1,1993,1,15),
	(47772,1,1993,1,9),
	(47773,1,1993,1,16),
	(47774,1,1993,2,7),
	(47775,1,1993,2,17),
	(47776,1,1993,2,19),
	(47777,1,1993,2,18),
	(47778,1,1993,2,11),
	(47779,1,1993,3,20),
	(47780,1,1993,3,10),
	(47781,1,1993,3,21),
	(47782,1,1993,3,23),
	(47783,1,1993,3,22),
	(47784,1,1993,4,26),
	(47785,1,1993,4,24),
	(47786,1,1993,4,12),
	(47787,1,1993,4,25),
	(47788,1,1993,4,27),
	(47789,1,1993,5,30),
	(47790,1,1993,5,29),
	(47791,1,1993,5,31),
	(47792,1,1993,5,8),
	(47793,1,1993,5,28),
	(47794,1,1994,1,15),
	(47795,1,1994,1,14),
	(47796,1,1994,1,16),
	(47797,1,1994,1,13),
	(47798,1,1994,1,9),
	(47799,1,1994,2,17),
	(47800,1,1994,2,11),
	(47801,1,1994,2,19),
	(47802,1,1994,2,18),
	(47803,1,1994,2,7),
	(47804,1,1994,3,10),
	(47805,1,1994,3,20),
	(47806,1,1994,3,23),
	(47807,1,1994,3,22),
	(47808,1,1994,3,21),
	(47809,1,1994,4,24),
	(47810,1,1994,4,12),
	(47811,1,1994,4,27),
	(47812,1,1994,4,25),
	(47813,1,1994,4,26),
	(47814,1,1994,5,32),
	(47815,1,1994,5,31),
	(47816,1,1994,5,30),
	(47817,1,1994,5,29),
	(47818,1,1994,5,8),
	(47819,1,1995,1,14),
	(47820,1,1995,1,9),
	(47821,1,1995,1,13),
	(47822,1,1995,1,15),
	(47823,1,1995,1,16),
	(47824,1,1995,2,11),
	(47825,1,1995,2,18),
	(47826,1,1995,2,17),
	(47827,1,1995,2,19),
	(47828,1,1995,2,7),
	(47829,1,1995,3,20),
	(47830,1,1995,3,10),
	(47831,1,1995,3,23),
	(47832,1,1995,3,21),
	(47833,1,1995,3,22),
	(47834,1,1995,4,25),
	(47835,1,1995,4,26),
	(47836,1,1995,4,27),
	(47837,1,1995,4,24),
	(47838,1,1995,4,12),
	(47839,1,1995,5,31),
	(47840,1,1995,5,28),
	(47841,1,1995,5,32),
	(47842,1,1995,5,30),
	(47843,1,1995,5,29),
	(47844,1,1996,1,9),
	(47845,1,1996,1,15),
	(47846,1,1996,1,16),
	(47847,1,1996,1,14),
	(47848,1,1996,1,13),
	(47849,1,1996,2,7),
	(47850,1,1996,2,18),
	(47851,1,1996,2,11),
	(47852,1,1996,2,19),
	(47853,1,1996,2,17),
	(47854,1,1996,3,23),
	(47855,1,1996,3,22),
	(47856,1,1996,3,20),
	(47857,1,1996,3,10),
	(47858,1,1996,3,21),
	(47859,1,1996,4,12),
	(47860,1,1996,4,26),
	(47861,1,1996,4,25),
	(47862,1,1996,4,24),
	(47863,1,1996,4,27),
	(47864,1,1996,5,30),
	(47865,1,1996,5,29),
	(47866,1,1996,5,31),
	(47867,1,1996,5,8),
	(47868,1,1996,5,28),
	(47869,1,1997,1,16),
	(47870,1,1997,1,13),
	(47871,1,1997,1,15),
	(47872,1,1997,1,9),
	(47873,1,1997,1,14),
	(47874,1,1997,2,19),
	(47875,1,1997,2,11),
	(47876,1,1997,2,17),
	(47877,1,1997,2,18),
	(47878,1,1997,2,7),
	(47879,1,1997,3,20),
	(47880,1,1997,3,10),
	(47881,1,1997,3,23),
	(47882,1,1997,3,22),
	(47883,1,1997,3,21),
	(47884,1,1997,4,26),
	(47885,1,1997,4,24),
	(47886,1,1997,4,25),
	(47887,1,1997,4,27),
	(47888,1,1997,4,12),
	(47889,1,1997,5,28),
	(47890,1,1997,5,8),
	(47891,1,1997,5,31),
	(47892,1,1997,5,30),
	(47893,1,1997,5,29),
	(47894,1,1998,1,9),
	(47895,1,1998,1,15),
	(47896,1,1998,1,13),
	(47897,1,1998,1,16),
	(47898,1,1998,1,14),
	(47899,1,1998,2,7),
	(47900,1,1998,2,19),
	(47901,1,1998,2,18),
	(47902,1,1998,2,11),
	(47903,1,1998,2,17),
	(47904,1,1998,3,22),
	(47905,1,1998,3,21),
	(47906,1,1998,3,10),
	(47907,1,1998,3,20),
	(47908,1,1998,3,23),
	(47909,1,1998,4,24),
	(47910,1,1998,4,27),
	(47911,1,1998,4,25),
	(47912,1,1998,4,26),
	(47913,1,1998,4,12),
	(47914,1,1998,5,31),
	(47915,1,1998,5,28),
	(47916,1,1998,5,29),
	(47917,1,1998,5,30),
	(47918,1,1998,5,8),
	(47919,1,1999,1,9),
	(47920,1,1999,1,14),
	(47921,1,1999,1,15),
	(47922,1,1999,1,13),
	(47923,1,1999,1,16),
	(47924,1,1999,2,18),
	(47925,1,1999,2,11),
	(47926,1,1999,2,7),
	(47927,1,1999,2,17),
	(47928,1,1999,2,19),
	(47929,1,1999,3,23),
	(47930,1,1999,3,10),
	(47931,1,1999,3,22),
	(47932,1,1999,3,20),
	(47933,1,1999,3,21),
	(47934,1,1999,4,12),
	(47935,1,1999,4,26),
	(47936,1,1999,4,27),
	(47937,1,1999,4,24),
	(47938,1,1999,4,25),
	(47939,1,1999,5,31),
	(47940,1,1999,5,30),
	(47941,1,1999,5,32),
	(47942,1,1999,5,8),
	(47943,1,1999,5,29),
	(47944,1,2000,1,15),
	(47945,1,2000,1,14),
	(47946,1,2000,1,9),
	(47947,1,2000,1,16),
	(47948,1,2000,1,13),
	(47949,1,2000,2,18),
	(47950,1,2000,2,17),
	(47951,1,2000,2,19),
	(47952,1,2000,2,11),
	(47953,1,2000,2,7),
	(47954,1,2000,3,22),
	(47955,1,2000,3,10),
	(47956,1,2000,3,20),
	(47957,1,2000,3,23),
	(47958,1,2000,3,21),
	(47959,1,2000,4,25),
	(47960,1,2000,4,12),
	(47961,1,2000,4,27),
	(47962,1,2000,4,26),
	(47963,1,2000,4,24),
	(47964,1,2000,5,31),
	(47965,1,2000,5,32),
	(47966,1,2000,5,8),
	(47967,1,2000,5,28),
	(47968,1,2000,5,30),
	(47969,1,2001,1,16),
	(47970,1,2001,1,9),
	(47971,1,2001,1,13),
	(47972,1,2001,1,14),
	(47973,1,2001,1,15),
	(47974,1,2001,2,17),
	(47975,1,2001,2,11),
	(47976,1,2001,2,19),
	(47977,1,2001,2,7),
	(47978,1,2001,2,18),
	(47979,1,2001,3,23),
	(47980,1,2001,3,22),
	(47981,1,2001,3,10),
	(47982,1,2001,3,20),
	(47983,1,2001,3,21),
	(47984,1,2001,4,25),
	(47985,1,2001,4,27),
	(47986,1,2001,4,24),
	(47987,1,2001,4,26),
	(47988,1,2001,4,12),
	(47989,1,2001,5,29),
	(47990,1,2001,5,28),
	(47991,1,2001,5,30),
	(47992,1,2001,5,32),
	(47993,1,2001,5,31),
	(47994,1,2002,1,9),
	(47995,1,2002,1,13),
	(47996,1,2002,1,16),
	(47997,1,2002,1,14),
	(47998,1,2002,1,15),
	(47999,1,2002,2,11),
	(48000,1,2002,2,19),
	(48001,1,2002,2,18),
	(48002,1,2002,2,17),
	(48003,1,2002,2,7),
	(48004,1,2002,3,21),
	(48005,1,2002,3,22),
	(48006,1,2002,3,20),
	(48007,1,2002,3,10),
	(48008,1,2002,3,23),
	(48009,1,2002,4,24),
	(48010,1,2002,4,27),
	(48011,1,2002,4,25),
	(48012,1,2002,4,26),
	(48013,1,2002,4,12),
	(48014,1,2002,5,32),
	(48015,1,2002,5,31),
	(48016,1,2002,5,8),
	(48017,1,2002,5,29),
	(48018,1,2002,5,28),
	(48019,1,2003,1,13),
	(48020,1,2003,1,15),
	(48021,1,2003,1,9),
	(48022,1,2003,1,16),
	(48023,1,2003,1,14),
	(48024,1,2003,2,11),
	(48025,1,2003,2,19),
	(48026,1,2003,2,17),
	(48027,1,2003,2,7),
	(48028,1,2003,2,18),
	(48029,1,2003,3,22),
	(48030,1,2003,3,23),
	(48031,1,2003,3,20),
	(48032,1,2003,3,10),
	(48033,1,2003,3,21),
	(48034,1,2003,4,26),
	(48035,1,2003,4,24),
	(48036,1,2003,4,12),
	(48037,1,2003,4,25),
	(48038,1,2003,4,27),
	(48039,1,2003,5,28),
	(48040,1,2003,5,32),
	(48041,1,2003,5,8),
	(48042,1,2003,5,29),
	(48043,1,2003,5,30),
	(48044,1,2004,1,13),
	(48045,1,2004,1,9),
	(48046,1,2004,1,16),
	(48047,1,2004,1,14),
	(48048,1,2004,1,15),
	(48049,1,2004,2,7),
	(48050,1,2004,2,18),
	(48051,1,2004,2,17),
	(48052,1,2004,2,19),
	(48053,1,2004,2,11),
	(48054,1,2004,3,10),
	(48055,1,2004,3,23),
	(48056,1,2004,3,21),
	(48057,1,2004,3,20),
	(48058,1,2004,3,22),
	(48059,1,2004,4,26),
	(48060,1,2004,4,12),
	(48061,1,2004,4,25),
	(48062,1,2004,4,27),
	(48063,1,2004,4,24),
	(48064,1,2004,5,32),
	(48065,1,2004,5,8),
	(48066,1,2004,5,29),
	(48067,1,2004,5,30),
	(48068,1,2004,5,28),
	(48069,1,2005,1,15),
	(48070,1,2005,1,13),
	(48071,1,2005,1,16),
	(48072,1,2005,1,9),
	(48073,1,2005,1,14),
	(48074,1,2005,2,19),
	(48075,1,2005,2,17),
	(48076,1,2005,2,18),
	(48077,1,2005,2,11),
	(48078,1,2005,2,7),
	(48079,1,2005,3,20),
	(48080,1,2005,3,21),
	(48081,1,2005,3,10),
	(48082,1,2005,3,23),
	(48083,1,2005,3,22),
	(48084,1,2005,4,27),
	(48085,1,2005,4,12),
	(48086,1,2005,4,26),
	(48087,1,2005,4,25),
	(48088,1,2005,4,24),
	(48089,1,2005,5,28),
	(48090,1,2005,5,31),
	(48091,1,2005,5,30),
	(48092,1,2005,5,29),
	(48093,1,2005,5,8),
	(48094,1,2006,1,9),
	(48095,1,2006,1,14),
	(48096,1,2006,1,16),
	(48097,1,2006,1,13),
	(48098,1,2006,1,15),
	(48099,1,2006,2,7),
	(48100,1,2006,2,11),
	(48101,1,2006,2,17),
	(48102,1,2006,2,18),
	(48103,1,2006,2,19),
	(48104,1,2006,3,23),
	(48105,1,2006,3,21),
	(48106,1,2006,3,20),
	(48107,1,2006,3,22),
	(48108,1,2006,3,10),
	(48109,1,2006,4,27),
	(48110,1,2006,4,12),
	(48111,1,2006,4,26),
	(48112,1,2006,4,25),
	(48113,1,2006,4,24),
	(48114,1,2006,5,32),
	(48115,1,2006,5,30),
	(48116,1,2006,5,28),
	(48117,1,2006,5,31),
	(48118,1,2006,5,29),
	(48119,1,2007,1,16),
	(48120,1,2007,1,9),
	(48121,1,2007,1,15),
	(48122,1,2007,1,14),
	(48123,1,2007,1,13),
	(48124,1,2007,2,7),
	(48125,1,2007,2,18),
	(48126,1,2007,2,11),
	(48127,1,2007,2,19),
	(48128,1,2007,2,17),
	(48129,1,2007,3,21),
	(48130,1,2007,3,20),
	(48131,1,2007,3,22),
	(48132,1,2007,3,23),
	(48133,1,2007,3,10),
	(48134,1,2007,4,25),
	(48135,1,2007,4,12),
	(48136,1,2007,4,27),
	(48137,1,2007,4,24),
	(48138,1,2007,4,26),
	(48139,1,2007,5,32),
	(48140,1,2007,5,30),
	(48141,1,2007,5,8),
	(48142,1,2007,5,28),
	(48143,1,2007,5,29),
	(48144,1,2008,1,15),
	(48145,1,2008,1,9),
	(48146,1,2008,1,16),
	(48147,1,2008,1,14),
	(48148,1,2008,1,13),
	(48149,1,2008,2,7),
	(48150,1,2008,2,17),
	(48151,1,2008,2,11),
	(48152,1,2008,2,19),
	(48153,1,2008,2,18),
	(48154,1,2008,3,22),
	(48155,1,2008,3,10),
	(48156,1,2008,3,23),
	(48157,1,2008,3,21),
	(48158,1,2008,3,20),
	(48159,1,2008,4,12),
	(48160,1,2008,4,25),
	(48161,1,2008,4,24),
	(48162,1,2008,4,26),
	(48163,1,2008,4,27),
	(48164,1,2008,5,30),
	(48165,1,2008,5,8),
	(48166,1,2008,5,29),
	(48167,1,2008,5,32),
	(48168,1,2008,5,31),
	(48169,1,2009,1,14),
	(48170,1,2009,1,9),
	(48171,1,2009,1,15),
	(48172,1,2009,1,16),
	(48173,1,2009,1,13),
	(48174,1,2009,2,18),
	(48175,1,2009,2,11),
	(48176,1,2009,2,19),
	(48177,1,2009,2,7),
	(48178,1,2009,2,17),
	(48179,1,2009,3,23),
	(48180,1,2009,3,10),
	(48181,1,2009,3,22),
	(48182,1,2009,3,21),
	(48183,1,2009,3,20),
	(48184,1,2009,4,26),
	(48185,1,2009,4,24),
	(48186,1,2009,4,12),
	(48187,1,2009,4,27),
	(48188,1,2009,4,25),
	(48189,1,2009,5,32),
	(48190,1,2009,5,29),
	(48191,1,2009,5,8),
	(48192,1,2009,5,28),
	(48193,1,2009,5,31),
	(48194,1,2010,1,13),
	(48195,1,2010,1,14),
	(48196,1,2010,1,16),
	(48197,1,2010,1,15),
	(48198,1,2010,1,9),
	(48199,1,2010,2,18),
	(48200,1,2010,2,11),
	(48201,1,2010,2,17),
	(48202,1,2010,2,7),
	(48203,1,2010,2,19),
	(48204,1,2010,3,10),
	(48205,1,2010,3,20),
	(48206,1,2010,3,21),
	(48207,1,2010,3,22),
	(48208,1,2010,3,23),
	(48209,1,2010,4,12),
	(48210,1,2010,4,25),
	(48211,1,2010,4,24),
	(48212,1,2010,4,26),
	(48213,1,2010,4,27),
	(48214,1,2010,5,29),
	(48215,1,2010,5,28),
	(48216,1,2010,5,30),
	(48217,1,2010,5,31),
	(48218,1,2010,5,8),
	(48219,1,2011,1,15),
	(48220,1,2011,1,13),
	(48221,1,2011,1,9),
	(48222,1,2011,1,14),
	(48223,1,2011,1,16),
	(48224,1,2011,2,17),
	(48225,1,2011,2,19),
	(48226,1,2011,2,11),
	(48227,1,2011,2,7),
	(48228,1,2011,2,18),
	(48229,1,2011,3,21),
	(48230,1,2011,3,23),
	(48231,1,2011,3,22),
	(48232,1,2011,3,10),
	(48233,1,2011,3,20),
	(48234,1,2011,4,12),
	(48235,1,2011,4,26),
	(48236,1,2011,4,24),
	(48237,1,2011,4,27),
	(48238,1,2011,4,25),
	(48239,1,2011,5,29),
	(48240,1,2011,5,30),
	(48241,1,2011,5,31),
	(48242,1,2011,5,8),
	(48243,1,2011,5,28),
	(48244,1,2012,1,14),
	(48245,1,2012,1,16),
	(48246,1,2012,1,9),
	(48247,1,2012,1,15),
	(48248,1,2012,1,13),
	(48249,1,2012,2,7),
	(48250,1,2012,2,18),
	(48251,1,2012,2,11),
	(48252,1,2012,2,17),
	(48253,1,2012,2,19),
	(48254,1,2012,3,10),
	(48255,1,2012,3,20),
	(48256,1,2012,3,21),
	(48257,1,2012,3,23),
	(48258,1,2012,3,22),
	(48259,1,2012,4,24),
	(48260,1,2012,4,25),
	(48261,1,2012,4,27),
	(48262,1,2012,4,26),
	(48263,1,2012,4,12),
	(48264,1,2012,5,31),
	(48265,1,2012,5,30),
	(48266,1,2012,5,32),
	(48267,1,2012,5,28),
	(48268,1,2012,5,8),
	(48269,1,2013,1,13),
	(48270,1,2013,1,15),
	(48271,1,2013,1,16),
	(48272,1,2013,1,9),
	(48273,1,2013,1,14),
	(48274,1,2013,2,7),
	(48275,1,2013,2,18),
	(48276,1,2013,2,11),
	(48277,1,2013,2,17),
	(48278,1,2013,2,19),
	(48279,1,2013,3,20),
	(48280,1,2013,3,22),
	(48281,1,2013,3,23),
	(48282,1,2013,3,10),
	(48283,1,2013,3,21),
	(48284,1,2013,4,24),
	(48285,1,2013,4,12),
	(48286,1,2013,4,27),
	(48287,1,2013,4,25),
	(48288,1,2013,4,26),
	(48289,1,2013,5,29),
	(48290,1,2013,5,32),
	(48291,1,2013,5,30),
	(48292,1,2013,5,31),
	(48293,1,2013,5,28),
	(48294,1,2014,1,13),
	(48295,1,2014,1,15),
	(48296,1,2014,1,14),
	(48297,1,2014,1,16),
	(48298,1,2014,1,9),
	(48299,1,2014,2,18),
	(48300,1,2014,2,17),
	(48301,1,2014,2,11),
	(48302,1,2014,2,19),
	(48303,1,2014,2,7),
	(48304,1,2014,3,21),
	(48305,1,2014,3,10),
	(48306,1,2014,3,20),
	(48307,1,2014,3,23),
	(48308,1,2014,3,22),
	(48309,1,2014,4,26),
	(48310,1,2014,4,25),
	(48311,1,2014,4,24),
	(48312,1,2014,4,27),
	(48313,1,2014,4,12),
	(48314,1,2014,5,30),
	(48315,1,2014,5,8),
	(48316,1,2014,5,29),
	(48317,1,2014,5,32),
	(48318,1,2014,5,28),
	(48319,1,2015,1,15),
	(48320,1,2015,1,14),
	(48321,1,2015,1,13),
	(48322,1,2015,1,16),
	(48323,1,2015,1,9),
	(48324,1,2015,2,17),
	(48325,1,2015,2,19),
	(48326,1,2015,2,18),
	(48327,1,2015,2,11),
	(48328,1,2015,2,7),
	(48329,1,2015,3,21),
	(48330,1,2015,3,20),
	(48331,1,2015,3,22),
	(48332,1,2015,3,10),
	(48333,1,2015,3,23),
	(48334,1,2015,4,12),
	(48335,1,2015,4,26),
	(48336,1,2015,4,24),
	(48337,1,2015,4,27),
	(48338,1,2015,4,25),
	(48339,1,2015,5,31),
	(48340,1,2015,5,30),
	(48341,1,2015,5,8),
	(48342,1,2015,5,28),
	(48343,1,2015,5,29),
	(48344,1,2016,1,14),
	(48345,1,2016,1,15),
	(48346,1,2016,1,13),
	(48347,1,2016,1,9),
	(48348,1,2016,1,16),
	(48349,1,2016,2,18),
	(48350,1,2016,2,7),
	(48351,1,2016,2,11),
	(48352,1,2016,2,19),
	(48353,1,2016,2,17),
	(48354,1,2016,3,21),
	(48355,1,2016,3,20),
	(48356,1,2016,3,10),
	(48357,1,2016,3,23),
	(48358,1,2016,3,22),
	(48359,1,2016,4,27),
	(48360,1,2016,4,12),
	(48361,1,2016,4,25),
	(48362,1,2016,4,26),
	(48363,1,2016,4,24),
	(48364,1,2016,5,30),
	(48365,1,2016,5,31),
	(48366,1,2016,5,32),
	(48367,1,2016,5,28),
	(48368,1,2016,5,29),
	(48369,1,2017,1,15),
	(48370,1,2017,1,16),
	(48371,1,2017,1,9),
	(48372,1,2017,1,14),
	(48373,1,2017,1,13),
	(48374,1,2017,2,19),
	(48375,1,2017,2,17),
	(48376,1,2017,2,7),
	(48377,1,2017,2,18),
	(48378,1,2017,2,11),
	(48379,1,2017,3,21),
	(48380,1,2017,3,23),
	(48381,1,2017,3,20),
	(48382,1,2017,3,22),
	(48383,1,2017,3,10),
	(48384,1,2017,4,27),
	(48385,1,2017,4,12),
	(48386,1,2017,4,26),
	(48387,1,2017,4,25),
	(48388,1,2017,4,24),
	(48389,1,2017,5,32),
	(48390,1,2017,5,8),
	(48391,1,2017,5,31),
	(48392,1,2017,5,28),
	(48393,1,2017,5,30),
	(48394,1,2018,1,13),
	(48395,1,2018,1,14),
	(48396,1,2018,1,15),
	(48397,1,2018,1,9),
	(48398,1,2018,1,16),
	(48399,1,2018,2,7),
	(48400,1,2018,2,18),
	(48401,1,2018,2,17),
	(48402,1,2018,2,19),
	(48403,1,2018,2,11),
	(48404,1,2018,3,22),
	(48405,1,2018,3,21),
	(48406,1,2018,3,20),
	(48407,1,2018,3,10),
	(48408,1,2018,3,23),
	(48409,1,2018,4,25),
	(48410,1,2018,4,27),
	(48411,1,2018,4,24),
	(48412,1,2018,4,12),
	(48413,1,2018,4,26),
	(48414,1,2018,5,29),
	(48415,1,2018,5,30),
	(48416,1,2018,5,8),
	(48417,1,2018,5,28),
	(48418,1,2018,5,32),
	(48419,1,2019,1,16),
	(48420,1,2019,1,13),
	(48421,1,2019,1,15),
	(48422,1,2019,1,14),
	(48423,1,2019,1,9),
	(48424,1,2019,2,17),
	(48425,1,2019,2,11),
	(48426,1,2019,2,18),
	(48427,1,2019,2,7),
	(48428,1,2019,2,19),
	(48429,1,2019,3,23),
	(48430,1,2019,3,21),
	(48431,1,2019,3,10),
	(48432,1,2019,3,20),
	(48433,1,2019,3,22),
	(48434,1,2019,4,27),
	(48435,1,2019,4,25),
	(48436,1,2019,4,26),
	(48437,1,2019,4,24),
	(48438,1,2019,4,12),
	(48439,1,2019,5,28),
	(48440,1,2019,5,30),
	(48441,1,2019,5,29),
	(48442,1,2019,5,31),
	(48443,1,2019,5,8),
	(48444,1,2020,1,13),
	(48445,1,2020,1,15),
	(48446,1,2020,1,9),
	(48447,1,2020,1,14),
	(48448,1,2020,1,16),
	(48449,1,2020,2,7),
	(48450,1,2020,2,17),
	(48451,1,2020,2,19),
	(48452,1,2020,2,18),
	(48453,1,2020,2,11),
	(48454,1,2020,3,20),
	(48455,1,2020,3,10),
	(48456,1,2020,3,22),
	(48457,1,2020,3,23),
	(48458,1,2020,3,21),
	(48459,1,2020,4,27),
	(48460,1,2020,4,26),
	(48461,1,2020,4,12),
	(48462,1,2020,4,25),
	(48463,1,2020,4,24),
	(48464,1,2020,5,29),
	(48465,1,2020,5,30),
	(48466,1,2020,5,31),
	(48467,1,2020,5,8),
	(48468,1,2020,5,28),
	(48469,1,2021,1,16),
	(48470,1,2021,1,13),
	(48471,1,2021,1,14),
	(48472,1,2021,1,9),
	(48473,1,2021,1,15),
	(48474,1,2021,2,7),
	(48475,1,2021,2,18),
	(48476,1,2021,2,11),
	(48477,1,2021,2,19),
	(48478,1,2021,2,17),
	(48479,1,2021,3,10),
	(48480,1,2021,3,22),
	(48481,1,2021,3,20),
	(48482,1,2021,3,23),
	(48483,1,2021,3,21),
	(48484,1,2021,4,24),
	(48485,1,2021,4,26),
	(48486,1,2021,4,27),
	(48487,1,2021,4,12),
	(48488,1,2021,4,25),
	(48489,1,2021,5,31),
	(48490,1,2021,5,32),
	(48491,1,2021,5,28),
	(48492,1,2021,5,30),
	(48493,1,2021,5,8),
	(48494,1,2022,1,13),
	(48495,1,2022,1,16),
	(48496,1,2022,1,15),
	(48497,1,2022,1,9),
	(48498,1,2022,1,14),
	(48499,1,2022,2,18),
	(48500,1,2022,2,7),
	(48501,1,2022,2,19),
	(48502,1,2022,2,11),
	(48503,1,2022,2,17),
	(48504,1,2022,3,22),
	(48505,1,2022,3,23),
	(48506,1,2022,3,20),
	(48507,1,2022,3,10),
	(48508,1,2022,3,21),
	(48509,1,2022,4,25),
	(48510,1,2022,4,26),
	(48511,1,2022,4,27),
	(48512,1,2022,4,12),
	(48513,1,2022,4,24),
	(48514,1,2022,5,32),
	(48515,1,2022,5,28),
	(48516,1,2022,5,8),
	(48517,1,2022,5,31),
	(48518,1,2022,5,30),
	(48519,1,2023,1,15),
	(48520,1,2023,1,14),
	(48521,1,2023,1,9),
	(48522,1,2023,1,13),
	(48523,1,2023,1,16),
	(48524,1,2023,2,7),
	(48525,1,2023,2,17),
	(48526,1,2023,2,11),
	(48527,1,2023,2,18),
	(48528,1,2023,2,19),
	(48529,1,2023,3,21),
	(48530,1,2023,3,20),
	(48531,1,2023,3,22),
	(48532,1,2023,3,10),
	(48533,1,2023,3,23),
	(48534,1,2023,4,24),
	(48535,1,2023,4,25),
	(48536,1,2023,4,27),
	(48537,1,2023,4,26),
	(48538,1,2023,4,12),
	(48539,1,2023,5,30),
	(48540,1,2023,5,8),
	(48541,1,2023,5,31),
	(48542,1,2023,5,32),
	(48543,1,2023,5,29),
	(48544,1,2024,1,16),
	(48545,1,2024,1,13),
	(48546,1,2024,1,14),
	(48547,1,2024,1,9),
	(48548,1,2024,1,15),
	(48549,1,2024,2,19),
	(48550,1,2024,2,17),
	(48551,1,2024,2,7),
	(48552,1,2024,2,11),
	(48553,1,2024,2,18),
	(48554,1,2024,3,23),
	(48555,1,2024,3,21),
	(48556,1,2024,3,20),
	(48557,1,2024,3,22),
	(48558,1,2024,3,10),
	(48559,1,2024,4,25),
	(48560,1,2024,4,12),
	(48561,1,2024,4,26),
	(48562,1,2024,4,24),
	(48563,1,2024,4,27),
	(48564,1,2024,5,31),
	(48565,1,2024,5,8),
	(48566,1,2024,5,29),
	(48567,1,2024,5,28),
	(48568,1,2024,5,32),
	(48569,1,2025,1,16),
	(48570,1,2025,1,9),
	(48571,1,2025,1,14),
	(48572,1,2025,1,13),
	(48573,1,2025,1,15),
	(48574,1,2025,2,7),
	(48575,1,2025,2,19),
	(48576,1,2025,2,11),
	(48577,1,2025,2,18),
	(48578,1,2025,2,17),
	(48579,1,2025,3,23),
	(48580,1,2025,3,10),
	(48581,1,2025,3,21),
	(48582,1,2025,3,20),
	(48583,1,2025,3,22),
	(48584,1,2025,4,12),
	(48585,1,2025,4,27),
	(48586,1,2025,4,25),
	(48587,1,2025,4,26),
	(48588,1,2025,4,24),
	(48589,1,2025,5,31),
	(48590,1,2025,5,8),
	(48591,1,2025,5,28),
	(48592,1,2025,5,30),
	(48593,1,2025,5,29),
	(48594,1,2026,1,9),
	(48595,1,2026,1,15),
	(48596,1,2026,1,14),
	(48597,1,2026,1,13),
	(48598,1,2026,1,16),
	(48599,1,2026,2,11),
	(48600,1,2026,2,18),
	(48601,1,2026,2,7),
	(48602,1,2026,2,17),
	(48603,1,2026,2,19),
	(48604,1,2026,3,22),
	(48605,1,2026,3,10),
	(48606,1,2026,3,20),
	(48607,1,2026,3,23),
	(48608,1,2026,3,21),
	(48609,1,2026,4,25),
	(48610,1,2026,4,24),
	(48611,1,2026,4,12),
	(48612,1,2026,4,26),
	(48613,1,2026,4,27),
	(48614,1,2026,5,8),
	(48615,1,2026,5,30),
	(48616,1,2026,5,28),
	(48617,1,2026,5,32),
	(48618,1,2026,5,31),
	(48619,1,2027,1,13),
	(48620,1,2027,1,14),
	(48621,1,2027,1,9),
	(48622,1,2027,1,15),
	(48623,1,2027,1,16),
	(48624,1,2027,2,17),
	(48625,1,2027,2,18),
	(48626,1,2027,2,19),
	(48627,1,2027,2,11),
	(48628,1,2027,2,7),
	(48629,1,2027,3,21),
	(48630,1,2027,3,23),
	(48631,1,2027,3,20),
	(48632,1,2027,3,22),
	(48633,1,2027,3,10),
	(48634,1,2027,4,25),
	(48635,1,2027,4,27),
	(48636,1,2027,4,12),
	(48637,1,2027,4,24),
	(48638,1,2027,4,26),
	(48639,1,2027,5,31),
	(48640,1,2027,5,28),
	(48641,1,2027,5,29),
	(48642,1,2027,5,30),
	(48643,1,2027,5,32),
	(48644,1,2028,1,14),
	(48645,1,2028,1,9),
	(48646,1,2028,1,16),
	(48647,1,2028,1,13),
	(48648,1,2028,1,15),
	(48649,1,2028,2,17),
	(48650,1,2028,2,19),
	(48651,1,2028,2,11),
	(48652,1,2028,2,7),
	(48653,1,2028,2,18),
	(48654,1,2028,3,22),
	(48655,1,2028,3,10),
	(48656,1,2028,3,20),
	(48657,1,2028,3,21),
	(48658,1,2028,3,23),
	(48659,1,2028,4,26),
	(48660,1,2028,4,12),
	(48661,1,2028,4,24),
	(48662,1,2028,4,27),
	(48663,1,2028,4,25),
	(48664,1,2028,5,32),
	(48665,1,2028,5,30),
	(48666,1,2028,5,31),
	(48667,1,2028,5,29),
	(48668,1,2028,5,8),
	(48669,1,2029,1,14),
	(48670,1,2029,1,13),
	(48671,1,2029,1,9),
	(48672,1,2029,1,16),
	(48673,1,2029,1,15),
	(48674,1,2029,2,17),
	(48675,1,2029,2,11),
	(48676,1,2029,2,18),
	(48677,1,2029,2,19),
	(48678,1,2029,2,7),
	(48679,1,2029,3,20),
	(48680,1,2029,3,21),
	(48681,1,2029,3,22),
	(48682,1,2029,3,10),
	(48683,1,2029,3,23),
	(48684,1,2029,4,12),
	(48685,1,2029,4,26),
	(48686,1,2029,4,25),
	(48687,1,2029,4,27),
	(48688,1,2029,4,24),
	(48689,1,2029,5,30),
	(48690,1,2029,5,31),
	(48691,1,2029,5,29),
	(48692,1,2029,5,32),
	(48693,1,2029,5,8),
	(48694,1,2030,1,16),
	(48695,1,2030,1,14),
	(48696,1,2030,1,13),
	(48697,1,2030,1,15),
	(48698,1,2030,1,9),
	(48699,1,2030,2,17),
	(48700,1,2030,2,18),
	(48701,1,2030,2,19),
	(48702,1,2030,2,7),
	(48703,1,2030,2,11),
	(48704,1,2030,3,22),
	(48705,1,2030,3,23),
	(48706,1,2030,3,20),
	(48707,1,2030,3,21),
	(48708,1,2030,3,10),
	(48709,1,2030,4,25),
	(48710,1,2030,4,26),
	(48711,1,2030,4,12),
	(48712,1,2030,4,24),
	(48713,1,2030,4,27),
	(48714,1,2030,5,30),
	(48715,1,2030,5,31),
	(48716,1,2030,5,29),
	(48717,1,2030,5,32),
	(48718,1,2030,5,8),
	(48719,1,2031,1,15),
	(48720,1,2031,1,14),
	(48721,1,2031,1,13),
	(48722,1,2031,1,16),
	(48723,1,2031,1,9),
	(48724,1,2031,2,18),
	(48725,1,2031,2,19),
	(48726,1,2031,2,7),
	(48727,1,2031,2,17),
	(48728,1,2031,2,11),
	(48729,1,2031,3,10),
	(48730,1,2031,3,23),
	(48731,1,2031,3,22),
	(48732,1,2031,3,21),
	(48733,1,2031,3,20),
	(48734,1,2031,4,27),
	(48735,1,2031,4,24),
	(48736,1,2031,4,25),
	(48737,1,2031,4,26),
	(48738,1,2031,4,12),
	(48739,1,2031,5,31),
	(48740,1,2031,5,29),
	(48741,1,2031,5,8),
	(48742,1,2031,5,30),
	(48743,1,2031,5,28),
	(48744,1,2032,1,16),
	(48745,1,2032,1,14),
	(48746,1,2032,1,15),
	(48747,1,2032,1,13),
	(48748,1,2032,1,9),
	(48749,1,2032,2,7),
	(48750,1,2032,2,18),
	(48751,1,2032,2,11),
	(48752,1,2032,2,17),
	(48753,1,2032,2,19),
	(48754,1,2032,3,23),
	(48755,1,2032,3,21),
	(48756,1,2032,3,10),
	(48757,1,2032,3,20),
	(48758,1,2032,3,22),
	(48759,1,2032,4,12),
	(48760,1,2032,4,26),
	(48761,1,2032,4,27),
	(48762,1,2032,4,25),
	(48763,1,2032,4,24),
	(48764,1,2032,5,32),
	(48765,1,2032,5,8),
	(48766,1,2032,5,29),
	(48767,1,2032,5,30),
	(48768,1,2032,5,28),
	(48769,1,2033,1,13),
	(48770,1,2033,1,9),
	(48771,1,2033,1,14),
	(48772,1,2033,1,15),
	(48773,1,2033,1,16),
	(48774,1,2033,2,18),
	(48775,1,2033,2,7),
	(48776,1,2033,2,17),
	(48777,1,2033,2,19),
	(48778,1,2033,2,11),
	(48779,1,2033,3,21),
	(48780,1,2033,3,23),
	(48781,1,2033,3,22),
	(48782,1,2033,3,20),
	(48783,1,2033,3,10),
	(48784,1,2033,4,25),
	(48785,1,2033,4,12),
	(48786,1,2033,4,27),
	(48787,1,2033,4,24),
	(48788,1,2033,4,26),
	(48789,1,2033,5,28),
	(48790,1,2033,5,31),
	(48791,1,2033,5,29),
	(48792,1,2033,5,32),
	(48793,1,2033,5,8),
	(48794,1,2034,1,13),
	(48795,1,2034,1,16),
	(48796,1,2034,1,9),
	(48797,1,2034,1,15),
	(48798,1,2034,1,14),
	(48799,1,2034,2,19),
	(48800,1,2034,2,11),
	(48801,1,2034,2,18),
	(48802,1,2034,2,17),
	(48803,1,2034,2,7),
	(48804,1,2034,3,21),
	(48805,1,2034,3,22),
	(48806,1,2034,3,23),
	(48807,1,2034,3,10),
	(48808,1,2034,3,20),
	(48809,1,2034,4,24),
	(48810,1,2034,4,25),
	(48811,1,2034,4,27),
	(48812,1,2034,4,12),
	(48813,1,2034,4,26),
	(48814,1,2034,5,30),
	(48815,1,2034,5,31),
	(48816,1,2034,5,29),
	(48817,1,2034,5,32),
	(48818,1,2034,5,28),
	(48819,1,2035,1,14),
	(48820,1,2035,1,13),
	(48821,1,2035,1,16),
	(48822,1,2035,1,15),
	(48823,1,2035,1,9),
	(48824,1,2035,2,19),
	(48825,1,2035,2,11),
	(48826,1,2035,2,17),
	(48827,1,2035,2,7),
	(48828,1,2035,2,18),
	(48829,1,2035,3,20),
	(48830,1,2035,3,23),
	(48831,1,2035,3,10),
	(48832,1,2035,3,22),
	(48833,1,2035,3,21),
	(48834,1,2035,4,12),
	(48835,1,2035,4,25),
	(48836,1,2035,4,24),
	(48837,1,2035,4,26),
	(48838,1,2035,4,27),
	(48839,1,2035,5,32),
	(48840,1,2035,5,30),
	(48841,1,2035,5,29),
	(48842,1,2035,5,28),
	(48843,1,2035,5,31),
	(48844,1,2036,1,16),
	(48845,1,2036,1,9),
	(48846,1,2036,1,14),
	(48847,1,2036,1,13),
	(48848,1,2036,1,15),
	(48849,1,2036,2,19),
	(48850,1,2036,2,11),
	(48851,1,2036,2,18),
	(48852,1,2036,2,7),
	(48853,1,2036,2,17),
	(48854,1,2036,3,20),
	(48855,1,2036,3,22),
	(48856,1,2036,3,21),
	(48857,1,2036,3,10),
	(48858,1,2036,3,23),
	(48859,1,2036,4,27),
	(48860,1,2036,4,25),
	(48861,1,2036,4,26),
	(48862,1,2036,4,12),
	(48863,1,2036,4,24),
	(48864,1,2036,5,8),
	(48865,1,2036,5,31),
	(48866,1,2036,5,30),
	(48867,1,2036,5,32),
	(48868,1,2036,5,29),
	(48869,1,2037,1,15),
	(48870,1,2037,1,16),
	(48871,1,2037,1,14),
	(48872,1,2037,1,13),
	(48873,1,2037,1,9),
	(48874,1,2037,2,11),
	(48875,1,2037,2,17),
	(48876,1,2037,2,7),
	(48877,1,2037,2,18),
	(48878,1,2037,2,19),
	(48879,1,2037,3,10),
	(48880,1,2037,3,20),
	(48881,1,2037,3,22),
	(48882,1,2037,3,23),
	(48883,1,2037,3,21),
	(48884,1,2037,4,12),
	(48885,1,2037,4,24),
	(48886,1,2037,4,27),
	(48887,1,2037,4,25),
	(48888,1,2037,4,26),
	(48889,1,2037,5,31),
	(48890,1,2037,5,32),
	(48891,1,2037,5,30),
	(48892,1,2037,5,28),
	(48893,1,2037,5,8),
	(48894,1,2038,1,16),
	(48895,1,2038,1,14),
	(48896,1,2038,1,15),
	(48897,1,2038,1,13),
	(48898,1,2038,1,9),
	(48899,1,2038,2,17),
	(48900,1,2038,2,7),
	(48901,1,2038,2,11),
	(48902,1,2038,2,18),
	(48903,1,2038,2,19),
	(48904,1,2038,3,20),
	(48905,1,2038,3,10),
	(48906,1,2038,3,23),
	(48907,1,2038,3,22),
	(48908,1,2038,3,21),
	(48909,1,2038,4,12),
	(48910,1,2038,4,24),
	(48911,1,2038,4,25),
	(48912,1,2038,4,27),
	(48913,1,2038,4,26),
	(48914,1,2038,5,8),
	(48915,1,2038,5,32),
	(48916,1,2038,5,29),
	(48917,1,2038,5,31),
	(48918,1,2038,5,30),
	(48919,1,2039,1,9),
	(48920,1,2039,1,14),
	(48921,1,2039,1,13),
	(48922,1,2039,1,15),
	(48923,1,2039,1,16),
	(48924,1,2039,2,17),
	(48925,1,2039,2,7),
	(48926,1,2039,2,18),
	(48927,1,2039,2,11),
	(48928,1,2039,2,19),
	(48929,1,2039,3,21),
	(48930,1,2039,3,22),
	(48931,1,2039,3,10),
	(48932,1,2039,3,23),
	(48933,1,2039,3,20),
	(48934,1,2039,4,24),
	(48935,1,2039,4,25),
	(48936,1,2039,4,27),
	(48937,1,2039,4,26),
	(48938,1,2039,4,12),
	(48939,1,2039,5,29),
	(48940,1,2039,5,32),
	(48941,1,2039,5,28),
	(48942,1,2039,5,30),
	(48943,1,2039,5,31),
	(48944,1,2040,1,15),
	(48945,1,2040,1,13),
	(48946,1,2040,1,14),
	(48947,1,2040,1,16),
	(48948,1,2040,1,9),
	(48949,1,2040,2,7),
	(48950,1,2040,2,17),
	(48951,1,2040,2,19),
	(48952,1,2040,2,11),
	(48953,1,2040,2,18),
	(48954,1,2040,3,22),
	(48955,1,2040,3,20),
	(48956,1,2040,3,10),
	(48957,1,2040,3,23),
	(48958,1,2040,3,21),
	(48959,1,2040,4,27),
	(48960,1,2040,4,12),
	(48961,1,2040,4,24),
	(48962,1,2040,4,26),
	(48963,1,2040,4,25),
	(48964,1,2040,5,31),
	(48965,1,2040,5,8),
	(48966,1,2040,5,29),
	(48967,1,2040,5,32),
	(48968,1,2040,5,28),
	(48969,1,2041,1,15),
	(48970,1,2041,1,13),
	(48971,1,2041,1,14),
	(48972,1,2041,1,9),
	(48973,1,2041,1,16),
	(48974,1,2041,2,7),
	(48975,1,2041,2,18),
	(48976,1,2041,2,19),
	(48977,1,2041,2,17),
	(48978,1,2041,2,11),
	(48979,1,2041,3,21),
	(48980,1,2041,3,10),
	(48981,1,2041,3,22),
	(48982,1,2041,3,23),
	(48983,1,2041,3,20),
	(48984,1,2041,4,25),
	(48985,1,2041,4,26),
	(48986,1,2041,4,12),
	(48987,1,2041,4,24),
	(48988,1,2041,4,27),
	(48989,1,2041,5,8),
	(48990,1,2041,5,28),
	(48991,1,2041,5,29),
	(48992,1,2041,5,32),
	(48993,1,2041,5,30),
	(48994,1,2042,1,15),
	(48995,1,2042,1,13),
	(48996,1,2042,1,14),
	(48997,1,2042,1,9),
	(48998,1,2042,1,16),
	(48999,1,2042,2,7),
	(49000,1,2042,2,19),
	(49001,1,2042,2,11),
	(49002,1,2042,2,17),
	(49003,1,2042,2,18),
	(49004,1,2042,3,22),
	(49005,1,2042,3,21),
	(49006,1,2042,3,23),
	(49007,1,2042,3,10),
	(49008,1,2042,3,20),
	(49009,1,2042,4,27),
	(49010,1,2042,4,12),
	(49011,1,2042,4,26),
	(49012,1,2042,4,24),
	(49013,1,2042,4,25),
	(49014,1,2042,5,28),
	(49015,1,2042,5,8),
	(49016,1,2042,5,31),
	(49017,1,2042,5,32),
	(49018,1,2042,5,29),
	(49019,1,2043,1,9),
	(49020,1,2043,1,15),
	(49021,1,2043,1,14),
	(49022,1,2043,1,16),
	(49023,1,2043,1,13),
	(49024,1,2043,2,7),
	(49025,1,2043,2,11),
	(49026,1,2043,2,17),
	(49027,1,2043,2,18),
	(49028,1,2043,2,19),
	(49029,1,2043,3,20),
	(49030,1,2043,3,23),
	(49031,1,2043,3,10),
	(49032,1,2043,3,21),
	(49033,1,2043,3,22),
	(49034,1,2043,4,26),
	(49035,1,2043,4,25),
	(49036,1,2043,4,24),
	(49037,1,2043,4,27),
	(49038,1,2043,4,12),
	(49039,1,2043,5,8),
	(49040,1,2043,5,31),
	(49041,1,2043,5,29),
	(49042,1,2043,5,32),
	(49043,1,2043,5,30),
	(49044,1,2044,1,9),
	(49045,1,2044,1,16),
	(49046,1,2044,1,15),
	(49047,1,2044,1,13),
	(49048,1,2044,1,14),
	(49049,1,2044,2,11),
	(49050,1,2044,2,7),
	(49051,1,2044,2,18),
	(49052,1,2044,2,17),
	(49053,1,2044,2,19),
	(49054,1,2044,3,22),
	(49055,1,2044,3,20),
	(49056,1,2044,3,10),
	(49057,1,2044,3,23),
	(49058,1,2044,3,21),
	(49059,1,2044,4,26),
	(49060,1,2044,4,12),
	(49061,1,2044,4,24),
	(49062,1,2044,4,25),
	(49063,1,2044,4,27),
	(49064,1,2044,5,32),
	(49065,1,2044,5,28),
	(49066,1,2044,5,30),
	(49067,1,2044,5,29),
	(49068,1,2044,5,31),
	(49069,1,2045,1,13),
	(49070,1,2045,1,9),
	(49071,1,2045,1,14),
	(49072,1,2045,1,15),
	(49073,1,2045,1,16),
	(49074,1,2045,2,11),
	(49075,1,2045,2,18),
	(49076,1,2045,2,17),
	(49077,1,2045,2,19),
	(49078,1,2045,2,7),
	(49079,1,2045,3,23),
	(49080,1,2045,3,20),
	(49081,1,2045,3,21),
	(49082,1,2045,3,22),
	(49083,1,2045,3,10),
	(49084,1,2045,4,12),
	(49085,1,2045,4,27),
	(49086,1,2045,4,26),
	(49087,1,2045,4,24),
	(49088,1,2045,4,25),
	(49089,1,2045,5,29),
	(49090,1,2045,5,30),
	(49091,1,2045,5,32),
	(49092,1,2045,5,28),
	(49093,1,2045,5,8),
	(49094,1,2046,1,13),
	(49095,1,2046,1,9),
	(49096,1,2046,1,16),
	(49097,1,2046,1,15),
	(49098,1,2046,1,14),
	(49099,1,2046,2,18),
	(49100,1,2046,2,19),
	(49101,1,2046,2,7),
	(49102,1,2046,2,17),
	(49103,1,2046,2,11),
	(49104,1,2046,3,22),
	(49105,1,2046,3,10),
	(49106,1,2046,3,21),
	(49107,1,2046,3,20),
	(49108,1,2046,3,23),
	(49109,1,2046,4,25),
	(49110,1,2046,4,26),
	(49111,1,2046,4,24),
	(49112,1,2046,4,12),
	(49113,1,2046,4,27),
	(49114,1,2046,5,31),
	(49115,1,2046,5,29),
	(49116,1,2046,5,30),
	(49117,1,2046,5,8),
	(49118,1,2046,5,28),
	(49119,1,2047,1,13),
	(49120,1,2047,1,15),
	(49121,1,2047,1,14),
	(49122,1,2047,1,16),
	(49123,1,2047,1,9),
	(49124,1,2047,2,7),
	(49125,1,2047,2,18),
	(49126,1,2047,2,19),
	(49127,1,2047,2,17),
	(49128,1,2047,2,11),
	(49129,1,2047,3,23),
	(49130,1,2047,3,21),
	(49131,1,2047,3,20),
	(49132,1,2047,3,10),
	(49133,1,2047,3,22),
	(49134,1,2047,4,24),
	(49135,1,2047,4,26),
	(49136,1,2047,4,27),
	(49137,1,2047,4,25),
	(49138,1,2047,4,12),
	(49139,1,2047,5,31),
	(49140,1,2047,5,30),
	(49141,1,2047,5,32),
	(49142,1,2047,5,8),
	(49143,1,2047,5,29),
	(49144,1,2048,1,13),
	(49145,1,2048,1,16),
	(49146,1,2048,1,14),
	(49147,1,2048,1,9),
	(49148,1,2048,1,15),
	(49149,1,2048,2,18),
	(49150,1,2048,2,17),
	(49151,1,2048,2,7),
	(49152,1,2048,2,11),
	(49153,1,2048,2,19),
	(49154,1,2048,3,23),
	(49155,1,2048,3,20),
	(49156,1,2048,3,21),
	(49157,1,2048,3,10),
	(49158,1,2048,3,22),
	(49159,1,2048,4,25),
	(49160,1,2048,4,27),
	(49161,1,2048,4,12),
	(49162,1,2048,4,24),
	(49163,1,2048,4,26),
	(49164,1,2048,5,8),
	(49165,1,2048,5,30),
	(49166,1,2048,5,29),
	(49167,1,2048,5,28),
	(49168,1,2048,5,31),
	(49169,1,2049,1,13),
	(49170,1,2049,1,14),
	(49171,1,2049,1,9),
	(49172,1,2049,1,15),
	(49173,1,2049,1,16),
	(49174,1,2049,2,18),
	(49175,1,2049,2,7),
	(49176,1,2049,2,11),
	(49177,1,2049,2,19),
	(49178,1,2049,2,17),
	(49179,1,2049,3,23),
	(49180,1,2049,3,22),
	(49181,1,2049,3,10),
	(49182,1,2049,3,20),
	(49183,1,2049,3,21),
	(49184,1,2049,4,27),
	(49185,1,2049,4,24),
	(49186,1,2049,4,25),
	(49187,1,2049,4,12),
	(49188,1,2049,4,26),
	(49189,1,2049,5,31),
	(49190,1,2049,5,32),
	(49191,1,2049,5,30),
	(49192,1,2049,5,29),
	(49193,1,2049,5,28),
	(49194,1,2050,1,14),
	(49195,1,2050,1,13),
	(49196,1,2050,1,15),
	(49197,1,2050,1,9),
	(49198,1,2050,1,16),
	(49199,1,2050,2,7),
	(49200,1,2050,2,18),
	(49201,1,2050,2,19),
	(49202,1,2050,2,11),
	(49203,1,2050,2,17),
	(49204,1,2050,3,23),
	(49205,1,2050,3,22),
	(49206,1,2050,3,10),
	(49207,1,2050,3,21),
	(49208,1,2050,3,20),
	(49209,1,2050,4,27),
	(49210,1,2050,4,25),
	(49211,1,2050,4,12),
	(49212,1,2050,4,26),
	(49213,1,2050,4,24),
	(49214,1,2050,5,32),
	(49215,1,2050,5,28),
	(49216,1,2050,5,30),
	(49217,1,2050,5,29),
	(49218,1,2050,5,31),
	(49219,1,2051,1,14),
	(49220,1,2051,1,9),
	(49221,1,2051,1,16),
	(49222,1,2051,1,13),
	(49223,1,2051,1,15),
	(49224,1,2051,2,19),
	(49225,1,2051,2,7),
	(49226,1,2051,2,17),
	(49227,1,2051,2,11),
	(49228,1,2051,2,18),
	(49229,1,2051,3,22),
	(49230,1,2051,3,23),
	(49231,1,2051,3,10),
	(49232,1,2051,3,20),
	(49233,1,2051,3,21),
	(49234,1,2051,4,25),
	(49235,1,2051,4,12),
	(49236,1,2051,4,24),
	(49237,1,2051,4,27),
	(49238,1,2051,4,26),
	(49239,1,2051,5,30),
	(49240,1,2051,5,28),
	(49241,1,2051,5,29),
	(49242,1,2051,5,32),
	(49243,1,2051,5,31),
	(49244,1,2052,1,13),
	(49245,1,2052,1,14),
	(49246,1,2052,1,15),
	(49247,1,2052,1,9),
	(49248,1,2052,1,16),
	(49249,1,2052,2,19),
	(49250,1,2052,2,17),
	(49251,1,2052,2,18),
	(49252,1,2052,2,11),
	(49253,1,2052,2,7),
	(49254,1,2052,3,22),
	(49255,1,2052,3,23),
	(49256,1,2052,3,21),
	(49257,1,2052,3,20),
	(49258,1,2052,3,10),
	(49259,1,2052,4,24),
	(49260,1,2052,4,26),
	(49261,1,2052,4,12),
	(49262,1,2052,4,27),
	(49263,1,2052,4,25),
	(49264,1,2052,5,30),
	(49265,1,2052,5,8),
	(49266,1,2052,5,28),
	(49267,1,2052,5,32),
	(49268,1,2052,5,31),
	(49269,1,2053,1,15),
	(49270,1,2053,1,9),
	(49271,1,2053,1,13),
	(49272,1,2053,1,16),
	(49273,1,2053,1,14),
	(49274,1,2053,2,18),
	(49275,1,2053,2,11),
	(49276,1,2053,2,19),
	(49277,1,2053,2,17),
	(49278,1,2053,2,7),
	(49279,1,2053,3,23),
	(49280,1,2053,3,22),
	(49281,1,2053,3,21),
	(49282,1,2053,3,10),
	(49283,1,2053,3,20),
	(49284,1,2053,4,24),
	(49285,1,2053,4,27),
	(49286,1,2053,4,26),
	(49287,1,2053,4,25),
	(49288,1,2053,4,12),
	(49289,1,2053,5,29),
	(49290,1,2053,5,30),
	(49291,1,2053,5,31),
	(49292,1,2053,5,32),
	(49293,1,2053,5,8),
	(49294,1,2054,1,15),
	(49295,1,2054,1,14),
	(49296,1,2054,1,16),
	(49297,1,2054,1,9),
	(49298,1,2054,1,13),
	(49299,1,2054,2,11),
	(49300,1,2054,2,18),
	(49301,1,2054,2,19),
	(49302,1,2054,2,17),
	(49303,1,2054,2,7),
	(49304,1,2054,3,21),
	(49305,1,2054,3,22),
	(49306,1,2054,3,10),
	(49307,1,2054,3,23),
	(49308,1,2054,3,20),
	(49309,1,2054,4,12),
	(49310,1,2054,4,27),
	(49311,1,2054,4,26),
	(49312,1,2054,4,25),
	(49313,1,2054,4,24),
	(49314,1,2054,5,30),
	(49315,1,2054,5,32),
	(49316,1,2054,5,31),
	(49317,1,2054,5,8),
	(49318,1,2054,5,29),
	(49319,1,2055,1,16),
	(49320,1,2055,1,9),
	(49321,1,2055,1,13),
	(49322,1,2055,1,15),
	(49323,1,2055,1,14),
	(49324,1,2055,2,7),
	(49325,1,2055,2,19),
	(49326,1,2055,2,11),
	(49327,1,2055,2,17),
	(49328,1,2055,2,18),
	(49329,1,2055,3,22),
	(49330,1,2055,3,23),
	(49331,1,2055,3,21),
	(49332,1,2055,3,10),
	(49333,1,2055,3,20),
	(49334,1,2055,4,27),
	(49335,1,2055,4,25),
	(49336,1,2055,4,12),
	(49337,1,2055,4,26),
	(49338,1,2055,4,24),
	(49339,1,2055,5,29),
	(49340,1,2055,5,30),
	(49341,1,2055,5,31),
	(49342,1,2055,5,8),
	(49343,1,2055,5,28),
	(49344,1,2056,1,13),
	(49345,1,2056,1,9),
	(49346,1,2056,1,16),
	(49347,1,2056,1,15),
	(49348,1,2056,1,14),
	(49349,1,2056,2,11),
	(49350,1,2056,2,17),
	(49351,1,2056,2,19),
	(49352,1,2056,2,18),
	(49353,1,2056,2,7),
	(49354,1,2056,3,21),
	(49355,1,2056,3,10),
	(49356,1,2056,3,23),
	(49357,1,2056,3,22),
	(49358,1,2056,3,20),
	(49359,1,2056,4,27),
	(49360,1,2056,4,26),
	(49361,1,2056,4,12),
	(49362,1,2056,4,25),
	(49363,1,2056,4,24),
	(49364,1,2056,5,8),
	(49365,1,2056,5,30),
	(49366,1,2056,5,28),
	(49367,1,2056,5,29),
	(49368,1,2056,5,32),
	(49369,1,2057,1,16),
	(49370,1,2057,1,15),
	(49371,1,2057,1,14),
	(49372,1,2057,1,9),
	(49373,1,2057,1,13),
	(49374,1,2057,2,7),
	(49375,1,2057,2,17),
	(49376,1,2057,2,11),
	(49377,1,2057,2,19),
	(49378,1,2057,2,18),
	(49379,1,2057,3,21),
	(49380,1,2057,3,20),
	(49381,1,2057,3,10),
	(49382,1,2057,3,22),
	(49383,1,2057,3,23),
	(49384,1,2057,4,27),
	(49385,1,2057,4,26),
	(49386,1,2057,4,24),
	(49387,1,2057,4,25),
	(49388,1,2057,4,12),
	(49389,1,2057,5,28),
	(49390,1,2057,5,32),
	(49391,1,2057,5,8),
	(49392,1,2057,5,30),
	(49393,1,2057,5,31),
	(49394,1,2058,1,15),
	(49395,1,2058,1,14),
	(49396,1,2058,1,16),
	(49397,1,2058,1,9),
	(49398,1,2058,1,13),
	(49399,1,2058,2,11),
	(49400,1,2058,2,19),
	(49401,1,2058,2,17),
	(49402,1,2058,2,7),
	(49403,1,2058,2,18),
	(49404,1,2058,3,21),
	(49405,1,2058,3,20),
	(49406,1,2058,3,10),
	(49407,1,2058,3,22),
	(49408,1,2058,3,23),
	(49409,1,2058,4,12),
	(49410,1,2058,4,24),
	(49411,1,2058,4,27),
	(49412,1,2058,4,25),
	(49413,1,2058,4,26),
	(49414,1,2058,5,30),
	(49415,1,2058,5,32),
	(49416,1,2058,5,31),
	(49417,1,2058,5,29),
	(49418,1,2058,5,8),
	(49419,1,2059,1,16),
	(49420,1,2059,1,9),
	(49421,1,2059,1,14),
	(49422,1,2059,1,15),
	(49423,1,2059,1,13),
	(49424,1,2059,2,17),
	(49425,1,2059,2,18),
	(49426,1,2059,2,19),
	(49427,1,2059,2,11),
	(49428,1,2059,2,7),
	(49429,1,2059,3,22),
	(49430,1,2059,3,23),
	(49431,1,2059,3,10),
	(49432,1,2059,3,20),
	(49433,1,2059,3,21),
	(49434,1,2059,4,27),
	(49435,1,2059,4,26),
	(49436,1,2059,4,25),
	(49437,1,2059,4,12),
	(49438,1,2059,4,24),
	(49439,1,2059,5,29),
	(49440,1,2059,5,8),
	(49441,1,2059,5,31),
	(49442,1,2059,5,30),
	(49443,1,2059,5,32),
	(49444,1,2060,1,15),
	(49445,1,2060,1,13),
	(49446,1,2060,1,9),
	(49447,1,2060,1,14),
	(49448,1,2060,1,16),
	(49449,1,2060,2,19),
	(49450,1,2060,2,17),
	(49451,1,2060,2,11),
	(49452,1,2060,2,18),
	(49453,1,2060,2,7),
	(49454,1,2060,3,22),
	(49455,1,2060,3,10),
	(49456,1,2060,3,21),
	(49457,1,2060,3,23),
	(49458,1,2060,3,20),
	(49459,1,2060,4,27),
	(49460,1,2060,4,24),
	(49461,1,2060,4,25),
	(49462,1,2060,4,26),
	(49463,1,2060,4,12),
	(49464,1,2060,5,8),
	(49465,1,2060,5,30),
	(49466,1,2060,5,32),
	(49467,1,2060,5,28),
	(49468,1,2060,5,31),
	(49469,1,2061,1,13),
	(49470,1,2061,1,14),
	(49471,1,2061,1,9),
	(49472,1,2061,1,16),
	(49473,1,2061,1,15),
	(49474,1,2061,2,17),
	(49475,1,2061,2,18),
	(49476,1,2061,2,7),
	(49477,1,2061,2,19),
	(49478,1,2061,2,11),
	(49479,1,2061,3,23),
	(49480,1,2061,3,20),
	(49481,1,2061,3,21),
	(49482,1,2061,3,10),
	(49483,1,2061,3,22),
	(49484,1,2061,4,24),
	(49485,1,2061,4,25),
	(49486,1,2061,4,26),
	(49487,1,2061,4,27),
	(49488,1,2061,4,12),
	(49489,1,2061,5,29),
	(49490,1,2061,5,30),
	(49491,1,2061,5,8),
	(49492,1,2061,5,32),
	(49493,1,2061,5,28),
	(49494,1,2062,1,16),
	(49495,1,2062,1,15),
	(49496,1,2062,1,14),
	(49497,1,2062,1,9),
	(49498,1,2062,1,13),
	(49499,1,2062,2,11),
	(49500,1,2062,2,17),
	(49501,1,2062,2,19),
	(49502,1,2062,2,7),
	(49503,1,2062,2,18),
	(49504,1,2062,3,20),
	(49505,1,2062,3,22),
	(49506,1,2062,3,21),
	(49507,1,2062,3,10),
	(49508,1,2062,3,23),
	(49509,1,2062,4,12),
	(49510,1,2062,4,27),
	(49511,1,2062,4,24),
	(49512,1,2062,4,25),
	(49513,1,2062,4,26),
	(49514,1,2062,5,31),
	(49515,1,2062,5,30),
	(49516,1,2062,5,32),
	(49517,1,2062,5,8),
	(49518,1,2062,5,28),
	(49519,1,2063,1,14),
	(49520,1,2063,1,16),
	(49521,1,2063,1,9),
	(49522,1,2063,1,13),
	(49523,1,2063,1,15),
	(49524,1,2063,2,19),
	(49525,1,2063,2,7),
	(49526,1,2063,2,17),
	(49527,1,2063,2,11),
	(49528,1,2063,2,18),
	(49529,1,2063,3,21),
	(49530,1,2063,3,23),
	(49531,1,2063,3,10),
	(49532,1,2063,3,20),
	(49533,1,2063,3,22),
	(49534,1,2063,4,27),
	(49535,1,2063,4,25),
	(49536,1,2063,4,26),
	(49537,1,2063,4,12),
	(49538,1,2063,4,24),
	(49539,1,2063,5,28),
	(49540,1,2063,5,30),
	(49541,1,2063,5,32),
	(49542,1,2063,5,8),
	(49543,1,2063,5,29),
	(49544,1,2064,1,13),
	(49545,1,2064,1,15),
	(49546,1,2064,1,14),
	(49547,1,2064,1,16),
	(49548,1,2064,1,9),
	(49549,1,2064,2,11),
	(49550,1,2064,2,18),
	(49551,1,2064,2,17),
	(49552,1,2064,2,19),
	(49553,1,2064,2,7),
	(49554,1,2064,3,21),
	(49555,1,2064,3,10),
	(49556,1,2064,3,23),
	(49557,1,2064,3,20),
	(49558,1,2064,3,22),
	(49559,1,2064,4,12),
	(49560,1,2064,4,24),
	(49561,1,2064,4,27),
	(49562,1,2064,4,25),
	(49563,1,2064,4,26),
	(49564,1,2064,5,29),
	(49565,1,2064,5,8),
	(49566,1,2064,5,31),
	(49567,1,2064,5,28),
	(49568,1,2064,5,30),
	(49569,1,2065,1,15),
	(49570,1,2065,1,13),
	(49571,1,2065,1,14),
	(49572,1,2065,1,16),
	(49573,1,2065,1,9),
	(49574,1,2065,2,17),
	(49575,1,2065,2,19),
	(49576,1,2065,2,11),
	(49577,1,2065,2,7),
	(49578,1,2065,2,18),
	(49579,1,2065,3,21),
	(49580,1,2065,3,10),
	(49581,1,2065,3,22),
	(49582,1,2065,3,23),
	(49583,1,2065,3,20),
	(49584,1,2065,4,12),
	(49585,1,2065,4,26),
	(49586,1,2065,4,27),
	(49587,1,2065,4,25),
	(49588,1,2065,4,24),
	(49589,1,2065,5,32),
	(49590,1,2065,5,28),
	(49591,1,2065,5,8),
	(49592,1,2065,5,29),
	(49593,1,2065,5,31),
	(49594,1,2066,1,15),
	(49595,1,2066,1,9),
	(49596,1,2066,1,14),
	(49597,1,2066,1,16),
	(49598,1,2066,1,13),
	(49599,1,2066,2,19),
	(49600,1,2066,2,7),
	(49601,1,2066,2,11),
	(49602,1,2066,2,18),
	(49603,1,2066,2,17),
	(49604,1,2066,3,23),
	(49605,1,2066,3,21),
	(49606,1,2066,3,10),
	(49607,1,2066,3,22),
	(49608,1,2066,3,20),
	(49609,1,2066,4,12),
	(49610,1,2066,4,26),
	(49611,1,2066,4,27),
	(49612,1,2066,4,24),
	(49613,1,2066,4,25),
	(49614,1,2066,5,31),
	(49615,1,2066,5,29),
	(49616,1,2066,5,28),
	(49617,1,2066,5,32),
	(49618,1,2066,5,8),
	(49619,1,2067,1,9),
	(49620,1,2067,1,16),
	(49621,1,2067,1,13),
	(49622,1,2067,1,15),
	(49623,1,2067,1,14),
	(49624,1,2067,2,7),
	(49625,1,2067,2,11),
	(49626,1,2067,2,19),
	(49627,1,2067,2,17),
	(49628,1,2067,2,18),
	(49629,1,2067,3,20),
	(49630,1,2067,3,10),
	(49631,1,2067,3,23),
	(49632,1,2067,3,22),
	(49633,1,2067,3,21),
	(49634,1,2067,4,25),
	(49635,1,2067,4,12),
	(49636,1,2067,4,27),
	(49637,1,2067,4,26),
	(49638,1,2067,4,24),
	(49639,1,2067,5,32),
	(49640,1,2067,5,30),
	(49641,1,2067,5,31),
	(49642,1,2067,5,8),
	(49643,1,2067,5,28),
	(49644,1,2068,1,15),
	(49645,1,2068,1,13),
	(49646,1,2068,1,16),
	(49647,1,2068,1,14),
	(49648,1,2068,1,9),
	(49649,1,2068,2,19),
	(49650,1,2068,2,18),
	(49651,1,2068,2,17),
	(49652,1,2068,2,11),
	(49653,1,2068,2,7),
	(49654,1,2068,3,10),
	(49655,1,2068,3,20),
	(49656,1,2068,3,23),
	(49657,1,2068,3,21),
	(49658,1,2068,3,22),
	(49659,1,2068,4,24),
	(49660,1,2068,4,27),
	(49661,1,2068,4,12),
	(49662,1,2068,4,26),
	(49663,1,2068,4,25),
	(49664,1,2068,5,32),
	(49665,1,2068,5,8),
	(49666,1,2068,5,30),
	(49667,1,2068,5,29),
	(49668,1,2068,5,28),
	(49669,1,2069,1,16),
	(49670,1,2069,1,9),
	(49671,1,2069,1,13),
	(49672,1,2069,1,15),
	(49673,1,2069,1,14),
	(49674,1,2069,2,17),
	(49675,1,2069,2,7),
	(49676,1,2069,2,11),
	(49677,1,2069,2,18),
	(49678,1,2069,2,19),
	(49679,1,2069,3,21),
	(49680,1,2069,3,20),
	(49681,1,2069,3,22),
	(49682,1,2069,3,10),
	(49683,1,2069,3,23),
	(49684,1,2069,4,25),
	(49685,1,2069,4,12),
	(49686,1,2069,4,24),
	(49687,1,2069,4,26),
	(49688,1,2069,4,27),
	(49689,1,2069,5,29),
	(49690,1,2069,5,8),
	(49691,1,2069,5,30),
	(49692,1,2069,5,31),
	(49693,1,2069,5,28),
	(49694,1,2070,1,16),
	(49695,1,2070,1,9),
	(49696,1,2070,1,14),
	(49697,1,2070,1,13),
	(49698,1,2070,1,15),
	(49699,1,2070,2,19),
	(49700,1,2070,2,11),
	(49701,1,2070,2,18),
	(49702,1,2070,2,17),
	(49703,1,2070,2,7),
	(49704,1,2070,3,23),
	(49705,1,2070,3,21),
	(49706,1,2070,3,22),
	(49707,1,2070,3,10),
	(49708,1,2070,3,20),
	(49709,1,2070,4,27),
	(49710,1,2070,4,25),
	(49711,1,2070,4,24),
	(49712,1,2070,4,12),
	(49713,1,2070,4,26),
	(49714,1,2070,5,28),
	(49715,1,2070,5,32),
	(49716,1,2070,5,8),
	(49717,1,2070,5,31),
	(49718,1,2070,5,30),
	(49719,1,2071,1,16),
	(49720,1,2071,1,13),
	(49721,1,2071,1,14),
	(49722,1,2071,1,15),
	(49723,1,2071,1,9),
	(49724,1,2071,2,19),
	(49725,1,2071,2,18),
	(49726,1,2071,2,17),
	(49727,1,2071,2,7),
	(49728,1,2071,2,11),
	(49729,1,2071,3,10),
	(49730,1,2071,3,21),
	(49731,1,2071,3,23),
	(49732,1,2071,3,22),
	(49733,1,2071,3,20),
	(49734,1,2071,4,12),
	(49735,1,2071,4,26),
	(49736,1,2071,4,27),
	(49737,1,2071,4,25),
	(49738,1,2071,4,24),
	(49739,1,2071,5,28),
	(49740,1,2071,5,32),
	(49741,1,2071,5,30),
	(49742,1,2071,5,29),
	(49743,1,2071,5,8),
	(49744,1,2072,1,15),
	(49745,1,2072,1,16),
	(49746,1,2072,1,13),
	(49747,1,2072,1,9),
	(49748,1,2072,1,14),
	(49749,1,2072,2,11),
	(49750,1,2072,2,19),
	(49751,1,2072,2,18),
	(49752,1,2072,2,7),
	(49753,1,2072,2,17),
	(49754,1,2072,3,21),
	(49755,1,2072,3,23),
	(49756,1,2072,3,22),
	(49757,1,2072,3,20),
	(49758,1,2072,3,10),
	(49759,1,2072,4,24),
	(49760,1,2072,4,12),
	(49761,1,2072,4,27),
	(49762,1,2072,4,25),
	(49763,1,2072,4,26),
	(49764,1,2072,5,31),
	(49765,1,2072,5,8),
	(49766,1,2072,5,28),
	(49767,1,2072,5,29),
	(49768,1,2072,5,30),
	(49769,1,2073,1,15),
	(49770,1,2073,1,16),
	(49771,1,2073,1,13),
	(49772,1,2073,1,9),
	(49773,1,2073,1,14),
	(49774,1,2073,2,11),
	(49775,1,2073,2,17),
	(49776,1,2073,2,18),
	(49777,1,2073,2,19),
	(49778,1,2073,2,7),
	(49779,1,2073,3,21),
	(49780,1,2073,3,20),
	(49781,1,2073,3,22),
	(49782,1,2073,3,23),
	(49783,1,2073,3,10),
	(49784,1,2073,4,27),
	(49785,1,2073,4,12),
	(49786,1,2073,4,26),
	(49787,1,2073,4,24),
	(49788,1,2073,4,25),
	(49789,1,2073,5,28),
	(49790,1,2073,5,30),
	(49791,1,2073,5,8),
	(49792,1,2073,5,32),
	(49793,1,2073,5,29),
	(49794,1,2074,1,16),
	(49795,1,2074,1,9),
	(49796,1,2074,1,13),
	(49797,1,2074,1,15),
	(49798,1,2074,1,14),
	(49799,1,2074,2,17),
	(49800,1,2074,2,19),
	(49801,1,2074,2,11),
	(49802,1,2074,2,7),
	(49803,1,2074,2,18),
	(49804,1,2074,3,10),
	(49805,1,2074,3,22),
	(49806,1,2074,3,21),
	(49807,1,2074,3,23),
	(49808,1,2074,3,20),
	(49809,1,2074,4,27),
	(49810,1,2074,4,25),
	(49811,1,2074,4,12),
	(49812,1,2074,4,26),
	(49813,1,2074,4,24),
	(49814,1,2074,5,28),
	(49815,1,2074,5,32),
	(49816,1,2074,5,8),
	(49817,1,2074,5,29),
	(49818,1,2074,5,30),
	(49819,1,2075,1,16),
	(49820,1,2075,1,9),
	(49821,1,2075,1,13),
	(49822,1,2075,1,15),
	(49823,1,2075,1,14),
	(49824,1,2075,2,19),
	(49825,1,2075,2,11),
	(49826,1,2075,2,7),
	(49827,1,2075,2,18),
	(49828,1,2075,2,17),
	(49829,1,2075,3,10),
	(49830,1,2075,3,23),
	(49831,1,2075,3,22),
	(49832,1,2075,3,21),
	(49833,1,2075,3,20),
	(49834,1,2075,4,12),
	(49835,1,2075,4,24),
	(49836,1,2075,4,26),
	(49837,1,2075,4,27),
	(49838,1,2075,4,25),
	(49839,1,2075,5,31),
	(49840,1,2075,5,32),
	(49841,1,2075,5,28),
	(49842,1,2075,5,8),
	(49843,1,2075,5,30),
	(49844,1,2076,1,13),
	(49845,1,2076,1,15),
	(49846,1,2076,1,9),
	(49847,1,2076,1,16),
	(49848,1,2076,1,14),
	(49849,1,2076,2,7),
	(49850,1,2076,2,17),
	(49851,1,2076,2,18),
	(49852,1,2076,2,19),
	(49853,1,2076,2,11),
	(49854,1,2076,3,22),
	(49855,1,2076,3,23),
	(49856,1,2076,3,20),
	(49857,1,2076,3,21),
	(49858,1,2076,3,10),
	(49859,1,2076,4,26),
	(49860,1,2076,4,25),
	(49861,1,2076,4,24),
	(49862,1,2076,4,27),
	(49863,1,2076,4,12),
	(49864,1,2076,5,28),
	(49865,1,2076,5,32),
	(49866,1,2076,5,8),
	(49867,1,2076,5,29),
	(49868,1,2076,5,31),
	(49869,1,2077,1,16),
	(49870,1,2077,1,14),
	(49871,1,2077,1,15),
	(49872,1,2077,1,13),
	(49873,1,2077,1,9),
	(49874,1,2077,2,11),
	(49875,1,2077,2,17),
	(49876,1,2077,2,7),
	(49877,1,2077,2,18),
	(49878,1,2077,2,19),
	(49879,1,2077,3,10),
	(49880,1,2077,3,20),
	(49881,1,2077,3,23),
	(49882,1,2077,3,21),
	(49883,1,2077,3,22),
	(49884,1,2077,4,26),
	(49885,1,2077,4,27),
	(49886,1,2077,4,12),
	(49887,1,2077,4,25),
	(49888,1,2077,4,24),
	(49889,1,2077,5,32),
	(49890,1,2077,5,31),
	(49891,1,2077,5,8),
	(49892,1,2077,5,30),
	(49893,1,2077,5,29),
	(49894,1,2078,1,16),
	(49895,1,2078,1,14),
	(49896,1,2078,1,13),
	(49897,1,2078,1,9),
	(49898,1,2078,1,15),
	(49899,1,2078,2,18),
	(49900,1,2078,2,11),
	(49901,1,2078,2,19),
	(49902,1,2078,2,17),
	(49903,1,2078,2,7),
	(49904,1,2078,3,20),
	(49905,1,2078,3,23),
	(49906,1,2078,3,22),
	(49907,1,2078,3,21),
	(49908,1,2078,3,10),
	(49909,1,2078,4,24),
	(49910,1,2078,4,12),
	(49911,1,2078,4,27),
	(49912,1,2078,4,26),
	(49913,1,2078,4,25),
	(49914,1,2078,5,32),
	(49915,1,2078,5,28),
	(49916,1,2078,5,31),
	(49917,1,2078,5,30),
	(49918,1,2078,5,29),
	(49919,1,2079,1,9),
	(49920,1,2079,1,13),
	(49921,1,2079,1,15),
	(49922,1,2079,1,16),
	(49923,1,2079,1,14),
	(49924,1,2079,2,11),
	(49925,1,2079,2,19),
	(49926,1,2079,2,18),
	(49927,1,2079,2,17),
	(49928,1,2079,2,7),
	(49929,1,2079,3,20),
	(49930,1,2079,3,23),
	(49931,1,2079,3,22),
	(49932,1,2079,3,21),
	(49933,1,2079,3,10),
	(49934,1,2079,4,26),
	(49935,1,2079,4,24),
	(49936,1,2079,4,12),
	(49937,1,2079,4,25),
	(49938,1,2079,4,27),
	(49939,1,2079,5,29),
	(49940,1,2079,5,28),
	(49941,1,2079,5,8),
	(49942,1,2079,5,30),
	(49943,1,2079,5,31),
	(49944,1,2080,1,15),
	(49945,1,2080,1,16),
	(49946,1,2080,1,14),
	(49947,1,2080,1,13),
	(49948,1,2080,1,9),
	(49949,1,2080,2,11),
	(49950,1,2080,2,7),
	(49951,1,2080,2,19),
	(49952,1,2080,2,18),
	(49953,1,2080,2,17),
	(49954,1,2080,3,20),
	(49955,1,2080,3,23),
	(49956,1,2080,3,22),
	(49957,1,2080,3,10),
	(49958,1,2080,3,21),
	(49959,1,2080,4,25),
	(49960,1,2080,4,26),
	(49961,1,2080,4,12),
	(49962,1,2080,4,27),
	(49963,1,2080,4,24),
	(49964,1,2080,5,28),
	(49965,1,2080,5,8),
	(49966,1,2080,5,29),
	(49967,1,2080,5,30),
	(49968,1,2080,5,32),
	(49969,1,2081,1,14),
	(49970,1,2081,1,13),
	(49971,1,2081,1,9),
	(49972,1,2081,1,15),
	(49973,1,2081,1,16),
	(49974,1,2081,2,19),
	(49975,1,2081,2,7),
	(49976,1,2081,2,11),
	(49977,1,2081,2,17),
	(49978,1,2081,2,18),
	(49979,1,2081,3,23),
	(49980,1,2081,3,21),
	(49981,1,2081,3,10),
	(49982,1,2081,3,22),
	(49983,1,2081,3,20),
	(49984,1,2081,4,25),
	(49985,1,2081,4,24),
	(49986,1,2081,4,27),
	(49987,1,2081,4,12),
	(49988,1,2081,4,26),
	(49989,1,2081,5,30),
	(49990,1,2081,5,29),
	(49991,1,2081,5,28),
	(49992,1,2081,5,32),
	(49993,1,2081,5,8),
	(49994,1,2082,1,13),
	(49995,1,2082,1,9),
	(49996,1,2082,1,14),
	(49997,1,2082,1,16),
	(49998,1,2082,1,15),
	(49999,1,2082,2,19),
	(50000,1,2082,2,11),
	(50001,1,2082,2,17),
	(50002,1,2082,2,7),
	(50003,1,2082,2,18),
	(50004,1,2082,3,20),
	(50005,1,2082,3,23),
	(50006,1,2082,3,10),
	(50007,1,2082,3,21),
	(50008,1,2082,3,22),
	(50009,1,2082,4,24),
	(50010,1,2082,4,25),
	(50011,1,2082,4,27),
	(50012,1,2082,4,26),
	(50013,1,2082,4,12),
	(50014,1,2082,5,29),
	(50015,1,2082,5,32),
	(50016,1,2082,5,30),
	(50017,1,2082,5,28),
	(50018,1,2082,5,31),
	(50019,1,2083,1,14),
	(50020,1,2083,1,9),
	(50021,1,2083,1,13),
	(50022,1,2083,1,15),
	(50023,1,2083,1,16),
	(50024,1,2083,2,18),
	(50025,1,2083,2,19),
	(50026,1,2083,2,7),
	(50027,1,2083,2,11),
	(50028,1,2083,2,17),
	(50029,1,2083,3,22),
	(50030,1,2083,3,20),
	(50031,1,2083,3,21),
	(50032,1,2083,3,10),
	(50033,1,2083,3,23),
	(50034,1,2083,4,27),
	(50035,1,2083,4,25),
	(50036,1,2083,4,26),
	(50037,1,2083,4,12),
	(50038,1,2083,4,24),
	(50039,1,2083,5,30),
	(50040,1,2083,5,8),
	(50041,1,2083,5,28),
	(50042,1,2083,5,29),
	(50043,1,2083,5,31),
	(50044,1,2084,1,9),
	(50045,1,2084,1,14),
	(50046,1,2084,1,16),
	(50047,1,2084,1,13),
	(50048,1,2084,1,15),
	(50049,1,2084,2,11),
	(50050,1,2084,2,19),
	(50051,1,2084,2,18),
	(50052,1,2084,2,17),
	(50053,1,2084,2,7),
	(50054,1,2084,3,23),
	(50055,1,2084,3,21),
	(50056,1,2084,3,22),
	(50057,1,2084,3,20),
	(50058,1,2084,3,10),
	(50059,1,2084,4,12),
	(50060,1,2084,4,26),
	(50061,1,2084,4,27),
	(50062,1,2084,4,24),
	(50063,1,2084,4,25),
	(50064,1,2084,5,31),
	(50065,1,2084,5,29),
	(50066,1,2084,5,28),
	(50067,1,2084,5,30),
	(50068,1,2084,5,8),
	(50069,1,2085,1,14),
	(50070,1,2085,1,9),
	(50071,1,2085,1,15),
	(50072,1,2085,1,16),
	(50073,1,2085,1,13),
	(50074,1,2085,2,7),
	(50075,1,2085,2,19),
	(50076,1,2085,2,11),
	(50077,1,2085,2,17),
	(50078,1,2085,2,18),
	(50079,1,2085,3,21),
	(50080,1,2085,3,10),
	(50081,1,2085,3,22),
	(50082,1,2085,3,23),
	(50083,1,2085,3,20),
	(50084,1,2085,4,26),
	(50085,1,2085,4,27),
	(50086,1,2085,4,24),
	(50087,1,2085,4,25),
	(50088,1,2085,4,12),
	(50089,1,2085,5,28),
	(50090,1,2085,5,8),
	(50091,1,2085,5,29),
	(50092,1,2085,5,30),
	(50093,1,2085,5,31),
	(50094,1,2086,1,9),
	(50095,1,2086,1,13),
	(50096,1,2086,1,14),
	(50097,1,2086,1,16),
	(50098,1,2086,1,15),
	(50099,1,2086,2,18),
	(50100,1,2086,2,19),
	(50101,1,2086,2,17),
	(50102,1,2086,2,7),
	(50103,1,2086,2,11),
	(50104,1,2086,3,23),
	(50105,1,2086,3,22),
	(50106,1,2086,3,10),
	(50107,1,2086,3,21),
	(50108,1,2086,3,20),
	(50109,1,2086,4,27),
	(50110,1,2086,4,26),
	(50111,1,2086,4,12),
	(50112,1,2086,4,24),
	(50113,1,2086,4,25),
	(50114,1,2086,5,28),
	(50115,1,2086,5,31),
	(50116,1,2086,5,8),
	(50117,1,2086,5,32),
	(50118,1,2086,5,29),
	(50119,1,2087,1,13),
	(50120,1,2087,1,15),
	(50121,1,2087,1,9),
	(50122,1,2087,1,14),
	(50123,1,2087,1,16),
	(50124,1,2087,2,19),
	(50125,1,2087,2,18),
	(50126,1,2087,2,17),
	(50127,1,2087,2,11),
	(50128,1,2087,2,7),
	(50129,1,2087,3,22),
	(50130,1,2087,3,23),
	(50131,1,2087,3,21),
	(50132,1,2087,3,20),
	(50133,1,2087,3,10),
	(50134,1,2087,4,27),
	(50135,1,2087,4,25),
	(50136,1,2087,4,24),
	(50137,1,2087,4,12),
	(50138,1,2087,4,26),
	(50139,1,2087,5,28),
	(50140,1,2087,5,31),
	(50141,1,2087,5,29),
	(50142,1,2087,5,32),
	(50143,1,2087,5,8),
	(50144,1,2088,1,9),
	(50145,1,2088,1,14),
	(50146,1,2088,1,16),
	(50147,1,2088,1,13),
	(50148,1,2088,1,15),
	(50149,1,2088,2,19),
	(50150,1,2088,2,18),
	(50151,1,2088,2,11),
	(50152,1,2088,2,7),
	(50153,1,2088,2,17),
	(50154,1,2088,3,23),
	(50155,1,2088,3,22),
	(50156,1,2088,3,21),
	(50157,1,2088,3,20),
	(50158,1,2088,3,10),
	(50159,1,2088,4,27),
	(50160,1,2088,4,12),
	(50161,1,2088,4,25),
	(50162,1,2088,4,26),
	(50163,1,2088,4,24),
	(50164,1,2088,5,30),
	(50165,1,2088,5,32),
	(50166,1,2088,5,28),
	(50167,1,2088,5,29),
	(50168,1,2088,5,31),
	(50169,1,2089,1,14),
	(50170,1,2089,1,16),
	(50171,1,2089,1,9),
	(50172,1,2089,1,15),
	(50173,1,2089,1,13),
	(50174,1,2089,2,17),
	(50175,1,2089,2,19),
	(50176,1,2089,2,18),
	(50177,1,2089,2,7),
	(50178,1,2089,2,11),
	(50179,1,2089,3,22),
	(50180,1,2089,3,23),
	(50181,1,2089,3,21),
	(50182,1,2089,3,10),
	(50183,1,2089,3,20),
	(50184,1,2089,4,24),
	(50185,1,2089,4,25),
	(50186,1,2089,4,27),
	(50187,1,2089,4,12),
	(50188,1,2089,4,26),
	(50189,1,2089,5,31),
	(50190,1,2089,5,29),
	(50191,1,2089,5,8),
	(50192,1,2089,5,30),
	(50193,1,2089,5,32),
	(50194,1,2090,1,15),
	(50195,1,2090,1,16),
	(50196,1,2090,1,9),
	(50197,1,2090,1,13),
	(50198,1,2090,1,14),
	(50199,1,2090,2,7),
	(50200,1,2090,2,11),
	(50201,1,2090,2,17),
	(50202,1,2090,2,19),
	(50203,1,2090,2,18),
	(50204,1,2090,3,20),
	(50205,1,2090,3,10),
	(50206,1,2090,3,21),
	(50207,1,2090,3,22),
	(50208,1,2090,3,23),
	(50209,1,2090,4,24),
	(50210,1,2090,4,27),
	(50211,1,2090,4,25),
	(50212,1,2090,4,26),
	(50213,1,2090,4,12),
	(50214,1,2090,5,32),
	(50215,1,2090,5,8),
	(50216,1,2090,5,31),
	(50217,1,2090,5,29),
	(50218,1,2090,5,28),
	(50219,1,2091,1,16),
	(50220,1,2091,1,15),
	(50221,1,2091,1,14),
	(50222,1,2091,1,13),
	(50223,1,2091,1,9),
	(50224,1,2091,2,7),
	(50225,1,2091,2,17),
	(50226,1,2091,2,18),
	(50227,1,2091,2,11),
	(50228,1,2091,2,19),
	(50229,1,2091,3,10),
	(50230,1,2091,3,23),
	(50231,1,2091,3,21),
	(50232,1,2091,3,20),
	(50233,1,2091,3,22),
	(50234,1,2091,4,12),
	(50235,1,2091,4,24),
	(50236,1,2091,4,25),
	(50237,1,2091,4,26),
	(50238,1,2091,4,27),
	(50239,1,2091,5,30),
	(50240,1,2091,5,31),
	(50241,1,2091,5,28),
	(50242,1,2091,5,32),
	(50243,1,2091,5,8),
	(50244,1,2092,1,14),
	(50245,1,2092,1,15),
	(50246,1,2092,1,16),
	(50247,1,2092,1,9),
	(50248,1,2092,1,13),
	(50249,1,2092,2,11),
	(50250,1,2092,2,19),
	(50251,1,2092,2,7),
	(50252,1,2092,2,17),
	(50253,1,2092,2,18),
	(50254,1,2092,3,20),
	(50255,1,2092,3,23),
	(50256,1,2092,3,21),
	(50257,1,2092,3,10),
	(50258,1,2092,3,22),
	(50259,1,2092,4,26),
	(50260,1,2092,4,12),
	(50261,1,2092,4,27),
	(50262,1,2092,4,24),
	(50263,1,2092,4,25),
	(50264,1,2092,5,29),
	(50265,1,2092,5,28),
	(50266,1,2092,5,32),
	(50267,1,2092,5,30),
	(50268,1,2092,5,31),
	(50269,1,2093,1,15),
	(50270,1,2093,1,14),
	(50271,1,2093,1,16),
	(50272,1,2093,1,9),
	(50273,1,2093,1,13),
	(50274,1,2093,2,11),
	(50275,1,2093,2,7),
	(50276,1,2093,2,17),
	(50277,1,2093,2,19),
	(50278,1,2093,2,18),
	(50279,1,2093,3,10),
	(50280,1,2093,3,22),
	(50281,1,2093,3,20),
	(50282,1,2093,3,21),
	(50283,1,2093,3,23),
	(50284,1,2093,4,26),
	(50285,1,2093,4,27),
	(50286,1,2093,4,12),
	(50287,1,2093,4,25),
	(50288,1,2093,4,24),
	(50289,1,2093,5,30),
	(50290,1,2093,5,29),
	(50291,1,2093,5,28),
	(50292,1,2093,5,32),
	(50293,1,2093,5,8),
	(50294,1,2094,1,9),
	(50295,1,2094,1,14),
	(50296,1,2094,1,13),
	(50297,1,2094,1,16),
	(50298,1,2094,1,15),
	(50299,1,2094,2,19),
	(50300,1,2094,2,18),
	(50301,1,2094,2,11),
	(50302,1,2094,2,7),
	(50303,1,2094,2,17),
	(50304,1,2094,3,20),
	(50305,1,2094,3,22),
	(50306,1,2094,3,21),
	(50307,1,2094,3,23),
	(50308,1,2094,3,10),
	(50309,1,2094,4,12),
	(50310,1,2094,4,26),
	(50311,1,2094,4,24),
	(50312,1,2094,4,27),
	(50313,1,2094,4,25),
	(50314,1,2094,5,30),
	(50315,1,2094,5,32),
	(50316,1,2094,5,31),
	(50317,1,2094,5,29),
	(50318,1,2094,5,28),
	(50319,1,2095,1,9),
	(50320,1,2095,1,16),
	(50321,1,2095,1,15),
	(50322,1,2095,1,13),
	(50323,1,2095,1,14),
	(50324,1,2095,2,11),
	(50325,1,2095,2,19),
	(50326,1,2095,2,17),
	(50327,1,2095,2,7),
	(50328,1,2095,2,18),
	(50329,1,2095,3,22),
	(50330,1,2095,3,10),
	(50331,1,2095,3,20),
	(50332,1,2095,3,23),
	(50333,1,2095,3,21),
	(50334,1,2095,4,27),
	(50335,1,2095,4,12),
	(50336,1,2095,4,24),
	(50337,1,2095,4,26),
	(50338,1,2095,4,25),
	(50339,1,2095,5,32),
	(50340,1,2095,5,8),
	(50341,1,2095,5,30),
	(50342,1,2095,5,29),
	(50343,1,2095,5,31),
	(50344,1,2096,1,13),
	(50345,1,2096,1,16),
	(50346,1,2096,1,15),
	(50347,1,2096,1,14),
	(50348,1,2096,1,9),
	(50349,1,2096,2,17),
	(50350,1,2096,2,19),
	(50351,1,2096,2,7),
	(50352,1,2096,2,11),
	(50353,1,2096,2,18),
	(50354,1,2096,3,20),
	(50355,1,2096,3,21),
	(50356,1,2096,3,10),
	(50357,1,2096,3,22),
	(50358,1,2096,3,23),
	(50359,1,2096,4,27),
	(50360,1,2096,4,25),
	(50361,1,2096,4,24),
	(50362,1,2096,4,12),
	(50363,1,2096,4,26),
	(50364,1,2096,5,31),
	(50365,1,2096,5,8),
	(50366,1,2096,5,28),
	(50367,1,2096,5,30),
	(50368,1,2096,5,32),
	(50369,1,2097,1,9),
	(50370,1,2097,1,15),
	(50371,1,2097,1,13),
	(50372,1,2097,1,16),
	(50373,1,2097,1,14),
	(50374,1,2097,2,18),
	(50375,1,2097,2,11),
	(50376,1,2097,2,7),
	(50377,1,2097,2,19),
	(50378,1,2097,2,17),
	(50379,1,2097,3,20),
	(50380,1,2097,3,10),
	(50381,1,2097,3,23),
	(50382,1,2097,3,22),
	(50383,1,2097,3,21),
	(50384,1,2097,4,27),
	(50385,1,2097,4,26),
	(50386,1,2097,4,24),
	(50387,1,2097,4,25),
	(50388,1,2097,4,12),
	(50389,1,2097,5,32),
	(50390,1,2097,5,8),
	(50391,1,2097,5,31),
	(50392,1,2097,5,29),
	(50393,1,2097,5,30),
	(50394,1,2098,1,13),
	(50395,1,2098,1,15),
	(50396,1,2098,1,16),
	(50397,1,2098,1,14),
	(50398,1,2098,1,9),
	(50399,1,2098,2,18),
	(50400,1,2098,2,11),
	(50401,1,2098,2,17),
	(50402,1,2098,2,19),
	(50403,1,2098,2,7),
	(50404,1,2098,3,22),
	(50405,1,2098,3,21),
	(50406,1,2098,3,23),
	(50407,1,2098,3,20),
	(50408,1,2098,3,10),
	(50409,1,2098,4,24),
	(50410,1,2098,4,12),
	(50411,1,2098,4,27),
	(50412,1,2098,4,25),
	(50413,1,2098,4,26),
	(50414,1,2098,5,30),
	(50415,1,2098,5,28),
	(50416,1,2098,5,29),
	(50417,1,2098,5,8),
	(50418,1,2098,5,31),
	(50419,1,2099,1,13),
	(50420,1,2099,1,15),
	(50421,1,2099,1,16),
	(50422,1,2099,1,9),
	(50423,1,2099,1,14),
	(50424,1,2099,2,19),
	(50425,1,2099,2,17),
	(50426,1,2099,2,7),
	(50427,1,2099,2,18),
	(50428,1,2099,2,11),
	(50429,1,2099,3,10),
	(50430,1,2099,3,20),
	(50431,1,2099,3,23),
	(50432,1,2099,3,21),
	(50433,1,2099,3,22),
	(50434,1,2099,4,27),
	(50435,1,2099,4,25),
	(50436,1,2099,4,24),
	(50437,1,2099,4,12),
	(50438,1,2099,4,26),
	(50439,1,2099,5,8),
	(50440,1,2099,5,28),
	(50441,1,2099,5,30),
	(50442,1,2099,5,32),
	(50443,1,2099,5,29),
	(50444,1,2100,1,13),
	(50445,1,2100,1,16),
	(50446,1,2100,1,14),
	(50447,1,2100,1,9),
	(50448,1,2100,1,15),
	(50449,1,2100,2,19),
	(50450,1,2100,2,18),
	(50451,1,2100,2,7),
	(50452,1,2100,2,11),
	(50453,1,2100,2,17),
	(50454,1,2100,3,20),
	(50455,1,2100,3,22),
	(50456,1,2100,3,21),
	(50457,1,2100,3,10),
	(50458,1,2100,3,23),
	(50459,1,2100,4,24),
	(50460,1,2100,4,25),
	(50461,1,2100,4,27),
	(50462,1,2100,4,26),
	(50463,1,2100,4,12),
	(50464,1,2100,5,30),
	(50465,1,2100,5,32),
	(50466,1,2100,5,29),
	(50467,1,2100,5,8),
	(50468,1,2100,5,28),
	(50469,1,2101,1,14),
	(50470,1,2101,1,16),
	(50471,1,2101,1,13),
	(50472,1,2101,1,9),
	(50473,1,2101,1,15),
	(50474,1,2101,2,11),
	(50475,1,2101,2,17),
	(50476,1,2101,2,18),
	(50477,1,2101,2,19),
	(50478,1,2101,2,7),
	(50479,1,2101,3,22),
	(50480,1,2101,3,23),
	(50481,1,2101,3,21),
	(50482,1,2101,3,20),
	(50483,1,2101,3,10),
	(50484,1,2101,4,25),
	(50485,1,2101,4,24),
	(50486,1,2101,4,27),
	(50487,1,2101,4,12),
	(50488,1,2101,4,26),
	(50489,1,2101,5,32),
	(50490,1,2101,5,31),
	(50491,1,2101,5,28),
	(50492,1,2101,5,8),
	(50493,1,2101,5,30),
	(50494,1,2102,1,14),
	(50495,1,2102,1,15),
	(50496,1,2102,1,16),
	(50497,1,2102,1,9),
	(50498,1,2102,1,13),
	(50499,1,2102,2,11),
	(50500,1,2102,2,18),
	(50501,1,2102,2,7),
	(50502,1,2102,2,17),
	(50503,1,2102,2,19),
	(50504,1,2102,3,10),
	(50505,1,2102,3,21),
	(50506,1,2102,3,20),
	(50507,1,2102,3,23),
	(50508,1,2102,3,22),
	(50509,1,2102,4,26),
	(50510,1,2102,4,24),
	(50511,1,2102,4,12),
	(50512,1,2102,4,25),
	(50513,1,2102,4,27),
	(50514,1,2102,5,29),
	(50515,1,2102,5,28),
	(50516,1,2102,5,32),
	(50517,1,2102,5,31),
	(50518,1,2102,5,30),
	(50519,1,2103,1,13),
	(50520,1,2103,1,15),
	(50521,1,2103,1,9),
	(50522,1,2103,1,14),
	(50523,1,2103,1,16),
	(50524,1,2103,2,11),
	(50525,1,2103,2,17),
	(50526,1,2103,2,18),
	(50527,1,2103,2,7),
	(50528,1,2103,2,19),
	(50529,1,2103,3,23),
	(50530,1,2103,3,22),
	(50531,1,2103,3,20),
	(50532,1,2103,3,21),
	(50533,1,2103,3,10),
	(50534,1,2103,4,27),
	(50535,1,2103,4,25),
	(50536,1,2103,4,12),
	(50537,1,2103,4,26),
	(50538,1,2103,4,24),
	(50539,1,2103,5,31),
	(50540,1,2103,5,28),
	(50541,1,2103,5,8),
	(50542,1,2103,5,32),
	(50543,1,2103,5,29),
	(50544,1,2104,1,16),
	(50545,1,2104,1,14),
	(50546,1,2104,1,13),
	(50547,1,2104,1,15),
	(50548,1,2104,1,9),
	(50549,1,2104,2,18),
	(50550,1,2104,2,7),
	(50551,1,2104,2,19),
	(50552,1,2104,2,11),
	(50553,1,2104,2,17),
	(50554,1,2104,3,21),
	(50555,1,2104,3,23),
	(50556,1,2104,3,10),
	(50557,1,2104,3,20),
	(50558,1,2104,3,22),
	(50559,1,2104,4,26),
	(50560,1,2104,4,27),
	(50561,1,2104,4,25),
	(50562,1,2104,4,24),
	(50563,1,2104,4,12),
	(50564,1,2104,5,32),
	(50565,1,2104,5,30),
	(50566,1,2104,5,8),
	(50567,1,2104,5,28),
	(50568,1,2104,5,31),
	(50569,1,2105,1,13),
	(50570,1,2105,1,15),
	(50571,1,2105,1,9),
	(50572,1,2105,1,16),
	(50573,1,2105,1,14),
	(50574,1,2105,2,18),
	(50575,1,2105,2,17),
	(50576,1,2105,2,7),
	(50577,1,2105,2,11),
	(50578,1,2105,2,19),
	(50579,1,2105,3,21),
	(50580,1,2105,3,22),
	(50581,1,2105,3,10),
	(50582,1,2105,3,20),
	(50583,1,2105,3,23),
	(50584,1,2105,4,25),
	(50585,1,2105,4,24),
	(50586,1,2105,4,26),
	(50587,1,2105,4,27),
	(50588,1,2105,4,12),
	(50589,1,2105,5,29),
	(50590,1,2105,5,30),
	(50591,1,2105,5,28),
	(50592,1,2105,5,8),
	(50593,1,2105,5,32),
	(50594,1,2106,1,16),
	(50595,1,2106,1,13),
	(50596,1,2106,1,9),
	(50597,1,2106,1,14),
	(50598,1,2106,1,15),
	(50599,1,2106,2,11),
	(50600,1,2106,2,19),
	(50601,1,2106,2,7),
	(50602,1,2106,2,18),
	(50603,1,2106,2,17),
	(50604,1,2106,3,10),
	(50605,1,2106,3,23),
	(50606,1,2106,3,20),
	(50607,1,2106,3,21),
	(50608,1,2106,3,22),
	(50609,1,2106,4,26),
	(50610,1,2106,4,25),
	(50611,1,2106,4,24),
	(50612,1,2106,4,12),
	(50613,1,2106,4,27),
	(50614,1,2106,5,8),
	(50615,1,2106,5,31),
	(50616,1,2106,5,30),
	(50617,1,2106,5,32),
	(50618,1,2106,5,28),
	(50619,1,2107,1,15),
	(50620,1,2107,1,16),
	(50621,1,2107,1,13),
	(50622,1,2107,1,14),
	(50623,1,2107,1,9),
	(50624,1,2107,2,19),
	(50625,1,2107,2,18),
	(50626,1,2107,2,7),
	(50627,1,2107,2,17),
	(50628,1,2107,2,11),
	(50629,1,2107,3,22),
	(50630,1,2107,3,10),
	(50631,1,2107,3,20),
	(50632,1,2107,3,21),
	(50633,1,2107,3,23),
	(50634,1,2107,4,25),
	(50635,1,2107,4,12),
	(50636,1,2107,4,27),
	(50637,1,2107,4,24),
	(50638,1,2107,4,26),
	(50639,1,2107,5,31),
	(50640,1,2107,5,30),
	(50641,1,2107,5,28),
	(50642,1,2107,5,29),
	(50643,1,2107,5,8),
	(50644,1,2108,1,13),
	(50645,1,2108,1,16),
	(50646,1,2108,1,14),
	(50647,1,2108,1,9),
	(50648,1,2108,1,15),
	(50649,1,2108,2,17),
	(50650,1,2108,2,7),
	(50651,1,2108,2,18),
	(50652,1,2108,2,11),
	(50653,1,2108,2,19),
	(50654,1,2108,3,23),
	(50655,1,2108,3,22),
	(50656,1,2108,3,21),
	(50657,1,2108,3,10),
	(50658,1,2108,3,20),
	(50659,1,2108,4,27),
	(50660,1,2108,4,26),
	(50661,1,2108,4,25),
	(50662,1,2108,4,24),
	(50663,1,2108,4,12),
	(50664,1,2108,5,29),
	(50665,1,2108,5,30),
	(50666,1,2108,5,31),
	(50667,1,2108,5,28),
	(50668,1,2108,5,8),
	(50669,1,2109,1,15),
	(50670,1,2109,1,14),
	(50671,1,2109,1,13),
	(50672,1,2109,1,16),
	(50673,1,2109,1,9),
	(50674,1,2109,2,19),
	(50675,1,2109,2,17),
	(50676,1,2109,2,11),
	(50677,1,2109,2,18),
	(50678,1,2109,2,7),
	(50679,1,2109,3,22),
	(50680,1,2109,3,21),
	(50681,1,2109,3,10),
	(50682,1,2109,3,23),
	(50683,1,2109,3,20),
	(50684,1,2109,4,27),
	(50685,1,2109,4,26),
	(50686,1,2109,4,24),
	(50687,1,2109,4,12),
	(50688,1,2109,4,25),
	(50689,1,2109,5,30),
	(50690,1,2109,5,31),
	(50691,1,2109,5,28),
	(50692,1,2109,5,32),
	(50693,1,2109,5,8),
	(50694,1,2110,1,14),
	(50695,1,2110,1,13),
	(50696,1,2110,1,9),
	(50697,1,2110,1,16),
	(50698,1,2110,1,15),
	(50699,1,2110,2,19),
	(50700,1,2110,2,7),
	(50701,1,2110,2,17),
	(50702,1,2110,2,11),
	(50703,1,2110,2,18),
	(50704,1,2110,3,10),
	(50705,1,2110,3,23),
	(50706,1,2110,3,21),
	(50707,1,2110,3,22),
	(50708,1,2110,3,20),
	(50709,1,2110,4,12),
	(50710,1,2110,4,27),
	(50711,1,2110,4,25),
	(50712,1,2110,4,24),
	(50713,1,2110,4,26),
	(50714,1,2110,5,8),
	(50715,1,2110,5,30),
	(50716,1,2110,5,31),
	(50717,1,2110,5,29),
	(50718,1,2110,5,28),
	(50719,1,2111,1,16),
	(50720,1,2111,1,15),
	(50721,1,2111,1,9),
	(50722,1,2111,1,13),
	(50723,1,2111,1,14),
	(50724,1,2111,2,11),
	(50725,1,2111,2,18),
	(50726,1,2111,2,17),
	(50727,1,2111,2,19),
	(50728,1,2111,2,7),
	(50729,1,2111,3,20),
	(50730,1,2111,3,10),
	(50731,1,2111,3,22),
	(50732,1,2111,3,23),
	(50733,1,2111,3,21),
	(50734,1,2111,4,25),
	(50735,1,2111,4,27),
	(50736,1,2111,4,12),
	(50737,1,2111,4,26),
	(50738,1,2111,4,24),
	(50739,1,2111,5,32),
	(50740,1,2111,5,8),
	(50741,1,2111,5,31),
	(50742,1,2111,5,30),
	(50743,1,2111,5,28),
	(50744,1,2112,1,14),
	(50745,1,2112,1,9),
	(50746,1,2112,1,13),
	(50747,1,2112,1,15),
	(50748,1,2112,1,16),
	(50749,1,2112,2,19),
	(50750,1,2112,2,11),
	(50751,1,2112,2,17),
	(50752,1,2112,2,7),
	(50753,1,2112,2,18),
	(50754,1,2112,3,21),
	(50755,1,2112,3,22),
	(50756,1,2112,3,10),
	(50757,1,2112,3,20),
	(50758,1,2112,3,23),
	(50759,1,2112,4,25),
	(50760,1,2112,4,27),
	(50761,1,2112,4,26),
	(50762,1,2112,4,12),
	(50763,1,2112,4,24),
	(50764,1,2112,5,31),
	(50765,1,2112,5,8),
	(50766,1,2112,5,29),
	(50767,1,2112,5,30),
	(50768,1,2112,5,32),
	(50769,1,2113,1,14),
	(50770,1,2113,1,13),
	(50771,1,2113,1,15),
	(50772,1,2113,1,16),
	(50773,1,2113,1,9),
	(50774,1,2113,2,18),
	(50775,1,2113,2,19),
	(50776,1,2113,2,7),
	(50777,1,2113,2,17),
	(50778,1,2113,2,11),
	(50779,1,2113,3,20),
	(50780,1,2113,3,10),
	(50781,1,2113,3,21),
	(50782,1,2113,3,22),
	(50783,1,2113,3,23),
	(50784,1,2113,4,12),
	(50785,1,2113,4,25),
	(50786,1,2113,4,24),
	(50787,1,2113,4,27),
	(50788,1,2113,4,26),
	(50789,1,2113,5,8),
	(50790,1,2113,5,30),
	(50791,1,2113,5,32),
	(50792,1,2113,5,31),
	(50793,1,2113,5,28),
	(50794,1,2114,1,13),
	(50795,1,2114,1,16),
	(50796,1,2114,1,15),
	(50797,1,2114,1,14),
	(50798,1,2114,1,9),
	(50799,1,2114,2,17),
	(50800,1,2114,2,18),
	(50801,1,2114,2,7),
	(50802,1,2114,2,19),
	(50803,1,2114,2,11),
	(50804,1,2114,3,22),
	(50805,1,2114,3,23),
	(50806,1,2114,3,10),
	(50807,1,2114,3,20),
	(50808,1,2114,3,21),
	(50809,1,2114,4,26),
	(50810,1,2114,4,27),
	(50811,1,2114,4,25),
	(50812,1,2114,4,12),
	(50813,1,2114,4,24),
	(50814,1,2114,5,29),
	(50815,1,2114,5,30),
	(50816,1,2114,5,8),
	(50817,1,2114,5,32),
	(50818,1,2114,5,31),
	(50819,1,2115,1,9),
	(50820,1,2115,1,14),
	(50821,1,2115,1,13),
	(50822,1,2115,1,16),
	(50823,1,2115,1,15),
	(50824,1,2115,2,17),
	(50825,1,2115,2,18),
	(50826,1,2115,2,7),
	(50827,1,2115,2,19),
	(50828,1,2115,2,11),
	(50829,1,2115,3,10),
	(50830,1,2115,3,20),
	(50831,1,2115,3,22),
	(50832,1,2115,3,21),
	(50833,1,2115,3,23),
	(50834,1,2115,4,25),
	(50835,1,2115,4,12),
	(50836,1,2115,4,26),
	(50837,1,2115,4,27),
	(50838,1,2115,4,24),
	(50839,1,2115,5,30),
	(50840,1,2115,5,29),
	(50841,1,2115,5,28),
	(50842,1,2115,5,31),
	(50843,1,2115,5,8),
	(50844,1,2116,1,16),
	(50845,1,2116,1,14),
	(50846,1,2116,1,13),
	(50847,1,2116,1,9),
	(50848,1,2116,1,15),
	(50849,1,2116,2,19),
	(50850,1,2116,2,17),
	(50851,1,2116,2,11),
	(50852,1,2116,2,18),
	(50853,1,2116,2,7),
	(50854,1,2116,3,20),
	(50855,1,2116,3,23),
	(50856,1,2116,3,21),
	(50857,1,2116,3,10),
	(50858,1,2116,3,22),
	(50859,1,2116,4,25),
	(50860,1,2116,4,12),
	(50861,1,2116,4,24),
	(50862,1,2116,4,27),
	(50863,1,2116,4,26),
	(50864,1,2116,5,28),
	(50865,1,2116,5,30),
	(50866,1,2116,5,32),
	(50867,1,2116,5,8),
	(50868,1,2116,5,31),
	(50869,1,2117,1,9),
	(50870,1,2117,1,13),
	(50871,1,2117,1,14),
	(50872,1,2117,1,16),
	(50873,1,2117,1,15),
	(50874,1,2117,2,19),
	(50875,1,2117,2,18),
	(50876,1,2117,2,17),
	(50877,1,2117,2,7),
	(50878,1,2117,2,11),
	(50879,1,2117,3,21),
	(50880,1,2117,3,23),
	(50881,1,2117,3,10),
	(50882,1,2117,3,20),
	(50883,1,2117,3,22),
	(50884,1,2117,4,12),
	(50885,1,2117,4,26),
	(50886,1,2117,4,27),
	(50887,1,2117,4,25),
	(50888,1,2117,4,24),
	(50889,1,2117,5,28),
	(50890,1,2117,5,32),
	(50891,1,2117,5,31),
	(50892,1,2117,5,8),
	(50893,1,2117,5,29),
	(50894,1,2118,1,13),
	(50895,1,2118,1,15),
	(50896,1,2118,1,16),
	(50897,1,2118,1,14),
	(50898,1,2118,1,9),
	(50899,1,2118,2,18),
	(50900,1,2118,2,17),
	(50901,1,2118,2,11),
	(50902,1,2118,2,19),
	(50903,1,2118,2,7),
	(50904,1,2118,3,20),
	(50905,1,2118,3,10),
	(50906,1,2118,3,22),
	(50907,1,2118,3,23),
	(50908,1,2118,3,21),
	(50909,1,2118,4,25),
	(50910,1,2118,4,26),
	(50911,1,2118,4,27),
	(50912,1,2118,4,12),
	(50913,1,2118,4,24),
	(50914,1,2118,5,29),
	(50915,1,2118,5,32),
	(50916,1,2118,5,31),
	(50917,1,2118,5,28),
	(50918,1,2118,5,30);

/*!40000 ALTER TABLE `apply_testsapply` ENABLE KEYS */;
UNLOCK TABLES;


DROP TABLE IF EXISTS `auth_group`;

CREATE TABLE `auth_group` (
  `id` int(11) NOT NULL AUTO_INCREMENT,
  `name` varchar(80) NOT NULL,
  PRIMARY KEY (`id`),
  UNIQUE KEY `name` (`name`)
) ENGINE=InnoDB DEFAULT CHARSET=latin1;

LOCK TABLES `auth_group` WRITE;
/*!40000 ALTER TABLE `auth_group` DISABLE KEYS */;

INSERT INTO `auth_group` (`id`, `name`)
VALUES
	(1,'mentorGroup');

/*!40000 ALTER TABLE `auth_group` ENABLE KEYS */;
UNLOCK TABLES;


DROP TABLE IF EXISTS `auth_group_permissions`;

CREATE TABLE `auth_group_permissions` (
  `id` int(11) NOT NULL AUTO_INCREMENT,
  `group_id` int(11) NOT NULL,
  `permission_id` int(11) NOT NULL,
  PRIMARY KEY (`id`),
  UNIQUE KEY `auth_group_permissions_group_id_0cd325b0_uniq` (`group_id`,`permission_id`),
  KEY `auth_group_permissi_permission_id_84c5c92e_fk_auth_permission_id` (`permission_id`),
  CONSTRAINT `auth_group_permissi_permission_id_84c5c92e_fk_auth_permission_id` FOREIGN KEY (`permission_id`) REFERENCES `auth_permission` (`id`),
  CONSTRAINT `auth_group_permissions_group_id_b120cbf9_fk_auth_group_id` FOREIGN KEY (`group_id`) REFERENCES `auth_group` (`id`)
) ENGINE=InnoDB DEFAULT CHARSET=latin1;

LOCK TABLES `auth_group_permissions` WRITE;
/*!40000 ALTER TABLE `auth_group_permissions` DISABLE KEYS */;

INSERT INTO `auth_group_permissions` (`id`, `group_id`, `permission_id`)
VALUES
	(1,1,25),
	(2,1,26),
	(3,1,27),
	(4,1,35);

/*!40000 ALTER TABLE `auth_group_permissions` ENABLE KEYS */;
UNLOCK TABLES;


DROP TABLE IF EXISTS `auth_permission`;

CREATE TABLE `auth_permission` (
  `id` int(11) NOT NULL AUTO_INCREMENT,
  `name` varchar(255) NOT NULL,
  `content_type_id` int(11) NOT NULL,
  `codename` varchar(100) NOT NULL,
  PRIMARY KEY (`id`),
  UNIQUE KEY `auth_permission_content_type_id_01ab375a_uniq` (`content_type_id`,`codename`),
  CONSTRAINT `auth_permissi_content_type_id_2f476e4b_fk_django_content_type_id` FOREIGN KEY (`content_type_id`) REFERENCES `django_content_type` (`id`)
) ENGINE=InnoDB DEFAULT CHARSET=latin1;

LOCK TABLES `auth_permission` WRITE;
/*!40000 ALTER TABLE `auth_permission` DISABLE KEYS */;

INSERT INTO `auth_permission` (`id`, `name`, `content_type_id`, `codename`)
VALUES
	(1,'Can add log entry',1,'add_logentry'),
	(2,'Can change log entry',1,'change_logentry'),
	(3,'Can delete log entry',1,'delete_logentry'),
	(4,'Can add group',2,'add_group'),
	(5,'Can change group',2,'change_group'),
	(6,'Can delete group',2,'delete_group'),
	(7,'Can add permission',3,'add_permission'),
	(8,'Can change permission',3,'change_permission'),
	(9,'Can delete permission',3,'delete_permission'),
	(10,'Can add user',4,'add_user'),
	(11,'Can change user',4,'change_user'),
	(12,'Can delete user',4,'delete_user'),
	(13,'Can add content type',5,'add_contenttype'),
	(14,'Can change content type',5,'change_contenttype'),
	(15,'Can delete content type',5,'delete_contenttype'),
	(16,'Can add session',6,'add_session'),
	(17,'Can change session',6,'change_session'),
	(18,'Can delete session',6,'delete_session'),
	(19,'Can add site',7,'add_site'),
	(20,'Can change site',7,'change_site'),
	(21,'Can delete site',7,'delete_site'),
	(22,'Can add news_ paragraph',8,'add_news_paragraph'),
	(23,'Can change news_ paragraph',8,'change_news_paragraph'),
	(24,'Can delete news_ paragraph',8,'delete_news_paragraph'),
	(25,'Can add project_news',9,'add_project_news'),
	(26,'Can change project_news',9,'change_project_news'),
	(27,'Can delete project_news',9,'delete_project_news'),
	(28,'Can add test',10,'add_test'),
	(29,'Can change test',10,'change_test'),
	(30,'Can delete test',10,'delete_test'),
	(31,'Can add subject',11,'add_subject'),
	(32,'Can change subject',11,'change_subject'),
	(33,'Can delete subject',11,'delete_subject'),
	(34,'Can add project',12,'add_project'),
	(35,'Can change project',12,'change_project'),
	(36,'Can delete project',12,'delete_project'),
	(37,'Can add mark for each project',13,'add_markforeachproject'),
	(38,'Can change mark for each project',13,'change_markforeachproject'),
	(39,'Can delete mark for each project',13,'delete_markforeachproject'),
	(40,'Can add destribution',14,'add_destribution'),
	(41,'Can change destribution',14,'change_destribution'),
	(42,'Can delete destribution',14,'delete_destribution'),
	(43,'Can add apply application',15,'add_applyapplication'),
	(44,'Can change apply application',15,'change_applyapplication'),
	(45,'Can delete apply application',15,'delete_applyapplication'),
	(46,'Can add tests apply',16,'add_testsapply'),
	(47,'Can change tests apply',16,'change_testsapply'),
	(48,'Can delete tests apply',16,'delete_testsapply'),
	(49,'Can add project priority',17,'add_projectpriority'),
	(50,'Can change project priority',17,'change_projectpriority'),
	(51,'Can delete project priority',17,'delete_projectpriority'),
	(52,'Can add Message',18,'add_message'),
	(53,'Can change Message',18,'change_message'),
	(54,'Can delete Message',18,'delete_message'),
	(55,'Can add message',19,'add_message'),
	(56,'Can change message',19,'change_message'),
	(57,'Can delete message',19,'delete_message'),
	(58,'Can add room',20,'add_room'),
	(59,'Can change room',20,'change_room'),
	(60,'Can delete room',20,'delete_room'),
	(61,'Can add Forum',21,'add_forum'),
	(62,'Can change Forum',21,'change_forum'),
	(63,'Can delete Forum',21,'delete_forum'),
	(64,'Can add Post',22,'add_post'),
	(65,'Can change Post',22,'change_post'),
	(66,'Can delete Post',22,'delete_post'),
	(67,'Can add Topic',23,'add_topic'),
	(68,'Can change Topic',23,'change_topic'),
	(69,'Can delete Topic',23,'delete_topic'),
	(70,'Can add Attachment',24,'add_attachment'),
	(71,'Can change Attachment',24,'change_attachment'),
	(72,'Can delete Attachment',24,'delete_attachment'),
	(73,'Can add Topic poll',25,'add_topicpoll'),
	(74,'Can change Topic poll',25,'change_topicpoll'),
	(75,'Can delete Topic poll',25,'delete_topicpoll'),
	(76,'Can add Topic poll vote',26,'add_topicpollvote'),
	(77,'Can change Topic poll vote',26,'change_topicpollvote'),
	(78,'Can delete Topic poll vote',26,'delete_topicpollvote'),
	(79,'Can add Topic poll option',27,'add_topicpolloption'),
	(80,'Can change Topic poll option',27,'change_topicpolloption'),
	(81,'Can delete Topic poll option',27,'delete_topicpolloption'),
	(82,'Can add Topic track',28,'add_topicreadtrack'),
	(83,'Can change Topic track',28,'change_topicreadtrack'),
	(84,'Can delete Topic track',28,'delete_topicreadtrack'),
	(85,'Can add Forum track',29,'add_forumreadtrack'),
	(86,'Can change Forum track',29,'change_forumreadtrack'),
	(87,'Can delete Forum track',29,'delete_forumreadtrack'),
	(88,'Can add Forum profile',30,'add_forumprofile'),
	(89,'Can change Forum profile',30,'change_forumprofile'),
	(90,'Can delete Forum profile',30,'delete_forumprofile'),
	(91,'Can add Group forum permission',31,'add_groupforumpermission'),
	(92,'Can change Group forum permission',31,'change_groupforumpermission'),
	(93,'Can delete Group forum permission',31,'delete_groupforumpermission'),
	(94,'Can add Forum permission',32,'add_forumpermission'),
	(95,'Can change Forum permission',32,'change_forumpermission'),
	(96,'Can delete Forum permission',32,'delete_forumpermission'),
	(97,'Can add User forum permission',33,'add_userforumpermission'),
	(98,'Can change User forum permission',33,'change_userforumpermission'),
	(99,'Can delete User forum permission',33,'delete_userforumpermission'),
	(100,'Can add about us',34,'add_aboutus'),
	(101,'Can change about us',34,'change_aboutus'),
	(102,'Can delete about us',34,'delete_aboutus'),
	(103,'Can add Token',35,'add_token'),
	(104,'Can change Token',35,'change_token'),
	(105,'Can delete Token',35,'delete_token'),
	(106,'Can add report project',36,'add_reportproject'),
	(107,'Can change report project',36,'change_reportproject'),
	(108,'Can delete report project',36,'delete_reportproject'),
	(109,'Can add report comments',37,'add_reportcomments'),
	(110,'Can change report comments',37,'change_reportcomments'),
	(111,'Can delete report comments',37,'delete_reportcomments');

/*!40000 ALTER TABLE `auth_permission` ENABLE KEYS */;
UNLOCK TABLES;


DROP TABLE IF EXISTS `auth_user`;

CREATE TABLE `auth_user` (
  `id` int(11) NOT NULL AUTO_INCREMENT,
  `password` varchar(128) NOT NULL,
  `last_login` datetime(6) DEFAULT NULL,
  `is_superuser` tinyint(1) NOT NULL,
  `username` varchar(150) NOT NULL,
  `first_name` varchar(30) NOT NULL,
  `last_name` varchar(30) NOT NULL,
  `email` varchar(254) NOT NULL,
  `is_staff` tinyint(1) NOT NULL,
  `is_active` tinyint(1) NOT NULL,
  `date_joined` datetime(6) NOT NULL,
  PRIMARY KEY (`id`),
  UNIQUE KEY `username` (`username`)
) ENGINE=InnoDB DEFAULT CHARSET=latin1;

LOCK TABLES `auth_user` WRITE;
/*!40000 ALTER TABLE `auth_user` DISABLE KEYS */;

INSERT INTO `auth_user` (`id`, `password`, `last_login`, `is_superuser`, `username`, `first_name`, `last_name`, `email`, `is_staff`, `is_active`, `date_joined`)
VALUES
	(1,'pbkdf2_sha256$30000$HoQWfTaB60UX$hmo5PVfG8olsx2qU9ysCcZUAg79iilOn5STayRK0bEU=','2017-05-30 11:10:53.102142',1,'admin','','','gek2395@mail.ru',1,1,'2017-05-13 13:53:53.375696'),
	(137,'pbkdf2_sha256$30000$280CVb4g6JQv$ELMXWMoo2jG8zFmhT9/LxBkPQUdZEJEn1mRmPnn7zd4=',NULL,0,'Dmytro','Dmytro','Fisherman','asd@sdf.fj',1,1,'2017-05-16 23:12:33.000000'),
	(138,'pbkdf2_sha256$30000$iaRidMxWqqMb$WQc34MHG8LnKQe8q6Amn/uKQdLRkLlAHsBAWJP+0MQA=',NULL,0,'Ivanna','Ivanna','Dyachuk','sf@sd.fi',1,1,'2017-05-16 23:14:02.000000'),
	(139,'pbkdf2_sha256$30000$ktGEe3Eyocko$yb+Hg8FHhWoWibk6rxS95DVE/1mWnIdvoW1y052Yfj0=',NULL,0,'Jenia','Jenia','Jitsev','qqew@sd.fj',1,1,'2017-05-16 23:15:02.000000'),
	(141,'pbkdf2_sha256$30000$4p4TAGQ9UnP1$nHIgNFnY8CSqIQMLWdnR/FdbtG5BjSPEKlwrlA5Gl/M=',NULL,0,'Oleksandr','Oleksandr','Romanko','sc@sf.fjk',1,1,'2017-05-18 10:45:58.000000');

/*!40000 ALTER TABLE `auth_user` ENABLE KEYS */;
UNLOCK TABLES;


DROP TABLE IF EXISTS `auth_user_groups`;

CREATE TABLE `auth_user_groups` (
  `id` int(11) NOT NULL AUTO_INCREMENT,
  `user_id` int(11) NOT NULL,
  `group_id` int(11) NOT NULL,
  PRIMARY KEY (`id`),
  UNIQUE KEY `auth_user_groups_user_id_94350c0c_uniq` (`user_id`,`group_id`),
  KEY `auth_user_groups_group_id_97559544_fk_auth_group_id` (`group_id`),
  CONSTRAINT `auth_user_groups_group_id_97559544_fk_auth_group_id` FOREIGN KEY (`group_id`) REFERENCES `auth_group` (`id`),
  CONSTRAINT `auth_user_groups_user_id_6a12ed8b_fk_auth_user_id` FOREIGN KEY (`user_id`) REFERENCES `auth_user` (`id`)
) ENGINE=InnoDB DEFAULT CHARSET=latin1;

LOCK TABLES `auth_user_groups` WRITE;
/*!40000 ALTER TABLE `auth_user_groups` DISABLE KEYS */;

INSERT INTO `auth_user_groups` (`id`, `user_id`, `group_id`)
VALUES
	(1,137,1),
	(2,138,1),
	(3,139,1),
	(5,141,1);

/*!40000 ALTER TABLE `auth_user_groups` ENABLE KEYS */;
UNLOCK TABLES;


DROP TABLE IF EXISTS `auth_user_user_permissions`;

CREATE TABLE `auth_user_user_permissions` (
  `id` int(11) NOT NULL AUTO_INCREMENT,
  `user_id` int(11) NOT NULL,
  `permission_id` int(11) NOT NULL,
  PRIMARY KEY (`id`),
  UNIQUE KEY `auth_user_user_permissions_user_id_14a6b632_uniq` (`user_id`,`permission_id`),
  KEY `auth_user_user_perm_permission_id_1fbb5f2c_fk_auth_permission_id` (`permission_id`),
  CONSTRAINT `auth_user_user_perm_permission_id_1fbb5f2c_fk_auth_permission_id` FOREIGN KEY (`permission_id`) REFERENCES `auth_permission` (`id`),
  CONSTRAINT `auth_user_user_permissions_user_id_a95ead1b_fk_auth_user_id` FOREIGN KEY (`user_id`) REFERENCES `auth_user` (`id`)
) ENGINE=InnoDB DEFAULT CHARSET=latin1;

LOCK TABLES `auth_user_user_permissions` WRITE;
/*!40000 ALTER TABLE `auth_user_user_permissions` DISABLE KEYS */;

INSERT INTO `auth_user_user_permissions` (`id`, `user_id`, `permission_id`)
VALUES
	(1,137,25),
	(2,137,26),
	(3,137,27),
	(4,138,25),
	(5,138,26),
	(6,138,27),
	(7,139,25),
	(8,139,26),
	(9,139,27);

/*!40000 ALTER TABLE `auth_user_user_permissions` ENABLE KEYS */;
UNLOCK TABLES;


DROP TABLE IF EXISTS `authtoken_token`;

CREATE TABLE `authtoken_token` (
  `key` varchar(40) NOT NULL,
  `created` datetime(6) NOT NULL,
  `user_id` int(11) NOT NULL,
  PRIMARY KEY (`key`),
  UNIQUE KEY `user_id` (`user_id`),
  CONSTRAINT `authtoken_token_user_id_35299eff_fk_auth_user_id` FOREIGN KEY (`user_id`) REFERENCES `auth_user` (`id`)
) ENGINE=InnoDB DEFAULT CHARSET=latin1;



DROP TABLE IF EXISTS `chat_message`;

CREATE TABLE `chat_message` (
  `id` int(11) NOT NULL AUTO_INCREMENT,
  `message` longtext NOT NULL,
  `date` datetime(6) NOT NULL,
  `room_id` int(11) NOT NULL,
  `user_id` int(11) NOT NULL,
  PRIMARY KEY (`id`),
  KEY `chat_message_8273f993` (`room_id`),
  KEY `chat_message_e8701ad4` (`user_id`),
  CONSTRAINT `chat_message_room_id_5e7d8d78_fk_chat_room_id` FOREIGN KEY (`room_id`) REFERENCES `chat_room` (`id`),
  CONSTRAINT `chat_message_user_id_a47c01bb_fk_auth_user_id` FOREIGN KEY (`user_id`) REFERENCES `auth_user` (`id`)
) ENGINE=InnoDB DEFAULT CHARSET=utf8mb4;



DROP TABLE IF EXISTS `chat_room`;

CREATE TABLE `chat_room` (
  `id` int(11) NOT NULL AUTO_INCREMENT,
  `title` varchar(255) NOT NULL,
  `staff_only` tinyint(1) NOT NULL,
  `project_id` int(11),
  `membersApplyApp_id` int(11),
  PRIMARY KEY (`id`),
  KEY `chat_room_b098ad43` (`project_id`),
  KEY `chat_room_94c50d62` (`membersApplyApp_id`),
  CONSTRAINT `chat_ro_membersApplyApp_id_bd7518f4_fk_apply_applyapplication_id` FOREIGN KEY (`membersApplyApp_id`) REFERENCES `apply_applyapplication` (`id`),
  CONSTRAINT `chat_ro_project_id_7a88c3e9_fk_projectsTestsQuestions_project_id` FOREIGN KEY (`project_id`) REFERENCES `projectsTestsQuestions_project` (`id`)
) ENGINE=InnoDB DEFAULT CHARSET=latin1;



DROP TABLE IF EXISTS `chat_room_members`;

CREATE TABLE `chat_room_members` (
  `id` int(11) NOT NULL AUTO_INCREMENT,
  `room_id` int(11) NOT NULL,
  `user_id` int(11) NOT NULL,
  PRIMARY KEY (`id`),
  UNIQUE KEY `chat_room_members_room_id_757937a9_uniq` (`room_id`,`user_id`),
  KEY `chat_room_members_user_id_78b43a81_fk_auth_user_id` (`user_id`),
  CONSTRAINT `chat_room_members_room_id_45721890_fk_chat_room_id` FOREIGN KEY (`room_id`) REFERENCES `chat_room` (`id`),
  CONSTRAINT `chat_room_members_user_id_78b43a81_fk_auth_user_id` FOREIGN KEY (`user_id`) REFERENCES `auth_user` (`id`)
) ENGINE=InnoDB DEFAULT CHARSET=latin1;



DROP TABLE IF EXISTS `django_admin_log`;

CREATE TABLE `django_admin_log` (
  `id` int(11) NOT NULL AUTO_INCREMENT,
  `action_time` datetime(6) NOT NULL,
  `object_id` longtext,
  `object_repr` varchar(200) NOT NULL,
  `action_flag` smallint(5) unsigned NOT NULL,
  `change_message` longtext NOT NULL,
  `content_type_id` int(11) DEFAULT NULL,
  `user_id` int(11) NOT NULL,
  PRIMARY KEY (`id`),
  KEY `django_admin__content_type_id_c4bce8eb_fk_django_content_type_id` (`content_type_id`),
  KEY `django_admin_log_user_id_c564eba6_fk_auth_user_id` (`user_id`),
  CONSTRAINT `django_admin__content_type_id_c4bce8eb_fk_django_content_type_id` FOREIGN KEY (`content_type_id`) REFERENCES `django_content_type` (`id`),
  CONSTRAINT `django_admin_log_user_id_c564eba6_fk_auth_user_id` FOREIGN KEY (`user_id`) REFERENCES `auth_user` (`id`)
) ENGINE=InnoDB DEFAULT CHARSET=latin1;

LOCK TABLES `django_admin_log` WRITE;
/*!40000 ALTER TABLE `django_admin_log` DISABLE KEYS */;

INSERT INTO `django_admin_log` (`id`, `action_time`, `object_id`, `object_repr`, `action_flag`, `change_message`, `content_type_id`, `user_id`)
VALUES
	(1,'2017-05-13 13:56:14.827233','1','mentorGroup',1,'[{\"added\": {}}]',2,1),
	(2,'2017-05-13 13:56:40.936639','79','dfgh',2,'[{\"changed\": {\"fields\": [\"date_joined\"]}}]',4,1),
	(3,'2017-05-13 13:59:20.001111','1','mentorGroup',2,'[]',2,1),
	(4,'2017-05-13 14:00:27.794630','79','dfgh',2,'[{\"changed\": {\"fields\": [\"is_staff\", \"last_login\", \"date_joined\"]}}]',4,1),
	(5,'2017-05-13 14:02:08.906057','1','mentorGroup',2,'[]',2,1),
	(7,'2017-05-13 14:06:21.185483','5','Creating a virtual reality object',2,'[{\"changed\": {\"fields\": [\"description\", \"mentor_description\"]}}]',12,1),
	(8,'2017-05-13 14:07:37.610590','3','Plasticity of Neural Circuits and Neurobiology of Learning',2,'[{\"changed\": {\"fields\": [\"description\", \"mentor_description\"]}}]',12,1),
	(9,'2017-05-13 14:08:36.102714','2','Smart Career Planning and Skill Development via Personal Analytics',2,'[{\"changed\": {\"fields\": [\"description\", \"mentor_description\"]}}]',12,1),
	(10,'2017-05-13 14:09:20.236714','1','Using Neural Networks for Diabetic Retinopathy Detection in Eye Images',2,'[{\"changed\": {\"fields\": [\"description\", \"mentor_description\"]}}]',12,1),
	(11,'2017-05-13 14:10:13.669448','3','Plasticity of Neural Circuits and Neurobiology of Learning',2,'[{\"changed\": {\"fields\": [\"mentor_description\"]}}]',12,1),
	(12,'2017-05-13 14:10:32.636998','3','Plasticity of Neural Circuits and Neurobiology of Learning',2,'[{\"changed\": {\"fields\": [\"mentor_description\"]}}]',12,1),
	(13,'2017-05-13 14:11:51.533151','3','Plasticity of Neural Circuits and Neurobiology of Learning',2,'[{\"changed\": {\"fields\": [\"mentor_description\"]}}]',12,1),
	(14,'2017-05-13 14:12:44.151238','2','Smart Career Planning and Skill Development via Personal Analytics',2,'[{\"changed\": {\"fields\": [\"mentor_description\"]}}]',12,1),
	(15,'2017-05-13 14:13:05.963926','3','Plasticity of Neural Circuits and Neurobiology of Learning',2,'[{\"changed\": {\"fields\": [\"mentor_description\"]}}]',12,1),
	(16,'2017-05-13 14:13:29.802419','1','Using Neural Networks for Diabetic Retinopathy Detection in Eye Images',2,'[{\"changed\": {\"fields\": [\"mentor_description\"]}}]',12,1),
	(17,'2017-05-13 15:00:18.682427','1','xcv',1,'[{\"added\": {}}]',21,1),
	(18,'2017-05-13 15:01:09.181415','2','cv',1,'[{\"added\": {}}]',21,1),
	(19,'2017-05-13 15:02:09.313994','2','cv',2,'[{\"changed\": {\"fields\": [\"parent\", \"description\"]}}]',21,1),
	(20,'2017-05-13 15:03:10.961175','1','1',1,'[{\"added\": {}}]',23,1),
	(21,'2017-05-13 15:03:47.053725','2','cv',2,'[{\"changed\": {\"fields\": [\"parent\", \"description\", \"link\"]}}]',21,1),
	(22,'2017-05-13 15:05:27.712679','2','cv',3,'',21,1),
	(23,'2017-05-13 15:05:51.586769','1','xcv',2,'[{\"changed\": {\"fields\": [\"type\", \"description\"]}}]',21,1),
	(24,'2017-05-13 15:06:39.939421','1','1',3,'',23,1),
	(25,'2017-05-13 15:06:56.259094','1','xcv',2,'[{\"changed\": {\"fields\": [\"type\", \"description\"]}}]',21,1),
	(26,'2017-05-13 15:19:09.299265','1','can_see_forum - Can see forum - None - xcv',1,'[{\"added\": {}}]',33,1),
	(27,'2017-05-13 15:19:21.731619','1','can_see_forum - Can see forum - None - xcv',3,'',33,1),
	(28,'2017-05-13 15:29:32.812658','124','aaa',3,'',4,1),
	(29,'2017-05-13 15:29:32.816117','131','ava',3,'',4,1),
	(30,'2017-05-13 15:29:32.818990','126','Avac',3,'',4,1),
	(31,'2017-05-13 15:29:32.822485','79','dfgh',3,'',4,1),
	(32,'2017-05-13 15:29:32.825733','82','dfklj',3,'',4,1),
	(33,'2017-05-13 15:29:32.828903','94','dfpbu',3,'',4,1),
	(34,'2017-05-13 15:29:32.832132','92','dglhv',3,'',4,1),
	(35,'2017-05-13 15:29:32.835409','86','dglkj',3,'',4,1),
	(36,'2017-05-13 15:29:32.838787','87','dgu',3,'',4,1),
	(37,'2017-05-13 15:29:32.842001','83','dkflj',3,'',4,1),
	(38,'2017-05-13 15:29:32.845258','80','dlfkj',3,'',4,1),
	(39,'2017-05-13 15:29:32.848515','88','dlgkj',3,'',4,1),
	(40,'2017-05-13 15:29:32.851898','84','egjk',3,'',4,1),
	(41,'2017-05-13 15:29:32.855599','91','egklhj',3,'',4,1),
	(42,'2017-05-13 15:29:32.859099','90','eglkj',3,'',4,1),
	(43,'2017-05-13 15:29:32.862481','96','fdiblvk',3,'',4,1),
	(44,'2017-05-13 15:29:32.866068','127','fdkjbn',3,'',4,1),
	(45,'2017-05-13 15:29:32.869286','95','fdpobjl',3,'',4,1),
	(46,'2017-05-13 15:29:32.872462','129','fgjk',3,'',4,1),
	(47,'2017-05-13 15:29:32.876023','85','fhljkgqlkjg',3,'',4,1),
	(48,'2017-05-13 15:29:32.879533','93','fpdobjl',3,'',4,1),
	(49,'2017-05-13 15:29:32.882850','134','gdfkjn',3,'',4,1),
	(50,'2017-05-13 15:29:32.886363','132','knfgd',3,'',4,1),
	(51,'2017-05-13 15:29:32.889723','133','ktrgn',3,'',4,1),
	(52,'2017-05-13 15:29:32.893244','125','Liudmyla',3,'',4,1),
	(53,'2017-05-13 15:29:32.896330','98','pdovj',3,'',4,1),
	(54,'2017-05-13 15:29:32.899570','128','rgen',3,'',4,1),
	(55,'2017-05-13 15:29:32.903433','89','sdgbjv',3,'',4,1),
	(56,'2017-05-13 15:29:44.291163','28','Destribution object',3,'',14,1),
	(57,'2017-05-13 15:29:44.294146','27','Destribution object',3,'',14,1),
	(58,'2017-05-13 15:29:44.297495','26','Destribution object',3,'',14,1),
	(59,'2017-05-13 15:29:44.300518','25','Destribution object',3,'',14,1),
	(60,'2017-05-13 15:29:44.304431','24','Destribution object',3,'',14,1),
	(61,'2017-05-13 15:29:44.307711','23','Destribution object',3,'',14,1),
	(62,'2017-05-13 15:29:44.311008','22','Destribution object',3,'',14,1),
	(63,'2017-05-13 15:29:44.314271','21','Destribution object',3,'',14,1),
	(64,'2017-05-13 15:29:44.317577','20','Destribution object',3,'',14,1),
	(65,'2017-05-13 15:29:44.321149','19','Destribution object',3,'',14,1),
	(66,'2017-05-13 15:29:44.324316','18','Destribution object',3,'',14,1),
	(67,'2017-05-13 15:29:44.327462','17','Destribution object',3,'',14,1),
	(68,'2017-05-13 15:29:44.330673','16','Destribution object',3,'',14,1),
	(69,'2017-05-13 15:29:44.333939','15','Destribution object',3,'',14,1),
	(70,'2017-05-13 15:29:44.337774','14','Destribution object',3,'',14,1),
	(71,'2017-05-13 15:29:44.341952','13','Destribution object',3,'',14,1),
	(72,'2017-05-13 15:29:44.345191','12','Destribution object',3,'',14,1),
	(73,'2017-05-13 15:29:44.348337','11','Destribution object',3,'',14,1),
	(74,'2017-05-13 15:29:44.351419','10','Destribution object',3,'',14,1),
	(75,'2017-05-13 15:29:44.354873','9','Destribution object',3,'',14,1),
	(76,'2017-05-13 15:29:44.358160','8','Destribution object',3,'',14,1),
	(77,'2017-05-13 15:29:44.361355','7','Destribution object',3,'',14,1),
	(78,'2017-05-13 15:29:44.364476','6','Destribution object',3,'',14,1),
	(79,'2017-05-13 15:29:44.367566','5','Destribution object',3,'',14,1),
	(80,'2017-05-13 15:29:44.371111','4','Destribution object',3,'',14,1),
	(81,'2017-05-13 15:29:44.374236','3','Destribution object',3,'',14,1),
	(82,'2017-05-13 15:29:44.377557','2','Destribution object',3,'',14,1),
	(83,'2017-05-13 15:29:44.380727','1','Destribution object',3,'',14,1),
	(84,'2017-05-13 15:31:40.108506','56','Destribution object',3,'',14,1),
	(85,'2017-05-13 15:31:40.113211','55','Destribution object',3,'',14,1),
	(86,'2017-05-13 15:31:40.116402','54','Destribution object',3,'',14,1),
	(87,'2017-05-13 15:31:40.119577','53','Destribution object',3,'',14,1),
	(88,'2017-05-13 15:31:40.122904','52','Destribution object',3,'',14,1),
	(89,'2017-05-13 15:31:40.126180','51','Destribution object',3,'',14,1),
	(90,'2017-05-13 15:31:40.129929','50','Destribution object',3,'',14,1),
	(91,'2017-05-13 15:31:40.133124','49','Destribution object',3,'',14,1),
	(92,'2017-05-13 15:31:40.136281','48','Destribution object',3,'',14,1),
	(93,'2017-05-13 15:31:40.139366','47','Destribution object',3,'',14,1),
	(94,'2017-05-13 15:31:40.142791','46','Destribution object',3,'',14,1),
	(95,'2017-05-13 15:31:40.145993','45','Destribution object',3,'',14,1),
	(96,'2017-05-13 15:31:40.149158','44','Destribution object',3,'',14,1),
	(97,'2017-05-13 15:31:40.152356','43','Destribution object',3,'',14,1),
	(98,'2017-05-13 15:31:40.155483','42','Destribution object',3,'',14,1),
	(99,'2017-05-13 15:31:40.158852','41','Destribution object',3,'',14,1),
	(100,'2017-05-13 15:31:40.162157','40','Destribution object',3,'',14,1),
	(101,'2017-05-13 15:31:40.165393','39','Destribution object',3,'',14,1),
	(102,'2017-05-13 15:31:40.168745','38','Destribution object',3,'',14,1),
	(103,'2017-05-13 15:31:40.171947','37','Destribution object',3,'',14,1),
	(104,'2017-05-13 15:31:40.175853','36','Destribution object',3,'',14,1),
	(105,'2017-05-13 15:31:40.178925','35','Destribution object',3,'',14,1),
	(106,'2017-05-13 15:31:40.181983','34','Destribution object',3,'',14,1),
	(107,'2017-05-13 15:31:40.184985','33','Destribution object',3,'',14,1),
	(108,'2017-05-13 15:31:40.188554','32','Destribution object',3,'',14,1),
	(109,'2017-05-13 15:31:40.192024','31','Destribution object',3,'',14,1),
	(110,'2017-05-13 15:31:40.195433','30','Destribution object',3,'',14,1),
	(111,'2017-05-13 15:31:40.198694','29','Destribution object',3,'',14,1),
	(112,'2017-05-13 15:34:31.481504','84','Destribution object',3,'',14,1),
	(113,'2017-05-13 15:34:31.484745','83','Destribution object',3,'',14,1),
	(114,'2017-05-13 15:34:31.488036','82','Destribution object',3,'',14,1),
	(115,'2017-05-13 15:34:31.490995','81','Destribution object',3,'',14,1),
	(116,'2017-05-13 15:34:31.493937','80','Destribution object',3,'',14,1),
	(117,'2017-05-13 15:34:31.496848','79','Destribution object',3,'',14,1),
	(118,'2017-05-13 15:34:31.500483','78','Destribution object',3,'',14,1),
	(119,'2017-05-13 15:34:31.503833','77','Destribution object',3,'',14,1),
	(120,'2017-05-13 15:34:31.507634','76','Destribution object',3,'',14,1),
	(121,'2017-05-13 15:34:31.510540','75','Destribution object',3,'',14,1),
	(122,'2017-05-13 15:34:31.513644','74','Destribution object',3,'',14,1),
	(123,'2017-05-13 15:34:31.516640','73','Destribution object',3,'',14,1),
	(124,'2017-05-13 15:34:31.519804','72','Destribution object',3,'',14,1),
	(125,'2017-05-13 15:34:31.523322','71','Destribution object',3,'',14,1),
	(126,'2017-05-13 15:34:31.526655','70','Destribution object',3,'',14,1),
	(127,'2017-05-13 15:34:31.529736','69','Destribution object',3,'',14,1),
	(128,'2017-05-13 15:34:31.532721','68','Destribution object',3,'',14,1),
	(129,'2017-05-13 15:34:31.535865','67','Destribution object',3,'',14,1),
	(130,'2017-05-13 15:34:31.539502','66','Destribution object',3,'',14,1),
	(131,'2017-05-13 15:34:31.542566','65','Destribution object',3,'',14,1),
	(132,'2017-05-13 15:34:31.545460','64','Destribution object',3,'',14,1),
	(133,'2017-05-13 15:34:31.548482','63','Destribution object',3,'',14,1),
	(134,'2017-05-13 15:34:31.551389','62','Destribution object',3,'',14,1),
	(135,'2017-05-13 15:34:31.554661','61','Destribution object',3,'',14,1),
	(136,'2017-05-13 15:34:31.558012','60','Destribution object',3,'',14,1),
	(137,'2017-05-13 15:34:31.561786','59','Destribution object',3,'',14,1),
	(138,'2017-05-13 15:34:31.565379','58','Destribution object',3,'',14,1),
	(139,'2017-05-13 15:34:31.568710','57','Destribution object',3,'',14,1),
	(140,'2017-05-13 15:38:37.404888','112','Destribution object',3,'',14,1),
	(141,'2017-05-13 15:38:37.410101','111','Destribution object',3,'',14,1),
	(142,'2017-05-13 15:38:37.413179','110','Destribution object',3,'',14,1),
	(143,'2017-05-13 15:38:37.416124','109','Destribution object',3,'',14,1),
	(144,'2017-05-13 15:38:37.419303','108','Destribution object',3,'',14,1),
	(145,'2017-05-13 15:38:37.422345','107','Destribution object',3,'',14,1),
	(146,'2017-05-13 15:38:37.425603','106','Destribution object',3,'',14,1),
	(147,'2017-05-13 15:38:37.428743','105','Destribution object',3,'',14,1),
	(148,'2017-05-13 15:38:37.431915','104','Destribution object',3,'',14,1),
	(149,'2017-05-13 15:38:37.435312','103','Destribution object',3,'',14,1),
	(150,'2017-05-13 15:38:37.438474','102','Destribution object',3,'',14,1),
	(151,'2017-05-13 15:38:37.441822','101','Destribution object',3,'',14,1),
	(152,'2017-05-13 15:38:37.444970','100','Destribution object',3,'',14,1),
	(153,'2017-05-13 15:38:37.448143','99','Destribution object',3,'',14,1),
	(154,'2017-05-13 15:38:37.451476','98','Destribution object',3,'',14,1),
	(155,'2017-05-13 15:38:37.454632','97','Destribution object',3,'',14,1),
	(156,'2017-05-13 15:38:37.457752','96','Destribution object',3,'',14,1),
	(157,'2017-05-13 15:38:37.460864','95','Destribution object',3,'',14,1),
	(158,'2017-05-13 15:38:37.464013','94','Destribution object',3,'',14,1),
	(159,'2017-05-13 15:38:37.467953','93','Destribution object',3,'',14,1),
	(160,'2017-05-13 15:38:37.471316','92','Destribution object',3,'',14,1),
	(161,'2017-05-13 15:38:37.474443','91','Destribution object',3,'',14,1),
	(162,'2017-05-13 15:38:37.477571','90','Destribution object',3,'',14,1),
	(163,'2017-05-13 15:38:37.480918','89','Destribution object',3,'',14,1),
	(164,'2017-05-13 15:38:37.484398','88','Destribution object',3,'',14,1),
	(165,'2017-05-13 15:38:37.487682','87','Destribution object',3,'',14,1),
	(166,'2017-05-13 15:38:37.491306','86','Destribution object',3,'',14,1),
	(167,'2017-05-13 15:38:37.494746','85','Destribution object',3,'',14,1),
	(168,'2017-05-13 15:42:38.962323','135','asd',1,'[{\"added\": {}}]',4,1),
	(169,'2017-05-13 15:42:57.340157','135','asd',2,'[{\"changed\": {\"fields\": [\"date_joined\"]}}]',4,1),
	(170,'2017-05-13 15:43:29.819869','140','Destribution object',3,'',14,1),
	(171,'2017-05-13 15:43:29.822658','139','Destribution object',3,'',14,1),
	(172,'2017-05-13 15:43:29.825772','138','Destribution object',3,'',14,1),
	(173,'2017-05-13 15:43:29.829611','137','Destribution object',3,'',14,1),
	(174,'2017-05-13 15:43:29.832833','136','Destribution object',3,'',14,1),
	(175,'2017-05-13 15:43:29.836028','135','Destribution object',3,'',14,1),
	(176,'2017-05-13 15:43:29.839511','134','Destribution object',3,'',14,1),
	(177,'2017-05-13 15:43:29.842709','133','Destribution object',3,'',14,1),
	(178,'2017-05-13 15:43:29.846185','132','Destribution object',3,'',14,1),
	(179,'2017-05-13 15:43:29.849277','131','Destribution object',3,'',14,1),
	(180,'2017-05-13 15:43:29.852744','130','Destribution object',3,'',14,1),
	(181,'2017-05-13 15:43:29.855844','129','Destribution object',3,'',14,1),
	(182,'2017-05-13 15:43:29.859095','128','Destribution object',3,'',14,1),
	(183,'2017-05-13 15:43:29.862426','127','Destribution object',3,'',14,1),
	(184,'2017-05-13 15:43:29.865732','126','Destribution object',3,'',14,1),
	(185,'2017-05-13 15:43:29.868913','125','Destribution object',3,'',14,1),
	(186,'2017-05-13 15:43:29.872358','124','Destribution object',3,'',14,1),
	(187,'2017-05-13 15:43:29.875467','123','Destribution object',3,'',14,1),
	(188,'2017-05-13 15:43:29.878804','122','Destribution object',3,'',14,1),
	(189,'2017-05-13 15:43:29.881763','121','Destribution object',3,'',14,1),
	(190,'2017-05-13 15:43:29.884916','120','Destribution object',3,'',14,1),
	(191,'2017-05-13 15:43:29.887973','119','Destribution object',3,'',14,1),
	(192,'2017-05-13 15:43:29.891069','118','Destribution object',3,'',14,1),
	(193,'2017-05-13 15:43:29.894409','117','Destribution object',3,'',14,1),
	(194,'2017-05-13 15:43:29.897871','116','Destribution object',3,'',14,1),
	(195,'2017-05-13 15:43:29.901030','115','Destribution object',3,'',14,1),
	(196,'2017-05-13 15:43:29.904041','114','Destribution object',3,'',14,1),
	(197,'2017-05-13 15:43:29.907097','113','Destribution object',3,'',14,1),
	(198,'2017-05-13 15:43:49.926330','124','aaa',3,'',4,1),
	(199,'2017-05-13 15:43:49.929485','135','asd',3,'',4,1),
	(200,'2017-05-13 15:43:49.932553','131','ava',3,'',4,1),
	(201,'2017-05-13 15:43:49.935600','126','Avac',3,'',4,1),
	(202,'2017-05-13 15:43:49.938575','79','dfgh',3,'',4,1),
	(203,'2017-05-13 15:43:49.942086','82','dfklj',3,'',4,1),
	(204,'2017-05-13 15:43:49.945425','94','dfpbu',3,'',4,1),
	(205,'2017-05-13 15:43:49.948421','92','dglhv',3,'',4,1),
	(206,'2017-05-13 15:43:49.951556','86','dglkj',3,'',4,1),
	(207,'2017-05-13 15:43:49.955492','87','dgu',3,'',4,1),
	(208,'2017-05-13 15:43:49.958733','83','dkflj',3,'',4,1),
	(209,'2017-05-13 15:43:49.962350','80','dlfkj',3,'',4,1),
	(210,'2017-05-13 15:43:49.965320','88','dlgkj',3,'',4,1),
	(211,'2017-05-13 15:43:49.968665','84','egjk',3,'',4,1),
	(212,'2017-05-13 15:43:49.972148','91','egklhj',3,'',4,1),
	(213,'2017-05-13 15:43:49.975484','90','eglkj',3,'',4,1),
	(214,'2017-05-13 15:43:49.978828','96','fdiblvk',3,'',4,1),
	(215,'2017-05-13 15:43:49.981917','127','fdkjbn',3,'',4,1),
	(216,'2017-05-13 15:43:49.984911','95','fdpobjl',3,'',4,1),
	(217,'2017-05-13 15:43:49.988044','129','fgjk',3,'',4,1),
	(218,'2017-05-13 15:43:49.991231','85','fhljkgqlkjg',3,'',4,1),
	(219,'2017-05-13 15:43:49.994389','93','fpdobjl',3,'',4,1),
	(220,'2017-05-13 15:43:49.997437','134','gdfkjn',3,'',4,1),
	(221,'2017-05-13 15:43:50.000473','132','knfgd',3,'',4,1),
	(222,'2017-05-13 15:43:50.003526','133','ktrgn',3,'',4,1),
	(223,'2017-05-13 15:43:50.006617','125','Liudmyla',3,'',4,1),
	(224,'2017-05-13 15:43:50.009724','98','pdovj',3,'',4,1),
	(225,'2017-05-13 15:43:50.012819','128','rgen',3,'',4,1),
	(226,'2017-05-13 15:43:50.015820','89','sdgbjv',3,'',4,1),
	(227,'2017-05-13 15:45:46.632460','79','dfgh',3,'',4,1),
	(228,'2017-05-13 15:45:46.635817','83','dkflj',3,'',4,1),
	(229,'2017-05-13 15:45:54.316832','143','Destribution object',3,'',14,1),
	(230,'2017-05-13 15:45:54.320580','142','Destribution object',3,'',14,1),
	(231,'2017-05-13 15:45:54.323600','141','Destribution object',3,'',14,1),
	(232,'2017-05-13 15:47:18.571248','124','aaa',3,'',4,1),
	(233,'2017-05-13 15:47:18.574464','131','ava',3,'',4,1),
	(234,'2017-05-13 15:47:18.577631','126','Avac',3,'',4,1),
	(235,'2017-05-13 15:47:18.580689','79','dfgh',3,'',4,1),
	(236,'2017-05-13 15:47:18.583558','82','dfklj',3,'',4,1),
	(237,'2017-05-13 15:47:18.586949','94','dfpbu',3,'',4,1),
	(238,'2017-05-13 15:47:18.590120','92','dglhv',3,'',4,1),
	(239,'2017-05-13 15:47:18.593450','86','dglkj',3,'',4,1),
	(240,'2017-05-13 15:47:18.596764','87','dgu',3,'',4,1),
	(241,'2017-05-13 15:47:18.599981','83','dkflj',3,'',4,1),
	(242,'2017-05-13 15:47:18.603526','80','dlfkj',3,'',4,1),
	(243,'2017-05-13 15:47:18.606951','88','dlgkj',3,'',4,1),
	(244,'2017-05-13 15:47:18.610371','84','egjk',3,'',4,1),
	(245,'2017-05-13 15:47:18.613385','91','egklhj',3,'',4,1),
	(246,'2017-05-13 15:47:18.616527','90','eglkj',3,'',4,1),
	(247,'2017-05-13 15:47:18.619888','96','fdiblvk',3,'',4,1),
	(248,'2017-05-13 15:47:18.623014','127','fdkjbn',3,'',4,1),
	(249,'2017-05-13 15:47:18.626942','95','fdpobjl',3,'',4,1),
	(250,'2017-05-13 15:47:18.630120','129','fgjk',3,'',4,1),
	(251,'2017-05-13 15:47:18.633346','85','fhljkgqlkjg',3,'',4,1),
	(252,'2017-05-13 15:47:18.637374','93','fpdobjl',3,'',4,1),
	(253,'2017-05-13 15:47:18.640574','134','gdfkjn',3,'',4,1),
	(254,'2017-05-13 15:47:18.644431','132','knfgd',3,'',4,1),
	(255,'2017-05-13 15:47:18.647463','133','ktrgn',3,'',4,1),
	(256,'2017-05-13 15:47:18.651332','125','Liudmyla',3,'',4,1),
	(257,'2017-05-13 15:47:18.654731','98','pdovj',3,'',4,1),
	(258,'2017-05-13 15:47:18.658154','128','rgen',3,'',4,1),
	(259,'2017-05-13 15:47:18.661620','89','sdgbjv',3,'',4,1),
	(260,'2017-05-13 15:47:28.299063','171','Destribution object',3,'',14,1),
	(261,'2017-05-13 15:47:28.301986','170','Destribution object',3,'',14,1),
	(262,'2017-05-13 15:47:28.305235','169','Destribution object',3,'',14,1),
	(263,'2017-05-13 15:47:28.308338','168','Destribution object',3,'',14,1),
	(264,'2017-05-13 15:47:28.311386','167','Destribution object',3,'',14,1),
	(265,'2017-05-13 15:47:28.314575','166','Destribution object',3,'',14,1),
	(266,'2017-05-13 15:47:28.318043','165','Destribution object',3,'',14,1),
	(267,'2017-05-13 15:47:28.321145','164','Destribution object',3,'',14,1),
	(268,'2017-05-13 15:47:28.324500','163','Destribution object',3,'',14,1),
	(269,'2017-05-13 15:47:28.327525','162','Destribution object',3,'',14,1),
	(270,'2017-05-13 15:47:28.330706','161','Destribution object',3,'',14,1),
	(271,'2017-05-13 15:47:28.334103','160','Destribution object',3,'',14,1),
	(272,'2017-05-13 15:47:28.337308','159','Destribution object',3,'',14,1),
	(273,'2017-05-13 15:47:28.340668','158','Destribution object',3,'',14,1),
	(274,'2017-05-13 15:47:28.343664','157','Destribution object',3,'',14,1),
	(275,'2017-05-13 15:47:28.346845','156','Destribution object',3,'',14,1),
	(276,'2017-05-13 15:47:28.350255','155','Destribution object',3,'',14,1),
	(277,'2017-05-13 15:47:28.353314','154','Destribution object',3,'',14,1),
	(278,'2017-05-13 15:47:28.356576','153','Destribution object',3,'',14,1),
	(279,'2017-05-13 15:47:28.359897','152','Destribution object',3,'',14,1),
	(280,'2017-05-13 15:47:28.363114','151','Destribution object',3,'',14,1),
	(281,'2017-05-13 15:47:28.366992','150','Destribution object',3,'',14,1),
	(282,'2017-05-13 15:47:28.370791','149','Destribution object',3,'',14,1),
	(283,'2017-05-13 15:47:28.373919','148','Destribution object',3,'',14,1),
	(284,'2017-05-13 15:47:28.377036','147','Destribution object',3,'',14,1),
	(285,'2017-05-13 15:47:28.380410','146','Destribution object',3,'',14,1),
	(286,'2017-05-13 15:47:28.383390','145','Destribution object',3,'',14,1),
	(287,'2017-05-13 15:47:28.386603','144','Destribution object',3,'',14,1),
	(288,'2017-05-14 16:54:40.814842','1','BLA',1,'[{\"added\": {}}]',8,1),
	(289,'2017-05-14 17:16:05.946514','1','BLA',2,'[{\"changed\": {\"fields\": [\"text\", \"date\"]}}]',8,1),
	(290,'2017-05-14 17:21:19.592898','1','BLA',2,'[{\"changed\": {\"fields\": [\"image\", \"date\"]}}]',8,1),
	(291,'2017-05-15 12:56:38.156075','1','BLA',2,'[{\"changed\": {\"fields\": [\"text\", \"date\"]}}]',8,1),
	(292,'2017-05-15 12:56:53.446527','2','Lorem',1,'[{\"added\": {}}]',8,1),
	(293,'2017-05-15 15:41:59.335517','5','Creating a virtual reality object',2,'[{\"changed\": {\"fields\": [\"mentor_id\"]}}]',12,1),
	(294,'2017-05-15 15:42:11.668881','3','Plasticity of Neural Circuits and Neurobiology of Learning',2,'[{\"changed\": {\"fields\": [\"mentor_id\"]}}]',12,1),
	(295,'2017-05-15 15:42:25.289558','2','Smart Career Planning and Skill Development via Personal Analytics',2,'[{\"changed\": {\"fields\": [\"mentor_id\"]}}]',12,1),
	(296,'2017-05-15 15:42:44.275245','1','Using Neural Networks for Diabetic Retinopathy Detection in Eye Images',2,'[{\"changed\": {\"fields\": [\"mentor_id\"]}}]',12,1),
	(297,'2017-05-16 22:15:18.130910','199','Destribution object',3,'',14,1),
	(298,'2017-05-16 22:15:18.134242','198','Destribution object',3,'',14,1),
	(299,'2017-05-16 22:15:18.137349','197','Destribution object',3,'',14,1),
	(300,'2017-05-16 22:15:18.140372','196','Destribution object',3,'',14,1),
	(301,'2017-05-16 22:15:18.143200','195','Destribution object',3,'',14,1),
	(302,'2017-05-16 22:15:18.145952','194','Destribution object',3,'',14,1),
	(303,'2017-05-16 22:15:18.149571','193','Destribution object',3,'',14,1),
	(304,'2017-05-16 22:15:18.152824','192','Destribution object',3,'',14,1),
	(305,'2017-05-16 22:15:18.155830','191','Destribution object',3,'',14,1),
	(306,'2017-05-16 22:15:18.158493','190','Destribution object',3,'',14,1),
	(307,'2017-05-16 22:15:18.161403','189','Destribution object',3,'',14,1),
	(308,'2017-05-16 22:15:18.164156','188','Destribution object',3,'',14,1),
	(309,'2017-05-16 22:15:18.167397','187','Destribution object',3,'',14,1),
	(310,'2017-05-16 22:15:18.170826','186','Destribution object',3,'',14,1),
	(311,'2017-05-16 22:15:18.173758','185','Destribution object',3,'',14,1),
	(312,'2017-05-16 22:15:18.176547','184','Destribution object',3,'',14,1),
	(313,'2017-05-16 22:15:18.179348','183','Destribution object',3,'',14,1),
	(314,'2017-05-16 22:15:18.182314','182','Destribution object',3,'',14,1),
	(315,'2017-05-16 22:15:18.185218','181','Destribution object',3,'',14,1),
	(316,'2017-05-16 22:15:18.188181','180','Destribution object',3,'',14,1),
	(317,'2017-05-16 22:15:18.191066','179','Destribution object',3,'',14,1),
	(318,'2017-05-16 22:15:18.193845','178','Destribution object',3,'',14,1),
	(319,'2017-05-16 22:15:18.196707','177','Destribution object',3,'',14,1),
	(320,'2017-05-16 22:15:18.200145','176','Destribution object',3,'',14,1),
	(321,'2017-05-16 22:15:18.205277','175','Destribution object',3,'',14,1),
	(322,'2017-05-16 22:15:18.208199','174','Destribution object',3,'',14,1),
	(323,'2017-05-16 22:15:18.211224','173','Destribution object',3,'',14,1),
	(324,'2017-05-16 22:15:18.214312','172','Destribution object',3,'',14,1),
	(325,'2017-05-16 22:15:31.176085','124','aaa',3,'',4,1),
	(326,'2017-05-16 22:15:31.178918','131','ava',3,'',4,1),
	(327,'2017-05-16 22:15:31.181700','126','Avac',3,'',4,1),
	(328,'2017-05-16 22:15:31.184360','79','dfgh',3,'',4,1),
	(329,'2017-05-16 22:15:31.187392','82','dfklj',3,'',4,1),
	(330,'2017-05-16 22:15:31.190334','94','dfpbu',3,'',4,1),
	(331,'2017-05-16 22:15:31.193180','92','dglhv',3,'',4,1),
	(332,'2017-05-16 22:15:31.196224','86','dglkj',3,'',4,1),
	(333,'2017-05-16 22:15:31.199245','87','dgu',3,'',4,1),
	(334,'2017-05-16 22:15:31.202275','83','dkflj',3,'',4,1),
	(335,'2017-05-16 22:15:31.205139','80','dlfkj',3,'',4,1),
	(336,'2017-05-16 22:15:31.207980','88','dlgkj',3,'',4,1),
	(337,'2017-05-16 22:15:31.211692','84','egjk',3,'',4,1),
	(338,'2017-05-16 22:15:31.214847','91','egklhj',3,'',4,1),
	(339,'2017-05-16 22:15:31.217874','90','eglkj',3,'',4,1),
	(340,'2017-05-16 22:15:31.220763','96','fdiblvk',3,'',4,1),
	(341,'2017-05-16 22:15:31.223739','127','fdkjbn',3,'',4,1),
	(342,'2017-05-16 22:15:31.226891','95','fdpobjl',3,'',4,1),
	(343,'2017-05-16 22:15:31.230670','129','fgjk',3,'',4,1),
	(344,'2017-05-16 22:15:31.233828','85','fhljkgqlkjg',3,'',4,1),
	(345,'2017-05-16 22:15:31.236778','93','fpdobjl',3,'',4,1),
	(346,'2017-05-16 22:15:31.239610','134','gdfkjn',3,'',4,1),
	(347,'2017-05-16 22:15:31.242447','132','knfgd',3,'',4,1),
	(348,'2017-05-16 22:15:31.245247','133','ktrgn',3,'',4,1),
	(349,'2017-05-16 22:15:31.248225','125','Liudmyla',3,'',4,1),
	(350,'2017-05-16 22:15:31.251276','98','pdovj',3,'',4,1),
	(351,'2017-05-16 22:15:31.254795','128','rgen',3,'',4,1),
	(352,'2017-05-16 22:15:31.257911','89','sdgbjv',3,'',4,1),
	(353,'2017-05-16 22:29:30.743183','124','aaa',3,'',4,1),
	(354,'2017-05-16 22:29:30.745909','136','Donald',3,'',4,1),
	(355,'2017-05-16 22:29:30.748956','96','fdiblvk',3,'',4,1),
	(356,'2017-05-16 22:29:30.751743','127','fdkjbn',3,'',4,1),
	(357,'2017-05-16 22:29:30.754760','134','gdfkjn',3,'',4,1),
	(358,'2017-05-16 22:29:30.759097','132','knfgd',3,'',4,1),
	(359,'2017-05-16 22:29:30.762023','128','rgen',3,'',4,1),
	(360,'2017-05-16 22:36:32.073316','213','Destribution object',3,'',14,1),
	(361,'2017-05-16 22:36:32.076157','212','Destribution object',3,'',14,1),
	(362,'2017-05-16 22:36:32.079520','211','Destribution object',3,'',14,1),
	(363,'2017-05-16 22:36:32.082656','210','Destribution object',3,'',14,1),
	(364,'2017-05-16 22:36:32.085642','209','Destribution object',3,'',14,1),
	(365,'2017-05-16 22:36:32.088562','208','Destribution object',3,'',14,1),
	(366,'2017-05-16 22:36:32.091466','207','Destribution object',3,'',14,1),
	(367,'2017-05-16 22:36:32.094778','206','Destribution object',3,'',14,1),
	(368,'2017-05-16 22:36:32.098174','205','Destribution object',3,'',14,1),
	(369,'2017-05-16 22:36:32.101069','204','Destribution object',3,'',14,1),
	(370,'2017-05-16 22:36:32.103861','203','Destribution object',3,'',14,1),
	(371,'2017-05-16 22:36:32.107016','202','Destribution object',3,'',14,1),
	(372,'2017-05-16 22:36:32.109843','201','Destribution object',3,'',14,1),
	(373,'2017-05-16 22:36:32.112793','200','Destribution object',3,'',14,1),
	(374,'2017-05-16 22:37:19.000201','135','k k',3,'',15,1),
	(375,'2017-05-16 22:37:19.002792','137','q q',3,'',15,1),
	(376,'2017-05-16 22:43:46.776635','136','Donald Trump',2,'[{\"changed\": {\"fields\": [\"image\", \"dateOfBirth\"]}}]',15,1),
	(377,'2017-05-16 23:12:33.956150','137','Dmytro',1,'[{\"added\": {}}]',4,1),
	(378,'2017-05-16 23:13:19.335587','137','Dmytro',2,'[{\"changed\": {\"fields\": [\"first_name\", \"last_name\", \"email\", \"date_joined\"]}}]',4,1),
	(379,'2017-05-16 23:14:02.565697','138','Ivanna',1,'[{\"added\": {}}]',4,1),
	(380,'2017-05-16 23:14:28.968373','138','Ivanna',2,'[{\"changed\": {\"fields\": [\"first_name\", \"last_name\", \"email\", \"date_joined\"]}}]',4,1),
	(381,'2017-05-16 23:15:03.123631','139','Jenia',1,'[{\"added\": {}}]',4,1),
	(382,'2017-05-16 23:15:39.738668','139','Jenia',2,'[{\"changed\": {\"fields\": [\"first_name\", \"last_name\", \"email\", \"is_staff\", \"date_joined\"]}}]',4,1),
	(383,'2017-05-16 23:15:46.608127','137','Dmytro',2,'[{\"changed\": {\"fields\": [\"is_staff\", \"date_joined\"]}}]',4,1),
	(384,'2017-05-16 23:15:54.240456','138','Ivanna',2,'[{\"changed\": {\"fields\": [\"is_staff\", \"date_joined\"]}}]',4,1),
	(385,'2017-05-16 23:18:06.580953','140','Oleksandr',1,'[{\"added\": {}}]',4,1),
	(386,'2017-05-16 23:18:44.278983','140','Oleksandr',2,'[{\"changed\": {\"fields\": [\"first_name\", \"last_name\", \"email\", \"is_staff\", \"date_joined\"]}}]',4,1),
	(387,'2017-05-16 23:19:08.481605','5','Creating a virtual reality object',2,'[{\"changed\": {\"fields\": [\"mentor_id\"]}}]',12,1),
	(388,'2017-05-16 23:19:23.528984','3','Plasticity of Neural Circuits and Neurobiology of Learning',2,'[{\"changed\": {\"fields\": [\"mentor_id\"]}}]',12,1),
	(389,'2017-05-16 23:19:34.310481','2','Smart Career Planning and Skill Development via Personal Analytics',2,'[{\"changed\": {\"fields\": [\"mentor_id\"]}}]',12,1),
	(390,'2017-05-16 23:20:13.092574','1','Using Neural Networks for Diabetic Retinopathy Detection in Eye Images',2,'[{\"changed\": {\"fields\": [\"mentor_id\"]}}]',12,1),
	(391,'2017-05-16 23:31:03.649901','241','Destribution object',3,'',14,1),
	(392,'2017-05-16 23:31:03.653509','240','Destribution object',3,'',14,1),
	(393,'2017-05-16 23:31:03.656785','239','Destribution object',3,'',14,1),
	(394,'2017-05-16 23:31:03.659871','238','Destribution object',3,'',14,1),
	(395,'2017-05-16 23:31:03.662875','237','Destribution object',3,'',14,1),
	(396,'2017-05-16 23:31:03.665764','236','Destribution object',3,'',14,1),
	(397,'2017-05-16 23:31:03.668902','235','Destribution object',3,'',14,1),
	(398,'2017-05-16 23:31:03.671753','234','Destribution object',3,'',14,1),
	(399,'2017-05-16 23:31:03.675027','233','Destribution object',3,'',14,1),
	(400,'2017-05-16 23:31:03.678376','232','Destribution object',3,'',14,1),
	(401,'2017-05-16 23:31:03.681268','231','Destribution object',3,'',14,1),
	(402,'2017-05-16 23:31:03.684080','230','Destribution object',3,'',14,1),
	(403,'2017-05-16 23:31:03.687263','229','Destribution object',3,'',14,1),
	(404,'2017-05-16 23:31:03.690398','228','Destribution object',3,'',14,1),
	(405,'2017-05-16 23:31:03.693595','227','Destribution object',3,'',14,1),
	(406,'2017-05-16 23:31:03.696661','226','Destribution object',3,'',14,1),
	(407,'2017-05-16 23:31:03.699755','225','Destribution object',3,'',14,1),
	(408,'2017-05-16 23:31:03.702821','224','Destribution object',3,'',14,1),
	(409,'2017-05-16 23:31:03.705822','223','Destribution object',3,'',14,1),
	(410,'2017-05-16 23:31:03.708871','222','Destribution object',3,'',14,1),
	(411,'2017-05-16 23:31:03.712272','221','Destribution object',3,'',14,1),
	(412,'2017-05-16 23:31:03.715560','220','Destribution object',3,'',14,1),
	(413,'2017-05-16 23:31:03.718577','219','Destribution object',3,'',14,1),
	(414,'2017-05-16 23:31:03.721802','218','Destribution object',3,'',14,1),
	(415,'2017-05-16 23:31:03.725120','217','Destribution object',3,'',14,1),
	(416,'2017-05-16 23:31:03.728280','216','Destribution object',3,'',14,1),
	(417,'2017-05-16 23:31:03.731258','215','Destribution object',3,'',14,1),
	(418,'2017-05-16 23:31:03.734115','214','Destribution object',3,'',14,1),
	(419,'2017-05-16 23:36:12.859862','269','Destribution object',3,'',14,1),
	(420,'2017-05-16 23:36:12.863192','268','Destribution object',3,'',14,1),
	(421,'2017-05-16 23:36:12.866014','267','Destribution object',3,'',14,1),
	(422,'2017-05-16 23:36:12.869226','266','Destribution object',3,'',14,1),
	(423,'2017-05-16 23:36:12.872479','265','Destribution object',3,'',14,1),
	(424,'2017-05-16 23:36:12.875549','264','Destribution object',3,'',14,1),
	(425,'2017-05-16 23:36:12.878703','263','Destribution object',3,'',14,1),
	(426,'2017-05-16 23:36:12.881808','262','Destribution object',3,'',14,1),
	(427,'2017-05-16 23:36:12.885575','261','Destribution object',3,'',14,1),
	(428,'2017-05-16 23:36:12.888628','260','Destribution object',3,'',14,1),
	(429,'2017-05-16 23:36:12.891650','259','Destribution object',3,'',14,1),
	(430,'2017-05-16 23:36:12.894792','258','Destribution object',3,'',14,1),
	(431,'2017-05-16 23:36:12.897799','257','Destribution object',3,'',14,1),
	(432,'2017-05-16 23:36:12.901571','256','Destribution object',3,'',14,1),
	(433,'2017-05-16 23:36:12.904716','255','Destribution object',3,'',14,1),
	(434,'2017-05-16 23:36:12.907602','254','Destribution object',3,'',14,1),
	(435,'2017-05-16 23:36:12.910669','253','Destribution object',3,'',14,1),
	(436,'2017-05-16 23:36:12.914175','252','Destribution object',3,'',14,1),
	(437,'2017-05-16 23:36:12.917516','251','Destribution object',3,'',14,1),
	(438,'2017-05-16 23:36:12.920538','250','Destribution object',3,'',14,1),
	(439,'2017-05-16 23:36:12.923693','249','Destribution object',3,'',14,1),
	(440,'2017-05-16 23:36:12.926609','248','Destribution object',3,'',14,1),
	(441,'2017-05-16 23:36:12.929520','247','Destribution object',3,'',14,1),
	(442,'2017-05-16 23:36:12.933566','246','Destribution object',3,'',14,1),
	(443,'2017-05-16 23:36:12.936749','245','Destribution object',3,'',14,1),
	(444,'2017-05-16 23:36:12.940172','244','Destribution object',3,'',14,1),
	(445,'2017-05-16 23:36:12.943114','243','Destribution object',3,'',14,1),
	(446,'2017-05-16 23:36:12.946140','242','Destribution object',3,'',14,1),
	(447,'2017-05-16 23:36:55.262478','124','aaa',3,'',4,1),
	(448,'2017-05-16 23:36:55.274202','131','ava',3,'',4,1),
	(449,'2017-05-16 23:36:55.285211','126','Avac',3,'',4,1),
	(450,'2017-05-16 23:36:55.292631','79','dfgh',3,'',4,1),
	(451,'2017-05-16 23:36:55.303392','82','dfklj',3,'',4,1),
	(452,'2017-05-16 23:36:55.310937','94','dfpbu',3,'',4,1),
	(453,'2017-05-16 23:36:55.321312','92','dglhv',3,'',4,1),
	(454,'2017-05-16 23:36:55.333840','86','dglkj',3,'',4,1),
	(455,'2017-05-16 23:36:55.344078','83','dkflj',3,'',4,1),
	(456,'2017-05-16 23:36:55.353780','80','dlfkj',3,'',4,1),
	(457,'2017-05-16 23:36:55.361251','88','dlgkj',3,'',4,1),
	(458,'2017-05-16 23:36:55.370916','136','Donald',3,'',4,1),
	(459,'2017-05-16 23:36:55.378659','84','egjk',3,'',4,1),
	(460,'2017-05-16 23:36:55.386086','91','egklhj',3,'',4,1),
	(461,'2017-05-16 23:36:55.393196','90','eglkj',3,'',4,1),
	(462,'2017-05-16 23:36:55.401153','96','fdiblvk',3,'',4,1),
	(463,'2017-05-16 23:36:55.411329','127','fdkjbn',3,'',4,1),
	(464,'2017-05-16 23:36:55.420400','95','fdpobjl',3,'',4,1),
	(465,'2017-05-16 23:36:55.427848','129','fgjk',3,'',4,1),
	(466,'2017-05-16 23:36:55.438066','85','fhljkgqlkjg',3,'',4,1),
	(467,'2017-05-16 23:36:55.446222','93','fpdobjl',3,'',4,1),
	(468,'2017-05-16 23:36:55.455857','134','gdfkjn',3,'',4,1),
	(469,'2017-05-16 23:36:55.465715','132','knfgd',3,'',4,1),
	(470,'2017-05-16 23:36:55.474043','133','ktrgn',3,'',4,1),
	(471,'2017-05-16 23:36:55.484726','125','Liudmyla',3,'',4,1),
	(472,'2017-05-16 23:36:55.494551','98','pdovj',3,'',4,1),
	(473,'2017-05-16 23:36:55.505251','128','rgen',3,'',4,1),
	(474,'2017-05-16 23:36:55.514200','89','sdgbjv',3,'',4,1),
	(475,'2017-05-16 23:59:24.766761','276','Destribution object',3,'',14,1),
	(476,'2017-05-16 23:59:24.770195','275','Destribution object',3,'',14,1),
	(477,'2017-05-16 23:59:24.772995','274','Destribution object',3,'',14,1),
	(478,'2017-05-16 23:59:24.775901','273','Destribution object',3,'',14,1),
	(479,'2017-05-16 23:59:24.779157','272','Destribution object',3,'',14,1),
	(480,'2017-05-16 23:59:24.782109','271','Destribution object',3,'',14,1),
	(481,'2017-05-16 23:59:24.785426','270','Destribution object',3,'',14,1),
	(482,'2017-05-17 00:02:42.977694','304','Destribution object',3,'',14,1),
	(483,'2017-05-17 00:02:42.980512','303','Destribution object',3,'',14,1),
	(484,'2017-05-17 00:02:42.983410','302','Destribution object',3,'',14,1),
	(485,'2017-05-17 00:02:42.986627','301','Destribution object',3,'',14,1),
	(486,'2017-05-17 00:02:42.989619','300','Destribution object',3,'',14,1),
	(487,'2017-05-17 00:02:42.992559','299','Destribution object',3,'',14,1),
	(488,'2017-05-17 00:02:42.995515','298','Destribution object',3,'',14,1),
	(489,'2017-05-17 00:02:42.998737','297','Destribution object',3,'',14,1),
	(490,'2017-05-17 00:02:43.002181','296','Destribution object',3,'',14,1),
	(491,'2017-05-17 00:02:43.005624','295','Destribution object',3,'',14,1),
	(492,'2017-05-17 00:02:43.008653','294','Destribution object',3,'',14,1),
	(493,'2017-05-17 00:02:43.012162','293','Destribution object',3,'',14,1),
	(494,'2017-05-17 00:02:43.015202','292','Destribution object',3,'',14,1),
	(495,'2017-05-17 00:02:43.018518','291','Destribution object',3,'',14,1),
	(496,'2017-05-17 00:02:43.021770','290','Destribution object',3,'',14,1),
	(497,'2017-05-17 00:02:43.024866','289','Destribution object',3,'',14,1),
	(498,'2017-05-17 00:02:43.027851','288','Destribution object',3,'',14,1),
	(499,'2017-05-17 00:02:43.030840','287','Destribution object',3,'',14,1),
	(500,'2017-05-17 00:02:43.033867','286','Destribution object',3,'',14,1),
	(501,'2017-05-17 00:02:43.036888','285','Destribution object',3,'',14,1),
	(502,'2017-05-17 00:02:43.039820','284','Destribution object',3,'',14,1),
	(503,'2017-05-17 00:02:43.042684','283','Destribution object',3,'',14,1),
	(504,'2017-05-17 00:02:43.045625','282','Destribution object',3,'',14,1),
	(505,'2017-05-17 00:02:43.048592','281','Destribution object',3,'',14,1),
	(506,'2017-05-17 00:02:43.051925','280','Destribution object',3,'',14,1),
	(507,'2017-05-17 00:02:43.054896','279','Destribution object',3,'',14,1),
	(508,'2017-05-17 00:02:43.057792','278','Destribution object',3,'',14,1),
	(509,'2017-05-17 00:02:43.061736','277','Destribution object',3,'',14,1),
	(510,'2017-05-17 00:03:28.802264','332','Destribution object',3,'',14,1),
	(511,'2017-05-17 00:03:28.806630','331','Destribution object',3,'',14,1),
	(512,'2017-05-17 00:03:28.809546','330','Destribution object',3,'',14,1),
	(513,'2017-05-17 00:03:28.812507','329','Destribution object',3,'',14,1),
	(514,'2017-05-17 00:03:28.815589','328','Destribution object',3,'',14,1),
	(515,'2017-05-17 00:03:28.818690','327','Destribution object',3,'',14,1),
	(516,'2017-05-17 00:03:28.821623','326','Destribution object',3,'',14,1),
	(517,'2017-05-17 00:03:28.824926','325','Destribution object',3,'',14,1),
	(518,'2017-05-17 00:03:28.827802','324','Destribution object',3,'',14,1),
	(519,'2017-05-17 00:03:28.830894','323','Destribution object',3,'',14,1),
	(520,'2017-05-17 00:03:28.833882','322','Destribution object',3,'',14,1),
	(521,'2017-05-17 00:03:28.836914','321','Destribution object',3,'',14,1),
	(522,'2017-05-17 00:03:28.839812','320','Destribution object',3,'',14,1),
	(523,'2017-05-17 00:03:28.842748','319','Destribution object',3,'',14,1),
	(524,'2017-05-17 00:03:28.845641','318','Destribution object',3,'',14,1),
	(525,'2017-05-17 00:03:28.848692','317','Destribution object',3,'',14,1),
	(526,'2017-05-17 00:03:28.851588','316','Destribution object',3,'',14,1),
	(527,'2017-05-17 00:03:28.854765','315','Destribution object',3,'',14,1),
	(528,'2017-05-17 00:03:28.858253','314','Destribution object',3,'',14,1),
	(529,'2017-05-17 00:03:28.861553','313','Destribution object',3,'',14,1),
	(530,'2017-05-17 00:03:28.864497','312','Destribution object',3,'',14,1),
	(531,'2017-05-17 00:03:28.867624','311','Destribution object',3,'',14,1),
	(532,'2017-05-17 00:03:28.870974','310','Destribution object',3,'',14,1),
	(533,'2017-05-17 00:03:28.874544','309','Destribution object',3,'',14,1),
	(534,'2017-05-17 00:03:28.877584','308','Destribution object',3,'',14,1),
	(535,'2017-05-17 00:03:28.880552','307','Destribution object',3,'',14,1),
	(536,'2017-05-17 00:03:28.883524','306','Destribution object',3,'',14,1),
	(537,'2017-05-17 00:03:28.886597','305','Destribution object',3,'',14,1),
	(538,'2017-05-17 00:08:27.820409','124','aaa',3,'',4,1),
	(539,'2017-05-17 00:08:27.823601','131','ava',3,'',4,1),
	(540,'2017-05-17 00:08:27.826604','126','Avac',3,'',4,1),
	(541,'2017-05-17 00:08:27.829540','79','dfgh',3,'',4,1),
	(542,'2017-05-17 00:08:27.832627','82','dfklj',3,'',4,1),
	(543,'2017-05-17 00:08:27.835584','94','dfpbu',3,'',4,1),
	(544,'2017-05-17 00:08:27.838421','92','dglhv',3,'',4,1),
	(545,'2017-05-17 00:08:27.841129','86','dglkj',3,'',4,1),
	(546,'2017-05-17 00:08:27.843832','87','dgu',3,'',4,1),
	(547,'2017-05-17 00:08:27.847177','83','dkflj',3,'',4,1),
	(548,'2017-05-17 00:08:27.850862','80','dlfkj',3,'',4,1),
	(549,'2017-05-17 00:08:27.853782','88','dlgkj',3,'',4,1),
	(550,'2017-05-17 00:08:27.856562','136','Donald',3,'',4,1),
	(551,'2017-05-17 00:08:27.859391','84','egjk',3,'',4,1),
	(552,'2017-05-17 00:08:27.862372','91','egklhj',3,'',4,1),
	(553,'2017-05-17 00:08:27.865905','90','eglkj',3,'',4,1),
	(554,'2017-05-17 00:08:27.869162','96','fdiblvk',3,'',4,1),
	(555,'2017-05-17 00:08:27.871828','127','fdkjbn',3,'',4,1),
	(556,'2017-05-17 00:08:27.875253','95','fdpobjl',3,'',4,1),
	(557,'2017-05-17 00:08:27.878215','129','fgjk',3,'',4,1),
	(558,'2017-05-17 00:08:27.881267','85','fhljkgqlkjg',3,'',4,1),
	(559,'2017-05-17 00:08:27.884925','93','fpdobjl',3,'',4,1),
	(560,'2017-05-17 00:08:27.887911','134','gdfkjn',3,'',4,1),
	(561,'2017-05-17 00:08:27.890964','132','knfgd',3,'',4,1),
	(562,'2017-05-17 00:08:27.894046','133','ktrgn',3,'',4,1),
	(563,'2017-05-17 00:08:27.896925','125','Liudmyla',3,'',4,1),
	(564,'2017-05-17 00:08:27.899955','98','pdovj',3,'',4,1),
	(565,'2017-05-17 00:08:27.902847','128','rgen',3,'',4,1),
	(566,'2017-05-17 00:08:27.905858','89','sdgbjv',3,'',4,1),
	(567,'2017-05-17 00:08:39.084467','360','Destribution object',3,'',14,1),
	(568,'2017-05-17 00:08:39.087384','359','Destribution object',3,'',14,1),
	(569,'2017-05-17 00:08:39.090138','358','Destribution object',3,'',14,1),
	(570,'2017-05-17 00:08:39.092926','357','Destribution object',3,'',14,1),
	(571,'2017-05-17 00:08:39.095891','356','Destribution object',3,'',14,1),
	(572,'2017-05-17 00:08:39.098982','355','Destribution object',3,'',14,1),
	(573,'2017-05-17 00:08:39.101825','354','Destribution object',3,'',14,1),
	(574,'2017-05-17 00:08:39.104699','353','Destribution object',3,'',14,1),
	(575,'2017-05-17 00:08:39.107544','352','Destribution object',3,'',14,1),
	(576,'2017-05-17 00:08:39.110619','351','Destribution object',3,'',14,1),
	(577,'2017-05-17 00:08:39.113625','350','Destribution object',3,'',14,1),
	(578,'2017-05-17 00:08:39.116967','349','Destribution object',3,'',14,1),
	(579,'2017-05-17 00:08:39.120027','348','Destribution object',3,'',14,1),
	(580,'2017-05-17 00:08:39.122923','347','Destribution object',3,'',14,1),
	(581,'2017-05-17 00:08:39.125686','346','Destribution object',3,'',14,1),
	(582,'2017-05-17 00:08:39.128624','345','Destribution object',3,'',14,1),
	(583,'2017-05-17 00:08:39.131852','344','Destribution object',3,'',14,1),
	(584,'2017-05-17 00:08:39.135158','343','Destribution object',3,'',14,1),
	(585,'2017-05-17 00:08:39.138539','342','Destribution object',3,'',14,1),
	(586,'2017-05-17 00:08:39.141523','341','Destribution object',3,'',14,1),
	(587,'2017-05-17 00:08:39.144697','340','Destribution object',3,'',14,1),
	(588,'2017-05-17 00:08:39.147849','339','Destribution object',3,'',14,1),
	(589,'2017-05-17 00:08:39.152892','338','Destribution object',3,'',14,1),
	(590,'2017-05-17 00:08:39.155907','337','Destribution object',3,'',14,1),
	(591,'2017-05-17 00:08:39.158806','336','Destribution object',3,'',14,1),
	(592,'2017-05-17 00:08:39.161993','335','Destribution object',3,'',14,1),
	(593,'2017-05-17 00:08:39.165426','334','Destribution object',3,'',14,1),
	(594,'2017-05-17 00:08:39.168402','333','Destribution object',3,'',14,1),
	(595,'2017-05-17 09:52:35.961122','388','Destribution object',3,'',14,1),
	(596,'2017-05-17 09:52:35.963223','387','Destribution object',3,'',14,1),
	(597,'2017-05-17 09:52:35.964985','386','Destribution object',3,'',14,1),
	(598,'2017-05-17 09:52:35.967152','385','Destribution object',3,'',14,1),
	(599,'2017-05-17 09:52:35.969011','384','Destribution object',3,'',14,1),
	(600,'2017-05-17 09:52:35.971279','383','Destribution object',3,'',14,1),
	(601,'2017-05-17 09:52:35.974039','382','Destribution object',3,'',14,1),
	(602,'2017-05-17 09:52:35.976190','381','Destribution object',3,'',14,1),
	(603,'2017-05-17 09:52:35.978667','380','Destribution object',3,'',14,1),
	(604,'2017-05-17 09:52:35.980781','379','Destribution object',3,'',14,1),
	(605,'2017-05-17 09:52:35.983478','378','Destribution object',3,'',14,1),
	(606,'2017-05-17 09:52:35.985614','377','Destribution object',3,'',14,1),
	(607,'2017-05-17 09:52:35.987958','376','Destribution object',3,'',14,1),
	(608,'2017-05-17 09:52:35.990346','375','Destribution object',3,'',14,1),
	(609,'2017-05-17 09:52:35.992473','374','Destribution object',3,'',14,1),
	(610,'2017-05-17 09:52:35.994514','373','Destribution object',3,'',14,1),
	(611,'2017-05-17 09:52:35.996682','372','Destribution object',3,'',14,1),
	(612,'2017-05-17 09:52:35.998779','371','Destribution object',3,'',14,1),
	(613,'2017-05-17 09:52:36.000768','370','Destribution object',3,'',14,1),
	(614,'2017-05-17 09:52:36.002876','369','Destribution object',3,'',14,1),
	(615,'2017-05-17 09:52:36.005150','368','Destribution object',3,'',14,1),
	(616,'2017-05-17 09:52:36.007151','367','Destribution object',3,'',14,1),
	(617,'2017-05-17 09:52:36.009128','366','Destribution object',3,'',14,1),
	(618,'2017-05-17 09:52:36.011279','365','Destribution object',3,'',14,1),
	(619,'2017-05-17 09:52:36.013356','364','Destribution object',3,'',14,1),
	(620,'2017-05-17 09:52:36.015278','363','Destribution object',3,'',14,1),
	(621,'2017-05-17 09:52:36.017174','362','Destribution object',3,'',14,1),
	(622,'2017-05-17 09:52:36.019150','361','Destribution object',3,'',14,1),
	(623,'2017-05-17 09:53:04.923682','124','aaa',3,'',4,1),
	(624,'2017-05-17 09:53:04.925819','131','ava',3,'',4,1),
	(625,'2017-05-17 09:53:04.927953','126','Avac',3,'',4,1),
	(626,'2017-05-17 09:53:04.930046','79','dfgh',3,'',4,1),
	(627,'2017-05-17 09:53:04.932073','82','dfklj',3,'',4,1),
	(628,'2017-05-17 09:53:04.934177','94','dfpbu',3,'',4,1),
	(629,'2017-05-17 09:53:04.936370','92','dglhv',3,'',4,1),
	(630,'2017-05-17 09:53:04.938527','86','dglkj',3,'',4,1),
	(631,'2017-05-17 09:53:04.940498','83','dkflj',3,'',4,1),
	(632,'2017-05-17 09:53:04.942905','80','dlfkj',3,'',4,1),
	(633,'2017-05-17 09:53:04.944882','88','dlgkj',3,'',4,1),
	(634,'2017-05-17 09:53:04.947048','136','Donald',3,'',4,1),
	(635,'2017-05-17 09:53:04.949269','84','egjk',3,'',4,1),
	(636,'2017-05-17 09:53:04.951496','91','egklhj',3,'',4,1),
	(637,'2017-05-17 09:53:04.954019','90','eglkj',3,'',4,1),
	(638,'2017-05-17 09:53:04.956274','96','fdiblvk',3,'',4,1),
	(639,'2017-05-17 09:53:04.958548','127','fdkjbn',3,'',4,1),
	(640,'2017-05-17 09:53:04.960805','95','fdpobjl',3,'',4,1),
	(641,'2017-05-17 09:53:04.962656','129','fgjk',3,'',4,1),
	(642,'2017-05-17 09:53:04.964698','85','fhljkgqlkjg',3,'',4,1),
	(643,'2017-05-17 09:53:04.966763','93','fpdobjl',3,'',4,1),
	(644,'2017-05-17 09:53:04.969092','134','gdfkjn',3,'',4,1),
	(645,'2017-05-17 09:53:04.971134','132','knfgd',3,'',4,1),
	(646,'2017-05-17 09:53:04.973059','133','ktrgn',3,'',4,1),
	(647,'2017-05-17 09:53:04.975063','125','Liudmyla',3,'',4,1),
	(648,'2017-05-17 09:53:04.977200','98','pdovj',3,'',4,1),
	(649,'2017-05-17 09:53:04.979228','128','rgen',3,'',4,1),
	(650,'2017-05-17 09:53:04.981624','89','sdgbjv',3,'',4,1),
	(651,'2017-05-18 10:09:19.986531','124','aaa',3,'',4,1),
	(652,'2017-05-18 10:09:19.988911','131','ava',3,'',4,1),
	(653,'2017-05-18 10:09:19.990721','126','Avac',3,'',4,1),
	(654,'2017-05-18 10:09:19.992507','79','dfgh',3,'',4,1),
	(655,'2017-05-18 10:09:19.994401','82','dfklj',3,'',4,1),
	(656,'2017-05-18 10:09:19.996424','94','dfpbu',3,'',4,1),
	(657,'2017-05-18 10:09:19.998528','92','dglhv',3,'',4,1),
	(658,'2017-05-18 10:09:20.000407','86','dglkj',3,'',4,1),
	(659,'2017-05-18 10:09:20.002212','83','dkflj',3,'',4,1),
	(660,'2017-05-18 10:09:20.004047','80','dlfkj',3,'',4,1),
	(661,'2017-05-18 10:09:20.005901','88','dlgkj',3,'',4,1),
	(662,'2017-05-18 10:09:20.007866','136','Donald',3,'',4,1),
	(663,'2017-05-18 10:09:20.009760','84','egjk',3,'',4,1),
	(664,'2017-05-18 10:09:20.011626','91','egklhj',3,'',4,1),
	(665,'2017-05-18 10:09:20.014183','90','eglkj',3,'',4,1),
	(666,'2017-05-18 10:09:20.016163','96','fdiblvk',3,'',4,1),
	(667,'2017-05-18 10:09:20.018231','127','fdkjbn',3,'',4,1),
	(668,'2017-05-18 10:09:20.020389','95','fdpobjl',3,'',4,1),
	(669,'2017-05-18 10:09:20.022188','129','fgjk',3,'',4,1),
	(670,'2017-05-18 10:09:20.024128','85','fhljkgqlkjg',3,'',4,1),
	(671,'2017-05-18 10:09:20.026324','93','fpdobjl',3,'',4,1),
	(672,'2017-05-18 10:09:20.028198','134','gdfkjn',3,'',4,1),
	(673,'2017-05-18 10:09:20.030602','132','knfgd',3,'',4,1),
	(674,'2017-05-18 10:09:20.032811','133','ktrgn',3,'',4,1),
	(675,'2017-05-18 10:09:20.035453','125','Liudmyla',3,'',4,1),
	(676,'2017-05-18 10:09:20.037663','98','pdovj',3,'',4,1),
	(677,'2017-05-18 10:09:20.040301','128','rgen',3,'',4,1),
	(678,'2017-05-18 10:09:20.042440','89','sdgbjv',3,'',4,1),
	(679,'2017-05-18 10:09:28.883475','416','Destribution object',3,'',14,1),
	(680,'2017-05-18 10:09:28.886023','415','Destribution object',3,'',14,1),
	(681,'2017-05-18 10:09:28.888449','414','Destribution object',3,'',14,1),
	(682,'2017-05-18 10:09:28.891069','413','Destribution object',3,'',14,1),
	(683,'2017-05-18 10:09:28.893348','412','Destribution object',3,'',14,1),
	(684,'2017-05-18 10:09:28.895725','411','Destribution object',3,'',14,1),
	(685,'2017-05-18 10:09:28.898140','410','Destribution object',3,'',14,1),
	(686,'2017-05-18 10:09:28.900456','409','Destribution object',3,'',14,1),
	(687,'2017-05-18 10:09:28.902698','408','Destribution object',3,'',14,1),
	(688,'2017-05-18 10:09:28.905284','407','Destribution object',3,'',14,1),
	(689,'2017-05-18 10:09:28.907468','406','Destribution object',3,'',14,1),
	(690,'2017-05-18 10:09:28.909590','405','Destribution object',3,'',14,1),
	(691,'2017-05-18 10:09:28.911563','404','Destribution object',3,'',14,1),
	(692,'2017-05-18 10:09:28.913778','403','Destribution object',3,'',14,1),
	(693,'2017-05-18 10:09:28.915941','402','Destribution object',3,'',14,1),
	(694,'2017-05-18 10:09:28.917826','401','Destribution object',3,'',14,1),
	(695,'2017-05-18 10:09:28.919919','400','Destribution object',3,'',14,1),
	(696,'2017-05-18 10:09:28.922264','399','Destribution object',3,'',14,1),
	(697,'2017-05-18 10:09:28.924476','398','Destribution object',3,'',14,1),
	(698,'2017-05-18 10:09:28.926570','397','Destribution object',3,'',14,1),
	(699,'2017-05-18 10:09:28.928716','396','Destribution object',3,'',14,1),
	(700,'2017-05-18 10:09:28.930763','395','Destribution object',3,'',14,1),
	(701,'2017-05-18 10:09:28.932879','394','Destribution object',3,'',14,1),
	(702,'2017-05-18 10:09:28.935466','393','Destribution object',3,'',14,1),
	(703,'2017-05-18 10:09:28.937897','392','Destribution object',3,'',14,1),
	(704,'2017-05-18 10:09:28.940488','391','Destribution object',3,'',14,1),
	(705,'2017-05-18 10:09:28.942633','390','Destribution object',3,'',14,1),
	(706,'2017-05-18 10:09:28.944881','389','Destribution object',3,'',14,1),
	(707,'2017-05-18 10:37:56.621533','444','Destribution object',3,'',14,1),
	(708,'2017-05-18 10:37:56.624161','443','Destribution object',3,'',14,1),
	(709,'2017-05-18 10:37:56.626507','442','Destribution object',3,'',14,1),
	(710,'2017-05-18 10:37:56.628645','441','Destribution object',3,'',14,1),
	(711,'2017-05-18 10:37:56.631826','440','Destribution object',3,'',14,1),
	(712,'2017-05-18 10:37:56.634703','439','Destribution object',3,'',14,1),
	(713,'2017-05-18 10:37:56.637032','438','Destribution object',3,'',14,1),
	(714,'2017-05-18 10:37:56.639442','437','Destribution object',3,'',14,1),
	(715,'2017-05-18 10:37:56.641485','436','Destribution object',3,'',14,1),
	(716,'2017-05-18 10:37:56.643728','435','Destribution object',3,'',14,1),
	(717,'2017-05-18 10:37:56.645716','434','Destribution object',3,'',14,1),
	(718,'2017-05-18 10:37:56.648145','433','Destribution object',3,'',14,1),
	(719,'2017-05-18 10:37:56.650662','432','Destribution object',3,'',14,1),
	(720,'2017-05-18 10:37:56.652904','431','Destribution object',3,'',14,1),
	(721,'2017-05-18 10:37:56.655230','430','Destribution object',3,'',14,1),
	(722,'2017-05-18 10:37:56.657441','429','Destribution object',3,'',14,1),
	(723,'2017-05-18 10:37:56.659391','428','Destribution object',3,'',14,1),
	(724,'2017-05-18 10:37:56.661651','427','Destribution object',3,'',14,1),
	(725,'2017-05-18 10:37:56.663838','426','Destribution object',3,'',14,1),
	(726,'2017-05-18 10:37:56.666032','425','Destribution object',3,'',14,1),
	(727,'2017-05-18 10:37:56.668143','424','Destribution object',3,'',14,1),
	(728,'2017-05-18 10:37:56.670260','423','Destribution object',3,'',14,1),
	(729,'2017-05-18 10:37:56.672330','422','Destribution object',3,'',14,1),
	(730,'2017-05-18 10:37:56.674524','421','Destribution object',3,'',14,1),
	(731,'2017-05-18 10:37:56.676680','420','Destribution object',3,'',14,1),
	(732,'2017-05-18 10:37:56.678874','419','Destribution object',3,'',14,1),
	(733,'2017-05-18 10:37:56.681475','418','Destribution object',3,'',14,1),
	(734,'2017-05-18 10:37:56.683678','417','Destribution object',3,'',14,1),
	(735,'2017-05-18 10:38:16.251704','124','aaa',3,'',4,1),
	(736,'2017-05-18 10:38:16.253914','131','ava',3,'',4,1),
	(737,'2017-05-18 10:38:16.256220','126','Avac',3,'',4,1),
	(738,'2017-05-18 10:38:16.258340','79','dfgh',3,'',4,1),
	(739,'2017-05-18 10:38:16.260585','82','dfklj',3,'',4,1),
	(740,'2017-05-18 10:38:16.262863','94','dfpbu',3,'',4,1),
	(741,'2017-05-18 10:38:16.265094','92','dglhv',3,'',4,1),
	(742,'2017-05-18 10:38:16.267225','86','dglkj',3,'',4,1),
	(743,'2017-05-18 10:38:16.269334','83','dkflj',3,'',4,1),
	(744,'2017-05-18 10:38:16.271594','80','dlfkj',3,'',4,1),
	(745,'2017-05-18 10:38:16.273677','88','dlgkj',3,'',4,1),
	(746,'2017-05-18 10:38:16.275522','136','Donald',3,'',4,1),
	(747,'2017-05-18 10:38:16.277630','84','egjk',3,'',4,1),
	(748,'2017-05-18 10:38:16.279688','91','egklhj',3,'',4,1),
	(749,'2017-05-18 10:38:16.281885','90','eglkj',3,'',4,1),
	(750,'2017-05-18 10:38:16.283853','96','fdiblvk',3,'',4,1),
	(751,'2017-05-18 10:38:16.285940','127','fdkjbn',3,'',4,1),
	(752,'2017-05-18 10:38:16.287848','95','fdpobjl',3,'',4,1),
	(753,'2017-05-18 10:38:16.289802','129','fgjk',3,'',4,1),
	(754,'2017-05-18 10:38:16.291882','85','fhljkgqlkjg',3,'',4,1),
	(755,'2017-05-18 10:38:16.294210','93','fpdobjl',3,'',4,1),
	(756,'2017-05-18 10:38:16.296324','134','gdfkjn',3,'',4,1),
	(757,'2017-05-18 10:38:16.298410','132','knfgd',3,'',4,1),
	(758,'2017-05-18 10:38:16.300846','133','ktrgn',3,'',4,1),
	(759,'2017-05-18 10:38:16.302814','125','Liudmyla',3,'',4,1),
	(760,'2017-05-18 10:38:16.304759','98','pdovj',3,'',4,1),
	(761,'2017-05-18 10:38:16.306826','128','rgen',3,'',4,1),
	(762,'2017-05-18 10:38:16.309099','89','sdgbjv',3,'',4,1),
	(763,'2017-05-18 10:39:23.976018','472','Destribution object',3,'',14,1),
	(764,'2017-05-18 10:39:23.979977','471','Destribution object',3,'',14,1),
	(765,'2017-05-18 10:39:23.982299','470','Destribution object',3,'',14,1),
	(766,'2017-05-18 10:39:23.984515','469','Destribution object',3,'',14,1),
	(767,'2017-05-18 10:39:23.986715','468','Destribution object',3,'',14,1),
	(768,'2017-05-18 10:39:23.988941','467','Destribution object',3,'',14,1),
	(769,'2017-05-18 10:39:23.991107','466','Destribution object',3,'',14,1),
	(770,'2017-05-18 10:39:23.993447','465','Destribution object',3,'',14,1),
	(771,'2017-05-18 10:39:23.995632','464','Destribution object',3,'',14,1),
	(772,'2017-05-18 10:39:23.997857','463','Destribution object',3,'',14,1),
	(773,'2017-05-18 10:39:24.000448','462','Destribution object',3,'',14,1),
	(774,'2017-05-18 10:39:24.003024','461','Destribution object',3,'',14,1),
	(775,'2017-05-18 10:39:24.005313','460','Destribution object',3,'',14,1),
	(776,'2017-05-18 10:39:24.007515','459','Destribution object',3,'',14,1),
	(777,'2017-05-18 10:39:24.009989','458','Destribution object',3,'',14,1),
	(778,'2017-05-18 10:39:24.012327','457','Destribution object',3,'',14,1),
	(779,'2017-05-18 10:39:24.014711','456','Destribution object',3,'',14,1),
	(780,'2017-05-18 10:39:24.016970','455','Destribution object',3,'',14,1),
	(781,'2017-05-18 10:39:24.019580','454','Destribution object',3,'',14,1),
	(782,'2017-05-18 10:39:24.021694','453','Destribution object',3,'',14,1),
	(783,'2017-05-18 10:39:24.023772','452','Destribution object',3,'',14,1),
	(784,'2017-05-18 10:39:24.025834','451','Destribution object',3,'',14,1),
	(785,'2017-05-18 10:39:24.028010','450','Destribution object',3,'',14,1),
	(786,'2017-05-18 10:39:24.030135','449','Destribution object',3,'',14,1),
	(787,'2017-05-18 10:39:24.032754','448','Destribution object',3,'',14,1),
	(788,'2017-05-18 10:39:24.035369','447','Destribution object',3,'',14,1),
	(789,'2017-05-18 10:39:24.037468','446','Destribution object',3,'',14,1),
	(790,'2017-05-18 10:39:24.039580','445','Destribution object',3,'',14,1),
	(791,'2017-05-18 10:39:44.815890','124','aaa',3,'',4,1),
	(792,'2017-05-18 10:39:44.818116','131','ava',3,'',4,1),
	(793,'2017-05-18 10:39:44.820139','126','Avac',3,'',4,1),
	(794,'2017-05-18 10:39:44.821946','79','dfgh',3,'',4,1),
	(795,'2017-05-18 10:39:44.824681','82','dfklj',3,'',4,1),
	(796,'2017-05-18 10:39:44.827040','94','dfpbu',3,'',4,1),
	(797,'2017-05-18 10:39:44.829353','92','dglhv',3,'',4,1),
	(798,'2017-05-18 10:39:44.831542','86','dglkj',3,'',4,1),
	(799,'2017-05-18 10:39:44.833777','83','dkflj',3,'',4,1),
	(800,'2017-05-18 10:39:44.835944','80','dlfkj',3,'',4,1),
	(801,'2017-05-18 10:39:44.838098','88','dlgkj',3,'',4,1),
	(802,'2017-05-18 10:39:44.840323','136','Donald',3,'',4,1),
	(803,'2017-05-18 10:39:44.842215','84','egjk',3,'',4,1),
	(804,'2017-05-18 10:39:44.844242','91','egklhj',3,'',4,1),
	(805,'2017-05-18 10:39:44.846369','90','eglkj',3,'',4,1),
	(806,'2017-05-18 10:39:44.848476','96','fdiblvk',3,'',4,1),
	(807,'2017-05-18 10:39:44.850733','127','fdkjbn',3,'',4,1),
	(808,'2017-05-18 10:39:44.852651','95','fdpobjl',3,'',4,1),
	(809,'2017-05-18 10:39:44.854765','129','fgjk',3,'',4,1),
	(810,'2017-05-18 10:39:44.857273','85','fhljkgqlkjg',3,'',4,1),
	(811,'2017-05-18 10:39:44.859084','93','fpdobjl',3,'',4,1),
	(812,'2017-05-18 10:39:44.861350','134','gdfkjn',3,'',4,1),
	(813,'2017-05-18 10:39:44.863670','132','knfgd',3,'',4,1),
	(814,'2017-05-18 10:39:44.865696','133','ktrgn',3,'',4,1),
	(815,'2017-05-18 10:39:44.867546','125','Liudmyla',3,'',4,1),
	(816,'2017-05-18 10:39:44.869661','140','Oleksandr',3,'',4,1),
	(817,'2017-05-18 10:39:44.871680','98','pdovj',3,'',4,1),
	(818,'2017-05-18 10:39:44.874169','128','rgen',3,'',4,1),
	(819,'2017-05-18 10:39:44.876446','89','sdgbjv',3,'',4,1),
	(820,'2017-05-18 10:42:36.091648','500','Destribution object',3,'',14,1),
	(821,'2017-05-18 10:42:36.095012','499','Destribution object',3,'',14,1),
	(822,'2017-05-18 10:42:36.097397','498','Destribution object',3,'',14,1),
	(823,'2017-05-18 10:42:36.101281','497','Destribution object',3,'',14,1),
	(824,'2017-05-18 10:42:36.104189','496','Destribution object',3,'',14,1),
	(825,'2017-05-18 10:42:36.106435','495','Destribution object',3,'',14,1),
	(826,'2017-05-18 10:42:36.108603','494','Destribution object',3,'',14,1),
	(827,'2017-05-18 10:42:36.110916','493','Destribution object',3,'',14,1),
	(828,'2017-05-18 10:42:36.113360','492','Destribution object',3,'',14,1),
	(829,'2017-05-18 10:42:36.115614','491','Destribution object',3,'',14,1),
	(830,'2017-05-18 10:42:36.117796','490','Destribution object',3,'',14,1),
	(831,'2017-05-18 10:42:36.120047','489','Destribution object',3,'',14,1),
	(832,'2017-05-18 10:42:36.122366','488','Destribution object',3,'',14,1),
	(833,'2017-05-18 10:42:36.124496','487','Destribution object',3,'',14,1),
	(834,'2017-05-18 10:42:36.126794','486','Destribution object',3,'',14,1),
	(835,'2017-05-18 10:42:36.129098','485','Destribution object',3,'',14,1),
	(836,'2017-05-18 10:42:36.131433','484','Destribution object',3,'',14,1),
	(837,'2017-05-18 10:42:36.133692','483','Destribution object',3,'',14,1),
	(838,'2017-05-18 10:42:36.135777','482','Destribution object',3,'',14,1),
	(839,'2017-05-18 10:42:36.138018','481','Destribution object',3,'',14,1),
	(840,'2017-05-18 10:42:36.140144','480','Destribution object',3,'',14,1),
	(841,'2017-05-18 10:42:36.142407','479','Destribution object',3,'',14,1),
	(842,'2017-05-18 10:42:36.145179','478','Destribution object',3,'',14,1),
	(843,'2017-05-18 10:42:36.147223','477','Destribution object',3,'',14,1),
	(844,'2017-05-18 10:42:36.149550','476','Destribution object',3,'',14,1),
	(845,'2017-05-18 10:42:36.152194','475','Destribution object',3,'',14,1),
	(846,'2017-05-18 10:42:36.154354','474','Destribution object',3,'',14,1),
	(847,'2017-05-18 10:42:36.156509','473','Destribution object',3,'',14,1),
	(848,'2017-05-18 10:43:02.208344','124','aaa',3,'',4,1),
	(849,'2017-05-18 10:43:02.210469','131','ava',3,'',4,1),
	(850,'2017-05-18 10:43:02.212947','126','Avac',3,'',4,1),
	(851,'2017-05-18 10:43:02.215740','79','dfgh',3,'',4,1),
	(852,'2017-05-18 10:43:02.218422','94','dfpbu',3,'',4,1),
	(853,'2017-05-18 10:43:02.220633','92','dglhv',3,'',4,1),
	(854,'2017-05-18 10:43:02.223230','87','dgu',3,'',4,1),
	(855,'2017-05-18 10:43:02.224999','83','dkflj',3,'',4,1),
	(856,'2017-05-18 10:43:02.227252','80','dlfkj',3,'',4,1),
	(857,'2017-05-18 10:43:02.229419','88','dlgkj',3,'',4,1),
	(858,'2017-05-18 10:43:02.232012','136','Donald',3,'',4,1),
	(859,'2017-05-18 10:43:02.234439','84','egjk',3,'',4,1),
	(860,'2017-05-18 10:43:02.236593','91','egklhj',3,'',4,1),
	(861,'2017-05-18 10:43:02.238678','90','eglkj',3,'',4,1),
	(862,'2017-05-18 10:43:02.241026','96','fdiblvk',3,'',4,1),
	(863,'2017-05-18 10:43:02.243258','127','fdkjbn',3,'',4,1),
	(864,'2017-05-18 10:43:02.245442','95','fdpobjl',3,'',4,1),
	(865,'2017-05-18 10:43:02.247546','129','fgjk',3,'',4,1),
	(866,'2017-05-18 10:43:02.249699','85','fhljkgqlkjg',3,'',4,1),
	(867,'2017-05-18 10:43:02.251676','93','fpdobjl',3,'',4,1),
	(868,'2017-05-18 10:43:02.253996','134','gdfkjn',3,'',4,1),
	(869,'2017-05-18 10:43:02.256228','132','knfgd',3,'',4,1),
	(870,'2017-05-18 10:43:02.258163','133','ktrgn',3,'',4,1),
	(871,'2017-05-18 10:43:02.260091','125','Liudmyla',3,'',4,1),
	(872,'2017-05-18 10:43:02.262517','81','lkj',3,'',4,1),
	(873,'2017-05-18 10:43:02.264908','98','pdovj',3,'',4,1),
	(874,'2017-05-18 10:43:02.267346','128','rgen',3,'',4,1),
	(875,'2017-05-18 10:43:02.269711','89','sdgbjv',3,'',4,1),
	(876,'2017-05-18 10:45:58.437063','141','Oleksandr',1,'[{\"added\": {}}]',4,1),
	(877,'2017-05-18 10:46:29.244815','141','Oleksandr',2,'[{\"changed\": {\"fields\": [\"first_name\", \"last_name\", \"email\", \"is_staff\", \"date_joined\"]}}]',4,1),
	(878,'2017-05-18 10:48:56.020175','2','Smart Career Planning and Skill Development via Personal Analytics',2,'[{\"changed\": {\"fields\": [\"mentor_id\"]}}]',12,1),
	(879,'2017-05-18 10:50:39.232672','528','Destribution object',3,'',14,1),
	(880,'2017-05-18 10:50:39.235119','527','Destribution object',3,'',14,1),
	(881,'2017-05-18 10:50:39.237162','526','Destribution object',3,'',14,1),
	(882,'2017-05-18 10:50:39.240563','525','Destribution object',3,'',14,1),
	(883,'2017-05-18 10:50:39.242916','524','Destribution object',3,'',14,1),
	(884,'2017-05-18 10:50:39.245094','523','Destribution object',3,'',14,1),
	(885,'2017-05-18 10:50:39.247255','522','Destribution object',3,'',14,1),
	(886,'2017-05-18 10:50:39.249675','521','Destribution object',3,'',14,1),
	(887,'2017-05-18 10:50:39.251994','520','Destribution object',3,'',14,1),
	(888,'2017-05-18 10:50:39.254387','519','Destribution object',3,'',14,1),
	(889,'2017-05-18 10:50:39.256811','518','Destribution object',3,'',14,1),
	(890,'2017-05-18 10:50:39.259295','517','Destribution object',3,'',14,1),
	(891,'2017-05-18 10:50:39.261740','516','Destribution object',3,'',14,1),
	(892,'2017-05-18 10:50:39.263987','515','Destribution object',3,'',14,1),
	(893,'2017-05-18 10:50:39.266333','514','Destribution object',3,'',14,1),
	(894,'2017-05-18 10:50:39.268592','513','Destribution object',3,'',14,1),
	(895,'2017-05-18 10:50:39.270897','512','Destribution object',3,'',14,1),
	(896,'2017-05-18 10:50:39.273090','511','Destribution object',3,'',14,1),
	(897,'2017-05-18 10:50:39.275641','510','Destribution object',3,'',14,1),
	(898,'2017-05-18 10:50:39.277909','509','Destribution object',3,'',14,1),
	(899,'2017-05-18 10:50:39.280062','508','Destribution object',3,'',14,1),
	(900,'2017-05-18 10:50:39.282294','507','Destribution object',3,'',14,1),
	(901,'2017-05-18 10:50:39.284443','506','Destribution object',3,'',14,1),
	(902,'2017-05-18 10:50:39.286755','505','Destribution object',3,'',14,1),
	(903,'2017-05-18 10:50:39.289041','504','Destribution object',3,'',14,1),
	(904,'2017-05-18 10:50:39.291383','503','Destribution object',3,'',14,1),
	(905,'2017-05-18 10:50:39.293770','502','Destribution object',3,'',14,1),
	(906,'2017-05-18 10:50:39.296076','501','Destribution object',3,'',14,1),
	(907,'2017-05-18 10:50:57.834157','124','aaa',3,'',4,1),
	(908,'2017-05-18 10:50:57.836353','131','ava',3,'',4,1),
	(909,'2017-05-18 10:50:57.838516','126','Avac',3,'',4,1),
	(910,'2017-05-18 10:50:57.840561','79','dfgh',3,'',4,1),
	(911,'2017-05-18 10:50:57.842490','82','dfklj',3,'',4,1),
	(912,'2017-05-18 10:50:57.844462','94','dfpbu',3,'',4,1),
	(913,'2017-05-18 10:50:57.846321','92','dglhv',3,'',4,1),
	(914,'2017-05-18 10:50:57.848310','86','dglkj',3,'',4,1),
	(915,'2017-05-18 10:50:57.850346','83','dkflj',3,'',4,1),
	(916,'2017-05-18 10:50:57.852404','80','dlfkj',3,'',4,1),
	(917,'2017-05-18 10:50:57.854359','88','dlgkj',3,'',4,1),
	(918,'2017-05-18 10:50:57.856423','136','Donald',3,'',4,1),
	(919,'2017-05-18 10:50:57.858730','84','egjk',3,'',4,1),
	(920,'2017-05-18 10:50:57.861322','91','egklhj',3,'',4,1),
	(921,'2017-05-18 10:50:57.863712','90','eglkj',3,'',4,1),
	(922,'2017-05-18 10:50:57.866142','96','fdiblvk',3,'',4,1),
	(923,'2017-05-18 10:50:57.868668','127','fdkjbn',3,'',4,1),
	(924,'2017-05-18 10:50:57.870862','95','fdpobjl',3,'',4,1),
	(925,'2017-05-18 10:50:57.873244','129','fgjk',3,'',4,1),
	(926,'2017-05-18 10:50:57.875730','85','fhljkgqlkjg',3,'',4,1),
	(927,'2017-05-18 10:50:57.878003','93','fpdobjl',3,'',4,1),
	(928,'2017-05-18 10:50:57.880772','134','gdfkjn',3,'',4,1),
	(929,'2017-05-18 10:50:57.882906','132','knfgd',3,'',4,1),
	(930,'2017-05-18 10:50:57.885208','133','ktrgn',3,'',4,1),
	(931,'2017-05-18 10:50:57.887596','125','Liudmyla',3,'',4,1),
	(932,'2017-05-18 10:50:57.889734','98','pdovj',3,'',4,1),
	(933,'2017-05-18 10:50:57.892256','128','rgen',3,'',4,1),
	(934,'2017-05-18 10:50:57.894478','89','sdgbjv',3,'',4,1),
	(935,'2017-05-18 10:51:43.801841','556','Destribution object',3,'',14,1),
	(936,'2017-05-18 10:51:43.804966','555','Destribution object',3,'',14,1),
	(937,'2017-05-18 10:51:43.808157','554','Destribution object',3,'',14,1),
	(938,'2017-05-18 10:51:43.811167','553','Destribution object',3,'',14,1),
	(939,'2017-05-18 10:51:43.814185','552','Destribution object',3,'',14,1),
	(940,'2017-05-18 10:51:43.817402','551','Destribution object',3,'',14,1),
	(941,'2017-05-18 10:51:43.820489','550','Destribution object',3,'',14,1),
	(942,'2017-05-18 10:51:43.824174','549','Destribution object',3,'',14,1),
	(943,'2017-05-18 10:51:43.827567','548','Destribution object',3,'',14,1),
	(944,'2017-05-18 10:51:43.830605','547','Destribution object',3,'',14,1),
	(945,'2017-05-18 10:51:43.833747','546','Destribution object',3,'',14,1),
	(946,'2017-05-18 10:51:43.836842','545','Destribution object',3,'',14,1),
	(947,'2017-05-18 10:51:43.839804','544','Destribution object',3,'',14,1),
	(948,'2017-05-18 10:51:43.843255','543','Destribution object',3,'',14,1),
	(949,'2017-05-18 10:51:43.846518','542','Destribution object',3,'',14,1),
	(950,'2017-05-18 10:51:43.849579','541','Destribution object',3,'',14,1),
	(951,'2017-05-18 10:51:43.852734','540','Destribution object',3,'',14,1),
	(952,'2017-05-18 10:51:43.855756','539','Destribution object',3,'',14,1),
	(953,'2017-05-18 10:51:43.858957','538','Destribution object',3,'',14,1),
	(954,'2017-05-18 10:51:43.862026','537','Destribution object',3,'',14,1),
	(955,'2017-05-18 10:51:43.865083','536','Destribution object',3,'',14,1),
	(956,'2017-05-18 10:51:43.868478','535','Destribution object',3,'',14,1),
	(957,'2017-05-18 10:51:43.871738','534','Destribution object',3,'',14,1),
	(958,'2017-05-18 10:51:43.875387','533','Destribution object',3,'',14,1),
	(959,'2017-05-18 10:51:43.879033','532','Destribution object',3,'',14,1),
	(960,'2017-05-18 10:51:43.882295','531','Destribution object',3,'',14,1),
	(961,'2017-05-18 10:51:43.885369','530','Destribution object',3,'',14,1),
	(962,'2017-05-18 10:51:43.888446','529','Destribution object',3,'',14,1),
	(963,'2017-05-18 10:52:01.277626','124','aaa',3,'',4,1),
	(964,'2017-05-18 10:52:01.280446','131','ava',3,'',4,1),
	(965,'2017-05-18 10:52:01.283328','126','Avac',3,'',4,1),
	(966,'2017-05-18 10:52:01.286347','79','dfgh',3,'',4,1),
	(967,'2017-05-18 10:52:01.289202','82','dfklj',3,'',4,1),
	(968,'2017-05-18 10:52:01.292126','94','dfpbu',3,'',4,1),
	(969,'2017-05-18 10:52:01.295083','92','dglhv',3,'',4,1),
	(970,'2017-05-18 10:52:01.298115','86','dglkj',3,'',4,1),
	(971,'2017-05-18 10:52:01.301427','83','dkflj',3,'',4,1),
	(972,'2017-05-18 10:52:01.304373','80','dlfkj',3,'',4,1),
	(973,'2017-05-18 10:52:01.307158','88','dlgkj',3,'',4,1),
	(974,'2017-05-18 10:52:01.310557','136','Donald',3,'',4,1),
	(975,'2017-05-18 10:52:01.313173','84','egjk',3,'',4,1),
	(976,'2017-05-18 10:52:01.316036','91','egklhj',3,'',4,1),
	(977,'2017-05-18 10:52:01.319619','90','eglkj',3,'',4,1),
	(978,'2017-05-18 10:52:01.322445','96','fdiblvk',3,'',4,1),
	(979,'2017-05-18 10:52:01.325687','127','fdkjbn',3,'',4,1),
	(980,'2017-05-18 10:52:01.329160','95','fdpobjl',3,'',4,1),
	(981,'2017-05-18 10:52:01.332188','129','fgjk',3,'',4,1),
	(982,'2017-05-18 10:52:01.335795','85','fhljkgqlkjg',3,'',4,1),
	(983,'2017-05-18 10:52:01.338503','93','fpdobjl',3,'',4,1),
	(984,'2017-05-18 10:52:01.341781','134','gdfkjn',3,'',4,1),
	(985,'2017-05-18 10:52:01.345409','132','knfgd',3,'',4,1),
	(986,'2017-05-18 10:52:01.348492','133','ktrgn',3,'',4,1),
	(987,'2017-05-18 10:52:01.352082','125','Liudmyla',3,'',4,1),
	(988,'2017-05-18 10:52:01.354850','98','pdovj',3,'',4,1),
	(989,'2017-05-18 10:52:01.357905','128','rgen',3,'',4,1),
	(990,'2017-05-18 10:52:01.360908','89','sdgbjv',3,'',4,1),
	(991,'2017-05-18 10:53:43.322746','584','Destribution object',3,'',14,1),
	(992,'2017-05-18 10:53:43.325891','583','Destribution object',3,'',14,1),
	(993,'2017-05-18 10:53:43.329315','582','Destribution object',3,'',14,1),
	(994,'2017-05-18 10:53:43.332247','581','Destribution object',3,'',14,1),
	(995,'2017-05-18 10:53:43.335202','580','Destribution object',3,'',14,1),
	(996,'2017-05-18 10:53:43.338046','579','Destribution object',3,'',14,1),
	(997,'2017-05-18 10:53:43.340958','578','Destribution object',3,'',14,1),
	(998,'2017-05-18 10:53:43.344245','577','Destribution object',3,'',14,1),
	(999,'2017-05-18 10:53:43.347142','576','Destribution object',3,'',14,1),
	(1000,'2017-05-18 10:53:43.349974','575','Destribution object',3,'',14,1),
	(1001,'2017-05-18 10:53:43.352850','574','Destribution object',3,'',14,1),
	(1002,'2017-05-18 10:53:43.355745','573','Destribution object',3,'',14,1),
	(1003,'2017-05-18 10:53:43.358671','572','Destribution object',3,'',14,1),
	(1004,'2017-05-18 10:53:43.361716','571','Destribution object',3,'',14,1),
	(1005,'2017-05-18 10:53:43.364923','570','Destribution object',3,'',14,1),
	(1006,'2017-05-18 10:53:43.368035','569','Destribution object',3,'',14,1),
	(1007,'2017-05-18 10:53:43.371024','568','Destribution object',3,'',14,1),
	(1008,'2017-05-18 10:53:43.374118','567','Destribution object',3,'',14,1),
	(1009,'2017-05-18 10:53:43.377434','566','Destribution object',3,'',14,1),
	(1010,'2017-05-18 10:53:43.380229','565','Destribution object',3,'',14,1),
	(1011,'2017-05-18 10:53:43.383197','564','Destribution object',3,'',14,1),
	(1012,'2017-05-18 10:53:43.386279','563','Destribution object',3,'',14,1),
	(1013,'2017-05-18 10:53:43.389442','562','Destribution object',3,'',14,1),
	(1014,'2017-05-18 10:53:43.392502','561','Destribution object',3,'',14,1),
	(1015,'2017-05-18 10:53:43.396569','560','Destribution object',3,'',14,1),
	(1016,'2017-05-18 10:53:43.400300','559','Destribution object',3,'',14,1),
	(1017,'2017-05-18 10:53:43.403259','558','Destribution object',3,'',14,1),
	(1018,'2017-05-18 10:53:43.406157','557','Destribution object',3,'',14,1),
	(1019,'2017-05-18 10:54:02.713705','124','aaa',3,'',4,1),
	(1020,'2017-05-18 10:54:02.716601','131','ava',3,'',4,1),
	(1021,'2017-05-18 10:54:02.719697','126','Avac',3,'',4,1),
	(1022,'2017-05-18 10:54:02.722392','79','dfgh',3,'',4,1),
	(1023,'2017-05-18 10:54:02.725217','82','dfklj',3,'',4,1),
	(1024,'2017-05-18 10:54:02.727940','94','dfpbu',3,'',4,1),
	(1025,'2017-05-18 10:54:02.730708','92','dglhv',3,'',4,1),
	(1026,'2017-05-18 10:54:02.734186','86','dglkj',3,'',4,1),
	(1027,'2017-05-18 10:54:02.737216','83','dkflj',3,'',4,1),
	(1028,'2017-05-18 10:54:02.740694','80','dlfkj',3,'',4,1),
	(1029,'2017-05-18 10:54:02.744175','88','dlgkj',3,'',4,1),
	(1030,'2017-05-18 10:54:02.747169','136','Donald',3,'',4,1),
	(1031,'2017-05-18 10:54:02.750251','84','egjk',3,'',4,1),
	(1032,'2017-05-18 10:54:02.753211','91','egklhj',3,'',4,1),
	(1033,'2017-05-18 10:54:02.756023','90','eglkj',3,'',4,1),
	(1034,'2017-05-18 10:54:02.758948','96','fdiblvk',3,'',4,1),
	(1035,'2017-05-18 10:54:02.761799','127','fdkjbn',3,'',4,1),
	(1036,'2017-05-18 10:54:02.764732','95','fdpobjl',3,'',4,1),
	(1037,'2017-05-18 10:54:02.768466','129','fgjk',3,'',4,1),
	(1038,'2017-05-18 10:54:02.771830','85','fhljkgqlkjg',3,'',4,1),
	(1039,'2017-05-18 10:54:02.774963','93','fpdobjl',3,'',4,1),
	(1040,'2017-05-18 10:54:02.777761','134','gdfkjn',3,'',4,1),
	(1041,'2017-05-18 10:54:02.780500','132','knfgd',3,'',4,1),
	(1042,'2017-05-18 10:54:02.784361','133','ktrgn',3,'',4,1),
	(1043,'2017-05-18 10:54:02.788330','125','Liudmyla',3,'',4,1),
	(1044,'2017-05-18 10:54:02.792023','98','pdovj',3,'',4,1),
	(1045,'2017-05-18 10:54:02.794920','128','rgen',3,'',4,1),
	(1046,'2017-05-18 10:54:02.798454','89','sdgbjv',3,'',4,1),
	(1047,'2017-05-18 11:09:03.949612','612','Destribution object',3,'',14,1),
	(1048,'2017-05-18 11:09:03.953738','611','Destribution object',3,'',14,1),
	(1049,'2017-05-18 11:09:03.957147','610','Destribution object',3,'',14,1),
	(1050,'2017-05-18 11:09:03.960269','609','Destribution object',3,'',14,1),
	(1051,'2017-05-18 11:09:03.963434','608','Destribution object',3,'',14,1),
	(1052,'2017-05-18 11:09:03.966354','607','Destribution object',3,'',14,1),
	(1053,'2017-05-18 11:09:03.969587','606','Destribution object',3,'',14,1),
	(1054,'2017-05-18 11:09:03.973007','605','Destribution object',3,'',14,1),
	(1055,'2017-05-18 11:09:03.976561','604','Destribution object',3,'',14,1),
	(1056,'2017-05-18 11:09:03.979566','603','Destribution object',3,'',14,1),
	(1057,'2017-05-18 11:09:03.982473','602','Destribution object',3,'',14,1),
	(1058,'2017-05-18 11:09:03.985368','601','Destribution object',3,'',14,1),
	(1059,'2017-05-18 11:09:03.988125','600','Destribution object',3,'',14,1),
	(1060,'2017-05-18 11:09:03.990876','599','Destribution object',3,'',14,1),
	(1061,'2017-05-18 11:09:03.993789','598','Destribution object',3,'',14,1),
	(1062,'2017-05-18 11:09:03.996470','597','Destribution object',3,'',14,1),
	(1063,'2017-05-18 11:09:03.999409','596','Destribution object',3,'',14,1),
	(1064,'2017-05-18 11:09:04.002541','595','Destribution object',3,'',14,1),
	(1065,'2017-05-18 11:09:04.005428','594','Destribution object',3,'',14,1),
	(1066,'2017-05-18 11:09:04.008345','593','Destribution object',3,'',14,1),
	(1067,'2017-05-18 11:09:04.011159','592','Destribution object',3,'',14,1),
	(1068,'2017-05-18 11:09:04.014230','591','Destribution object',3,'',14,1),
	(1069,'2017-05-18 11:09:04.017134','590','Destribution object',3,'',14,1),
	(1070,'2017-05-18 11:09:04.020196','589','Destribution object',3,'',14,1),
	(1071,'2017-05-18 11:09:04.023116','588','Destribution object',3,'',14,1),
	(1072,'2017-05-18 11:09:04.026332','587','Destribution object',3,'',14,1),
	(1073,'2017-05-18 11:09:04.029722','586','Destribution object',3,'',14,1),
	(1074,'2017-05-18 11:09:04.032761','585','Destribution object',3,'',14,1),
	(1075,'2017-05-18 11:09:23.111925','124','aaa',3,'',4,1),
	(1076,'2017-05-18 11:09:23.115427','131','ava',3,'',4,1),
	(1077,'2017-05-18 11:09:23.119225','126','Avac',3,'',4,1),
	(1078,'2017-05-18 11:09:23.122396','79','dfgh',3,'',4,1),
	(1079,'2017-05-18 11:09:23.125531','82','dfklj',3,'',4,1),
	(1080,'2017-05-18 11:09:23.128576','94','dfpbu',3,'',4,1),
	(1081,'2017-05-18 11:09:23.132059','92','dglhv',3,'',4,1),
	(1082,'2017-05-18 11:09:23.135340','86','dglkj',3,'',4,1),
	(1083,'2017-05-18 11:09:23.138038','83','dkflj',3,'',4,1),
	(1084,'2017-05-18 11:09:23.141264','80','dlfkj',3,'',4,1),
	(1085,'2017-05-18 11:09:23.144659','88','dlgkj',3,'',4,1),
	(1086,'2017-05-18 11:09:23.147898','136','Donald',3,'',4,1),
	(1087,'2017-05-18 11:09:23.150773','84','egjk',3,'',4,1),
	(1088,'2017-05-18 11:09:23.154969','91','egklhj',3,'',4,1),
	(1089,'2017-05-18 11:09:23.158292','90','eglkj',3,'',4,1),
	(1090,'2017-05-18 11:09:23.161324','96','fdiblvk',3,'',4,1),
	(1091,'2017-05-18 11:09:23.164266','127','fdkjbn',3,'',4,1),
	(1092,'2017-05-18 11:09:23.167445','95','fdpobjl',3,'',4,1),
	(1093,'2017-05-18 11:09:23.169837','129','fgjk',3,'',4,1),
	(1094,'2017-05-18 11:09:23.172809','85','fhljkgqlkjg',3,'',4,1),
	(1095,'2017-05-18 11:09:23.175609','93','fpdobjl',3,'',4,1),
	(1096,'2017-05-18 11:09:23.180010','134','gdfkjn',3,'',4,1),
	(1097,'2017-05-18 11:09:23.183040','132','knfgd',3,'',4,1),
	(1098,'2017-05-18 11:09:23.185937','133','ktrgn',3,'',4,1),
	(1099,'2017-05-18 11:09:23.189123','125','Liudmyla',3,'',4,1),
	(1100,'2017-05-18 11:09:23.192610','98','pdovj',3,'',4,1),
	(1101,'2017-05-18 11:09:23.196695','128','rgen',3,'',4,1),
	(1102,'2017-05-18 11:09:23.199830','89','sdgbjv',3,'',4,1),
	(1103,'2017-05-18 11:33:03.087508','640','Destribution object',3,'',14,1),
	(1104,'2017-05-18 11:33:03.090561','639','Destribution object',3,'',14,1),
	(1105,'2017-05-18 11:33:03.093415','638','Destribution object',3,'',14,1),
	(1106,'2017-05-18 11:33:03.096230','637','Destribution object',3,'',14,1),
	(1107,'2017-05-18 11:33:03.099180','636','Destribution object',3,'',14,1),
	(1108,'2017-05-18 11:33:03.102228','635','Destribution object',3,'',14,1),
	(1109,'2017-05-18 11:33:03.105181','634','Destribution object',3,'',14,1),
	(1110,'2017-05-18 11:33:03.108277','633','Destribution object',3,'',14,1),
	(1111,'2017-05-18 11:33:03.111074','632','Destribution object',3,'',14,1),
	(1112,'2017-05-18 11:33:03.114416','631','Destribution object',3,'',14,1),
	(1113,'2017-05-18 11:33:03.117862','630','Destribution object',3,'',14,1),
	(1114,'2017-05-18 11:33:03.121228','629','Destribution object',3,'',14,1),
	(1115,'2017-05-18 11:33:03.124172','628','Destribution object',3,'',14,1),
	(1116,'2017-05-18 11:33:03.127610','627','Destribution object',3,'',14,1),
	(1117,'2017-05-18 11:33:03.130981','626','Destribution object',3,'',14,1),
	(1118,'2017-05-18 11:33:03.134144','625','Destribution object',3,'',14,1),
	(1119,'2017-05-18 11:33:03.137670','624','Destribution object',3,'',14,1),
	(1120,'2017-05-18 11:33:03.140800','623','Destribution object',3,'',14,1),
	(1121,'2017-05-18 11:33:03.144088','622','Destribution object',3,'',14,1),
	(1122,'2017-05-18 11:33:03.147088','621','Destribution object',3,'',14,1),
	(1123,'2017-05-18 11:33:03.152938','620','Destribution object',3,'',14,1),
	(1124,'2017-05-18 11:33:03.155539','619','Destribution object',3,'',14,1),
	(1125,'2017-05-18 11:33:03.158432','618','Destribution object',3,'',14,1),
	(1126,'2017-05-18 11:33:03.161383','617','Destribution object',3,'',14,1),
	(1127,'2017-05-18 11:33:03.164384','616','Destribution object',3,'',14,1),
	(1128,'2017-05-18 11:33:03.167304','615','Destribution object',3,'',14,1),
	(1129,'2017-05-18 11:33:03.170705','614','Destribution object',3,'',14,1),
	(1130,'2017-05-18 11:33:03.173740','613','Destribution object',3,'',14,1),
	(1131,'2017-05-18 11:33:27.891105','124','aaa',3,'',4,1),
	(1132,'2017-05-18 11:33:27.893798','126','Avac',3,'',4,1),
	(1133,'2017-05-18 11:33:27.896924','79','dfgh',3,'',4,1),
	(1134,'2017-05-18 11:33:27.900499','82','dfklj',3,'',4,1),
	(1135,'2017-05-18 11:33:27.903531','94','dfpbu',3,'',4,1),
	(1136,'2017-05-18 11:33:27.906448','92','dglhv',3,'',4,1),
	(1137,'2017-05-18 11:33:27.909474','86','dglkj',3,'',4,1),
	(1138,'2017-05-18 11:33:27.912376','87','dgu',3,'',4,1),
	(1139,'2017-05-18 11:33:27.915432','80','dlfkj',3,'',4,1),
	(1140,'2017-05-18 11:33:27.918635','88','dlgkj',3,'',4,1),
	(1141,'2017-05-18 11:33:27.921848','84','egjk',3,'',4,1),
	(1142,'2017-05-18 11:33:27.924913','91','egklhj',3,'',4,1),
	(1143,'2017-05-18 11:33:27.928053','90','eglkj',3,'',4,1),
	(1144,'2017-05-18 11:33:27.931157','97','fdbk',3,'',4,1),
	(1145,'2017-05-18 11:33:27.933834','96','fdiblvk',3,'',4,1),
	(1146,'2017-05-18 11:33:27.936732','127','fdkjbn',3,'',4,1),
	(1147,'2017-05-18 11:33:27.939769','95','fdpobjl',3,'',4,1),
	(1148,'2017-05-18 11:33:27.942638','129','fgjk',3,'',4,1),
	(1149,'2017-05-18 11:33:27.945780','85','fhljkgqlkjg',3,'',4,1),
	(1150,'2017-05-18 11:33:27.949128','93','fpdobjl',3,'',4,1),
	(1151,'2017-05-18 11:33:27.951768','134','gdfkjn',3,'',4,1),
	(1152,'2017-05-18 11:33:27.954567','132','knfgd',3,'',4,1),
	(1153,'2017-05-18 11:33:27.957501','133','ktrgn',3,'',4,1),
	(1154,'2017-05-18 11:33:27.960613','125','Liudmyla',3,'',4,1),
	(1155,'2017-05-18 11:33:27.963851','81','lkj',3,'',4,1),
	(1156,'2017-05-18 11:33:27.967438','98','pdovj',3,'',4,1),
	(1157,'2017-05-18 11:33:27.970501','128','rgen',3,'',4,1),
	(1158,'2017-05-18 11:33:27.973540','89','sdgbjv',3,'',4,1),
	(1159,'2017-05-18 17:45:28.324092','1','Lorem',1,'[{\"added\": {}}]',9,1),
	(1160,'2017-05-27 14:01:25.153831','1','BLA',2,'[{\"changed\": {\"fields\": [\"text\", \"date\"]}}]',8,1),
	(1161,'2017-05-27 15:41:18.785411','1','ReportProject object',1,'[{\"added\": {}}]',36,1),
	(1162,'2017-05-28 14:28:15.325119','1','ReportProject object',2,'[{\"changed\": {\"fields\": [\"project\"]}}]',36,1),
	(1163,'2017-05-30 11:12:25.220547','668','Destribution object',3,'',14,1),
	(1164,'2017-05-30 11:12:25.226012','667','Destribution object',3,'',14,1),
	(1165,'2017-05-30 11:12:25.230828','666','Destribution object',3,'',14,1),
	(1166,'2017-05-30 11:12:25.233601','665','Destribution object',3,'',14,1),
	(1167,'2017-05-30 11:12:25.236058','664','Destribution object',3,'',14,1),
	(1168,'2017-05-30 11:12:25.239711','663','Destribution object',3,'',14,1),
	(1169,'2017-05-30 11:12:25.242194','662','Destribution object',3,'',14,1),
	(1170,'2017-05-30 11:12:25.244379','661','Destribution object',3,'',14,1),
	(1171,'2017-05-30 11:12:25.246659','660','Destribution object',3,'',14,1),
	(1172,'2017-05-30 11:12:25.248913','659','Destribution object',3,'',14,1),
	(1173,'2017-05-30 11:12:25.251057','658','Destribution object',3,'',14,1),
	(1174,'2017-05-30 11:12:25.253427','657','Destribution object',3,'',14,1),
	(1175,'2017-05-30 11:12:25.255839','656','Destribution object',3,'',14,1),
	(1176,'2017-05-30 11:12:25.258342','655','Destribution object',3,'',14,1),
	(1177,'2017-05-30 11:12:25.260678','654','Destribution object',3,'',14,1),
	(1178,'2017-05-30 11:12:25.262983','653','Destribution object',3,'',14,1),
	(1179,'2017-05-30 11:12:25.265192','652','Destribution object',3,'',14,1),
	(1180,'2017-05-30 11:12:25.267406','651','Destribution object',3,'',14,1),
	(1181,'2017-05-30 11:12:25.269789','650','Destribution object',3,'',14,1),
	(1182,'2017-05-30 11:12:25.272118','649','Destribution object',3,'',14,1),
	(1183,'2017-05-30 11:12:25.274943','648','Destribution object',3,'',14,1),
	(1184,'2017-05-30 11:12:25.277316','647','Destribution object',3,'',14,1),
	(1185,'2017-05-30 11:12:25.279627','646','Destribution object',3,'',14,1),
	(1186,'2017-05-30 11:12:25.283459','645','Destribution object',3,'',14,1),
	(1187,'2017-05-30 11:12:25.286177','644','Destribution object',3,'',14,1),
	(1188,'2017-05-30 11:12:25.288996','643','Destribution object',3,'',14,1),
	(1189,'2017-05-30 11:12:25.291289','642','Destribution object',3,'',14,1),
	(1190,'2017-05-30 11:12:25.293569','641','Destribution object',3,'',14,1),
	(1191,'2017-05-30 11:12:47.604696','124','aaa',3,'',4,1),
	(1192,'2017-05-30 11:12:47.606749','131','ava',3,'',4,1),
	(1193,'2017-05-30 11:12:47.608811','126','Avac',3,'',4,1),
	(1194,'2017-05-30 11:12:47.610888','79','dfgh',3,'',4,1),
	(1195,'2017-05-30 11:12:47.613203','82','dfklj',3,'',4,1),
	(1196,'2017-05-30 11:12:47.615404','94','dfpbu',3,'',4,1),
	(1197,'2017-05-30 11:12:47.618253','92','dglhv',3,'',4,1),
	(1198,'2017-05-30 11:12:47.620564','86','dglkj',3,'',4,1),
	(1199,'2017-05-30 11:12:47.622796','83','dkflj',3,'',4,1),
	(1200,'2017-05-30 11:12:47.625065','80','dlfkj',3,'',4,1),
	(1201,'2017-05-30 11:12:47.627302','88','dlgkj',3,'',4,1),
	(1202,'2017-05-30 11:12:47.629458','136','Donald',3,'',4,1),
	(1203,'2017-05-30 11:12:47.631716','84','egjk',3,'',4,1),
	(1204,'2017-05-30 11:12:47.634114','91','egklhj',3,'',4,1),
	(1205,'2017-05-30 11:12:47.636589','90','eglkj',3,'',4,1),
	(1206,'2017-05-30 11:12:47.641033','96','fdiblvk',3,'',4,1),
	(1207,'2017-05-30 11:12:47.643348','127','fdkjbn',3,'',4,1),
	(1208,'2017-05-30 11:12:47.645583','95','fdpobjl',3,'',4,1),
	(1209,'2017-05-30 11:12:47.647755','129','fgjk',3,'',4,1),
	(1210,'2017-05-30 11:12:47.649873','85','fhljkgqlkjg',3,'',4,1),
	(1211,'2017-05-30 11:12:47.652281','93','fpdobjl',3,'',4,1),
	(1212,'2017-05-30 11:12:47.654703','134','gdfkjn',3,'',4,1),
	(1213,'2017-05-30 11:12:47.657488','132','knfgd',3,'',4,1),
	(1214,'2017-05-30 11:12:47.660249','133','ktrgn',3,'',4,1),
	(1215,'2017-05-30 11:12:47.662507','125','Liudmyla',3,'',4,1),
	(1216,'2017-05-30 11:12:47.664742','98','pdovj',3,'',4,1),
	(1217,'2017-05-30 11:12:47.666847','128','rgen',3,'',4,1),
	(1218,'2017-05-30 11:12:47.669221','89','sdgbjv',3,'',4,1),
	(1219,'2017-05-30 11:13:06.242031','124','aaa',3,'',4,1),
	(1220,'2017-05-30 11:13:06.244352','131','ava',3,'',4,1),
	(1221,'2017-05-30 11:13:06.246313','126','Avac',3,'',4,1),
	(1222,'2017-05-30 11:13:06.248893','79','dfgh',3,'',4,1),
	(1223,'2017-05-30 11:13:06.251009','82','dfklj',3,'',4,1),
	(1224,'2017-05-30 11:13:06.253275','94','dfpbu',3,'',4,1),
	(1225,'2017-05-30 11:13:06.255696','92','dglhv',3,'',4,1),
	(1226,'2017-05-30 11:13:06.257897','86','dglkj',3,'',4,1),
	(1227,'2017-05-30 11:13:06.260025','83','dkflj',3,'',4,1),
	(1228,'2017-05-30 11:13:06.262187','80','dlfkj',3,'',4,1),
	(1229,'2017-05-30 11:13:06.264520','88','dlgkj',3,'',4,1),
	(1230,'2017-05-30 11:13:06.266885','136','Donald',3,'',4,1),
	(1231,'2017-05-30 11:13:06.268873','84','egjk',3,'',4,1),
	(1232,'2017-05-30 11:13:06.271066','91','egklhj',3,'',4,1),
	(1233,'2017-05-30 11:13:06.273729','90','eglkj',3,'',4,1),
	(1234,'2017-05-30 11:13:06.275615','96','fdiblvk',3,'',4,1),
	(1235,'2017-05-30 11:13:06.277374','127','fdkjbn',3,'',4,1),
	(1236,'2017-05-30 11:13:06.279223','95','fdpobjl',3,'',4,1),
	(1237,'2017-05-30 11:13:06.281584','129','fgjk',3,'',4,1),
	(1238,'2017-05-30 11:13:06.283563','85','fhljkgqlkjg',3,'',4,1),
	(1239,'2017-05-30 11:13:06.285382','93','fpdobjl',3,'',4,1),
	(1240,'2017-05-30 11:13:06.287307','134','gdfkjn',3,'',4,1),
	(1241,'2017-05-30 11:13:06.289235','132','knfgd',3,'',4,1),
	(1242,'2017-05-30 11:13:06.290963','133','ktrgn',3,'',4,1),
	(1243,'2017-05-30 11:13:06.292956','125','Liudmyla',3,'',4,1),
	(1244,'2017-05-30 11:13:06.295313','98','pdovj',3,'',4,1),
	(1245,'2017-05-30 11:13:06.297641','128','rgen',3,'',4,1),
	(1246,'2017-05-30 11:13:06.299681','89','sdgbjv',3,'',4,1),
	(1247,'2017-05-30 11:25:26.159824','696','Destribution object',3,'',14,1),
	(1248,'2017-05-30 11:25:26.162143','695','Destribution object',3,'',14,1),
	(1249,'2017-05-30 11:25:26.164177','694','Destribution object',3,'',14,1),
	(1250,'2017-05-30 11:25:26.166802','693','Destribution object',3,'',14,1),
	(1251,'2017-05-30 11:25:26.169005','692','Destribution object',3,'',14,1),
	(1252,'2017-05-30 11:25:26.171050','691','Destribution object',3,'',14,1),
	(1253,'2017-05-30 11:25:26.173027','690','Destribution object',3,'',14,1),
	(1254,'2017-05-30 11:25:26.174807','689','Destribution object',3,'',14,1),
	(1255,'2017-05-30 11:25:26.176649','688','Destribution object',3,'',14,1),
	(1256,'2017-05-30 11:25:26.178748','687','Destribution object',3,'',14,1),
	(1257,'2017-05-30 11:25:26.180714','686','Destribution object',3,'',14,1),
	(1258,'2017-05-30 11:25:26.182819','685','Destribution object',3,'',14,1),
	(1259,'2017-05-30 11:25:26.185708','684','Destribution object',3,'',14,1),
	(1260,'2017-05-30 11:25:26.187563','683','Destribution object',3,'',14,1),
	(1261,'2017-05-30 11:25:26.189139','682','Destribution object',3,'',14,1),
	(1262,'2017-05-30 11:25:26.191064','681','Destribution object',3,'',14,1),
	(1263,'2017-05-30 11:25:26.192533','680','Destribution object',3,'',14,1),
	(1264,'2017-05-30 11:25:26.194141','679','Destribution object',3,'',14,1),
	(1265,'2017-05-30 11:25:26.196467','678','Destribution object',3,'',14,1),
	(1266,'2017-05-30 11:25:26.198789','677','Destribution object',3,'',14,1),
	(1267,'2017-05-30 11:25:26.201720','676','Destribution object',3,'',14,1),
	(1268,'2017-05-30 11:25:26.205239','675','Destribution object',3,'',14,1),
	(1269,'2017-05-30 11:25:26.207986','674','Destribution object',3,'',14,1),
	(1270,'2017-05-30 11:25:26.210290','673','Destribution object',3,'',14,1),
	(1271,'2017-05-30 11:25:26.212706','672','Destribution object',3,'',14,1),
	(1272,'2017-05-30 11:25:26.214849','671','Destribution object',3,'',14,1),
	(1273,'2017-05-30 11:25:26.217735','670','Destribution object',3,'',14,1),
	(1274,'2017-05-30 11:25:26.219846','669','Destribution object',3,'',14,1),
	(1275,'2017-05-30 11:25:46.179548','124','aaa',3,'',4,1),
	(1276,'2017-05-30 11:25:46.181819','131','ava',3,'',4,1),
	(1277,'2017-05-30 11:25:46.183531','126','Avac',3,'',4,1),
	(1278,'2017-05-30 11:25:46.185714','79','dfgh',3,'',4,1),
	(1279,'2017-05-30 11:25:46.188072','82','dfklj',3,'',4,1),
	(1280,'2017-05-30 11:25:46.190009','94','dfpbu',3,'',4,1),
	(1281,'2017-05-30 11:25:46.192258','92','dglhv',3,'',4,1),
	(1282,'2017-05-30 11:25:46.194150','86','dglkj',3,'',4,1),
	(1283,'2017-05-30 11:25:46.196057','83','dkflj',3,'',4,1),
	(1284,'2017-05-30 11:25:46.198284','80','dlfkj',3,'',4,1),
	(1285,'2017-05-30 11:25:46.200074','88','dlgkj',3,'',4,1),
	(1286,'2017-05-30 11:25:46.202602','136','Donald',3,'',4,1),
	(1287,'2017-05-30 11:25:46.205031','84','egjk',3,'',4,1),
	(1288,'2017-05-30 11:25:46.207039','91','egklhj',3,'',4,1),
	(1289,'2017-05-30 11:25:46.209438','90','eglkj',3,'',4,1),
	(1290,'2017-05-30 11:25:46.212435','96','fdiblvk',3,'',4,1),
	(1291,'2017-05-30 11:25:46.215118','127','fdkjbn',3,'',4,1),
	(1292,'2017-05-30 11:25:46.217292','95','fdpobjl',3,'',4,1),
	(1293,'2017-05-30 11:25:46.219454','129','fgjk',3,'',4,1),
	(1294,'2017-05-30 11:25:46.221711','85','fhljkgqlkjg',3,'',4,1),
	(1295,'2017-05-30 11:25:46.223983','93','fpdobjl',3,'',4,1),
	(1296,'2017-05-30 11:25:46.226348','134','gdfkjn',3,'',4,1),
	(1297,'2017-05-30 11:25:46.228490','132','knfgd',3,'',4,1),
	(1298,'2017-05-30 11:25:46.230618','133','ktrgn',3,'',4,1),
	(1299,'2017-05-30 11:25:46.232964','125','Liudmyla',3,'',4,1),
	(1300,'2017-05-30 11:25:46.235234','98','pdovj',3,'',4,1),
	(1301,'2017-05-30 11:25:46.237309','128','rgen',3,'',4,1),
	(1302,'2017-05-30 11:25:46.239073','89','sdgbjv',3,'',4,1),
	(1303,'2017-05-30 11:40:42.125646','724','Destribution object',3,'',14,1),
	(1304,'2017-05-30 11:40:42.128019','723','Destribution object',3,'',14,1),
	(1305,'2017-05-30 11:40:42.130624','722','Destribution object',3,'',14,1),
	(1306,'2017-05-30 11:40:42.132646','721','Destribution object',3,'',14,1),
	(1307,'2017-05-30 11:40:42.134457','720','Destribution object',3,'',14,1),
	(1308,'2017-05-30 11:40:42.136481','719','Destribution object',3,'',14,1),
	(1309,'2017-05-30 11:40:42.139195','718','Destribution object',3,'',14,1),
	(1310,'2017-05-30 11:40:42.142267','717','Destribution object',3,'',14,1),
	(1311,'2017-05-30 11:40:42.144543','716','Destribution object',3,'',14,1),
	(1312,'2017-05-30 11:40:42.146941','715','Destribution object',3,'',14,1),
	(1313,'2017-05-30 11:40:42.150616','714','Destribution object',3,'',14,1),
	(1314,'2017-05-30 11:40:42.153234','713','Destribution object',3,'',14,1),
	(1315,'2017-05-30 11:40:42.155585','712','Destribution object',3,'',14,1),
	(1316,'2017-05-30 11:40:42.158034','711','Destribution object',3,'',14,1),
	(1317,'2017-05-30 11:40:42.160478','710','Destribution object',3,'',14,1),
	(1318,'2017-05-30 11:40:42.162414','709','Destribution object',3,'',14,1),
	(1319,'2017-05-30 11:40:42.164529','708','Destribution object',3,'',14,1),
	(1320,'2017-05-30 11:40:42.166757','707','Destribution object',3,'',14,1),
	(1321,'2017-05-30 11:40:42.168467','706','Destribution object',3,'',14,1),
	(1322,'2017-05-30 11:40:42.170156','705','Destribution object',3,'',14,1),
	(1323,'2017-05-30 11:40:42.171664','704','Destribution object',3,'',14,1),
	(1324,'2017-05-30 11:40:42.174259','703','Destribution object',3,'',14,1),
	(1325,'2017-05-30 11:40:42.176140','702','Destribution object',3,'',14,1),
	(1326,'2017-05-30 11:40:42.178199','701','Destribution object',3,'',14,1),
	(1327,'2017-05-30 11:40:42.180543','700','Destribution object',3,'',14,1),
	(1328,'2017-05-30 11:40:42.182756','699','Destribution object',3,'',14,1),
	(1329,'2017-05-30 11:40:42.184971','698','Destribution object',3,'',14,1),
	(1330,'2017-05-30 11:40:42.187064','697','Destribution object',3,'',14,1),
	(1331,'2017-05-30 11:41:01.433017','124','aaa',3,'',4,1),
	(1332,'2017-05-30 11:41:01.435917','131','ava',3,'',4,1),
	(1333,'2017-05-30 11:41:01.448356','126','Avac',3,'',4,1),
	(1334,'2017-05-30 11:41:01.451148','79','dfgh',3,'',4,1),
	(1335,'2017-05-30 11:41:01.453218','94','dfpbu',3,'',4,1),
	(1336,'2017-05-30 11:41:01.455288','92','dglhv',3,'',4,1),
	(1337,'2017-05-30 11:41:01.456950','86','dglkj',3,'',4,1),
	(1338,'2017-05-30 11:41:01.458490','87','dgu',3,'',4,1),
	(1339,'2017-05-30 11:41:01.460037','80','dlfkj',3,'',4,1),
	(1340,'2017-05-30 11:41:01.462059','88','dlgkj',3,'',4,1),
	(1341,'2017-05-30 11:41:01.464169','136','Donald',3,'',4,1),
	(1342,'2017-05-30 11:41:01.466759','84','egjk',3,'',4,1),
	(1343,'2017-05-30 11:41:01.472719','91','egklhj',3,'',4,1),
	(1344,'2017-05-30 11:41:01.481938','90','eglkj',3,'',4,1),
	(1345,'2017-05-30 11:41:01.485891','97','fdbk',3,'',4,1),
	(1346,'2017-05-30 11:41:01.488838','96','fdiblvk',3,'',4,1),
	(1347,'2017-05-30 11:41:01.493842','127','fdkjbn',3,'',4,1),
	(1348,'2017-05-30 11:41:01.499188','95','fdpobjl',3,'',4,1),
	(1349,'2017-05-30 11:41:01.501600','129','fgjk',3,'',4,1),
	(1350,'2017-05-30 11:41:01.503733','85','fhljkgqlkjg',3,'',4,1),
	(1351,'2017-05-30 11:41:01.505433','93','fpdobjl',3,'',4,1),
	(1352,'2017-05-30 11:41:01.507606','132','knfgd',3,'',4,1),
	(1353,'2017-05-30 11:41:01.509740','133','ktrgn',3,'',4,1),
	(1354,'2017-05-30 11:41:01.512384','125','Liudmyla',3,'',4,1),
	(1355,'2017-05-30 11:41:01.515282','81','lkj',3,'',4,1),
	(1356,'2017-05-30 11:41:01.517730','98','pdovj',3,'',4,1),
	(1357,'2017-05-30 11:41:01.519798','128','rgen',3,'',4,1),
	(1358,'2017-05-30 11:41:01.521978','89','sdgbjv',3,'',4,1),
	(1359,'2017-05-30 11:44:14.824187','752','Destribution object',3,'',14,1),
	(1360,'2017-05-30 11:44:14.827275','751','Destribution object',3,'',14,1),
	(1361,'2017-05-30 11:44:14.829255','750','Destribution object',3,'',14,1),
	(1362,'2017-05-30 11:44:14.831381','749','Destribution object',3,'',14,1),
	(1363,'2017-05-30 11:44:14.833450','748','Destribution object',3,'',14,1),
	(1364,'2017-05-30 11:44:14.835242','747','Destribution object',3,'',14,1),
	(1365,'2017-05-30 11:44:14.837182','746','Destribution object',3,'',14,1),
	(1366,'2017-05-30 11:44:14.839102','745','Destribution object',3,'',14,1),
	(1367,'2017-05-30 11:44:14.841011','744','Destribution object',3,'',14,1),
	(1368,'2017-05-30 11:44:14.843319','743','Destribution object',3,'',14,1),
	(1369,'2017-05-30 11:44:14.845710','742','Destribution object',3,'',14,1),
	(1370,'2017-05-30 11:44:14.847782','741','Destribution object',3,'',14,1),
	(1371,'2017-05-30 11:44:14.849778','740','Destribution object',3,'',14,1),
	(1372,'2017-05-30 11:44:14.851760','739','Destribution object',3,'',14,1),
	(1373,'2017-05-30 11:44:14.853974','738','Destribution object',3,'',14,1),
	(1374,'2017-05-30 11:44:14.856130','737','Destribution object',3,'',14,1),
	(1375,'2017-05-30 11:44:14.858253','736','Destribution object',3,'',14,1),
	(1376,'2017-05-30 11:44:14.860264','735','Destribution object',3,'',14,1),
	(1377,'2017-05-30 11:44:14.862294','734','Destribution object',3,'',14,1),
	(1378,'2017-05-30 11:44:14.864602','733','Destribution object',3,'',14,1),
	(1379,'2017-05-30 11:44:14.866747','732','Destribution object',3,'',14,1),
	(1380,'2017-05-30 11:44:14.868796','731','Destribution object',3,'',14,1),
	(1381,'2017-05-30 11:44:14.870582','730','Destribution object',3,'',14,1),
	(1382,'2017-05-30 11:44:14.872551','729','Destribution object',3,'',14,1),
	(1383,'2017-05-30 11:44:14.874439','728','Destribution object',3,'',14,1),
	(1384,'2017-05-30 11:44:14.876786','727','Destribution object',3,'',14,1),
	(1385,'2017-05-30 11:44:14.879107','726','Destribution object',3,'',14,1),
	(1386,'2017-05-30 11:44:14.881459','725','Destribution object',3,'',14,1),
	(1387,'2017-05-30 11:44:37.399880','124','aaa',3,'',4,1),
	(1388,'2017-05-30 11:44:37.402179','131','ava',3,'',4,1),
	(1389,'2017-05-30 11:44:37.404281','126','Avac',3,'',4,1),
	(1390,'2017-05-30 11:44:37.406725','79','dfgh',3,'',4,1),
	(1391,'2017-05-30 11:44:37.408842','82','dfklj',3,'',4,1),
	(1392,'2017-05-30 11:44:37.410953','94','dfpbu',3,'',4,1),
	(1393,'2017-05-30 11:44:37.412846','92','dglhv',3,'',4,1),
	(1394,'2017-05-30 11:44:37.416954','86','dglkj',3,'',4,1),
	(1395,'2017-05-30 11:44:37.419851','83','dkflj',3,'',4,1),
	(1396,'2017-05-30 11:44:37.422025','80','dlfkj',3,'',4,1),
	(1397,'2017-05-30 11:44:37.424121','88','dlgkj',3,'',4,1),
	(1398,'2017-05-30 11:44:37.426112','136','Donald',3,'',4,1),
	(1399,'2017-05-30 11:44:37.428166','84','egjk',3,'',4,1),
	(1400,'2017-05-30 11:44:37.430608','91','egklhj',3,'',4,1),
	(1401,'2017-05-30 11:44:37.432677','90','eglkj',3,'',4,1),
	(1402,'2017-05-30 11:44:37.434752','96','fdiblvk',3,'',4,1),
	(1403,'2017-05-30 11:44:37.436785','127','fdkjbn',3,'',4,1),
	(1404,'2017-05-30 11:44:37.438812','95','fdpobjl',3,'',4,1),
	(1405,'2017-05-30 11:44:37.440964','129','fgjk',3,'',4,1),
	(1406,'2017-05-30 11:44:37.443231','85','fhljkgqlkjg',3,'',4,1),
	(1407,'2017-05-30 11:44:37.445264','93','fpdobjl',3,'',4,1),
	(1408,'2017-05-30 11:44:37.447323','134','gdfkjn',3,'',4,1),
	(1409,'2017-05-30 11:44:37.449541','132','knfgd',3,'',4,1),
	(1410,'2017-05-30 11:44:37.451763','133','ktrgn',3,'',4,1),
	(1411,'2017-05-30 11:44:37.453999','125','Liudmyla',3,'',4,1),
	(1412,'2017-05-30 11:44:37.456203','98','pdovj',3,'',4,1),
	(1413,'2017-05-30 11:44:37.458536','128','rgen',3,'',4,1),
	(1414,'2017-05-30 11:44:37.460758','89','sdgbjv',3,'',4,1),
	(1415,'2017-05-30 11:46:00.771339','780','Destribution object',3,'',14,1),
	(1416,'2017-05-30 11:46:00.774108','779','Destribution object',3,'',14,1),
	(1417,'2017-05-30 11:46:00.776223','778','Destribution object',3,'',14,1),
	(1418,'2017-05-30 11:46:00.778121','777','Destribution object',3,'',14,1),
	(1419,'2017-05-30 11:46:00.780111','776','Destribution object',3,'',14,1),
	(1420,'2017-05-30 11:46:00.782285','775','Destribution object',3,'',14,1),
	(1421,'2017-05-30 11:46:00.784534','774','Destribution object',3,'',14,1),
	(1422,'2017-05-30 11:46:00.787375','773','Destribution object',3,'',14,1),
	(1423,'2017-05-30 11:46:00.789323','772','Destribution object',3,'',14,1),
	(1424,'2017-05-30 11:46:00.791234','771','Destribution object',3,'',14,1),
	(1425,'2017-05-30 11:46:00.793024','770','Destribution object',3,'',14,1),
	(1426,'2017-05-30 11:46:00.794833','769','Destribution object',3,'',14,1),
	(1427,'2017-05-30 11:46:00.796715','768','Destribution object',3,'',14,1),
	(1428,'2017-05-30 11:46:00.798607','767','Destribution object',3,'',14,1),
	(1429,'2017-05-30 11:46:00.800561','766','Destribution object',3,'',14,1),
	(1430,'2017-05-30 11:46:00.803043','765','Destribution object',3,'',14,1),
	(1431,'2017-05-30 11:46:00.805112','764','Destribution object',3,'',14,1),
	(1432,'2017-05-30 11:46:00.806522','763','Destribution object',3,'',14,1),
	(1433,'2017-05-30 11:46:00.807964','762','Destribution object',3,'',14,1),
	(1434,'2017-05-30 11:46:00.810264','761','Destribution object',3,'',14,1),
	(1435,'2017-05-30 11:46:00.812036','760','Destribution object',3,'',14,1),
	(1436,'2017-05-30 11:46:00.814042','759','Destribution object',3,'',14,1),
	(1437,'2017-05-30 11:46:00.815986','758','Destribution object',3,'',14,1),
	(1438,'2017-05-30 11:46:00.817787','757','Destribution object',3,'',14,1),
	(1439,'2017-05-30 11:46:00.819892','756','Destribution object',3,'',14,1),
	(1440,'2017-05-30 11:46:00.821804','755','Destribution object',3,'',14,1),
	(1441,'2017-05-30 11:46:00.823766','754','Destribution object',3,'',14,1),
	(1442,'2017-05-30 11:46:00.825661','753','Destribution object',3,'',14,1),
	(1443,'2017-05-30 11:46:17.063020','124','aaa',3,'',4,1),
	(1444,'2017-05-30 11:46:17.064906','131','ava',3,'',4,1),
	(1445,'2017-05-30 11:46:17.066624','126','Avac',3,'',4,1),
	(1446,'2017-05-30 11:46:17.068428','79','dfgh',3,'',4,1),
	(1447,'2017-05-30 11:46:17.070421','82','dfklj',3,'',4,1),
	(1448,'2017-05-30 11:46:17.072597','94','dfpbu',3,'',4,1),
	(1449,'2017-05-30 11:46:17.075377','92','dglhv',3,'',4,1),
	(1450,'2017-05-30 11:46:17.077342','86','dglkj',3,'',4,1),
	(1451,'2017-05-30 11:46:17.079327','83','dkflj',3,'',4,1),
	(1452,'2017-05-30 11:46:17.081345','80','dlfkj',3,'',4,1),
	(1453,'2017-05-30 11:46:17.083386','88','dlgkj',3,'',4,1),
	(1454,'2017-05-30 11:46:17.085244','136','Donald',3,'',4,1),
	(1455,'2017-05-30 11:46:17.087204','84','egjk',3,'',4,1),
	(1456,'2017-05-30 11:46:17.089139','91','egklhj',3,'',4,1),
	(1457,'2017-05-30 11:46:17.091502','90','eglkj',3,'',4,1),
	(1458,'2017-05-30 11:46:17.093402','96','fdiblvk',3,'',4,1),
	(1459,'2017-05-30 11:46:17.095420','127','fdkjbn',3,'',4,1),
	(1460,'2017-05-30 11:46:17.097321','95','fdpobjl',3,'',4,1),
	(1461,'2017-05-30 11:46:17.099175','129','fgjk',3,'',4,1),
	(1462,'2017-05-30 11:46:17.100868','85','fhljkgqlkjg',3,'',4,1),
	(1463,'2017-05-30 11:46:17.102575','93','fpdobjl',3,'',4,1),
	(1464,'2017-05-30 11:46:17.104414','134','gdfkjn',3,'',4,1),
	(1465,'2017-05-30 11:46:17.106781','132','knfgd',3,'',4,1),
	(1466,'2017-05-30 11:46:17.108784','133','ktrgn',3,'',4,1),
	(1467,'2017-05-30 11:46:17.111261','125','Liudmyla',3,'',4,1),
	(1468,'2017-05-30 11:46:17.113620','98','pdovj',3,'',4,1),
	(1469,'2017-05-30 11:46:17.115711','128','rgen',3,'',4,1),
	(1470,'2017-05-30 11:46:17.117774','89','sdgbjv',3,'',4,1),
	(1471,'2017-05-30 11:47:56.176897','808','Destribution object',3,'',14,1),
	(1472,'2017-05-30 11:47:56.179208','807','Destribution object',3,'',14,1),
	(1473,'2017-05-30 11:47:56.181436','806','Destribution object',3,'',14,1),
	(1474,'2017-05-30 11:47:56.183441','805','Destribution object',3,'',14,1),
	(1475,'2017-05-30 11:47:56.186614','804','Destribution object',3,'',14,1),
	(1476,'2017-05-30 11:47:56.188576','803','Destribution object',3,'',14,1),
	(1477,'2017-05-30 11:47:56.191014','802','Destribution object',3,'',14,1),
	(1478,'2017-05-30 11:47:56.193247','801','Destribution object',3,'',14,1),
	(1479,'2017-05-30 11:47:56.195615','800','Destribution object',3,'',14,1),
	(1480,'2017-05-30 11:47:56.197796','799','Destribution object',3,'',14,1),
	(1481,'2017-05-30 11:47:56.199828','798','Destribution object',3,'',14,1),
	(1482,'2017-05-30 11:47:56.202125','797','Destribution object',3,'',14,1),
	(1483,'2017-05-30 11:47:56.204287','796','Destribution object',3,'',14,1),
	(1484,'2017-05-30 11:47:56.206359','795','Destribution object',3,'',14,1),
	(1485,'2017-05-30 11:47:56.208527','794','Destribution object',3,'',14,1),
	(1486,'2017-05-30 11:47:56.210806','793','Destribution object',3,'',14,1),
	(1487,'2017-05-30 11:47:56.212971','792','Destribution object',3,'',14,1),
	(1488,'2017-05-30 11:47:56.215012','791','Destribution object',3,'',14,1),
	(1489,'2017-05-30 11:47:56.216855','790','Destribution object',3,'',14,1),
	(1490,'2017-05-30 11:47:56.218887','789','Destribution object',3,'',14,1),
	(1491,'2017-05-30 11:47:56.220796','788','Destribution object',3,'',14,1),
	(1492,'2017-05-30 11:47:56.222776','787','Destribution object',3,'',14,1),
	(1493,'2017-05-30 11:47:56.224587','786','Destribution object',3,'',14,1),
	(1494,'2017-05-30 11:47:56.226568','785','Destribution object',3,'',14,1),
	(1495,'2017-05-30 11:47:56.228352','784','Destribution object',3,'',14,1),
	(1496,'2017-05-30 11:47:56.229732','783','Destribution object',3,'',14,1),
	(1497,'2017-05-30 11:47:56.231242','782','Destribution object',3,'',14,1),
	(1498,'2017-05-30 11:47:56.233066','781','Destribution object',3,'',14,1),
	(1499,'2017-05-30 11:48:13.105068','124','aaa',3,'',4,1),
	(1500,'2017-05-30 11:48:13.107106','131','ava',3,'',4,1),
	(1501,'2017-05-30 11:48:13.109178','126','Avac',3,'',4,1),
	(1502,'2017-05-30 11:48:13.111126','79','dfgh',3,'',4,1),
	(1503,'2017-05-30 11:48:13.113167','82','dfklj',3,'',4,1),
	(1504,'2017-05-30 11:48:13.114561','94','dfpbu',3,'',4,1),
	(1505,'2017-05-30 11:48:13.116522','92','dglhv',3,'',4,1),
	(1506,'2017-05-30 11:48:13.118824','86','dglkj',3,'',4,1),
	(1507,'2017-05-30 11:48:13.120784','83','dkflj',3,'',4,1),
	(1508,'2017-05-30 11:48:13.123071','80','dlfkj',3,'',4,1),
	(1509,'2017-05-30 11:48:13.125719','88','dlgkj',3,'',4,1),
	(1510,'2017-05-30 11:48:13.127891','136','Donald',3,'',4,1),
	(1511,'2017-05-30 11:48:13.129860','84','egjk',3,'',4,1),
	(1512,'2017-05-30 11:48:13.132013','91','egklhj',3,'',4,1),
	(1513,'2017-05-30 11:48:13.134352','90','eglkj',3,'',4,1),
	(1514,'2017-05-30 11:48:13.136353','96','fdiblvk',3,'',4,1),
	(1515,'2017-05-30 11:48:13.138317','127','fdkjbn',3,'',4,1),
	(1516,'2017-05-30 11:48:13.140113','95','fdpobjl',3,'',4,1),
	(1517,'2017-05-30 11:48:13.141933','129','fgjk',3,'',4,1),
	(1518,'2017-05-30 11:48:13.143809','85','fhljkgqlkjg',3,'',4,1),
	(1519,'2017-05-30 11:48:13.145746','93','fpdobjl',3,'',4,1),
	(1520,'2017-05-30 11:48:13.147684','134','gdfkjn',3,'',4,1),
	(1521,'2017-05-30 11:48:13.149693','132','knfgd',3,'',4,1),
	(1522,'2017-05-30 11:48:13.151919','133','ktrgn',3,'',4,1),
	(1523,'2017-05-30 11:48:13.153972','125','Liudmyla',3,'',4,1),
	(1524,'2017-05-30 11:48:13.156007','98','pdovj',3,'',4,1),
	(1525,'2017-05-30 11:48:13.157993','128','rgen',3,'',4,1),
	(1526,'2017-05-30 11:48:13.160018','89','sdgbjv',3,'',4,1),
	(1527,'2017-05-30 21:40:55.309880','5','Creating a virtual reality object',3,'',12,1),
	(1528,'2017-05-30 21:41:28.889701','829','Destribution object',3,'',14,1),
	(1529,'2017-05-30 21:41:28.892207','828','Destribution object',3,'',14,1),
	(1530,'2017-05-30 21:41:28.895596','827','Destribution object',3,'',14,1),
	(1531,'2017-05-30 21:41:28.897699','826','Destribution object',3,'',14,1),
	(1532,'2017-05-30 21:41:28.899854','825','Destribution object',3,'',14,1),
	(1533,'2017-05-30 21:41:28.901930','824','Destribution object',3,'',14,1),
	(1534,'2017-05-30 21:41:28.904272','823','Destribution object',3,'',14,1),
	(1535,'2017-05-30 21:41:28.906474','822','Destribution object',3,'',14,1),
	(1536,'2017-05-30 21:41:28.908660','821','Destribution object',3,'',14,1),
	(1537,'2017-05-30 21:41:28.911451','820','Destribution object',3,'',14,1),
	(1538,'2017-05-30 21:41:28.913664','819','Destribution object',3,'',14,1),
	(1539,'2017-05-30 21:41:28.915753','818','Destribution object',3,'',14,1),
	(1540,'2017-05-30 21:41:28.917930','817','Destribution object',3,'',14,1),
	(1541,'2017-05-30 21:41:28.920199','816','Destribution object',3,'',14,1),
	(1542,'2017-05-30 21:41:28.922435','815','Destribution object',3,'',14,1),
	(1543,'2017-05-30 21:41:28.924667','814','Destribution object',3,'',14,1),
	(1544,'2017-05-30 21:41:28.927074','813','Destribution object',3,'',14,1),
	(1545,'2017-05-30 21:41:28.929349','812','Destribution object',3,'',14,1),
	(1546,'2017-05-30 21:41:28.931592','811','Destribution object',3,'',14,1),
	(1547,'2017-05-30 21:41:28.933691','810','Destribution object',3,'',14,1),
	(1548,'2017-05-30 21:41:28.935861','809','Destribution object',3,'',14,1),
	(1549,'2017-05-30 21:41:54.626147','79','dfgh gjdh',3,'',15,1),
	(1550,'2017-05-30 21:41:54.628572','80','dlfkj lkgj',3,'',15,1),
	(1551,'2017-05-30 21:41:54.630686','81','lkj lkj',3,'',15,1),
	(1552,'2017-05-30 21:41:54.632786','82','dfklj hb',3,'',15,1),
	(1553,'2017-05-30 21:41:54.635039','83','dkflj lkgj',3,'',15,1),
	(1554,'2017-05-30 21:41:54.637154','84','egjk lkg',3,'',15,1),
	(1555,'2017-05-30 21:41:54.639246','85','fhljkgqlkjg kdjh',3,'',15,1),
	(1556,'2017-05-30 21:41:54.641587','86','dglkj lkfh',3,'',15,1),
	(1557,'2017-05-30 21:41:54.643693','87','dgu lkvh',3,'',15,1),
	(1558,'2017-05-30 21:41:54.645665','88','dlgkj lvkj',3,'',15,1),
	(1559,'2017-05-30 21:41:54.647598','89','sdgbjv kvclj',3,'',15,1),
	(1560,'2017-05-30 21:41:54.650169','90','eglkj kvcn',3,'',15,1),
	(1561,'2017-05-30 21:41:54.652328','91','egklhj m,nvc',3,'',15,1),
	(1562,'2017-05-30 21:41:54.654295','92','dglhv nlkj',3,'',15,1),
	(1563,'2017-05-30 21:41:54.656130','93','fpdobjl lvknc',3,'',15,1),
	(1564,'2017-05-30 21:41:54.658709','94','dfpbu lcjvkn',3,'',15,1),
	(1565,'2017-05-30 21:41:54.660861','95','fdpobjl lvkn',3,'',15,1),
	(1566,'2017-05-30 21:41:54.662724','96','fdiblvk qlkvn',3,'',15,1),
	(1567,'2017-05-30 21:41:54.664768','97','fdbk kjhcv',3,'',15,1),
	(1568,'2017-05-30 21:41:54.667368','98','pdovj cjlkv',3,'',15,1),
	(1569,'2017-05-30 21:41:54.669364','124','aaa sdlfkh',3,'',15,1),
	(1570,'2017-05-30 21:41:54.671866','125','Liudmyla Pavlenko',3,'',15,1),
	(1571,'2017-05-30 21:41:54.673648','126','Avac Projk',3,'',15,1),
	(1572,'2017-05-30 21:41:54.675454','127','fdkjbn relkgn',3,'',15,1),
	(1573,'2017-05-30 21:41:54.677249','128','rgen dvkn',3,'',15,1),
	(1574,'2017-05-30 21:41:54.678962','129','fgjk kjdvn',3,'',15,1),
	(1575,'2017-05-30 21:41:54.680370','131','ava inc',3,'',15,1),
	(1576,'2017-05-30 21:41:54.681779','132','knfgd kfdnb',3,'',15,1),
	(1577,'2017-05-30 21:41:54.684046','133','ktrgn erkjgnfd',3,'',15,1),
	(1578,'2017-05-30 21:41:54.686395','134','gdfkjn fdkjbv',3,'',15,1),
	(1579,'2017-05-30 21:41:54.687784','136','Donald Trump',3,'',15,1),
	(1580,'2017-05-30 21:41:54.689232','137','aaa aaa',3,'',15,1),
	(1581,'2017-05-30 21:41:54.690674','138','aaa aaa',3,'',15,1),
	(1582,'2017-05-30 21:41:54.692079','139','aaa aaa',3,'',15,1),
	(1583,'2017-05-30 21:41:54.693798','140','aaa aaa',3,'',15,1),
	(1584,'2017-05-30 21:41:54.695754','141','aaa aaa',3,'',15,1),
	(1585,'2017-05-30 21:41:54.697502','142','aaa aaa',3,'',15,1),
	(1586,'2017-05-30 21:41:54.699375','143','aaa aaa',3,'',15,1),
	(1587,'2017-05-30 21:41:54.701070','144','aaa aaa',3,'',15,1),
	(1588,'2017-05-30 21:41:54.702940','145','aaa aaa',3,'',15,1),
	(1589,'2017-05-30 21:41:54.704848','146','aaa aaa',3,'',15,1),
	(1590,'2017-05-30 21:41:54.706611','147','aaa aaa',3,'',15,1),
	(1591,'2017-05-30 21:41:54.708428','148','aaa aaa',3,'',15,1),
	(1592,'2017-05-30 21:41:54.710615','149','aaa aaa',3,'',15,1),
	(1593,'2017-05-30 21:41:54.712520','150','aaa aaa',3,'',15,1),
	(1594,'2017-05-30 21:41:54.714379','151','aaa aaa',3,'',15,1),
	(1595,'2017-05-30 21:41:54.716382','152','aaa aaa',3,'',15,1),
	(1596,'2017-05-30 21:41:54.718405','153','aaa aaa',3,'',15,1),
	(1597,'2017-05-30 21:41:54.720435','154','aaa aaa',3,'',15,1),
	(1598,'2017-05-30 21:41:54.722590','155','aaa aaa',3,'',15,1),
	(1599,'2017-05-30 21:41:54.724540','156','aaa aaa',3,'',15,1),
	(1600,'2017-05-30 21:41:54.726425','157','aaa aaa',3,'',15,1),
	(1601,'2017-05-30 21:41:54.728412','158','aaa aaa',3,'',15,1),
	(1602,'2017-05-30 21:41:54.730348','159','aaa aaa',3,'',15,1),
	(1603,'2017-05-30 21:41:54.732217','160','aaa aaa',3,'',15,1),
	(1604,'2017-05-30 21:41:54.734279','161','aaa aaa',3,'',15,1),
	(1605,'2017-05-30 21:41:54.736409','162','aaa aaa',3,'',15,1),
	(1606,'2017-05-30 21:41:54.738274','163','aaa aaa',3,'',15,1),
	(1607,'2017-05-30 21:41:54.740036','164','aaa aaa',3,'',15,1),
	(1608,'2017-05-30 21:41:54.741815','165','aaa aaa',3,'',15,1),
	(1609,'2017-05-30 21:41:54.743590','166','aaa aaa',3,'',15,1),
	(1610,'2017-05-30 21:41:54.745383','167','aaa aaa',3,'',15,1),
	(1611,'2017-05-30 21:41:54.747682','168','aaa aaa',3,'',15,1),
	(1612,'2017-05-30 21:41:54.749576','169','aaa aaa',3,'',15,1),
	(1613,'2017-05-30 21:41:54.751695','170','aaa aaa',3,'',15,1),
	(1614,'2017-05-30 21:41:54.753355','171','aaa aaa',3,'',15,1),
	(1615,'2017-05-30 21:41:54.755110','172','aaa aaa',3,'',15,1),
	(1616,'2017-05-30 21:41:54.756976','173','aaa aaa',3,'',15,1),
	(1617,'2017-05-30 21:41:54.758894','174','aaa aaa',3,'',15,1),
	(1618,'2017-05-30 21:41:54.760815','175','aaa aaa',3,'',15,1),
	(1619,'2017-05-30 21:41:54.762667','176','aaa aaa',3,'',15,1),
	(1620,'2017-05-30 21:41:54.764531','177','aaa aaa',3,'',15,1),
	(1621,'2017-05-30 21:41:54.766447','178','aaa aaa',3,'',15,1),
	(1622,'2017-05-30 21:41:54.768337','179','aaa aaa',3,'',15,1),
	(1623,'2017-05-30 21:41:54.770098','180','aaa aaa',3,'',15,1),
	(1624,'2017-05-30 21:41:54.771849','181','aaa aaa',3,'',15,1),
	(1625,'2017-05-30 21:41:54.774135','182','aaa aaa',3,'',15,1),
	(1626,'2017-05-30 21:41:54.775862','183','aaa aaa',3,'',15,1),
	(1627,'2017-05-30 21:41:54.777650','184','aaa aaa',3,'',15,1),
	(1628,'2017-05-30 21:41:54.779457','185','aaa aaa',3,'',15,1),
	(1629,'2017-05-30 21:41:54.781312','186','aaa aaa',3,'',15,1),
	(1630,'2017-05-30 21:41:54.783013','187','aaa aaa',3,'',15,1),
	(1631,'2017-05-30 21:41:54.784766','188','aaa aaa',3,'',15,1),
	(1632,'2017-05-30 21:41:54.786518','189','aaa aaa',3,'',15,1),
	(1633,'2017-05-30 21:41:54.788515','190','aaa aaa',3,'',15,1),
	(1634,'2017-05-30 21:41:54.790293','191','aaa aaa',3,'',15,1),
	(1635,'2017-05-30 21:41:54.792184','192','aaa aaa',3,'',15,1),
	(1636,'2017-05-30 21:41:54.794002','193','aaa aaa',3,'',15,1),
	(1637,'2017-05-30 21:41:54.795998','194','aaa aaa',3,'',15,1),
	(1638,'2017-05-30 21:41:54.797755','195','aaa aaa',3,'',15,1),
	(1639,'2017-05-30 21:41:54.799065','196','aaa aaa',3,'',15,1),
	(1640,'2017-05-30 21:41:54.800406','197','aaa aaa',3,'',15,1),
	(1641,'2017-05-30 21:41:54.801854','198','aaa aaa',3,'',15,1),
	(1642,'2017-05-30 21:41:54.803290','199','aaa aaa',3,'',15,1),
	(1643,'2017-05-30 21:41:54.804653','200','aaa aaa',3,'',15,1),
	(1644,'2017-05-30 21:41:54.806042','201','aaa aaa',3,'',15,1),
	(1645,'2017-05-30 21:41:54.807415','202','aaa aaa',3,'',15,1),
	(1646,'2017-05-30 21:41:54.808843','203','aaa aaa',3,'',15,1),
	(1647,'2017-05-30 21:41:54.810975','204','aaa aaa',3,'',15,1),
	(1648,'2017-05-30 21:41:54.813124','205','aaa aaa',3,'',15,1),
	(1649,'2017-05-30 21:41:54.814930','206','aaa aaa',3,'',15,1),
	(1650,'2017-05-30 21:41:54.816671','207','aaa aaa',3,'',15,1),
	(1651,'2017-05-30 21:41:54.818447','208','aaa aaa',3,'',15,1),
	(1652,'2017-05-30 21:41:54.820240','209','aaa aaa',3,'',15,1),
	(1653,'2017-05-30 21:41:54.821989','210','aaa aaa',3,'',15,1),
	(1654,'2017-05-30 21:41:54.823946','211','aaa aaa',3,'',15,1),
	(1655,'2017-05-30 21:41:54.825760','212','aaa aaa',3,'',15,1),
	(1656,'2017-05-30 21:41:54.827552','213','aaa aaa',3,'',15,1),
	(1657,'2017-05-30 21:41:54.829610','214','aaa aaa',3,'',15,1),
	(1658,'2017-05-30 21:41:54.831509','215','aaa aaa',3,'',15,1),
	(1659,'2017-05-30 21:41:54.833388','216','aaa aaa',3,'',15,1),
	(1660,'2017-05-30 21:41:54.835348','217','aaa aaa',3,'',15,1),
	(1661,'2017-05-30 21:41:54.837019','218','aaa aaa',3,'',15,1),
	(1662,'2017-05-30 21:41:54.838906','219','aaa aaa',3,'',15,1),
	(1663,'2017-05-30 21:41:54.840691','220','aaa aaa',3,'',15,1),
	(1664,'2017-05-30 21:41:54.842674','221','aaa aaa',3,'',15,1),
	(1665,'2017-05-30 21:41:54.844553','222','aaa aaa',3,'',15,1),
	(1666,'2017-05-30 21:41:54.846411','223','aaa aaa',3,'',15,1),
	(1667,'2017-05-30 21:41:54.848161','224','aaa aaa',3,'',15,1),
	(1668,'2017-05-30 21:41:54.849890','225','aaa aaa',3,'',15,1),
	(1669,'2017-05-30 21:41:54.851697','226','aaa aaa',3,'',15,1),
	(1670,'2017-05-30 21:41:54.853446','227','aaa aaa',3,'',15,1),
	(1671,'2017-05-30 21:41:54.855419','228','aaa aaa',3,'',15,1),
	(1672,'2017-05-30 21:41:54.857359','229','aaa aaa',3,'',15,1),
	(1673,'2017-05-30 21:41:54.859272','230','aaa aaa',3,'',15,1),
	(1674,'2017-05-30 21:41:54.860971','231','aaa aaa',3,'',15,1),
	(1675,'2017-05-30 21:41:54.862641','232','aaa aaa',3,'',15,1),
	(1676,'2017-05-30 21:41:54.864449','233','aaa aaa',3,'',15,1),
	(1677,'2017-05-30 21:41:54.866445','234','aaa aaa',3,'',15,1),
	(1678,'2017-05-30 21:41:54.868963','235','aaa aaa',3,'',15,1),
	(1679,'2017-05-30 21:41:54.870969','236','aaa aaa',3,'',15,1),
	(1680,'2017-05-30 21:41:54.873089','237','aaa aaa',3,'',15,1),
	(1681,'2017-05-30 21:41:54.874909','238','aaa aaa',3,'',15,1),
	(1682,'2017-05-30 21:41:54.876744','239','aaa aaa',3,'',15,1),
	(1683,'2017-05-30 21:41:54.878584','240','aaa aaa',3,'',15,1),
	(1684,'2017-05-30 21:41:54.880418','241','aaa aaa',3,'',15,1),
	(1685,'2017-05-30 21:41:54.882240','242','aaa aaa',3,'',15,1),
	(1686,'2017-05-30 21:41:54.883991','243','aaa aaa',3,'',15,1),
	(1687,'2017-05-30 21:41:54.885673','244','aaa aaa',3,'',15,1),
	(1688,'2017-05-30 21:41:54.887512','245','aaa aaa',3,'',15,1),
	(1689,'2017-05-30 21:41:54.889836','246','aaa aaa',3,'',15,1),
	(1690,'2017-05-30 21:41:54.891697','247','aaa aaa',3,'',15,1),
	(1691,'2017-05-30 21:41:54.893660','248','aaa aaa',3,'',15,1),
	(1692,'2017-05-30 21:41:54.895531','249','aaa aaa',3,'',15,1),
	(1693,'2017-05-30 21:41:54.897520','250','aaa aaa',3,'',15,1),
	(1694,'2017-05-30 21:41:54.899435','251','aaa aaa',3,'',15,1),
	(1695,'2017-05-30 21:41:54.901545','252','aaa aaa',3,'',15,1),
	(1696,'2017-05-30 21:41:54.903474','253','aaa aaa',3,'',15,1),
	(1697,'2017-05-30 21:41:54.905535','254','aaa aaa',3,'',15,1),
	(1698,'2017-05-30 21:42:18.832322','124','aaa',3,'',4,1),
	(1699,'2017-05-30 21:42:18.834245','131','ava',3,'',4,1),
	(1700,'2017-05-30 21:42:18.836284','126','Avac',3,'',4,1),
	(1701,'2017-05-30 21:42:18.838312','79','dfgh',3,'',4,1),
	(1702,'2017-05-30 21:42:18.840157','82','dfklj',3,'',4,1),
	(1703,'2017-05-30 21:42:18.842340','94','dfpbu',3,'',4,1),
	(1704,'2017-05-30 21:42:18.844442','92','dglhv',3,'',4,1),
	(1705,'2017-05-30 21:42:18.846548','86','dglkj',3,'',4,1),
	(1706,'2017-05-30 21:42:18.848672','83','dkflj',3,'',4,1),
	(1707,'2017-05-30 21:42:18.850796','80','dlfkj',3,'',4,1),
	(1708,'2017-05-30 21:42:18.852885','88','dlgkj',3,'',4,1),
	(1709,'2017-05-30 21:42:18.854922','136','Donald',3,'',4,1),
	(1710,'2017-05-30 21:42:18.856962','84','egjk',3,'',4,1),
	(1711,'2017-05-30 21:42:18.858934','91','egklhj',3,'',4,1),
	(1712,'2017-05-30 21:42:18.860846','90','eglkj',3,'',4,1),
	(1713,'2017-05-30 21:42:18.862913','96','fdiblvk',3,'',4,1),
	(1714,'2017-05-30 21:42:18.865309','127','fdkjbn',3,'',4,1),
	(1715,'2017-05-30 21:42:18.867223','95','fdpobjl',3,'',4,1),
	(1716,'2017-05-30 21:42:18.869116','129','fgjk',3,'',4,1),
	(1717,'2017-05-30 21:42:18.871117','85','fhljkgqlkjg',3,'',4,1),
	(1718,'2017-05-30 21:42:18.874039','93','fpdobjl',3,'',4,1),
	(1719,'2017-05-30 21:42:18.876136','134','gdfkjn',3,'',4,1),
	(1720,'2017-05-30 21:42:18.878196','132','knfgd',3,'',4,1),
	(1721,'2017-05-30 21:42:18.880139','133','ktrgn',3,'',4,1),
	(1722,'2017-05-30 21:42:18.882166','125','Liudmyla',3,'',4,1),
	(1723,'2017-05-30 21:42:18.884205','98','pdovj',3,'',4,1),
	(1724,'2017-05-30 21:42:18.886225','128','rgen',3,'',4,1),
	(1725,'2017-05-30 21:42:18.888102','89','sdgbjv',3,'',4,1),
	(1726,'2017-05-30 21:43:39.272273','255','aaa aaa',3,'',15,1),
	(1727,'2017-05-30 21:43:39.274586','256','aaa aaa',3,'',15,1),
	(1728,'2017-05-30 21:43:39.277048','257','aaa aaa',3,'',15,1),
	(1729,'2017-05-30 21:43:39.278993','258','aaa aaa',3,'',15,1),
	(1730,'2017-05-30 21:43:39.280946','259','aaa aaa',3,'',15,1),
	(1731,'2017-05-30 21:43:39.282920','260','aaa aaa',3,'',15,1),
	(1732,'2017-05-30 21:43:39.284903','261','aaa aaa',3,'',15,1),
	(1733,'2017-05-30 21:43:39.286874','262','aaa aaa',3,'',15,1),
	(1734,'2017-05-30 21:43:39.288829','263','aaa aaa',3,'',15,1),
	(1735,'2017-05-30 21:43:39.290664','264','aaa aaa',3,'',15,1),
	(1736,'2017-05-30 21:43:39.292022','265','aaa aaa',3,'',15,1),
	(1737,'2017-05-30 21:43:39.293396','266','aaa aaa',3,'',15,1),
	(1738,'2017-05-30 21:43:39.295477','267','aaa aaa',3,'',15,1),
	(1739,'2017-05-30 21:43:39.296954','268','aaa aaa',3,'',15,1),
	(1740,'2017-05-30 21:43:39.299161','269','aaa aaa',3,'',15,1),
	(1741,'2017-05-30 21:43:39.301391','270','aaa aaa',3,'',15,1),
	(1742,'2017-05-30 21:43:39.302863','271','aaa aaa',3,'',15,1),
	(1743,'2017-05-30 21:43:39.304297','272','aaa aaa',3,'',15,1),
	(1744,'2017-05-30 21:43:39.306275','273','aaa aaa',3,'',15,1),
	(1745,'2017-05-30 21:43:39.308197','274','aaa aaa',3,'',15,1),
	(1746,'2017-05-30 21:43:39.310074','275','aaa aaa',3,'',15,1),
	(1747,'2017-05-30 21:43:39.311899','276','aaa aaa',3,'',15,1),
	(1748,'2017-05-30 21:43:39.313888','277','aaa aaa',3,'',15,1),
	(1749,'2017-05-30 21:43:39.316005','278','aaa aaa',3,'',15,1),
	(1750,'2017-05-30 21:43:39.318119','279','aaa aaa',3,'',15,1),
	(1751,'2017-05-30 21:43:39.320012','280','aaa aaa',3,'',15,1),
	(1752,'2017-05-30 21:43:39.322024','281','aaa aaa',3,'',15,1),
	(1753,'2017-05-30 21:43:39.324213','282','aaa aaa',3,'',15,1),
	(1754,'2017-05-30 21:43:39.326184','283','aaa aaa',3,'',15,1),
	(1755,'2017-05-30 21:43:39.328125','284','aaa aaa',3,'',15,1),
	(1756,'2017-05-30 21:43:39.330033','285','aaa aaa',3,'',15,1),
	(1757,'2017-05-30 21:43:39.332438','286','aaa aaa',3,'',15,1),
	(1758,'2017-05-30 21:43:39.334272','287','aaa aaa',3,'',15,1),
	(1759,'2017-05-30 21:43:39.336103','288','aaa aaa',3,'',15,1),
	(1760,'2017-05-30 21:43:39.337964','289','aaa aaa',3,'',15,1),
	(1761,'2017-05-30 21:43:39.339874','290','aaa aaa',3,'',15,1),
	(1762,'2017-05-30 21:43:39.341729','291','aaa aaa',3,'',15,1),
	(1763,'2017-05-30 21:43:39.343651','292','aaa aaa',3,'',15,1),
	(1764,'2017-05-30 21:43:39.345382','293','aaa aaa',3,'',15,1),
	(1765,'2017-05-30 21:43:39.347176','294','aaa aaa',3,'',15,1),
	(1766,'2017-05-30 21:43:39.349080','295','aaa aaa',3,'',15,1),
	(1767,'2017-05-30 21:43:39.351142','296','aaa aaa',3,'',15,1),
	(1768,'2017-05-30 21:43:39.353008','297','aaa aaa',3,'',15,1),
	(1769,'2017-05-30 21:43:39.354787','298','aaa aaa',3,'',15,1),
	(1770,'2017-05-30 21:43:39.356588','299','aaa aaa',3,'',15,1),
	(1771,'2017-05-30 21:43:39.358371','300','aaa aaa',3,'',15,1),
	(1772,'2017-05-30 21:43:39.360155','301','aaa aaa',3,'',15,1),
	(1773,'2017-05-30 21:43:39.361506','302','aaa aaa',3,'',15,1),
	(1774,'2017-05-30 21:43:39.362913','303','aaa aaa',3,'',15,1),
	(1775,'2017-05-30 21:43:39.364751','304','aaa aaa',3,'',15,1),
	(1776,'2017-05-30 21:43:39.366720','305','aaa aaa',3,'',15,1),
	(1777,'2017-05-30 21:43:39.368859','306','aaa aaa',3,'',15,1),
	(1778,'2017-05-30 21:43:39.371094','307','aaa aaa',3,'',15,1),
	(1779,'2017-05-30 21:43:39.374254','308','aaa aaa',3,'',15,1),
	(1780,'2017-05-30 21:43:39.376298','309','aaa aaa',3,'',15,1),
	(1781,'2017-05-30 21:43:39.378320','310','aaa aaa',3,'',15,1),
	(1782,'2017-05-30 21:43:39.380826','311','aaa aaa',3,'',15,1),
	(1783,'2017-05-30 21:43:39.382898','312','aaa aaa',3,'',15,1),
	(1784,'2017-05-30 21:43:39.385109','313','aaa aaa',3,'',15,1),
	(1785,'2017-05-30 21:43:39.387231','314','aaa aaa',3,'',15,1),
	(1786,'2017-05-30 21:43:39.389328','315','aaa aaa',3,'',15,1),
	(1787,'2017-05-30 21:43:39.391571','316','aaa aaa',3,'',15,1),
	(1788,'2017-05-30 21:43:39.393511','317','aaa aaa',3,'',15,1),
	(1789,'2017-05-30 21:43:39.396234','318','aaa aaa',3,'',15,1),
	(1790,'2017-05-30 21:43:39.398373','319','aaa aaa',3,'',15,1),
	(1791,'2017-05-30 21:43:39.400763','320','aaa aaa',3,'',15,1),
	(1792,'2017-05-30 21:43:39.402890','321','aaa aaa',3,'',15,1),
	(1793,'2017-05-30 21:43:39.405246','322','aaa aaa',3,'',15,1),
	(1794,'2017-05-30 21:43:39.409168','323','aaa aaa',3,'',15,1),
	(1795,'2017-05-30 21:43:39.411726','324','aaa aaa',3,'',15,1),
	(1796,'2017-05-30 21:43:39.413827','325','aaa aaa',3,'',15,1),
	(1797,'2017-05-30 21:43:39.415924','326','aaa aaa',3,'',15,1),
	(1798,'2017-05-30 21:43:39.418013','327','aaa aaa',3,'',15,1),
	(1799,'2017-05-30 21:43:39.419996','328','aaa aaa',3,'',15,1),
	(1800,'2017-05-30 21:43:39.422050','329','aaa aaa',3,'',15,1),
	(1801,'2017-05-30 21:43:39.424129','330','aaa aaa',3,'',15,1),
	(1802,'2017-05-30 21:43:39.425978','331','aaa aaa',3,'',15,1),
	(1803,'2017-05-30 21:43:39.427944','332','aaa aaa',3,'',15,1),
	(1804,'2017-05-30 21:43:39.429603','333','aaa aaa',3,'',15,1),
	(1805,'2017-05-30 21:43:39.431667','334','aaa aaa',3,'',15,1),
	(1806,'2017-05-30 21:43:39.433578','335','aaa aaa',3,'',15,1),
	(1807,'2017-05-30 21:43:39.435987','336','aaa aaa',3,'',15,1),
	(1808,'2017-05-30 21:43:39.437927','337','aaa aaa',3,'',15,1),
	(1809,'2017-05-30 21:43:39.439618','338','aaa aaa',3,'',15,1),
	(1810,'2017-05-30 21:43:39.441308','339','aaa aaa',3,'',15,1),
	(1811,'2017-05-30 21:43:39.442644','340','aaa aaa',3,'',15,1),
	(1812,'2017-05-30 21:43:39.444024','341','aaa aaa',3,'',15,1),
	(1813,'2017-05-30 21:43:39.445401','342','aaa aaa',3,'',15,1),
	(1814,'2017-05-30 21:43:39.446819','343','aaa aaa',3,'',15,1),
	(1815,'2017-05-30 21:43:39.448603','344','aaa aaa',3,'',15,1),
	(1816,'2017-05-30 21:43:39.450343','345','aaa aaa',3,'',15,1),
	(1817,'2017-05-30 21:43:39.452155','346','aaa aaa',3,'',15,1),
	(1818,'2017-05-30 21:43:39.453977','347','aaa aaa',3,'',15,1),
	(1819,'2017-05-30 21:43:39.455454','348','aaa aaa',3,'',15,1),
	(1820,'2017-05-30 21:43:39.457309','349','aaa aaa',3,'',15,1),
	(1821,'2017-05-30 21:43:39.459237','350','aaa aaa',3,'',15,1),
	(1822,'2017-05-30 21:43:39.461145','351','aaa aaa',3,'',15,1),
	(1823,'2017-05-30 21:43:39.462936','352','aaa aaa',3,'',15,1),
	(1824,'2017-05-30 21:43:39.465149','353','aaa aaa',3,'',15,1),
	(1825,'2017-05-30 21:43:39.467088','354','aaa aaa',3,'',15,1),
	(1826,'2017-05-30 21:43:39.468928','355','aaa aaa',3,'',15,1),
	(1827,'2017-05-30 21:43:39.470721','356','aaa aaa',3,'',15,1),
	(1828,'2017-05-30 21:43:39.472467','357','aaa aaa',3,'',15,1),
	(1829,'2017-05-30 21:43:39.474265','358','aaa aaa',3,'',15,1),
	(1830,'2017-05-30 21:43:39.476094','359','aaa aaa',3,'',15,1),
	(1831,'2017-05-30 21:43:39.477895','360','aaa aaa',3,'',15,1),
	(1832,'2017-05-30 21:43:39.479615','361','aaa aaa',3,'',15,1),
	(1833,'2017-05-30 21:43:39.481502','362','aaa aaa',3,'',15,1),
	(1834,'2017-05-30 21:43:39.483456','363','aaa aaa',3,'',15,1),
	(1835,'2017-05-30 21:43:39.485607','364','aaa aaa',3,'',15,1),
	(1836,'2017-05-30 21:43:39.487803','365','aaa aaa',3,'',15,1),
	(1837,'2017-05-30 21:43:39.489607','366','aaa aaa',3,'',15,1),
	(1838,'2017-05-30 21:43:39.491346','367','aaa aaa',3,'',15,1),
	(1839,'2017-05-30 21:43:39.493134','368','aaa aaa',3,'',15,1),
	(1840,'2017-05-30 21:43:39.494946','369','aaa aaa',3,'',15,1),
	(1841,'2017-05-30 21:43:39.496639','370','aaa aaa',3,'',15,1),
	(1842,'2017-05-30 21:43:39.498474','371','aaa aaa',3,'',15,1),
	(1843,'2017-05-30 21:43:39.500251','372','aaa aaa',3,'',15,1),
	(1844,'2017-05-30 21:43:39.502069','373','aaa aaa',3,'',15,1),
	(1845,'2017-05-30 21:43:39.503921','374','aaa aaa',3,'',15,1),
	(1846,'2017-05-30 21:43:39.505592','375','aaa aaa',3,'',15,1),
	(1847,'2017-05-30 21:43:39.507320','376','aaa aaa',3,'',15,1),
	(1848,'2017-05-30 21:43:39.509122','377','aaa aaa',3,'',15,1),
	(1849,'2017-05-30 21:43:39.511087','378','aaa aaa',3,'',15,1),
	(1850,'2017-05-30 21:43:39.512718','379','aaa aaa',3,'',15,1),
	(1851,'2017-05-30 21:43:39.514529','380','aaa aaa',3,'',15,1),
	(1852,'2017-05-30 21:43:39.516285','381','aaa aaa',3,'',15,1),
	(1853,'2017-05-30 21:43:39.517892','382','aaa aaa',3,'',15,1),
	(1854,'2017-05-30 21:43:39.519629','383','aaa aaa',3,'',15,1),
	(1855,'2017-05-30 21:43:39.521405','384','aaa aaa',3,'',15,1),
	(1856,'2017-05-30 21:43:39.523180','385','aaa aaa',3,'',15,1),
	(1857,'2017-05-30 21:43:39.524501','386','aaa aaa',3,'',15,1),
	(1858,'2017-05-30 21:43:39.525846','387','aaa aaa',3,'',15,1),
	(1859,'2017-05-30 21:43:39.527282','388','aaa aaa',3,'',15,1),
	(1860,'2017-05-30 21:43:39.529099','389','aaa aaa',3,'',15,1),
	(1861,'2017-05-30 21:43:39.530914','390','aaa aaa',3,'',15,1),
	(1862,'2017-05-30 21:43:39.532790','391','aaa aaa',3,'',15,1),
	(1863,'2017-05-30 21:43:39.534598','392','aaa aaa',3,'',15,1),
	(1864,'2017-05-30 21:43:39.536608','393','aaa aaa',3,'',15,1),
	(1865,'2017-05-30 21:43:39.538525','394','aaa aaa',3,'',15,1),
	(1866,'2017-05-30 21:43:39.540286','395','aaa aaa',3,'',15,1),
	(1867,'2017-05-30 21:43:39.542112','396','aaa aaa',3,'',15,1),
	(1868,'2017-05-30 21:43:39.543978','397','aaa aaa',3,'',15,1),
	(1869,'2017-05-30 21:43:39.546015','398','aaa aaa',3,'',15,1),
	(1870,'2017-05-30 21:43:39.547772','399','aaa aaa',3,'',15,1),
	(1871,'2017-05-30 21:43:39.549611','400','aaa aaa',3,'',15,1),
	(1872,'2017-05-30 21:43:39.552022','401','aaa aaa',3,'',15,1),
	(1873,'2017-05-30 21:43:39.554057','402','aaa aaa',3,'',15,1),
	(1874,'2017-05-30 21:43:39.556591','403','aaa aaa',3,'',15,1),
	(1875,'2017-05-30 21:43:39.559371','404','aaa aaa',3,'',15,1),
	(1876,'2017-05-30 21:43:39.561428','405','aaa aaa',3,'',15,1),
	(1877,'2017-05-30 21:43:39.563634','406','aaa aaa',3,'',15,1),
	(1878,'2017-05-30 21:43:39.565451','407','aaa aaa',3,'',15,1),
	(1879,'2017-05-30 21:43:39.567597','408','aaa aaa',3,'',15,1),
	(1880,'2017-05-30 21:43:39.569576','409','aaa aaa',3,'',15,1),
	(1881,'2017-05-30 21:43:39.571698','410','aaa aaa',3,'',15,1),
	(1882,'2017-05-30 21:43:39.573725','411','aaa aaa',3,'',15,1),
	(1883,'2017-05-30 21:43:39.575902','412','aaa aaa',3,'',15,1),
	(1884,'2017-05-30 21:43:39.578014','413','aaa aaa',3,'',15,1),
	(1885,'2017-05-30 21:43:39.580196','414','aaa aaa',3,'',15,1),
	(1886,'2017-05-30 21:43:39.582364','415','aaa aaa',3,'',15,1),
	(1887,'2017-05-30 21:43:39.584396','416','aaa aaa',3,'',15,1),
	(1888,'2017-05-30 21:43:39.586451','417','aaa aaa',3,'',15,1),
	(1889,'2017-05-30 21:43:39.588340','418','aaa aaa',3,'',15,1),
	(1890,'2017-05-30 21:43:39.590270','419','aaa aaa',3,'',15,1),
	(1891,'2017-05-30 21:43:39.592651','420','aaa aaa',3,'',15,1),
	(1892,'2017-05-30 21:43:39.594598','421','aaa aaa',3,'',15,1),
	(1893,'2017-05-30 21:43:39.596431','422','aaa aaa',3,'',15,1),
	(1894,'2017-05-30 21:43:39.598190','423','aaa aaa',3,'',15,1),
	(1895,'2017-05-30 21:43:39.600031','424','aaa aaa',3,'',15,1),
	(1896,'2017-05-30 21:43:39.601815','425','aaa aaa',3,'',15,1),
	(1897,'2017-05-30 21:43:39.603794','426','aaa aaa',3,'',15,1),
	(1898,'2017-05-30 21:43:39.605638','427','aaa aaa',3,'',15,1),
	(1899,'2017-05-30 21:43:39.607416','428','aaa aaa',3,'',15,1),
	(1900,'2017-05-30 21:43:39.609392','429','aaa aaa',3,'',15,1),
	(1901,'2017-05-30 21:43:39.611311','430','aaa aaa',3,'',15,1),
	(1902,'2017-05-30 21:43:39.613205','431','aaa aaa',3,'',15,1),
	(1903,'2017-05-30 21:43:39.615100','432','aaa aaa',3,'',15,1),
	(1904,'2017-05-30 21:43:39.616995','433','aaa aaa',3,'',15,1),
	(1905,'2017-05-30 21:43:39.619003','434','aaa aaa',3,'',15,1),
	(1906,'2017-05-30 21:43:39.620791','435','aaa aaa',3,'',15,1),
	(1907,'2017-05-30 21:43:39.622586','436','aaa aaa',3,'',15,1),
	(1908,'2017-05-30 21:43:39.624393','437','aaa aaa',3,'',15,1),
	(1909,'2017-05-30 21:43:39.625752','438','aaa aaa',3,'',15,1),
	(1910,'2017-05-30 21:43:39.627093','439','aaa aaa',3,'',15,1),
	(1911,'2017-05-30 21:43:39.628585','440','aaa aaa',3,'',15,1),
	(1912,'2017-05-30 21:43:39.629924','441','aaa aaa',3,'',15,1),
	(1913,'2017-05-30 21:43:39.631328','442','aaa aaa',3,'',15,1),
	(1914,'2017-05-30 21:43:39.633129','443','aaa aaa',3,'',15,1),
	(1915,'2017-05-30 21:43:39.634446','444','aaa aaa',3,'',15,1),
	(1916,'2017-05-30 21:43:39.635892','445','aaa aaa',3,'',15,1),
	(1917,'2017-05-30 21:43:39.637636','446','aaa aaa',3,'',15,1),
	(1918,'2017-05-30 21:43:39.639406','447','aaa aaa',3,'',15,1),
	(1919,'2017-05-30 21:43:39.641298','448','aaa aaa',3,'',15,1),
	(1920,'2017-05-30 21:43:39.643094','449','aaa aaa',3,'',15,1),
	(1921,'2017-05-30 21:43:39.644934','450','aaa aaa',3,'',15,1),
	(1922,'2017-05-30 21:43:39.646996','451','aaa aaa',3,'',15,1),
	(1923,'2017-05-30 21:43:39.648858','452','aaa aaa',3,'',15,1),
	(1924,'2017-05-30 21:43:39.650896','453','aaa aaa',3,'',15,1),
	(1925,'2017-05-30 21:43:39.652683','454','aaa aaa',3,'',15,1),
	(1926,'2017-05-30 21:43:39.654427','455','aaa aaa',3,'',15,1),
	(1927,'2017-05-30 21:43:39.656208','456','aaa aaa',3,'',15,1),
	(1928,'2017-05-30 21:43:39.658083','457','aaa aaa',3,'',15,1),
	(1929,'2017-05-30 21:43:39.659945','458','aaa aaa',3,'',15,1),
	(1930,'2017-05-30 21:43:39.661748','459','aaa aaa',3,'',15,1),
	(1931,'2017-05-30 21:43:39.663562','460','aaa aaa',3,'',15,1),
	(1932,'2017-05-30 21:43:39.665301','461','aaa aaa',3,'',15,1),
	(1933,'2017-05-30 21:43:39.667334','462','aaa aaa',3,'',15,1),
	(1934,'2017-05-30 21:43:39.669251','463','aaa aaa',3,'',15,1),
	(1935,'2017-05-30 21:43:39.671126','464','aaa aaa',3,'',15,1),
	(1936,'2017-05-30 21:43:39.673110','465','aaa aaa',3,'',15,1),
	(1937,'2017-05-30 21:43:39.675038','466','aaa aaa',3,'',15,1),
	(1938,'2017-05-30 21:43:39.677168','467','aaa aaa',3,'',15,1),
	(1939,'2017-05-30 21:43:39.679691','468','aaa aaa',3,'',15,1),
	(1940,'2017-05-30 21:43:39.681588','469','aaa aaa',3,'',15,1),
	(1941,'2017-05-30 21:43:39.683324','470','aaa aaa',3,'',15,1),
	(1942,'2017-05-30 21:43:39.685191','471','aaa aaa',3,'',15,1),
	(1943,'2017-05-30 21:43:39.687126','472','aaa aaa',3,'',15,1),
	(1944,'2017-05-30 21:43:39.689129','473','aaa aaa',3,'',15,1),
	(1945,'2017-05-30 21:43:39.691121','474','aaa aaa',3,'',15,1),
	(1946,'2017-05-30 21:43:39.692891','475','aaa aaa',3,'',15,1),
	(1947,'2017-05-30 21:43:39.694583','476','aaa aaa',3,'',15,1),
	(1948,'2017-05-30 21:43:39.696361','477','aaa aaa',3,'',15,1),
	(1949,'2017-05-30 21:43:39.698091','478','aaa aaa',3,'',15,1),
	(1950,'2017-05-30 21:43:39.699780','479','aaa aaa',3,'',15,1),
	(1951,'2017-05-30 21:43:39.700898','480','aaa aaa',3,'',15,1),
	(1952,'2017-05-30 21:43:39.702276','481','aaa aaa',3,'',15,1),
	(1953,'2017-05-30 21:43:39.703697','482','aaa aaa',3,'',15,1),
	(1954,'2017-05-30 21:43:39.705090','483','aaa aaa',3,'',15,1),
	(1955,'2017-05-30 21:43:39.706508','484','aaa aaa',3,'',15,1),
	(1956,'2017-05-30 21:43:39.707916','485','aaa aaa',3,'',15,1),
	(1957,'2017-05-30 21:43:39.709366','486','aaa aaa',3,'',15,1),
	(1958,'2017-05-30 21:43:39.711112','487','aaa aaa',3,'',15,1),
	(1959,'2017-05-30 21:43:39.713460','488','aaa aaa',3,'',15,1),
	(1960,'2017-05-30 21:43:39.715319','489','aaa aaa',3,'',15,1),
	(1961,'2017-05-30 21:43:39.717256','490','aaa aaa',3,'',15,1),
	(1962,'2017-05-30 21:46:14.378317','691','aaa aaa',3,'',15,1),
	(1963,'2017-05-30 21:46:14.380975','692','aaa aaa',3,'',15,1),
	(1964,'2017-05-30 21:46:14.383286','693','aaa aaa',3,'',15,1),
	(1965,'2017-05-30 21:46:14.385641','694','aaa aaa',3,'',15,1),
	(1966,'2017-05-30 21:46:14.387574','695','aaa aaa',3,'',15,1),
	(1967,'2017-05-30 21:46:14.389473','696','aaa aaa',3,'',15,1),
	(1968,'2017-05-30 21:46:14.391266','697','aaa aaa',3,'',15,1),
	(1969,'2017-05-30 21:46:14.393216','698','aaa aaa',3,'',15,1),
	(1970,'2017-05-30 21:46:14.395045','699','aaa aaa',3,'',15,1),
	(1971,'2017-05-30 21:46:14.397030','700','aaa aaa',3,'',15,1),
	(1972,'2017-05-30 21:46:14.399846','701','aaa aaa',3,'',15,1),
	(1973,'2017-05-30 21:46:14.401816','702','aaa aaa',3,'',15,1),
	(1974,'2017-05-30 21:46:14.403823','703','aaa aaa',3,'',15,1),
	(1975,'2017-05-30 21:46:14.405321','704','aaa aaa',3,'',15,1),
	(1976,'2017-05-30 21:46:14.407652','705','aaa aaa',3,'',15,1),
	(1977,'2017-05-30 21:46:14.409845','706','aaa aaa',3,'',15,1),
	(1978,'2017-05-30 21:46:14.411781','707','aaa aaa',3,'',15,1),
	(1979,'2017-05-30 21:46:14.414085','708','aaa aaa',3,'',15,1),
	(1980,'2017-05-30 21:46:14.416287','709','aaa aaa',3,'',15,1),
	(1981,'2017-05-30 21:46:14.418345','710','aaa aaa',3,'',15,1),
	(1982,'2017-05-30 21:46:14.420269','711','aaa aaa',3,'',15,1),
	(1983,'2017-05-30 21:46:14.422272','712','aaa aaa',3,'',15,1),
	(1984,'2017-05-30 21:46:14.424385','713','aaa aaa',3,'',15,1),
	(1985,'2017-05-30 21:46:14.426468','714','aaa aaa',3,'',15,1),
	(1986,'2017-05-30 21:46:14.428353','715','aaa aaa',3,'',15,1),
	(1987,'2017-05-30 21:46:14.430512','716','aaa aaa',3,'',15,1),
	(1988,'2017-05-30 21:46:14.432880','717','aaa aaa',3,'',15,1),
	(1989,'2017-05-30 21:46:14.435027','718','aaa aaa',3,'',15,1),
	(1990,'2017-05-30 21:46:14.437112','719','aaa aaa',3,'',15,1),
	(1991,'2017-05-30 21:46:14.439267','720','aaa aaa',3,'',15,1),
	(1992,'2017-05-30 21:46:14.441600','721','aaa aaa',3,'',15,1),
	(1993,'2017-05-30 21:46:14.443469','722','aaa aaa',3,'',15,1),
	(1994,'2017-05-30 21:46:14.445288','723','aaa aaa',3,'',15,1),
	(1995,'2017-05-30 21:46:14.447408','724','aaa aaa',3,'',15,1),
	(1996,'2017-05-30 21:46:14.449584','725','aaa aaa',3,'',15,1),
	(1997,'2017-05-30 21:46:14.451553','726','aaa aaa',3,'',15,1),
	(1998,'2017-05-30 21:46:14.453408','727','aaa aaa',3,'',15,1),
	(1999,'2017-05-30 21:46:14.455601','728','aaa aaa',3,'',15,1),
	(2000,'2017-05-30 21:46:14.457732','729','aaa aaa',3,'',15,1),
	(2001,'2017-05-30 21:46:14.459780','730','aaa aaa',3,'',15,1),
	(2002,'2017-05-30 21:46:14.463656','731','aaa aaa',3,'',15,1),
	(2003,'2017-05-30 21:46:14.466214','732','aaa aaa',3,'',15,1),
	(2004,'2017-05-30 21:46:14.468177','733','aaa aaa',3,'',15,1),
	(2005,'2017-05-30 21:46:14.469876','734','aaa aaa',3,'',15,1),
	(2006,'2017-05-30 21:46:14.471915','735','aaa aaa',3,'',15,1),
	(2007,'2017-05-30 21:46:14.473707','736','aaa aaa',3,'',15,1),
	(2008,'2017-05-30 21:46:14.475584','737','aaa aaa',3,'',15,1),
	(2009,'2017-05-30 21:46:14.477421','738','aaa aaa',3,'',15,1),
	(2010,'2017-05-30 21:46:14.479278','739','aaa aaa',3,'',15,1),
	(2011,'2017-05-30 21:46:14.481484','740','aaa aaa',3,'',15,1),
	(2012,'2017-05-30 21:46:14.483659','741','aaa aaa',3,'',15,1),
	(2013,'2017-05-30 21:46:14.485704','742','aaa aaa',3,'',15,1),
	(2014,'2017-05-30 21:46:14.487549','743','aaa aaa',3,'',15,1),
	(2015,'2017-05-30 21:46:14.489465','744','aaa aaa',3,'',15,1),
	(2016,'2017-05-30 21:46:14.491284','745','aaa aaa',3,'',15,1),
	(2017,'2017-05-30 21:46:14.493052','746','aaa aaa',3,'',15,1),
	(2018,'2017-05-30 21:46:14.494855','747','aaa aaa',3,'',15,1),
	(2019,'2017-05-30 21:46:14.496639','748','aaa aaa',3,'',15,1),
	(2020,'2017-05-30 21:46:14.498910','749','aaa aaa',3,'',15,1),
	(2021,'2017-05-30 21:46:14.500857','750','aaa aaa',3,'',15,1),
	(2022,'2017-05-30 21:46:14.502669','751','aaa aaa',3,'',15,1),
	(2023,'2017-05-30 21:46:14.504528','752','aaa aaa',3,'',15,1),
	(2024,'2017-05-30 21:46:14.506538','753','aaa aaa',3,'',15,1),
	(2025,'2017-05-30 21:46:14.508231','754','aaa aaa',3,'',15,1),
	(2026,'2017-05-30 21:46:14.509866','755','aaa aaa',3,'',15,1),
	(2027,'2017-05-30 21:46:14.511899','756','aaa aaa',3,'',15,1),
	(2028,'2017-05-30 21:46:14.513628','757','aaa aaa',3,'',15,1),
	(2029,'2017-05-30 21:46:14.515767','758','aaa aaa',3,'',15,1),
	(2030,'2017-05-30 21:46:14.517668','759','aaa aaa',3,'',15,1),
	(2031,'2017-05-30 21:46:14.519494','760','aaa aaa',3,'',15,1),
	(2032,'2017-05-30 21:46:14.521203','761','aaa aaa',3,'',15,1),
	(2033,'2017-05-30 21:46:14.522952','762','aaa aaa',3,'',15,1),
	(2034,'2017-05-30 21:46:14.524731','763','aaa aaa',3,'',15,1),
	(2035,'2017-05-30 21:46:14.526560','764','aaa aaa',3,'',15,1),
	(2036,'2017-05-30 21:46:14.528532','765','aaa aaa',3,'',15,1),
	(2037,'2017-05-30 21:46:14.530729','766','aaa aaa',3,'',15,1),
	(2038,'2017-05-30 21:46:14.532796','767','aaa aaa',3,'',15,1),
	(2039,'2017-05-30 21:46:14.534636','768','aaa aaa',3,'',15,1),
	(2040,'2017-05-30 21:46:14.536824','769','aaa aaa',3,'',15,1),
	(2041,'2017-05-30 21:46:14.538801','770','aaa aaa',3,'',15,1),
	(2042,'2017-05-30 21:46:14.540619','771','aaa aaa',3,'',15,1),
	(2043,'2017-05-30 21:46:14.542378','772','aaa aaa',3,'',15,1),
	(2044,'2017-05-30 21:46:14.544107','773','aaa aaa',3,'',15,1),
	(2045,'2017-05-30 21:46:14.545925','774','aaa aaa',3,'',15,1),
	(2046,'2017-05-30 21:46:14.547975','775','aaa aaa',3,'',15,1),
	(2047,'2017-05-30 21:46:14.550009','776','aaa aaa',3,'',15,1),
	(2048,'2017-05-30 21:46:14.551353','777','aaa aaa',3,'',15,1),
	(2049,'2017-05-30 21:46:14.552701','778','aaa aaa',3,'',15,1),
	(2050,'2017-05-30 21:46:14.554703','779','aaa aaa',3,'',15,1),
	(2051,'2017-05-30 21:46:14.556605','780','aaa aaa',3,'',15,1),
	(2052,'2017-05-30 21:46:14.558491','781','aaa aaa',3,'',15,1),
	(2053,'2017-05-30 21:46:14.560376','782','aaa aaa',3,'',15,1),
	(2054,'2017-05-30 21:46:14.562290','783','aaa aaa',3,'',15,1),
	(2055,'2017-05-30 21:46:14.564177','784','aaa aaa',3,'',15,1),
	(2056,'2017-05-30 21:46:14.566852','785','aaa aaa',3,'',15,1),
	(2057,'2017-05-30 21:46:14.569698','786','aaa aaa',3,'',15,1),
	(2058,'2017-05-30 21:46:14.572511','787','aaa aaa',3,'',15,1),
	(2059,'2017-05-30 21:46:14.575249','788','aaa aaa',3,'',15,1),
	(2060,'2017-05-30 21:46:14.577064','789','aaa aaa',3,'',15,1),
	(2061,'2017-05-30 21:46:14.579009','790','aaa aaa',3,'',15,1),
	(2062,'2017-05-30 21:46:54.394384','618','aaa aaa',3,'',15,1),
	(2063,'2017-05-30 21:46:54.396917','619','aaa aaa',3,'',15,1),
	(2064,'2017-05-30 21:46:54.399312','620','aaa aaa',3,'',15,1),
	(2065,'2017-05-30 21:46:54.401131','621','aaa aaa',3,'',15,1),
	(2066,'2017-05-30 21:46:54.403111','622','aaa aaa',3,'',15,1),
	(2067,'2017-05-30 21:46:54.404917','623','aaa aaa',3,'',15,1),
	(2068,'2017-05-30 21:46:54.406951','624','aaa aaa',3,'',15,1),
	(2069,'2017-05-30 21:46:54.409059','625','aaa aaa',3,'',15,1),
	(2070,'2017-05-30 21:46:54.411638','626','aaa aaa',3,'',15,1),
	(2071,'2017-05-30 21:46:54.413807','627','aaa aaa',3,'',15,1),
	(2072,'2017-05-30 21:46:54.415938','628','aaa aaa',3,'',15,1),
	(2073,'2017-05-30 21:46:54.418035','629','aaa aaa',3,'',15,1),
	(2074,'2017-05-30 21:46:54.420302','630','aaa aaa',3,'',15,1),
	(2075,'2017-05-30 21:46:54.422347','631','aaa aaa',3,'',15,1),
	(2076,'2017-05-30 21:46:54.424228','632','aaa aaa',3,'',15,1),
	(2077,'2017-05-30 21:46:54.426080','633','aaa aaa',3,'',15,1),
	(2078,'2017-05-30 21:46:54.428257','634','aaa aaa',3,'',15,1),
	(2079,'2017-05-30 21:46:54.430506','635','aaa aaa',3,'',15,1),
	(2080,'2017-05-30 21:46:54.432282','636','aaa aaa',3,'',15,1),
	(2081,'2017-05-30 21:46:54.434035','637','aaa aaa',3,'',15,1),
	(2082,'2017-05-30 21:46:54.435853','638','aaa aaa',3,'',15,1),
	(2083,'2017-05-30 21:46:54.437838','639','aaa aaa',3,'',15,1),
	(2084,'2017-05-30 21:46:54.439825','640','aaa aaa',3,'',15,1),
	(2085,'2017-05-30 21:46:54.441699','641','aaa aaa',3,'',15,1),
	(2086,'2017-05-30 21:46:54.443911','642','aaa aaa',3,'',15,1),
	(2087,'2017-05-30 21:46:54.446031','643','aaa aaa',3,'',15,1),
	(2088,'2017-05-30 21:46:54.447912','644','aaa aaa',3,'',15,1),
	(2089,'2017-05-30 21:46:54.449262','645','aaa aaa',3,'',15,1),
	(2090,'2017-05-30 21:46:54.451018','646','aaa aaa',3,'',15,1),
	(2091,'2017-05-30 21:46:54.452803','647','aaa aaa',3,'',15,1),
	(2092,'2017-05-30 21:46:54.454587','648','aaa aaa',3,'',15,1),
	(2093,'2017-05-30 21:46:54.456405','649','aaa aaa',3,'',15,1),
	(2094,'2017-05-30 21:46:54.458291','650','aaa aaa',3,'',15,1),
	(2095,'2017-05-30 21:46:54.460407','651','aaa aaa',3,'',15,1),
	(2096,'2017-05-30 21:46:54.462872','652','aaa aaa',3,'',15,1),
	(2097,'2017-05-30 21:46:54.464981','653','aaa aaa',3,'',15,1),
	(2098,'2017-05-30 21:46:54.466934','654','aaa aaa',3,'',15,1),
	(2099,'2017-05-30 21:46:54.468773','655','aaa aaa',3,'',15,1),
	(2100,'2017-05-30 21:46:54.470794','656','aaa aaa',3,'',15,1),
	(2101,'2017-05-30 21:46:54.473063','657','aaa aaa',3,'',15,1),
	(2102,'2017-05-30 21:46:54.474885','658','aaa aaa',3,'',15,1),
	(2103,'2017-05-30 21:46:54.476923','659','aaa aaa',3,'',15,1),
	(2104,'2017-05-30 21:46:54.479080','660','aaa aaa',3,'',15,1),
	(2105,'2017-05-30 21:46:54.480960','661','aaa aaa',3,'',15,1),
	(2106,'2017-05-30 21:46:54.482700','662','aaa aaa',3,'',15,1),
	(2107,'2017-05-30 21:46:54.484470','663','aaa aaa',3,'',15,1),
	(2108,'2017-05-30 21:46:54.486194','664','aaa aaa',3,'',15,1),
	(2109,'2017-05-30 21:46:54.488063','665','aaa aaa',3,'',15,1),
	(2110,'2017-05-30 21:46:54.489962','666','aaa aaa',3,'',15,1),
	(2111,'2017-05-30 21:46:54.491706','667','aaa aaa',3,'',15,1),
	(2112,'2017-05-30 21:46:54.493718','668','aaa aaa',3,'',15,1),
	(2113,'2017-05-30 21:46:54.495966','669','aaa aaa',3,'',15,1),
	(2114,'2017-05-30 21:46:54.497805','670','aaa aaa',3,'',15,1),
	(2115,'2017-05-30 21:46:54.499906','671','aaa aaa',3,'',15,1),
	(2116,'2017-05-30 21:46:54.501760','672','aaa aaa',3,'',15,1),
	(2117,'2017-05-30 21:46:54.503538','673','aaa aaa',3,'',15,1),
	(2118,'2017-05-30 21:46:54.505275','674','aaa aaa',3,'',15,1),
	(2119,'2017-05-30 21:46:54.507069','675','aaa aaa',3,'',15,1),
	(2120,'2017-05-30 21:46:54.509582','676','aaa aaa',3,'',15,1),
	(2121,'2017-05-30 21:46:54.511983','677','aaa aaa',3,'',15,1),
	(2122,'2017-05-30 21:46:54.513914','678','aaa aaa',3,'',15,1),
	(2123,'2017-05-30 21:46:54.516046','679','aaa aaa',3,'',15,1),
	(2124,'2017-05-30 21:46:54.518255','680','aaa aaa',3,'',15,1),
	(2125,'2017-05-30 21:46:54.520266','681','aaa aaa',3,'',15,1),
	(2126,'2017-05-30 21:46:54.522169','682','aaa aaa',3,'',15,1),
	(2127,'2017-05-30 21:46:54.524411','683','aaa aaa',3,'',15,1),
	(2128,'2017-05-30 21:46:54.526650','684','aaa aaa',3,'',15,1),
	(2129,'2017-05-30 21:46:54.528954','685','aaa aaa',3,'',15,1),
	(2130,'2017-05-30 21:46:54.530883','686','aaa aaa',3,'',15,1),
	(2131,'2017-05-30 21:46:54.532431','687','aaa aaa',3,'',15,1),
	(2132,'2017-05-30 21:46:54.534617','688','aaa aaa',3,'',15,1),
	(2133,'2017-05-30 21:46:54.536724','689','aaa aaa',3,'',15,1),
	(2134,'2017-05-30 21:46:54.538110','690','aaa aaa',3,'',15,1),
	(2135,'2017-05-30 21:54:29.910904','491','aaa aaa',3,'',15,1),
	(2136,'2017-05-30 21:54:29.913186','492','aaa aaa',3,'',15,1),
	(2137,'2017-05-30 21:54:29.915351','493','aaa aaa',3,'',15,1),
	(2138,'2017-05-30 21:54:29.917569','494','aaa aaa',3,'',15,1),
	(2139,'2017-05-30 21:54:29.919483','495','aaa aaa',3,'',15,1),
	(2140,'2017-05-30 21:54:29.921931','496','aaa aaa',3,'',15,1),
	(2141,'2017-05-30 21:54:29.923874','497','aaa aaa',3,'',15,1),
	(2142,'2017-05-30 21:54:29.925852','498','aaa aaa',3,'',15,1),
	(2143,'2017-05-30 21:54:29.927671','499','aaa aaa',3,'',15,1),
	(2144,'2017-05-30 21:54:29.929570','500','aaa aaa',3,'',15,1),
	(2145,'2017-05-30 21:54:29.931478','501','aaa aaa',3,'',15,1),
	(2146,'2017-05-30 21:54:29.933498','502','aaa aaa',3,'',15,1),
	(2147,'2017-05-30 21:54:29.935579','503','aaa aaa',3,'',15,1),
	(2148,'2017-05-30 21:54:29.937456','504','aaa aaa',3,'',15,1),
	(2149,'2017-05-30 21:54:29.939339','505','aaa aaa',3,'',15,1),
	(2150,'2017-05-30 21:54:29.941233','506','aaa aaa',3,'',15,1),
	(2151,'2017-05-30 21:54:29.943118','507','aaa aaa',3,'',15,1),
	(2152,'2017-05-30 21:54:29.944869','508','aaa aaa',3,'',15,1),
	(2153,'2017-05-30 21:54:29.946848','509','aaa aaa',3,'',15,1),
	(2154,'2017-05-30 21:54:29.948774','510','aaa aaa',3,'',15,1),
	(2155,'2017-05-30 21:54:29.950729','511','aaa aaa',3,'',15,1),
	(2156,'2017-05-30 21:54:29.952530','512','aaa aaa',3,'',15,1),
	(2157,'2017-05-30 21:54:29.954434','513','aaa aaa',3,'',15,1),
	(2158,'2017-05-30 21:54:29.956527','514','aaa aaa',3,'',15,1),
	(2159,'2017-05-30 21:54:29.958492','515','aaa aaa',3,'',15,1),
	(2160,'2017-05-30 21:54:29.960517','516','aaa aaa',3,'',15,1),
	(2161,'2017-05-30 21:54:29.962558','517','aaa aaa',3,'',15,1),
	(2162,'2017-05-30 21:54:29.964747','518','aaa aaa',3,'',15,1),
	(2163,'2017-05-30 21:54:29.966696','519','aaa aaa',3,'',15,1),
	(2164,'2017-05-30 21:54:29.968481','520','aaa aaa',3,'',15,1),
	(2165,'2017-05-30 21:54:29.970370','521','aaa aaa',3,'',15,1),
	(2166,'2017-05-30 21:54:29.972941','522','aaa aaa',3,'',15,1),
	(2167,'2017-05-30 21:54:29.974829','523','aaa aaa',3,'',15,1),
	(2168,'2017-05-30 21:54:29.976637','524','aaa aaa',3,'',15,1),
	(2169,'2017-05-30 21:54:29.978573','525','aaa aaa',3,'',15,1),
	(2170,'2017-05-30 21:54:29.981230','526','aaa aaa',3,'',15,1),
	(2171,'2017-05-30 21:54:29.983159','527','aaa aaa',3,'',15,1),
	(2172,'2017-05-30 21:54:29.985489','528','aaa aaa',3,'',15,1),
	(2173,'2017-05-30 21:54:29.987609','529','aaa aaa',3,'',15,1),
	(2174,'2017-05-30 21:54:29.989867','530','aaa aaa',3,'',15,1),
	(2175,'2017-05-30 21:54:29.992398','531','aaa aaa',3,'',15,1),
	(2176,'2017-05-30 21:54:29.994661','532','aaa aaa',3,'',15,1),
	(2177,'2017-05-30 21:54:29.996906','533','aaa aaa',3,'',15,1),
	(2178,'2017-05-30 21:54:29.999058','534','aaa aaa',3,'',15,1),
	(2179,'2017-05-30 21:54:30.001250','535','aaa aaa',3,'',15,1),
	(2180,'2017-05-30 21:54:30.003422','536','aaa aaa',3,'',15,1),
	(2181,'2017-05-30 21:54:30.005471','537','aaa aaa',3,'',15,1),
	(2182,'2017-05-30 21:54:30.007619','538','aaa aaa',3,'',15,1),
	(2183,'2017-05-30 21:54:30.009793','539','aaa aaa',3,'',15,1),
	(2184,'2017-05-30 21:54:30.011980','540','aaa aaa',3,'',15,1),
	(2185,'2017-05-30 21:54:30.014173','541','aaa aaa',3,'',15,1),
	(2186,'2017-05-30 21:54:30.016460','542','aaa aaa',3,'',15,1),
	(2187,'2017-05-30 21:54:30.018564','543','aaa aaa',3,'',15,1),
	(2188,'2017-05-30 21:54:30.020707','544','aaa aaa',3,'',15,1),
	(2189,'2017-05-30 21:54:30.023055','545','aaa aaa',3,'',15,1),
	(2190,'2017-05-30 21:54:30.025382','546','aaa aaa',3,'',15,1),
	(2191,'2017-05-30 21:54:30.027755','547','aaa aaa',3,'',15,1),
	(2192,'2017-05-30 21:54:30.030071','548','aaa aaa',3,'',15,1),
	(2193,'2017-05-30 21:54:30.031358','549','aaa aaa',3,'',15,1),
	(2194,'2017-05-30 21:54:30.033705','550','aaa aaa',3,'',15,1),
	(2195,'2017-05-30 21:54:30.035801','551','aaa aaa',3,'',15,1),
	(2196,'2017-05-30 21:54:30.037832','552','aaa aaa',3,'',15,1),
	(2197,'2017-05-30 21:54:30.039696','553','aaa aaa',3,'',15,1),
	(2198,'2017-05-30 21:54:30.041654','554','aaa aaa',3,'',15,1),
	(2199,'2017-05-30 21:54:30.043570','555','aaa aaa',3,'',15,1),
	(2200,'2017-05-30 21:54:30.045432','556','aaa aaa',3,'',15,1),
	(2201,'2017-05-30 21:54:30.047282','557','aaa aaa',3,'',15,1),
	(2202,'2017-05-30 21:54:30.049159','558','aaa aaa',3,'',15,1),
	(2203,'2017-05-30 21:54:30.051454','559','aaa aaa',3,'',15,1),
	(2204,'2017-05-30 21:54:30.053047','560','aaa aaa',3,'',15,1),
	(2205,'2017-05-30 21:54:30.054977','561','aaa aaa',3,'',15,1),
	(2206,'2017-05-30 21:54:30.057020','562','aaa aaa',3,'',15,1),
	(2207,'2017-05-30 21:54:30.059260','563','aaa aaa',3,'',15,1),
	(2208,'2017-05-30 21:54:30.061518','564','aaa aaa',3,'',15,1),
	(2209,'2017-05-30 21:54:30.063509','565','aaa aaa',3,'',15,1),
	(2210,'2017-05-30 21:54:30.065522','566','aaa aaa',3,'',15,1),
	(2211,'2017-05-30 21:54:30.067836','567','aaa aaa',3,'',15,1),
	(2212,'2017-05-30 21:54:30.069843','568','aaa aaa',3,'',15,1),
	(2213,'2017-05-30 21:54:30.071989','569','aaa aaa',3,'',15,1),
	(2214,'2017-05-30 21:54:30.074153','570','aaa aaa',3,'',15,1),
	(2215,'2017-05-30 21:54:30.076459','571','aaa aaa',3,'',15,1),
	(2216,'2017-05-30 21:54:30.078719','572','aaa aaa',3,'',15,1),
	(2217,'2017-05-30 21:54:30.080862','573','aaa aaa',3,'',15,1),
	(2218,'2017-05-30 21:54:30.082790','574','aaa aaa',3,'',15,1),
	(2219,'2017-05-30 21:54:30.084648','575','aaa aaa',3,'',15,1),
	(2220,'2017-05-30 21:54:30.086848','576','aaa aaa',3,'',15,1),
	(2221,'2017-05-30 21:54:30.089056','577','aaa aaa',3,'',15,1),
	(2222,'2017-05-30 21:54:30.091115','578','aaa aaa',3,'',15,1),
	(2223,'2017-05-30 21:54:30.093587','579','aaa aaa',3,'',15,1),
	(2224,'2017-05-30 21:54:30.094905','580','aaa aaa',3,'',15,1),
	(2225,'2017-05-30 21:54:30.096983','581','aaa aaa',3,'',15,1),
	(2226,'2017-05-30 21:54:30.098937','582','aaa aaa',3,'',15,1),
	(2227,'2017-05-30 21:54:30.101184','583','aaa aaa',3,'',15,1),
	(2228,'2017-05-30 21:54:30.103219','584','aaa aaa',3,'',15,1),
	(2229,'2017-05-30 21:54:30.105160','585','aaa aaa',3,'',15,1),
	(2230,'2017-05-30 21:54:30.107002','586','aaa aaa',3,'',15,1),
	(2231,'2017-05-30 21:54:30.108883','587','aaa aaa',3,'',15,1),
	(2232,'2017-05-30 21:54:30.110810','588','aaa aaa',3,'',15,1),
	(2233,'2017-05-30 21:54:30.113403','589','aaa aaa',3,'',15,1),
	(2234,'2017-05-30 21:54:30.115660','590','aaa aaa',3,'',15,1),
	(2235,'2017-05-30 21:54:30.118417','591','aaa aaa',3,'',15,1),
	(2236,'2017-05-30 21:54:30.120528','592','aaa aaa',3,'',15,1),
	(2237,'2017-05-30 21:54:30.122549','593','aaa aaa',3,'',15,1),
	(2238,'2017-05-30 21:54:30.124427','594','aaa aaa',3,'',15,1),
	(2239,'2017-05-30 21:54:30.126238','595','aaa aaa',3,'',15,1),
	(2240,'2017-05-30 21:54:30.128654','596','aaa aaa',3,'',15,1),
	(2241,'2017-05-30 21:54:30.130557','597','aaa aaa',3,'',15,1),
	(2242,'2017-05-30 21:54:30.132643','598','aaa aaa',3,'',15,1),
	(2243,'2017-05-30 21:54:30.134973','599','aaa aaa',3,'',15,1),
	(2244,'2017-05-30 21:54:30.137006','600','aaa aaa',3,'',15,1),
	(2245,'2017-05-30 21:54:30.139254','601','aaa aaa',3,'',15,1),
	(2246,'2017-05-30 21:54:30.141446','602','aaa aaa',3,'',15,1),
	(2247,'2017-05-30 21:54:30.143908','603','aaa aaa',3,'',15,1),
	(2248,'2017-05-30 21:54:30.146224','604','aaa aaa',3,'',15,1),
	(2249,'2017-05-30 21:54:30.148549','605','aaa aaa',3,'',15,1),
	(2250,'2017-05-30 21:54:30.150877','606','aaa aaa',3,'',15,1),
	(2251,'2017-05-30 21:54:30.152995','607','aaa aaa',3,'',15,1),
	(2252,'2017-05-30 21:54:30.155034','608','aaa aaa',3,'',15,1),
	(2253,'2017-05-30 21:54:30.157211','609','aaa aaa',3,'',15,1),
	(2254,'2017-05-30 21:54:30.159458','610','aaa aaa',3,'',15,1),
	(2255,'2017-05-30 21:54:30.161815','611','aaa aaa',3,'',15,1),
	(2256,'2017-05-30 21:54:30.164107','612','aaa aaa',3,'',15,1),
	(2257,'2017-05-30 21:54:30.166410','613','aaa aaa',3,'',15,1),
	(2258,'2017-05-30 21:54:30.168558','614','aaa aaa',3,'',15,1),
	(2259,'2017-05-30 21:54:30.170365','615','aaa aaa',3,'',15,1),
	(2260,'2017-05-30 21:54:30.172686','616','aaa aaa',3,'',15,1),
	(2261,'2017-05-30 21:54:30.174699','617','aaa aaa',3,'',15,1),
	(2262,'2017-05-30 21:54:30.177076','791','aaa aaa',3,'',15,1),
	(2263,'2017-05-30 21:54:30.179672','792','aaa aaa',3,'',15,1),
	(2264,'2017-05-30 21:54:30.181814','793','aaa aaa',3,'',15,1),
	(2265,'2017-05-30 21:54:30.184101','794','aaa aaa',3,'',15,1),
	(2266,'2017-05-30 21:54:30.186307','795','aaa aaa',3,'',15,1),
	(2267,'2017-05-30 21:54:30.188484','796','aaa aaa',3,'',15,1),
	(2268,'2017-05-30 21:54:30.190702','797','aaa aaa',3,'',15,1),
	(2269,'2017-05-30 21:54:30.193000','798','aaa aaa',3,'',15,1),
	(2270,'2017-05-30 21:54:30.195204','799','aaa aaa',3,'',15,1),
	(2271,'2017-05-30 21:54:30.197398','800','aaa aaa',3,'',15,1),
	(2272,'2017-05-30 21:54:30.199517','801','aaa aaa',3,'',15,1),
	(2273,'2017-05-30 21:54:30.201657','802','aaa aaa',3,'',15,1),
	(2274,'2017-05-30 21:54:30.203769','803','aaa aaa',3,'',15,1),
	(2275,'2017-05-30 21:54:30.205967','804','aaa aaa',3,'',15,1),
	(2276,'2017-05-30 21:54:30.207927','805','aaa aaa',3,'',15,1),
	(2277,'2017-05-30 21:54:30.209964','806','aaa aaa',3,'',15,1),
	(2278,'2017-05-30 21:54:30.212269','807','aaa aaa',3,'',15,1),
	(2279,'2017-05-30 21:54:30.214618','808','aaa aaa',3,'',15,1),
	(2280,'2017-05-30 21:54:30.216924','809','aaa aaa',3,'',15,1),
	(2281,'2017-05-30 21:54:30.218983','810','aaa aaa',3,'',15,1),
	(2282,'2017-05-30 21:54:30.221079','811','aaa aaa',3,'',15,1),
	(2283,'2017-05-30 21:54:30.223150','812','aaa aaa',3,'',15,1),
	(2284,'2017-05-30 21:54:30.225056','813','aaa aaa',3,'',15,1),
	(2285,'2017-05-30 21:56:36.443453','814','aaa aaa',3,'',15,1),
	(2286,'2017-05-30 21:56:36.445797','815','aaa aaa',3,'',15,1),
	(2287,'2017-05-30 21:56:36.447702','816','aaa aaa',3,'',15,1),
	(2288,'2017-05-30 21:56:36.449568','817','aaa aaa',3,'',15,1),
	(2289,'2017-05-30 21:56:36.451456','818','aaa aaa',3,'',15,1),
	(2290,'2017-05-30 21:56:36.453142','819','aaa aaa',3,'',15,1),
	(2291,'2017-05-30 21:56:36.455019','820','aaa aaa',3,'',15,1),
	(2292,'2017-05-30 21:56:36.457063','821','aaa aaa',3,'',15,1),
	(2293,'2017-05-30 21:56:36.459036','822','aaa aaa',3,'',15,1),
	(2294,'2017-05-30 21:56:36.460749','823','aaa aaa',3,'',15,1),
	(2295,'2017-05-30 21:56:36.462678','824','aaa aaa',3,'',15,1),
	(2296,'2017-05-30 21:56:36.464466','825','aaa aaa',3,'',15,1),
	(2297,'2017-05-30 21:56:36.466218','826','aaa aaa',3,'',15,1),
	(2298,'2017-05-30 21:56:36.467950','827','aaa aaa',3,'',15,1),
	(2299,'2017-05-30 21:56:36.469666','828','aaa aaa',3,'',15,1),
	(2300,'2017-05-30 21:56:36.471528','829','aaa aaa',3,'',15,1),
	(2301,'2017-05-30 21:56:36.473814','830','aaa aaa',3,'',15,1),
	(2302,'2017-05-30 21:56:36.475780','831','aaa aaa',3,'',15,1),
	(2303,'2017-05-30 21:56:36.477710','832','aaa aaa',3,'',15,1),
	(2304,'2017-05-30 21:56:36.479548','833','aaa aaa',3,'',15,1),
	(2305,'2017-05-30 21:56:36.481410','834','aaa aaa',3,'',15,1),
	(2306,'2017-05-30 21:56:36.483371','835','aaa aaa',3,'',15,1),
	(2307,'2017-05-30 21:56:36.484721','836','aaa aaa',3,'',15,1),
	(2308,'2017-05-30 21:56:36.486089','837','aaa aaa',3,'',15,1),
	(2309,'2017-05-30 21:56:36.487608','838','aaa aaa',3,'',15,1),
	(2310,'2017-05-30 21:56:36.488965','839','aaa aaa',3,'',15,1),
	(2311,'2017-05-30 21:56:36.491387','840','aaa aaa',3,'',15,1),
	(2312,'2017-05-30 21:56:36.492791','841','aaa aaa',3,'',15,1),
	(2313,'2017-05-30 21:56:36.494131','842','aaa aaa',3,'',15,1),
	(2314,'2017-05-30 21:56:36.495486','843','aaa aaa',3,'',15,1),
	(2315,'2017-05-30 21:56:36.497472','844','aaa aaa',3,'',15,1),
	(2316,'2017-05-30 21:56:36.499238','845','aaa aaa',3,'',15,1),
	(2317,'2017-05-30 21:56:36.500991','846','aaa aaa',3,'',15,1),
	(2318,'2017-05-30 21:56:36.502830','847','aaa aaa',3,'',15,1),
	(2319,'2017-05-30 21:56:36.504642','848','aaa aaa',3,'',15,1),
	(2320,'2017-05-30 21:56:36.506839','849','aaa aaa',3,'',15,1),
	(2321,'2017-05-30 21:56:36.508796','850','aaa aaa',3,'',15,1),
	(2322,'2017-05-30 21:56:36.510562','851','aaa aaa',3,'',15,1),
	(2323,'2017-05-30 21:56:36.512378','852','aaa aaa',3,'',15,1),
	(2324,'2017-05-30 21:56:36.514249','853','aaa aaa',3,'',15,1),
	(2325,'2017-05-30 21:56:36.516076','854','aaa aaa',3,'',15,1),
	(2326,'2017-05-30 21:56:36.517812','855','aaa aaa',3,'',15,1),
	(2327,'2017-05-30 21:56:36.519592','856','aaa aaa',3,'',15,1),
	(2328,'2017-05-30 21:56:36.521673','857','aaa aaa',3,'',15,1),
	(2329,'2017-05-30 21:56:36.523762','858','aaa aaa',3,'',15,1),
	(2330,'2017-05-30 21:56:36.525883','859','aaa aaa',3,'',15,1),
	(2331,'2017-05-30 21:56:36.528076','860','aaa aaa',3,'',15,1),
	(2332,'2017-05-30 21:56:36.529485','861','aaa aaa',3,'',15,1),
	(2333,'2017-05-30 21:56:36.530880','862','aaa aaa',3,'',15,1),
	(2334,'2017-05-30 21:56:36.532398','863','aaa aaa',3,'',15,1),
	(2335,'2017-05-30 21:56:36.533773','864','aaa aaa',3,'',15,1),
	(2336,'2017-05-30 21:56:36.535097','865','aaa aaa',3,'',15,1),
	(2337,'2017-05-30 21:56:36.536491','866','aaa aaa',3,'',15,1),
	(2338,'2017-05-30 21:56:36.538251','867','aaa aaa',3,'',15,1),
	(2339,'2017-05-30 21:56:36.540778','868','aaa aaa',3,'',15,1),
	(2340,'2017-05-30 21:56:36.543434','869','aaa aaa',3,'',15,1),
	(2341,'2017-05-30 21:56:36.546118','870','aaa aaa',3,'',15,1),
	(2342,'2017-05-30 21:56:36.548911','871','aaa aaa',3,'',15,1),
	(2343,'2017-05-30 21:56:36.551101','872','aaa aaa',3,'',15,1),
	(2344,'2017-05-30 21:56:36.552956','873','aaa aaa',3,'',15,1),
	(2345,'2017-05-30 21:56:36.555028','874','aaa aaa',3,'',15,1),
	(2346,'2017-05-30 21:56:36.557694','875','aaa aaa',3,'',15,1),
	(2347,'2017-05-30 21:56:36.560364','876','aaa aaa',3,'',15,1),
	(2348,'2017-05-30 21:56:36.562454','877','aaa aaa',3,'',15,1),
	(2349,'2017-05-30 21:56:36.564622','878','aaa aaa',3,'',15,1),
	(2350,'2017-05-30 21:56:36.566794','879','aaa aaa',3,'',15,1),
	(2351,'2017-05-30 21:56:36.568941','880','aaa aaa',3,'',15,1),
	(2352,'2017-05-30 21:56:36.570907','881','aaa aaa',3,'',15,1),
	(2353,'2017-05-30 21:56:36.573447','882','aaa aaa',3,'',15,1),
	(2354,'2017-05-30 21:56:36.576392','883','aaa aaa',3,'',15,1),
	(2355,'2017-05-30 21:56:36.578666','884','aaa aaa',3,'',15,1),
	(2356,'2017-05-30 21:56:36.580832','885','aaa aaa',3,'',15,1),
	(2357,'2017-05-30 21:56:36.583094','886','aaa aaa',3,'',15,1),
	(2358,'2017-05-30 21:56:36.585166','887','aaa aaa',3,'',15,1),
	(2359,'2017-05-30 21:56:36.587044','888','aaa aaa',3,'',15,1),
	(2360,'2017-05-30 21:56:36.589234','889','aaa aaa',3,'',15,1),
	(2361,'2017-05-30 21:56:36.591815','890','aaa aaa',3,'',15,1),
	(2362,'2017-05-30 21:56:36.594160','891','aaa aaa',3,'',15,1),
	(2363,'2017-05-30 21:56:36.596370','892','aaa aaa',3,'',15,1),
	(2364,'2017-05-30 21:56:36.598499','893','aaa aaa',3,'',15,1),
	(2365,'2017-05-30 21:56:36.600621','894','aaa aaa',3,'',15,1),
	(2366,'2017-05-30 21:56:36.603038','895','aaa aaa',3,'',15,1),
	(2367,'2017-05-30 21:56:36.605117','896','aaa aaa',3,'',15,1),
	(2368,'2017-05-30 21:56:36.607698','897','aaa aaa',3,'',15,1),
	(2369,'2017-05-30 21:56:36.609897','898','aaa aaa',3,'',15,1),
	(2370,'2017-05-30 21:56:36.612039','899','aaa aaa',3,'',15,1),
	(2371,'2017-05-30 21:56:36.614092','900','aaa aaa',3,'',15,1),
	(2372,'2017-05-30 21:56:36.616019','901','aaa aaa',3,'',15,1),
	(2373,'2017-05-30 21:56:36.617847','902','aaa aaa',3,'',15,1),
	(2374,'2017-05-30 21:56:36.619608','903','aaa aaa',3,'',15,1),
	(2375,'2017-05-30 21:56:36.621503','904','aaa aaa',3,'',15,1),
	(2376,'2017-05-30 21:56:36.623433','905','aaa aaa',3,'',15,1),
	(2377,'2017-05-30 21:56:36.625531','906','aaa aaa',3,'',15,1),
	(2378,'2017-05-30 21:56:36.627943','907','aaa aaa',3,'',15,1),
	(2379,'2017-05-30 21:56:36.629736','908','aaa aaa',3,'',15,1),
	(2380,'2017-05-30 21:56:36.631644','909','aaa aaa',3,'',15,1),
	(2381,'2017-05-30 21:56:36.633430','910','aaa aaa',3,'',15,1),
	(2382,'2017-05-30 21:56:36.635137','911','aaa aaa',3,'',15,1),
	(2383,'2017-05-30 21:56:36.637017','912','aaa aaa',3,'',15,1),
	(2384,'2017-05-30 21:56:36.639017','913','aaa aaa',3,'',15,1),
	(2385,'2017-05-30 21:57:23.427169','914','aaa aaa',3,'',15,1),
	(2386,'2017-05-30 21:57:23.429901','915','aaa aaa',3,'',15,1),
	(2387,'2017-05-30 21:57:23.432067','916','aaa aaa',3,'',15,1),
	(2388,'2017-05-30 21:57:23.433925','917','aaa aaa',3,'',15,1),
	(2389,'2017-05-30 21:57:23.436076','918','aaa aaa',3,'',15,1),
	(2390,'2017-05-30 21:57:23.438031','919','aaa aaa',3,'',15,1),
	(2391,'2017-05-30 21:57:23.439815','920','aaa aaa',3,'',15,1),
	(2392,'2017-05-30 21:57:23.441604','921','aaa aaa',3,'',15,1),
	(2393,'2017-05-30 21:57:23.443513','922','aaa aaa',3,'',15,1),
	(2394,'2017-05-30 21:57:23.445678','923','aaa aaa',3,'',15,1),
	(2395,'2017-05-30 21:57:23.447682','924','aaa aaa',3,'',15,1),
	(2396,'2017-05-30 21:57:23.449638','925','aaa aaa',3,'',15,1),
	(2397,'2017-05-30 21:57:23.451804','926','aaa aaa',3,'',15,1),
	(2398,'2017-05-30 21:57:23.453757','927','aaa aaa',3,'',15,1),
	(2399,'2017-05-30 21:57:23.455695','928','aaa aaa',3,'',15,1),
	(2400,'2017-05-30 21:57:23.457543','929','aaa aaa',3,'',15,1),
	(2401,'2017-05-30 21:57:23.459435','930','aaa aaa',3,'',15,1),
	(2402,'2017-05-30 21:57:23.462225','931','aaa aaa',3,'',15,1),
	(2403,'2017-05-30 21:57:23.464306','932','aaa aaa',3,'',15,1),
	(2404,'2017-05-30 21:57:23.466895','933','aaa aaa',3,'',15,1),
	(2405,'2017-05-30 21:57:23.468935','934','aaa aaa',3,'',15,1),
	(2406,'2017-05-30 21:57:23.470786','935','aaa aaa',3,'',15,1),
	(2407,'2017-05-30 21:57:23.472794','936','aaa aaa',3,'',15,1),
	(2408,'2017-05-30 21:57:23.474854','937','aaa aaa',3,'',15,1),
	(2409,'2017-05-30 21:57:23.476934','938','aaa aaa',3,'',15,1),
	(2410,'2017-05-30 21:57:23.479049','939','aaa aaa',3,'',15,1),
	(2411,'2017-05-30 21:57:23.481014','940','aaa aaa',3,'',15,1),
	(2412,'2017-05-30 21:57:23.482833','941','aaa aaa',3,'',15,1),
	(2413,'2017-05-30 21:57:23.484641','942','aaa aaa',3,'',15,1),
	(2414,'2017-05-30 21:57:23.486507','943','aaa aaa',3,'',15,1),
	(2415,'2017-05-30 21:57:23.488416','944','aaa aaa',3,'',15,1),
	(2416,'2017-05-30 21:57:23.490262','945','aaa aaa',3,'',15,1),
	(2417,'2017-05-30 21:57:23.492002','946','aaa aaa',3,'',15,1),
	(2418,'2017-05-30 21:57:23.493296','947','aaa aaa',3,'',15,1),
	(2419,'2017-05-30 21:57:23.494835','948','aaa aaa',3,'',15,1),
	(2420,'2017-05-30 21:57:23.497072','949','aaa aaa',3,'',15,1),
	(2421,'2017-05-30 21:57:23.499379','950','aaa aaa',3,'',15,1),
	(2422,'2017-05-30 21:57:23.501341','951','aaa aaa',3,'',15,1),
	(2423,'2017-05-30 21:57:23.503060','952','aaa aaa',3,'',15,1),
	(2424,'2017-05-30 21:57:23.504819','953','aaa aaa',3,'',15,1),
	(2425,'2017-05-30 21:57:23.506578','954','aaa aaa',3,'',15,1),
	(2426,'2017-05-30 21:57:23.508386','955','aaa aaa',3,'',15,1),
	(2427,'2017-05-30 21:57:23.509772','956','aaa aaa',3,'',15,1),
	(2428,'2017-05-30 21:57:41.454241','1052','aaa aaa',3,'',15,1),
	(2429,'2017-05-30 21:57:41.459488','1053','aaa aaa',3,'',15,1),
	(2430,'2017-05-30 21:57:41.464283','1054','aaa aaa',3,'',15,1),
	(2431,'2017-05-30 21:57:41.467056','1055','aaa aaa',3,'',15,1),
	(2432,'2017-05-30 21:57:41.469351','1056','aaa aaa',3,'',15,1),
	(2433,'2017-05-30 21:59:24.592144','838','Destribution object',3,'',14,1),
	(2434,'2017-05-30 21:59:24.595606','837','Destribution object',3,'',14,1),
	(2435,'2017-05-30 21:59:39.166666','957','aaa',3,'',4,1),
	(2436,'2017-05-30 22:04:42.745880','858','Destribution object',3,'',14,1),
	(2437,'2017-05-30 22:04:42.747889','857','Destribution object',3,'',14,1),
	(2438,'2017-05-30 22:04:42.749679','856','Destribution object',3,'',14,1),
	(2439,'2017-05-30 22:04:42.752753','855','Destribution object',3,'',14,1),
	(2440,'2017-05-30 22:04:42.754783','854','Destribution object',3,'',14,1),
	(2441,'2017-05-30 22:04:42.756904','853','Destribution object',3,'',14,1),
	(2442,'2017-05-30 22:04:42.758998','852','Destribution object',3,'',14,1),
	(2443,'2017-05-30 22:04:42.761106','851','Destribution object',3,'',14,1),
	(2444,'2017-05-30 22:04:42.763084','850','Destribution object',3,'',14,1),
	(2445,'2017-05-30 22:04:42.765126','849','Destribution object',3,'',14,1),
	(2446,'2017-05-30 22:04:42.769108','848','Destribution object',3,'',14,1),
	(2447,'2017-05-30 22:04:42.771450','847','Destribution object',3,'',14,1),
	(2448,'2017-05-30 22:04:42.773479','846','Destribution object',3,'',14,1),
	(2449,'2017-05-30 22:04:42.775901','845','Destribution object',3,'',14,1),
	(2450,'2017-05-30 22:04:42.778087','844','Destribution object',3,'',14,1),
	(2451,'2017-05-30 22:04:42.780127','843','Destribution object',3,'',14,1),
	(2452,'2017-05-30 22:04:42.782133','842','Destribution object',3,'',14,1),
	(2453,'2017-05-30 22:04:42.784202','841','Destribution object',3,'',14,1),
	(2454,'2017-05-30 22:04:42.786934','840','Destribution object',3,'',14,1),
	(2455,'2017-05-30 22:04:42.789137','839','Destribution object',3,'',14,1),
	(2456,'2017-05-30 22:06:34.462169','957','aaa aaa',3,'',15,1),
	(2457,'2017-05-30 22:06:34.464919','958','aaa aaa',3,'',15,1),
	(2458,'2017-05-30 22:06:34.467189','959','aaa aaa',3,'',15,1),
	(2459,'2017-05-30 22:06:34.469259','960','aaa aaa',3,'',15,1),
	(2460,'2017-05-30 22:06:34.471687','961','aaa aaa',3,'',15,1),
	(2461,'2017-05-30 22:06:34.473563','962','aaa aaa',3,'',15,1),
	(2462,'2017-05-30 22:06:34.475692','963','aaa aaa',3,'',15,1),
	(2463,'2017-05-30 22:06:34.477688','964','aaa aaa',3,'',15,1),
	(2464,'2017-05-30 22:06:34.479995','965','aaa aaa',3,'',15,1),
	(2465,'2017-05-30 22:06:34.482048','966','aaa aaa',3,'',15,1),
	(2466,'2017-05-30 22:06:34.484330','967','aaa aaa',3,'',15,1),
	(2467,'2017-05-30 22:06:34.486297','968','aaa aaa',3,'',15,1),
	(2468,'2017-05-30 22:06:34.488196','969','aaa aaa',3,'',15,1),
	(2469,'2017-05-30 22:06:34.490132','970','aaa aaa',3,'',15,1),
	(2470,'2017-05-30 22:06:34.492594','971','aaa aaa',3,'',15,1),
	(2471,'2017-05-30 22:06:34.494551','972','aaa aaa',3,'',15,1),
	(2472,'2017-05-30 22:06:34.496961','973','aaa aaa',3,'',15,1),
	(2473,'2017-05-30 22:06:34.498976','974','aaa aaa',3,'',15,1),
	(2474,'2017-05-30 22:06:34.501231','975','aaa aaa',3,'',15,1),
	(2475,'2017-05-30 22:06:34.503199','976','aaa aaa',3,'',15,1),
	(2476,'2017-05-30 22:06:34.505386','977','aaa aaa',3,'',15,1),
	(2477,'2017-05-30 22:06:34.507384','978','aaa aaa',3,'',15,1),
	(2478,'2017-05-30 22:06:34.509479','979','aaa aaa',3,'',15,1),
	(2479,'2017-05-30 22:06:34.511550','980','aaa aaa',3,'',15,1),
	(2480,'2017-05-30 22:06:34.514148','981','aaa aaa',3,'',15,1),
	(2481,'2017-05-30 22:06:34.516476','982','aaa aaa',3,'',15,1),
	(2482,'2017-05-30 22:06:34.518818','983','aaa aaa',3,'',15,1),
	(2483,'2017-05-30 22:06:34.521087','984','aaa aaa',3,'',15,1),
	(2484,'2017-05-30 22:06:34.523236','985','aaa aaa',3,'',15,1),
	(2485,'2017-05-30 22:06:34.525219','986','aaa aaa',3,'',15,1),
	(2486,'2017-05-30 22:06:34.527492','987','aaa aaa',3,'',15,1),
	(2487,'2017-05-30 22:06:34.529617','988','aaa aaa',3,'',15,1),
	(2488,'2017-05-30 22:06:34.531522','989','aaa aaa',3,'',15,1),
	(2489,'2017-05-30 22:06:34.533688','990','aaa aaa',3,'',15,1),
	(2490,'2017-05-30 22:06:34.536059','991','aaa aaa',3,'',15,1),
	(2491,'2017-05-30 22:06:34.538293','992','aaa aaa',3,'',15,1),
	(2492,'2017-05-30 22:06:34.540205','993','aaa aaa',3,'',15,1),
	(2493,'2017-05-30 22:06:34.542281','994','aaa aaa',3,'',15,1),
	(2494,'2017-05-30 22:06:34.544340','995','aaa aaa',3,'',15,1),
	(2495,'2017-05-30 22:06:34.546563','996','aaa aaa',3,'',15,1),
	(2496,'2017-05-30 22:06:34.549370','997','aaa aaa',3,'',15,1),
	(2497,'2017-05-30 22:06:34.552563','998','aaa aaa',3,'',15,1),
	(2498,'2017-05-30 22:06:34.554695','999','aaa aaa',3,'',15,1),
	(2499,'2017-05-30 22:06:34.556693','1000','aaa aaa',3,'',15,1),
	(2500,'2017-05-30 22:06:34.558725','1001','aaa aaa',3,'',15,1),
	(2501,'2017-05-30 22:06:34.561492','1002','aaa aaa',3,'',15,1),
	(2502,'2017-05-30 22:06:34.563627','1003','aaa aaa',3,'',15,1),
	(2503,'2017-05-30 22:06:34.565962','1004','aaa aaa',3,'',15,1),
	(2504,'2017-05-30 22:06:34.569252','1005','aaa aaa',3,'',15,1),
	(2505,'2017-05-30 22:06:34.571383','1006','aaa aaa',3,'',15,1),
	(2506,'2017-05-30 22:06:34.573452','1007','aaa aaa',3,'',15,1),
	(2507,'2017-05-30 22:06:34.575670','1008','aaa aaa',3,'',15,1),
	(2508,'2017-05-30 22:06:34.578339','1009','aaa aaa',3,'',15,1),
	(2509,'2017-05-30 22:06:34.580415','1010','aaa aaa',3,'',15,1),
	(2510,'2017-05-30 22:06:34.582900','1011','aaa aaa',3,'',15,1),
	(2511,'2017-05-30 22:06:34.586114','1012','aaa aaa',3,'',15,1),
	(2512,'2017-05-30 22:06:34.588432','1013','aaa aaa',3,'',15,1),
	(2513,'2017-05-30 22:06:34.590534','1014','aaa aaa',3,'',15,1),
	(2514,'2017-05-30 22:06:34.592523','1015','aaa aaa',3,'',15,1),
	(2515,'2017-05-30 22:06:34.594594','1016','aaa aaa',3,'',15,1),
	(2516,'2017-05-30 22:06:34.596705','1017','aaa aaa',3,'',15,1),
	(2517,'2017-05-30 22:06:34.598551','1018','aaa aaa',3,'',15,1),
	(2518,'2017-05-30 22:06:34.601276','1019','aaa aaa',3,'',15,1),
	(2519,'2017-05-30 22:06:34.603556','1020','aaa aaa',3,'',15,1),
	(2520,'2017-05-30 22:06:34.605559','1021','aaa aaa',3,'',15,1),
	(2521,'2017-05-30 22:06:34.607656','1022','aaa aaa',3,'',15,1),
	(2522,'2017-05-30 22:06:34.610064','1023','aaa aaa',3,'',15,1),
	(2523,'2017-05-30 22:06:34.612053','1024','aaa aaa',3,'',15,1),
	(2524,'2017-05-30 22:06:34.614529','1025','aaa aaa',3,'',15,1),
	(2525,'2017-05-30 22:06:34.616757','1026','aaa aaa',3,'',15,1),
	(2526,'2017-05-30 22:06:34.619422','1027','aaa aaa',3,'',15,1),
	(2527,'2017-05-30 22:06:34.621464','1028','aaa aaa',3,'',15,1),
	(2528,'2017-05-30 22:06:34.623558','1029','aaa aaa',3,'',15,1),
	(2529,'2017-05-30 22:06:34.625729','1030','aaa aaa',3,'',15,1),
	(2530,'2017-05-30 22:06:34.627598','1031','aaa aaa',3,'',15,1),
	(2531,'2017-05-30 22:06:34.629479','1032','aaa aaa',3,'',15,1),
	(2532,'2017-05-30 22:06:34.631250','1033','aaa aaa',3,'',15,1),
	(2533,'2017-05-30 22:06:34.633496','1034','aaa aaa',3,'',15,1),
	(2534,'2017-05-30 22:06:34.635773','1035','aaa aaa',3,'',15,1),
	(2535,'2017-05-30 22:06:34.637871','1036','aaa aaa',3,'',15,1),
	(2536,'2017-05-30 22:06:34.639826','1037','aaa aaa',3,'',15,1),
	(2537,'2017-05-30 22:06:34.642060','1038','aaa aaa',3,'',15,1),
	(2538,'2017-05-30 22:06:34.644225','1039','aaa aaa',3,'',15,1),
	(2539,'2017-05-30 22:06:34.646380','1040','aaa aaa',3,'',15,1),
	(2540,'2017-05-30 22:06:34.648446','1041','aaa aaa',3,'',15,1),
	(2541,'2017-05-30 22:06:34.650973','1042','aaa aaa',3,'',15,1),
	(2542,'2017-05-30 22:06:34.653379','1043','aaa aaa',3,'',15,1),
	(2543,'2017-05-30 22:06:34.655507','1044','aaa aaa',3,'',15,1),
	(2544,'2017-05-30 22:06:34.657583','1045','aaa aaa',3,'',15,1),
	(2545,'2017-05-30 22:06:34.659681','1046','aaa aaa',3,'',15,1),
	(2546,'2017-05-30 22:06:34.661892','1047','aaa aaa',3,'',15,1),
	(2547,'2017-05-30 22:06:34.664120','1048','aaa aaa',3,'',15,1),
	(2548,'2017-05-30 22:06:34.666907','1049','aaa aaa',3,'',15,1),
	(2549,'2017-05-30 22:06:34.669375','1050','aaa aaa',3,'',15,1),
	(2550,'2017-05-30 22:06:34.671710','1051','aaa aaa',3,'',15,1),
	(2551,'2017-05-30 22:06:34.674078','1057','aaa aaa',3,'',15,1),
	(2552,'2017-05-30 22:06:34.676302','1058','aaa aaa',3,'',15,1),
	(2553,'2017-05-30 22:06:34.678663','1059','aaa aaa',3,'',15,1),
	(2554,'2017-05-30 22:06:34.680916','1060','aaa aaa',3,'',15,1),
	(2555,'2017-05-30 22:06:34.683520','1061','aaa aaa',3,'',15,1),
	(2556,'2017-05-30 22:06:34.686088','1062','aaa aaa',3,'',15,1),
	(2557,'2017-05-30 22:06:34.688284','1063','aaa aaa',3,'',15,1),
	(2558,'2017-05-30 22:06:34.690384','1064','aaa aaa',3,'',15,1),
	(2559,'2017-05-30 22:06:34.692409','1065','aaa aaa',3,'',15,1),
	(2560,'2017-05-30 22:06:34.694574','1066','aaa aaa',3,'',15,1),
	(2561,'2017-05-30 22:06:34.696833','1067','aaa aaa',3,'',15,1),
	(2562,'2017-05-30 22:06:34.699275','1068','aaa aaa',3,'',15,1),
	(2563,'2017-05-30 22:06:34.701462','1069','aaa aaa',3,'',15,1),
	(2564,'2017-05-30 22:06:34.703650','1070','aaa aaa',3,'',15,1),
	(2565,'2017-05-30 22:06:34.706276','1071','aaa aaa',3,'',15,1),
	(2566,'2017-05-30 22:06:34.708332','1072','aaa aaa',3,'',15,1),
	(2567,'2017-05-30 22:06:34.710540','1073','aaa aaa',3,'',15,1),
	(2568,'2017-05-30 22:06:34.712604','1074','aaa aaa',3,'',15,1),
	(2569,'2017-05-30 22:06:34.714863','1075','aaa aaa',3,'',15,1),
	(2570,'2017-05-30 22:06:34.717149','1076','aaa aaa',3,'',15,1),
	(2571,'2017-05-30 22:06:34.719278','1077','aaa aaa',3,'',15,1),
	(2572,'2017-05-30 22:06:34.721446','1078','aaa aaa',3,'',15,1),
	(2573,'2017-05-30 22:06:34.723552','1079','aaa aaa',3,'',15,1),
	(2574,'2017-05-30 22:06:34.725744','1080','aaa aaa',3,'',15,1),
	(2575,'2017-05-30 22:06:34.727811','1081','aaa aaa',3,'',15,1),
	(2576,'2017-05-30 22:06:34.729729','1082','aaa aaa',3,'',15,1),
	(2577,'2017-05-30 22:06:34.731681','1083','aaa aaa',3,'',15,1),
	(2578,'2017-05-30 22:06:34.733619','1084','aaa aaa',3,'',15,1),
	(2579,'2017-05-30 22:06:34.735920','1085','aaa aaa',3,'',15,1),
	(2580,'2017-05-30 22:06:34.738209','1086','aaa aaa',3,'',15,1),
	(2581,'2017-05-30 22:06:34.740392','1087','aaa aaa',3,'',15,1),
	(2582,'2017-05-30 22:06:34.742807','1088','aaa aaa',3,'',15,1),
	(2583,'2017-05-30 22:06:34.745293','1089','aaa aaa',3,'',15,1),
	(2584,'2017-05-30 22:06:34.747585','1090','aaa aaa',3,'',15,1),
	(2585,'2017-05-30 22:06:34.749838','1091','aaa aaa',3,'',15,1),
	(2586,'2017-05-30 22:06:34.752285','1092','aaa aaa',3,'',15,1),
	(2587,'2017-05-30 22:06:34.754314','1093','aaa aaa',3,'',15,1),
	(2588,'2017-05-30 22:06:34.756282','1094','aaa aaa',3,'',15,1),
	(2589,'2017-05-30 22:06:34.758366','1095','aaa aaa',3,'',15,1),
	(2590,'2017-05-30 22:06:34.760313','1096','aaa aaa',3,'',15,1),
	(2591,'2017-05-30 22:06:34.762167','1097','aaa aaa',3,'',15,1),
	(2592,'2017-05-30 22:06:34.764558','1098','aaa aaa',3,'',15,1),
	(2593,'2017-05-30 22:06:34.766341','1099','aaa aaa',3,'',15,1),
	(2594,'2017-05-30 22:06:34.768174','1100','aaa aaa',3,'',15,1),
	(2595,'2017-05-30 22:06:34.770200','1101','aaa aaa',3,'',15,1),
	(2596,'2017-05-30 22:06:34.772055','1102','aaa aaa',3,'',15,1),
	(2597,'2017-05-30 22:06:34.773936','1103','aaa aaa',3,'',15,1),
	(2598,'2017-05-30 22:06:34.775813','1104','aaa aaa',3,'',15,1),
	(2599,'2017-05-30 22:06:34.777731','1105','aaa aaa',3,'',15,1),
	(2600,'2017-05-30 22:06:34.779595','1106','aaa aaa',3,'',15,1),
	(2601,'2017-05-30 22:06:34.781460','1107','aaa aaa',3,'',15,1),
	(2602,'2017-05-30 22:06:34.783348','1108','aaa aaa',3,'',15,1),
	(2603,'2017-05-30 22:06:34.785306','1109','aaa aaa',3,'',15,1),
	(2604,'2017-05-30 22:06:34.787347','1110','aaa aaa',3,'',15,1),
	(2605,'2017-05-30 22:06:34.789295','1111','aaa aaa',3,'',15,1),
	(2606,'2017-05-30 22:10:30.781496','1112','aaa aaa',3,'',15,1),
	(2607,'2017-05-30 22:10:30.784110','1113','aaa aaa',3,'',15,1),
	(2608,'2017-05-30 22:10:30.786191','1114','aaa aaa',3,'',15,1),
	(2609,'2017-05-30 22:10:30.788299','1115','aaa aaa',3,'',15,1),
	(2610,'2017-05-30 22:10:30.790214','1116','aaa aaa',3,'',15,1),
	(2611,'2017-05-30 22:10:30.792331','1117','aaa aaa',3,'',15,1),
	(2612,'2017-05-30 22:10:30.794357','1118','aaa aaa',3,'',15,1),
	(2613,'2017-05-30 22:10:30.796883','1119','aaa aaa',3,'',15,1),
	(2614,'2017-05-30 22:10:30.799164','1120','aaa aaa',3,'',15,1),
	(2615,'2017-05-30 22:10:30.801421','1121','aaa aaa',3,'',15,1),
	(2616,'2017-05-30 22:10:30.804786','1122','aaa aaa',3,'',15,1),
	(2617,'2017-05-30 22:10:30.808561','1123','aaa aaa',3,'',15,1),
	(2618,'2017-05-30 22:10:30.811094','1124','aaa aaa',3,'',15,1),
	(2619,'2017-05-30 22:10:30.813202','1125','aaa aaa',3,'',15,1),
	(2620,'2017-05-30 22:10:30.815490','1126','aaa aaa',3,'',15,1),
	(2621,'2017-05-30 22:10:30.817614','1127','aaa aaa',3,'',15,1),
	(2622,'2017-05-30 22:10:30.819771','1128','aaa aaa',3,'',15,1),
	(2623,'2017-05-30 22:10:30.821764','1129','aaa aaa',3,'',15,1),
	(2624,'2017-05-30 22:10:30.823840','1130','aaa aaa',3,'',15,1),
	(2625,'2017-05-30 22:10:30.826207','1131','aaa aaa',3,'',15,1),
	(2626,'2017-05-30 22:10:30.828384','1132','aaa aaa',3,'',15,1),
	(2627,'2017-05-30 22:10:30.830348','1133','aaa aaa',3,'',15,1),
	(2628,'2017-05-30 22:10:30.832399','1134','aaa aaa',3,'',15,1),
	(2629,'2017-05-30 22:10:30.834661','1135','aaa aaa',3,'',15,1),
	(2630,'2017-05-30 22:10:30.836838','1136','aaa aaa',3,'',15,1),
	(2631,'2017-05-30 22:10:30.838980','1137','aaa aaa',3,'',15,1),
	(2632,'2017-05-30 22:10:30.841099','1138','aaa aaa',3,'',15,1),
	(2633,'2017-05-30 22:10:30.843054','1139','aaa aaa',3,'',15,1),
	(2634,'2017-05-30 22:10:30.845302','1140','aaa aaa',3,'',15,1),
	(2635,'2017-05-30 22:10:30.847410','1141','aaa aaa',3,'',15,1),
	(2636,'2017-05-30 22:10:30.849323','1142','aaa aaa',3,'',15,1),
	(2637,'2017-05-30 22:10:30.851186','1143','aaa aaa',3,'',15,1),
	(2638,'2017-05-30 22:10:30.852991','1144','aaa aaa',3,'',15,1),
	(2639,'2017-05-30 22:10:30.854802','1145','aaa aaa',3,'',15,1),
	(2640,'2017-05-30 22:10:30.856860','1146','aaa aaa',3,'',15,1),
	(2641,'2017-05-30 22:10:30.858724','1147','aaa aaa',3,'',15,1),
	(2642,'2017-05-30 22:10:30.860756','1148','aaa aaa',3,'',15,1),
	(2643,'2017-05-30 22:10:30.862713','1149','aaa aaa',3,'',15,1),
	(2644,'2017-05-30 22:10:30.864752','1150','aaa aaa',3,'',15,1),
	(2645,'2017-05-30 22:10:30.866761','1151','aaa aaa',3,'',15,1),
	(2646,'2017-05-30 22:10:30.868625','1152','aaa aaa',3,'',15,1),
	(2647,'2017-05-30 22:10:30.870385','1153','aaa aaa',3,'',15,1),
	(2648,'2017-05-30 22:10:30.872186','1154','aaa aaa',3,'',15,1),
	(2649,'2017-05-30 22:10:30.874042','1155','aaa aaa',3,'',15,1),
	(2650,'2017-05-30 22:10:30.875985','1156','aaa aaa',3,'',15,1),
	(2651,'2017-05-30 22:10:30.877906','1157','aaa aaa',3,'',15,1),
	(2652,'2017-05-30 22:10:30.879755','1158','aaa aaa',3,'',15,1),
	(2653,'2017-05-30 22:10:30.881142','1159','aaa aaa',3,'',15,1),
	(2654,'2017-05-30 22:10:30.882856','1160','aaa aaa',3,'',15,1),
	(2655,'2017-05-30 22:10:30.885006','1161','aaa aaa',3,'',15,1),
	(2656,'2017-05-30 22:10:30.886406','1162','aaa aaa',3,'',15,1),
	(2657,'2017-05-30 22:10:30.887763','1163','aaa aaa',3,'',15,1),
	(2658,'2017-05-30 22:10:30.889092','1164','aaa aaa',3,'',15,1),
	(2659,'2017-05-30 22:10:30.890594','1165','aaa aaa',3,'',15,1),
	(2660,'2017-05-30 22:10:30.892034','1166','aaa aaa',3,'',15,1),
	(2661,'2017-05-30 22:10:30.893993','1167','aaa aaa',3,'',15,1),
	(2662,'2017-05-30 22:10:30.895763','1168','aaa aaa',3,'',15,1),
	(2663,'2017-05-30 22:10:30.897770','1169','aaa aaa',3,'',15,1),
	(2664,'2017-05-30 22:10:30.899945','1170','aaa aaa',3,'',15,1),
	(2665,'2017-05-30 22:10:30.901782','1171','aaa aaa',3,'',15,1),
	(2666,'2017-05-30 22:10:30.903668','1172','aaa aaa',3,'',15,1),
	(2667,'2017-05-30 22:10:30.905554','1173','aaa aaa',3,'',15,1),
	(2668,'2017-05-30 22:10:30.907261','1174','aaa aaa',3,'',15,1),
	(2669,'2017-05-30 22:10:30.909029','1175','aaa aaa',3,'',15,1),
	(2670,'2017-05-30 22:10:30.910966','1176','aaa aaa',3,'',15,1),
	(2671,'2017-05-30 22:10:30.912761','1177','aaa aaa',3,'',15,1),
	(2672,'2017-05-30 22:10:30.914683','1178','aaa aaa',3,'',15,1),
	(2673,'2017-05-30 22:10:30.916625','1179','aaa aaa',3,'',15,1),
	(2674,'2017-05-30 22:10:30.918439','1180','aaa aaa',3,'',15,1),
	(2675,'2017-05-30 22:10:30.920201','1181','aaa aaa',3,'',15,1),
	(2676,'2017-05-30 22:10:30.921897','1182','aaa aaa',3,'',15,1),
	(2677,'2017-05-30 22:10:30.923741','1183','aaa aaa',3,'',15,1),
	(2678,'2017-05-30 22:10:30.925575','1184','aaa aaa',3,'',15,1),
	(2679,'2017-05-30 22:10:30.927383','1185','aaa aaa',3,'',15,1),
	(2680,'2017-05-30 22:10:30.929118','1186','aaa aaa',3,'',15,1),
	(2681,'2017-05-30 22:10:30.931034','1187','aaa aaa',3,'',15,1),
	(2682,'2017-05-30 22:10:30.932903','1188','aaa aaa',3,'',15,1),
	(2683,'2017-05-30 22:10:30.934820','1189','aaa aaa',3,'',15,1),
	(2684,'2017-05-30 22:10:30.936804','1190','aaa aaa',3,'',15,1),
	(2685,'2017-05-30 22:10:30.938914','1191','aaa aaa',3,'',15,1),
	(2686,'2017-05-30 22:10:30.940828','1192','aaa aaa',3,'',15,1),
	(2687,'2017-05-30 22:10:30.942997','1193','aaa aaa',3,'',15,1),
	(2688,'2017-05-30 22:10:30.944890','1194','aaa aaa',3,'',15,1),
	(2689,'2017-05-30 22:10:30.946803','1195','aaa aaa',3,'',15,1),
	(2690,'2017-05-30 22:10:30.948721','1196','aaa aaa',3,'',15,1),
	(2691,'2017-05-30 22:10:30.950599','1197','aaa aaa',3,'',15,1),
	(2692,'2017-05-30 22:10:30.952534','1198','aaa aaa',3,'',15,1),
	(2693,'2017-05-30 22:10:30.954589','1199','aaa aaa',3,'',15,1),
	(2694,'2017-05-30 22:10:30.956606','1200','aaa aaa',3,'',15,1),
	(2695,'2017-05-30 22:10:30.958702','1201','aaa aaa',3,'',15,1),
	(2696,'2017-05-30 22:10:30.960660','1202','aaa aaa',3,'',15,1),
	(2697,'2017-05-30 22:10:30.962681','1203','aaa aaa',3,'',15,1),
	(2698,'2017-05-30 22:10:30.964691','1204','aaa aaa',3,'',15,1),
	(2699,'2017-05-30 22:10:30.966648','1205','aaa aaa',3,'',15,1),
	(2700,'2017-05-30 22:10:30.968418','1206','aaa aaa',3,'',15,1),
	(2701,'2017-05-30 22:10:30.970222','1207','aaa aaa',3,'',15,1),
	(2702,'2017-05-30 22:10:30.972093','1208','aaa aaa',3,'',15,1),
	(2703,'2017-05-30 22:10:30.973901','1209','aaa aaa',3,'',15,1),
	(2704,'2017-05-30 22:10:30.975827','1210','aaa aaa',3,'',15,1),
	(2705,'2017-05-30 22:10:30.977977','1211','aaa aaa',3,'',15,1),
	(2706,'2017-05-30 22:10:30.979979','1212','aaa aaa',3,'',15,1),
	(2707,'2017-05-30 22:10:30.981971','1213','aaa aaa',3,'',15,1),
	(2708,'2017-05-30 22:10:30.983849','1214','aaa aaa',3,'',15,1),
	(2709,'2017-05-30 22:10:30.985771','1215','aaa aaa',3,'',15,1),
	(2710,'2017-05-30 22:10:30.987799','1216','aaa aaa',3,'',15,1),
	(2711,'2017-05-30 22:10:30.989985','1217','aaa aaa',3,'',15,1),
	(2712,'2017-05-30 22:10:30.992371','1218','aaa aaa',3,'',15,1),
	(2713,'2017-05-30 22:10:30.994514','1219','aaa aaa',3,'',15,1),
	(2714,'2017-05-30 22:10:30.996824','1220','aaa aaa',3,'',15,1),
	(2715,'2017-05-30 22:10:30.998925','1221','aaa aaa',3,'',15,1),
	(2716,'2017-05-30 22:10:31.001117','1222','aaa aaa',3,'',15,1),
	(2717,'2017-05-30 22:10:31.003159','1223','aaa aaa',3,'',15,1),
	(2718,'2017-05-30 22:10:31.007132','1224','aaa aaa',3,'',15,1),
	(2719,'2017-05-30 22:10:31.009207','1225','aaa aaa',3,'',15,1),
	(2720,'2017-05-30 22:10:31.011165','1226','aaa aaa',3,'',15,1),
	(2721,'2017-05-30 22:10:31.013049','1227','aaa aaa',3,'',15,1),
	(2722,'2017-05-30 22:10:31.014823','1228','aaa aaa',3,'',15,1),
	(2723,'2017-05-30 22:10:31.016663','1229','aaa aaa',3,'',15,1),
	(2724,'2017-05-30 22:10:31.018529','1230','aaa aaa',3,'',15,1),
	(2725,'2017-05-30 22:10:31.020328','1231','aaa aaa',3,'',15,1),
	(2726,'2017-05-30 22:10:31.022126','1232','aaa aaa',3,'',15,1),
	(2727,'2017-05-30 22:10:31.024214','1233','aaa aaa',3,'',15,1),
	(2728,'2017-05-30 22:10:31.026715','1234','aaa aaa',3,'',15,1),
	(2729,'2017-05-30 22:10:31.028944','1235','aaa aaa',3,'',15,1),
	(2730,'2017-05-30 22:10:31.030366','1236','aaa aaa',3,'',15,1),
	(2731,'2017-05-30 22:10:31.035807','1237','aaa aaa',3,'',15,1),
	(2732,'2017-05-30 22:10:31.038326','1238','aaa aaa',3,'',15,1),
	(2733,'2017-05-30 22:10:31.040148','1239','aaa aaa',3,'',15,1),
	(2734,'2017-05-30 22:10:31.041602','1240','aaa aaa',3,'',15,1),
	(2735,'2017-05-30 22:10:31.043268','1241','aaa aaa',3,'',15,1),
	(2736,'2017-05-30 22:10:31.045984','1242','aaa aaa',3,'',15,1),
	(2737,'2017-05-30 22:10:31.048666','1243','aaa aaa',3,'',15,1),
	(2738,'2017-05-30 22:10:31.050093','1244','aaa aaa',3,'',15,1),
	(2739,'2017-05-30 22:10:31.052293','1245','aaa aaa',3,'',15,1),
	(2740,'2017-05-30 22:10:31.054065','1246','aaa aaa',3,'',15,1),
	(2741,'2017-05-30 22:10:31.056131','1247','aaa aaa',3,'',15,1),
	(2742,'2017-05-30 22:10:31.059289','1248','aaa aaa',3,'',15,1),
	(2743,'2017-05-30 22:10:31.060809','1249','aaa aaa',3,'',15,1),
	(2744,'2017-05-30 22:10:31.062212','1250','aaa aaa',3,'',15,1),
	(2745,'2017-05-30 22:10:31.063827','1251','aaa aaa',3,'',15,1),
	(2746,'2017-05-30 22:10:31.065555','1252','aaa aaa',3,'',15,1),
	(2747,'2017-05-30 22:10:31.068446','1253','aaa aaa',3,'',15,1),
	(2748,'2017-05-30 22:10:31.071533','1254','aaa aaa',3,'',15,1),
	(2749,'2017-05-30 22:10:31.074285','1255','aaa aaa',3,'',15,1),
	(2750,'2017-05-30 22:10:31.078491','1256','aaa aaa',3,'',15,1),
	(2751,'2017-05-30 22:10:31.082166','1257','aaa aaa',3,'',15,1),
	(2752,'2017-05-30 22:10:31.083589','1258','aaa aaa',3,'',15,1),
	(2753,'2017-05-30 22:10:31.084960','1259','aaa aaa',3,'',15,1),
	(2754,'2017-05-30 22:10:31.087097','1260','aaa aaa',3,'',15,1),
	(2755,'2017-05-30 22:10:31.089677','1261','aaa aaa',3,'',15,1),
	(2756,'2017-05-30 22:10:31.091000','1262','aaa aaa',3,'',15,1),
	(2757,'2017-05-30 22:10:31.093587','1263','aaa aaa',3,'',15,1),
	(2758,'2017-05-30 22:10:31.096762','1264','aaa aaa',3,'',15,1),
	(2759,'2017-05-30 22:10:31.097938','1265','aaa aaa',3,'',15,1),
	(2760,'2017-05-30 22:10:31.104236','1266','aaa aaa',3,'',15,1),
	(2761,'2017-05-30 22:10:31.107529','1267','aaa aaa',3,'',15,1),
	(2762,'2017-05-30 22:10:31.110176','1268','aaa aaa',3,'',15,1),
	(2763,'2017-05-30 22:10:31.112435','1269','aaa aaa',3,'',15,1),
	(2764,'2017-05-30 22:10:31.114562','1270','aaa aaa',3,'',15,1),
	(2765,'2017-05-30 22:10:31.116794','1271','aaa aaa',3,'',15,1),
	(2766,'2017-05-30 22:10:31.118964','1272','aaa aaa',3,'',15,1),
	(2767,'2017-05-30 22:10:31.121361','1273','aaa aaa',3,'',15,1),
	(2768,'2017-05-30 22:10:31.123211','1274','aaa aaa',3,'',15,1),
	(2769,'2017-05-30 22:10:31.124997','1275','aaa aaa',3,'',15,1),
	(2770,'2017-05-30 22:10:31.126846','1276','aaa aaa',3,'',15,1),
	(2771,'2017-05-30 22:10:31.129287','1277','aaa aaa',3,'',15,1),
	(2772,'2017-05-30 22:10:31.131358','1278','aaa aaa',3,'',15,1),
	(2773,'2017-05-30 22:10:31.133686','1279','aaa aaa',3,'',15,1),
	(2774,'2017-05-30 22:10:31.135815','1280','aaa aaa',3,'',15,1),
	(2775,'2017-05-30 22:10:31.137738','1281','aaa aaa',3,'',15,1),
	(2776,'2017-05-30 22:10:31.139859','1282','aaa aaa',3,'',15,1),
	(2777,'2017-05-30 22:10:31.142140','1283','aaa aaa',3,'',15,1),
	(2778,'2017-05-30 22:10:31.144075','1284','aaa aaa',3,'',15,1),
	(2779,'2017-05-30 22:10:31.146124','1285','aaa aaa',3,'',15,1),
	(2780,'2017-05-30 22:10:31.148250','1286','aaa aaa',3,'',15,1),
	(2781,'2017-05-30 22:10:31.150142','1287','aaa aaa',3,'',15,1),
	(2782,'2017-05-30 22:10:31.152103','1288','aaa aaa',3,'',15,1),
	(2783,'2017-05-30 22:10:31.154684','1289','aaa aaa',3,'',15,1),
	(2784,'2017-05-30 22:10:31.156727','1290','aaa aaa',3,'',15,1),
	(2785,'2017-05-30 22:10:31.159412','1291','aaa aaa',3,'',15,1),
	(2786,'2017-05-30 22:10:31.161623','1292','aaa aaa',3,'',15,1),
	(2787,'2017-05-30 22:10:31.163898','1293','aaa aaa',3,'',15,1),
	(2788,'2017-05-30 22:10:31.166275','1294','aaa aaa',3,'',15,1),
	(2789,'2017-05-30 22:10:31.168485','1295','aaa aaa',3,'',15,1),
	(2790,'2017-05-30 22:10:31.170939','1296','aaa aaa',3,'',15,1),
	(2791,'2017-05-30 22:10:31.173186','1297','aaa aaa',3,'',15,1),
	(2792,'2017-05-30 22:10:31.175815','1298','aaa aaa',3,'',15,1),
	(2793,'2017-05-30 22:10:31.178010','1299','aaa aaa',3,'',15,1),
	(2794,'2017-05-30 22:10:31.180227','1300','aaa aaa',3,'',15,1),
	(2795,'2017-05-30 22:10:31.182774','1301','aaa aaa',3,'',15,1),
	(2796,'2017-05-30 22:10:31.184940','1302','aaa aaa',3,'',15,1),
	(2797,'2017-05-30 22:10:31.187117','1303','aaa aaa',3,'',15,1),
	(2798,'2017-05-30 22:10:31.188977','1304','aaa aaa',3,'',15,1),
	(2799,'2017-05-30 22:10:31.190919','1305','aaa aaa',3,'',15,1),
	(2800,'2017-05-30 22:10:31.193164','1306','aaa aaa',3,'',15,1),
	(2801,'2017-05-30 22:10:31.195421','1307','aaa aaa',3,'',15,1),
	(2802,'2017-05-30 22:10:31.197508','1308','aaa aaa',3,'',15,1),
	(2803,'2017-05-30 22:10:31.200062','1309','aaa aaa',3,'',15,1),
	(2804,'2017-05-30 22:10:31.202269','1310','aaa aaa',3,'',15,1),
	(2805,'2017-05-30 22:10:31.204266','1311','aaa aaa',3,'',15,1),
	(2806,'2017-05-30 22:10:31.206368','1312','aaa aaa',3,'',15,1),
	(2807,'2017-05-30 22:10:31.208513','1313','aaa aaa',3,'',15,1),
	(2808,'2017-05-30 22:10:31.210992','1314','aaa aaa',3,'',15,1),
	(2809,'2017-05-30 22:10:31.213183','1315','aaa aaa',3,'',15,1),
	(2810,'2017-05-30 22:10:31.215844','1316','aaa aaa',3,'',15,1),
	(2811,'2017-05-30 22:10:31.217918','1317','aaa aaa',3,'',15,1),
	(2812,'2017-05-30 22:10:31.219785','1318','aaa aaa',3,'',15,1),
	(2813,'2017-05-30 22:10:31.221752','1319','aaa aaa',3,'',15,1),
	(2814,'2017-05-30 22:10:31.223671','1320','aaa aaa',3,'',15,1),
	(2815,'2017-05-30 22:10:31.225935','1321','aaa aaa',3,'',15,1),
	(2816,'2017-05-30 22:10:31.228130','1322','aaa aaa',3,'',15,1),
	(2817,'2017-05-30 22:10:31.230715','1323','aaa aaa',3,'',15,1),
	(2818,'2017-05-30 22:10:31.232885','1324','aaa aaa',3,'',15,1),
	(2819,'2017-05-30 22:10:31.234392','1325','aaa aaa',3,'',15,1),
	(2820,'2017-05-30 22:10:31.236526','1326','aaa aaa',3,'',15,1),
	(2821,'2017-05-30 22:10:31.237942','1327','aaa aaa',3,'',15,1),
	(2822,'2017-05-30 22:10:31.239305','1328','aaa aaa',3,'',15,1),
	(2823,'2017-05-30 22:10:31.240975','1329','aaa aaa',3,'',15,1),
	(2824,'2017-05-30 22:10:31.243478','1330','aaa aaa',3,'',15,1),
	(2825,'2017-05-30 22:10:31.244938','1331','aaa aaa',3,'',15,1),
	(2826,'2017-05-30 22:10:31.247570','1332','aaa aaa',3,'',15,1),
	(2827,'2017-05-30 22:10:31.249665','1333','aaa aaa',3,'',15,1),
	(2828,'2017-05-30 22:10:31.251768','1334','aaa aaa',3,'',15,1),
	(2829,'2017-05-30 22:10:31.254331','1335','aaa aaa',3,'',15,1),
	(2830,'2017-05-30 22:10:31.256336','1336','aaa aaa',3,'',15,1),
	(2831,'2017-05-30 22:10:31.259105','1337','aaa aaa',3,'',15,1),
	(2832,'2017-05-30 22:10:31.261175','1338','aaa aaa',3,'',15,1),
	(2833,'2017-05-30 22:10:31.263780','1339','aaa aaa',3,'',15,1),
	(2834,'2017-05-30 22:10:31.266342','1340','aaa aaa',3,'',15,1),
	(2835,'2017-05-30 22:10:31.268589','1341','aaa aaa',3,'',15,1),
	(2836,'2017-05-30 22:10:31.270918','1342','aaa aaa',3,'',15,1),
	(2837,'2017-05-30 22:10:31.272906','1343','aaa aaa',3,'',15,1),
	(2838,'2017-05-30 22:10:31.274701','1344','aaa aaa',3,'',15,1),
	(2839,'2017-05-30 22:10:31.277035','1345','aaa aaa',3,'',15,1),
	(2840,'2017-05-30 22:10:31.278829','1346','aaa aaa',3,'',15,1),
	(2841,'2017-05-30 22:10:31.280727','1347','aaa aaa',3,'',15,1),
	(2842,'2017-05-30 22:10:31.283474','1348','aaa aaa',3,'',15,1),
	(2843,'2017-05-30 22:10:31.285641','1349','aaa aaa',3,'',15,1),
	(2844,'2017-05-30 22:10:31.288308','1350','aaa aaa',3,'',15,1),
	(2845,'2017-05-30 22:10:31.290587','1351','aaa aaa',3,'',15,1),
	(2846,'2017-05-30 22:10:31.292763','1352','aaa aaa',3,'',15,1),
	(2847,'2017-05-30 22:10:31.295125','1353','aaa aaa',3,'',15,1),
	(2848,'2017-05-30 22:10:31.297323','1354','aaa aaa',3,'',15,1),
	(2849,'2017-05-30 22:10:31.299098','1355','aaa aaa',3,'',15,1),
	(2850,'2017-05-30 22:10:31.301011','1356','aaa aaa',3,'',15,1),
	(2851,'2017-05-30 22:10:31.302835','1357','aaa aaa',3,'',15,1),
	(2852,'2017-05-30 22:10:31.305054','1358','aaa aaa',3,'',15,1),
	(2853,'2017-05-30 22:10:31.307791','1359','aaa aaa',3,'',15,1),
	(2854,'2017-05-30 22:10:31.309715','1360','aaa aaa',3,'',15,1),
	(2855,'2017-05-30 22:10:31.312139','1361','aaa aaa',3,'',15,1),
	(2856,'2017-05-30 22:10:31.314108','1362','aaa aaa',3,'',15,1),
	(2857,'2017-05-30 22:10:31.315870','1363','aaa aaa',3,'',15,1),
	(2858,'2017-05-30 22:10:31.317628','1364','aaa aaa',3,'',15,1),
	(2859,'2017-05-30 22:10:31.319937','1365','aaa aaa',3,'',15,1),
	(2860,'2017-05-30 22:10:31.322090','1366','aaa aaa',3,'',15,1),
	(2861,'2017-05-30 22:10:31.324697','1367','aaa aaa',3,'',15,1),
	(2862,'2017-05-30 22:10:31.326935','1368','aaa aaa',3,'',15,1),
	(2863,'2017-05-30 22:10:31.329572','1369','aaa aaa',3,'',15,1),
	(2864,'2017-05-30 22:10:31.331843','1370','aaa aaa',3,'',15,1),
	(2865,'2017-05-30 22:10:31.334062','1371','aaa aaa',3,'',15,1),
	(2866,'2017-05-30 22:10:31.335937','1372','aaa aaa',3,'',15,1),
	(2867,'2017-05-30 22:10:31.338016','1373','aaa aaa',3,'',15,1),
	(2868,'2017-05-30 22:10:31.340492','1374','aaa aaa',3,'',15,1),
	(2869,'2017-05-30 22:10:31.342573','1375','aaa aaa',3,'',15,1),
	(2870,'2017-05-30 22:10:31.345189','1376','aaa aaa',3,'',15,1),
	(2871,'2017-05-30 22:10:31.347309','1377','aaa aaa',3,'',15,1),
	(2872,'2017-05-30 22:10:31.349318','1378','aaa aaa',3,'',15,1),
	(2873,'2017-05-30 22:10:31.351412','1379','aaa aaa',3,'',15,1),
	(2874,'2017-05-30 22:10:31.353670','1380','aaa aaa',3,'',15,1),
	(2875,'2017-05-30 22:10:31.355578','1381','aaa aaa',3,'',15,1),
	(2876,'2017-05-30 22:10:31.357422','1382','aaa aaa',3,'',15,1),
	(2877,'2017-05-30 22:10:31.359259','1383','aaa aaa',3,'',15,1),
	(2878,'2017-05-30 22:10:31.361110','1384','aaa aaa',3,'',15,1),
	(2879,'2017-05-30 22:10:31.363452','1385','aaa aaa',3,'',15,1),
	(2880,'2017-05-30 22:10:31.365808','1386','aaa aaa',3,'',15,1),
	(2881,'2017-05-30 22:10:31.367958','1387','aaa aaa',3,'',15,1),
	(2882,'2017-05-30 22:10:31.369813','1388','aaa aaa',3,'',15,1),
	(2883,'2017-05-30 22:10:31.371699','1389','aaa aaa',3,'',15,1),
	(2884,'2017-05-30 22:10:31.373807','1390','aaa aaa',3,'',15,1),
	(2885,'2017-05-30 22:10:31.376036','1391','aaa aaa',3,'',15,1),
	(2886,'2017-05-30 22:10:31.377902','1392','aaa aaa',3,'',15,1),
	(2887,'2017-05-30 22:10:31.379767','1393','aaa aaa',3,'',15,1),
	(2888,'2017-05-30 22:10:31.382179','1394','aaa aaa',3,'',15,1),
	(2889,'2017-05-30 22:10:31.384371','1395','aaa aaa',3,'',15,1),
	(2890,'2017-05-30 22:10:31.386323','1396','aaa aaa',3,'',15,1),
	(2891,'2017-05-30 22:10:31.388321','1397','aaa aaa',3,'',15,1),
	(2892,'2017-05-30 22:10:31.390393','1398','aaa aaa',3,'',15,1),
	(2893,'2017-05-30 22:10:31.392432','1399','aaa aaa',3,'',15,1),
	(2894,'2017-05-30 22:10:31.394362','1400','aaa aaa',3,'',15,1),
	(2895,'2017-05-30 22:10:31.396263','1401','aaa aaa',3,'',15,1),
	(2896,'2017-05-30 22:10:31.398106','1402','aaa aaa',3,'',15,1),
	(2897,'2017-05-30 22:10:31.399990','1403','aaa aaa',3,'',15,1),
	(2898,'2017-05-30 22:10:31.402049','1404','aaa aaa',3,'',15,1),
	(2899,'2017-05-30 22:10:31.403926','1405','aaa aaa',3,'',15,1),
	(2900,'2017-05-30 22:10:31.405739','1406','aaa aaa',3,'',15,1),
	(2901,'2017-05-30 22:10:31.407847','1407','aaa aaa',3,'',15,1),
	(2902,'2017-05-30 22:10:31.409788','1408','aaa aaa',3,'',15,1),
	(2903,'2017-05-30 22:10:31.411701','1409','aaa aaa',3,'',15,1),
	(2904,'2017-05-30 22:13:04.342443','1458','aaa aaa',3,'',15,1),
	(2905,'2017-05-30 22:13:04.344946','1459','aaa aaa',3,'',15,1),
	(2906,'2017-05-30 22:13:04.347217','1460','aaa aaa',3,'',15,1),
	(2907,'2017-05-30 22:13:04.349590','1461','aaa aaa',3,'',15,1),
	(2908,'2017-05-30 22:13:04.351683','1462','aaa aaa',3,'',15,1),
	(2909,'2017-05-30 22:13:04.354136','1463','aaa aaa',3,'',15,1),
	(2910,'2017-05-30 22:13:04.356825','1464','aaa aaa',3,'',15,1),
	(2911,'2017-05-30 22:13:04.358857','1465','aaa aaa',3,'',15,1),
	(2912,'2017-05-30 22:13:04.360899','1466','aaa aaa',3,'',15,1),
	(2913,'2017-05-30 22:13:04.362904','1467','aaa aaa',3,'',15,1),
	(2914,'2017-05-30 22:13:04.365295','1468','aaa aaa',3,'',15,1),
	(2915,'2017-05-30 22:13:04.367237','1469','aaa aaa',3,'',15,1),
	(2916,'2017-05-30 22:13:04.369453','1470','aaa aaa',3,'',15,1),
	(2917,'2017-05-30 22:13:04.371705','1471','aaa aaa',3,'',15,1),
	(2918,'2017-05-30 22:13:04.373859','1472','aaa aaa',3,'',15,1),
	(2919,'2017-05-30 22:13:04.375645','1473','aaa aaa',3,'',15,1),
	(2920,'2017-05-30 22:13:04.377486','1474','aaa aaa',3,'',15,1),
	(2921,'2017-05-30 22:13:04.379654','1475','aaa aaa',3,'',15,1),
	(2922,'2017-05-30 22:13:04.381666','1476','aaa aaa',3,'',15,1),
	(2923,'2017-05-30 22:13:04.383672','1477','aaa aaa',3,'',15,1),
	(2924,'2017-05-30 22:13:04.385809','1478','aaa aaa',3,'',15,1),
	(2925,'2017-05-30 22:13:04.388313','1479','aaa aaa',3,'',15,1),
	(2926,'2017-05-30 22:13:04.390290','1480','aaa aaa',3,'',15,1),
	(2927,'2017-05-30 22:13:04.392218','1481','aaa aaa',3,'',15,1),
	(2928,'2017-05-30 22:13:04.394337','1482','aaa aaa',3,'',15,1),
	(2929,'2017-05-30 22:13:04.397020','1483','aaa aaa',3,'',15,1),
	(2930,'2017-05-30 22:13:04.399235','1484','aaa aaa',3,'',15,1),
	(2931,'2017-05-30 22:13:04.401586','1485','aaa aaa',3,'',15,1),
	(2932,'2017-05-30 22:13:04.403734','1486','aaa aaa',3,'',15,1),
	(2933,'2017-05-30 22:13:04.405709','1487','aaa aaa',3,'',15,1),
	(2934,'2017-05-30 22:13:04.408284','1488','aaa aaa',3,'',15,1),
	(2935,'2017-05-30 22:13:04.410194','1489','aaa aaa',3,'',15,1),
	(2936,'2017-05-30 22:13:04.412649','1490','aaa aaa',3,'',15,1),
	(2937,'2017-05-30 22:13:04.414602','1491','aaa aaa',3,'',15,1),
	(2938,'2017-05-30 22:13:04.416442','1492','aaa aaa',3,'',15,1),
	(2939,'2017-05-30 22:13:04.418473','1493','aaa aaa',3,'',15,1),
	(2940,'2017-05-30 22:13:04.420862','1494','aaa aaa',3,'',15,1),
	(2941,'2017-05-30 22:13:04.422955','1495','aaa aaa',3,'',15,1),
	(2942,'2017-05-30 22:13:04.424889','1496','aaa aaa',3,'',15,1),
	(2943,'2017-05-30 22:13:04.426839','1497','aaa aaa',3,'',15,1),
	(2944,'2017-05-30 22:13:04.428654','1498','aaa aaa',3,'',15,1),
	(2945,'2017-05-30 22:13:04.430710','1499','aaa aaa',3,'',15,1),
	(2946,'2017-05-30 22:13:04.433352','1500','aaa aaa',3,'',15,1),
	(2947,'2017-05-30 22:13:04.435640','1501','aaa aaa',3,'',15,1),
	(2948,'2017-05-30 22:13:04.438669','1502','aaa aaa',3,'',15,1),
	(2949,'2017-05-30 22:13:04.440700','1503','aaa aaa',3,'',15,1),
	(2950,'2017-05-30 22:13:04.442568','1504','aaa aaa',3,'',15,1),
	(2951,'2017-05-30 22:13:04.444735','1505','aaa aaa',3,'',15,1),
	(2952,'2017-05-30 22:13:04.446709','1506','aaa aaa',3,'',15,1),
	(2953,'2017-05-30 22:13:04.448202','1507','aaa aaa',3,'',15,1),
	(2954,'2017-05-30 22:13:04.449635','1508','aaa aaa',3,'',15,1),
	(2955,'2017-05-30 22:13:04.451977','1509','aaa aaa',3,'',15,1),
	(2956,'2017-05-30 22:15:54.973565','1410','aaa aaa',3,'',15,1),
	(2957,'2017-05-30 22:15:54.978330','1411','aaa aaa',3,'',15,1),
	(2958,'2017-05-30 22:15:54.980916','1412','aaa aaa',3,'',15,1),
	(2959,'2017-05-30 22:15:54.982898','1413','aaa aaa',3,'',15,1),
	(2960,'2017-05-30 22:15:54.984974','1414','aaa aaa',3,'',15,1),
	(2961,'2017-05-30 22:15:54.986802','1415','aaa aaa',3,'',15,1),
	(2962,'2017-05-30 22:15:54.988946','1416','aaa aaa',3,'',15,1),
	(2963,'2017-05-30 22:15:54.991614','1417','aaa aaa',3,'',15,1),
	(2964,'2017-05-30 22:15:54.994024','1418','aaa aaa',3,'',15,1),
	(2965,'2017-05-30 22:15:54.996676','1419','aaa aaa',3,'',15,1),
	(2966,'2017-05-30 22:15:54.998995','1420','aaa aaa',3,'',15,1),
	(2967,'2017-05-30 22:15:55.000862','1421','aaa aaa',3,'',15,1),
	(2968,'2017-05-30 22:15:55.002977','1422','aaa aaa',3,'',15,1),
	(2969,'2017-05-30 22:15:55.005500','1423','aaa aaa',3,'',15,1),
	(2970,'2017-05-30 22:15:55.008001','1424','aaa aaa',3,'',15,1),
	(2971,'2017-05-30 22:15:55.010331','1425','aaa aaa',3,'',15,1),
	(2972,'2017-05-30 22:15:55.013431','1426','aaa aaa',3,'',15,1),
	(2973,'2017-05-30 22:15:55.015583','1427','aaa aaa',3,'',15,1),
	(2974,'2017-05-30 22:15:55.017893','1428','aaa aaa',3,'',15,1),
	(2975,'2017-05-30 22:15:55.020668','1429','aaa aaa',3,'',15,1),
	(2976,'2017-05-30 22:15:55.023424','1430','aaa aaa',3,'',15,1),
	(2977,'2017-05-30 22:15:55.025035','1431','aaa aaa',3,'',15,1),
	(2978,'2017-05-30 22:15:55.026405','1432','aaa aaa',3,'',15,1),
	(2979,'2017-05-30 22:15:55.028629','1433','aaa aaa',3,'',15,1),
	(2980,'2017-05-30 22:15:55.031348','1434','aaa aaa',3,'',15,1),
	(2981,'2017-05-30 22:15:55.033467','1435','aaa aaa',3,'',15,1),
	(2982,'2017-05-30 22:15:55.035744','1436','aaa aaa',3,'',15,1),
	(2983,'2017-05-30 22:15:55.037706','1437','aaa aaa',3,'',15,1),
	(2984,'2017-05-30 22:15:55.039714','1438','aaa aaa',3,'',15,1),
	(2985,'2017-05-30 22:15:55.041752','1439','aaa aaa',3,'',15,1),
	(2986,'2017-05-30 22:15:55.043669','1440','aaa aaa',3,'',15,1),
	(2987,'2017-05-30 22:15:55.045810','1441','aaa aaa',3,'',15,1),
	(2988,'2017-05-30 22:15:55.048333','1442','aaa aaa',3,'',15,1),
	(2989,'2017-05-30 22:15:55.050482','1443','aaa aaa',3,'',15,1),
	(2990,'2017-05-30 22:15:55.052562','1444','aaa aaa',3,'',15,1),
	(2991,'2017-05-30 22:15:55.054492','1445','aaa aaa',3,'',15,1),
	(2992,'2017-05-30 22:15:55.056766','1446','aaa aaa',3,'',15,1),
	(2993,'2017-05-30 22:15:55.058606','1447','aaa aaa',3,'',15,1),
	(2994,'2017-05-30 22:15:55.060508','1448','aaa aaa',3,'',15,1),
	(2995,'2017-05-30 22:15:55.062766','1449','aaa aaa',3,'',15,1),
	(2996,'2017-05-30 22:15:55.064828','1450','aaa aaa',3,'',15,1),
	(2997,'2017-05-30 22:15:55.066855','1451','aaa aaa',3,'',15,1),
	(2998,'2017-05-30 22:15:55.069318','1452','aaa aaa',3,'',15,1),
	(2999,'2017-05-30 22:15:55.071282','1453','aaa aaa',3,'',15,1),
	(3000,'2017-05-30 22:15:55.073043','1454','aaa aaa',3,'',15,1),
	(3001,'2017-05-30 22:15:55.075023','1455','aaa aaa',3,'',15,1),
	(3002,'2017-05-30 22:15:55.076852','1456','aaa aaa',3,'',15,1),
	(3003,'2017-05-30 22:15:55.078816','1457','aaa aaa',3,'',15,1),
	(3004,'2017-05-30 22:15:55.080841','1510','aaa aaa',3,'',15,1),
	(3005,'2017-05-30 22:15:55.082763','1511','aaa aaa',3,'',15,1),
	(3006,'2017-05-30 22:15:55.084557','1512','aaa aaa',3,'',15,1),
	(3007,'2017-05-30 22:15:55.086739','1513','aaa aaa',3,'',15,1),
	(3008,'2017-05-30 22:15:55.088915','1514','aaa aaa',3,'',15,1),
	(3009,'2017-05-30 22:15:55.090305','1515','aaa aaa',3,'',15,1),
	(3010,'2017-05-30 22:15:55.093078','1516','aaa aaa',3,'',15,1),
	(3011,'2017-05-30 22:15:55.095222','1517','aaa aaa',3,'',15,1),
	(3012,'2017-05-30 22:15:55.097577','1518','aaa aaa',3,'',15,1),
	(3013,'2017-05-30 22:15:55.099759','1519','aaa aaa',3,'',15,1),
	(3014,'2017-05-30 22:15:55.101664','1520','aaa aaa',3,'',15,1),
	(3015,'2017-05-30 22:15:55.103768','1521','aaa aaa',3,'',15,1),
	(3016,'2017-05-30 22:15:55.106004','1522','aaa aaa',3,'',15,1),
	(3017,'2017-05-30 22:15:55.108668','1523','aaa aaa',3,'',15,1),
	(3018,'2017-05-30 22:15:55.110784','1524','aaa aaa',3,'',15,1),
	(3019,'2017-05-30 22:15:55.113052','1525','aaa aaa',3,'',15,1),
	(3020,'2017-05-30 22:15:55.115223','1526','aaa aaa',3,'',15,1),
	(3021,'2017-05-30 22:15:55.117851','1527','aaa aaa',3,'',15,1),
	(3022,'2017-05-30 22:15:55.120666','1528','aaa aaa',3,'',15,1),
	(3023,'2017-05-30 22:15:55.122746','1529','aaa aaa',3,'',15,1),
	(3024,'2017-05-30 22:15:55.124972','1530','aaa aaa',3,'',15,1),
	(3025,'2017-05-30 22:15:55.127010','1531','aaa aaa',3,'',15,1),
	(3026,'2017-05-30 22:15:55.129191','1532','aaa aaa',3,'',15,1),
	(3027,'2017-05-30 22:15:55.131468','1533','aaa aaa',3,'',15,1),
	(3028,'2017-05-30 22:15:55.133700','1534','aaa aaa',3,'',15,1),
	(3029,'2017-05-30 22:15:55.135615','1535','aaa aaa',3,'',15,1),
	(3030,'2017-05-30 22:15:55.137876','1536','aaa aaa',3,'',15,1),
	(3031,'2017-05-30 22:15:55.140018','1537','aaa aaa',3,'',15,1),
	(3032,'2017-05-30 22:15:55.142178','1538','aaa aaa',3,'',15,1),
	(3033,'2017-05-30 22:15:55.144579','1539','aaa aaa',3,'',15,1),
	(3034,'2017-05-30 22:15:55.146774','1540','aaa aaa',3,'',15,1),
	(3035,'2017-05-30 22:15:55.149249','1541','aaa aaa',3,'',15,1),
	(3036,'2017-05-30 22:15:55.151630','1542','aaa aaa',3,'',15,1),
	(3037,'2017-05-30 22:15:55.153918','1543','aaa aaa',3,'',15,1),
	(3038,'2017-05-30 22:15:55.156000','1544','aaa aaa',3,'',15,1),
	(3039,'2017-05-30 22:15:55.158177','1545','aaa aaa',3,'',15,1),
	(3040,'2017-05-30 22:15:55.160395','1546','aaa aaa',3,'',15,1),
	(3041,'2017-05-30 22:15:55.162441','1547','aaa aaa',3,'',15,1),
	(3042,'2017-05-30 22:15:55.163808','1548','aaa aaa',3,'',15,1),
	(3043,'2017-05-30 22:15:55.165739','1549','aaa aaa',3,'',15,1),
	(3044,'2017-05-30 22:15:55.167922','1550','aaa aaa',3,'',15,1),
	(3045,'2017-05-30 22:15:55.169344','1551','aaa aaa',3,'',15,1),
	(3046,'2017-05-30 22:15:55.170801','1552','aaa aaa',3,'',15,1),
	(3047,'2017-05-30 22:15:55.172341','1553','aaa aaa',3,'',15,1),
	(3048,'2017-05-30 22:15:55.174222','1554','aaa aaa',3,'',15,1),
	(3049,'2017-05-30 22:15:55.175998','1555','aaa aaa',3,'',15,1),
	(3050,'2017-05-30 22:15:55.177826','1556','aaa aaa',3,'',15,1),
	(3051,'2017-05-30 22:15:55.179582','1557','aaa aaa',3,'',15,1),
	(3052,'2017-05-30 22:15:55.181447','1558','aaa aaa',3,'',15,1),
	(3053,'2017-05-30 22:15:55.183334','1559','aaa aaa',3,'',15,1),
	(3054,'2017-05-30 22:15:55.185306','1560','aaa aaa',3,'',15,1),
	(3055,'2017-05-30 22:15:55.187061','1561','aaa aaa',3,'',15,1),
	(3056,'2017-05-30 22:15:55.189004','1562','aaa aaa',3,'',15,1),
	(3057,'2017-05-30 22:15:55.190836','1563','aaa aaa',3,'',15,1),
	(3058,'2017-05-30 22:15:55.192663','1564','aaa aaa',3,'',15,1),
	(3059,'2017-05-30 22:15:55.194606','1565','aaa aaa',3,'',15,1),
	(3060,'2017-05-30 22:15:55.196521','1566','aaa aaa',3,'',15,1),
	(3061,'2017-05-30 22:15:55.198514','1567','aaa aaa',3,'',15,1),
	(3062,'2017-05-30 22:15:55.200429','1568','aaa aaa',3,'',15,1),
	(3063,'2017-05-30 22:15:55.202273','1569','aaa aaa',3,'',15,1),
	(3064,'2017-05-30 22:15:55.204030','1570','aaa aaa',3,'',15,1),
	(3065,'2017-05-30 22:15:55.205829','1571','aaa aaa',3,'',15,1),
	(3066,'2017-05-30 22:15:55.207630','1572','aaa aaa',3,'',15,1),
	(3067,'2017-05-30 22:15:55.209540','1573','aaa aaa',3,'',15,1),
	(3068,'2017-05-30 22:15:55.211747','1574','aaa aaa',3,'',15,1),
	(3069,'2017-05-30 22:15:55.213728','1575','aaa aaa',3,'',15,1),
	(3070,'2017-05-30 22:15:55.215476','1576','aaa aaa',3,'',15,1),
	(3071,'2017-05-30 22:15:55.217531','1577','aaa aaa',3,'',15,1),
	(3072,'2017-05-30 22:15:55.219509','1578','aaa aaa',3,'',15,1),
	(3073,'2017-05-30 22:15:55.221481','1579','aaa aaa',3,'',15,1),
	(3074,'2017-05-30 22:15:55.223430','1580','aaa aaa',3,'',15,1),
	(3075,'2017-05-30 22:15:55.225421','1581','aaa aaa',3,'',15,1),
	(3076,'2017-05-30 22:15:55.227319','1582','aaa aaa',3,'',15,1),
	(3077,'2017-05-30 22:15:55.229310','1583','aaa aaa',3,'',15,1),
	(3078,'2017-05-30 22:15:55.231207','1584','aaa aaa',3,'',15,1),
	(3079,'2017-05-30 22:15:55.233029','1585','aaa aaa',3,'',15,1),
	(3080,'2017-05-30 22:15:55.234876','1586','aaa aaa',3,'',15,1),
	(3081,'2017-05-30 22:15:55.237027','1587','aaa aaa',3,'',15,1),
	(3082,'2017-05-30 22:15:55.238986','1588','aaa aaa',3,'',15,1),
	(3083,'2017-05-30 22:15:55.240958','1589','aaa aaa',3,'',15,1),
	(3084,'2017-05-30 22:15:55.242718','1590','aaa aaa',3,'',15,1),
	(3085,'2017-05-30 22:15:55.244533','1591','aaa aaa',3,'',15,1),
	(3086,'2017-05-30 22:15:55.246616','1592','aaa aaa',3,'',15,1),
	(3087,'2017-05-30 22:15:55.248637','1593','aaa aaa',3,'',15,1),
	(3088,'2017-05-30 22:15:55.249983','1594','aaa aaa',3,'',15,1),
	(3089,'2017-05-30 22:15:55.251274','1595','aaa aaa',3,'',15,1),
	(3090,'2017-05-30 22:15:55.252741','1596','aaa aaa',3,'',15,1),
	(3091,'2017-05-30 22:15:55.254125','1597','aaa aaa',3,'',15,1),
	(3092,'2017-05-30 22:15:55.255942','1598','aaa aaa',3,'',15,1),
	(3093,'2017-05-30 22:15:55.257305','1599','aaa aaa',3,'',15,1),
	(3094,'2017-05-30 22:15:55.258765','1600','aaa aaa',3,'',15,1),
	(3095,'2017-05-30 22:15:55.260054','1601','aaa aaa',3,'',15,1),
	(3096,'2017-05-30 22:15:55.262030','1602','aaa aaa',3,'',15,1),
	(3097,'2017-05-30 22:15:55.264075','1603','aaa aaa',3,'',15,1),
	(3098,'2017-05-30 22:15:55.266021','1604','aaa aaa',3,'',15,1),
	(3099,'2017-05-30 22:15:55.267738','1605','aaa aaa',3,'',15,1),
	(3100,'2017-05-30 22:15:55.269574','1606','aaa aaa',3,'',15,1),
	(3101,'2017-05-30 22:15:55.271530','1607','aaa aaa',3,'',15,1),
	(3102,'2017-05-30 22:15:55.273456','1608','aaa aaa',3,'',15,1),
	(3103,'2017-05-30 22:15:55.275319','1609','aaa aaa',3,'',15,1),
	(3104,'2017-05-30 22:15:55.277000','1610','aaa aaa',3,'',15,1),
	(3105,'2017-05-30 22:17:12.328497','1611','aaa aaa',3,'',15,1),
	(3106,'2017-05-30 22:17:12.330719','1612','aaa aaa',3,'',15,1),
	(3107,'2017-05-30 22:17:12.332795','1613','aaa aaa',3,'',15,1),
	(3108,'2017-05-30 22:17:12.335329','1614','aaa aaa',3,'',15,1),
	(3109,'2017-05-30 22:17:12.337238','1615','aaa aaa',3,'',15,1),
	(3110,'2017-05-30 22:17:12.339302','1616','aaa aaa',3,'',15,1),
	(3111,'2017-05-30 22:17:12.341267','1617','aaa aaa',3,'',15,1),
	(3112,'2017-05-30 22:17:12.343249','1618','aaa aaa',3,'',15,1),
	(3113,'2017-05-30 22:17:12.345333','1619','aaa aaa',3,'',15,1),
	(3114,'2017-05-30 22:17:12.347834','1620','aaa aaa',3,'',15,1),
	(3115,'2017-05-30 22:17:12.350068','1621','aaa aaa',3,'',15,1),
	(3116,'2017-05-30 22:17:12.352563','1622','aaa aaa',3,'',15,1),
	(3117,'2017-05-30 22:17:12.354505','1623','aaa aaa',3,'',15,1),
	(3118,'2017-05-30 22:17:12.356414','1624','aaa aaa',3,'',15,1),
	(3119,'2017-05-30 22:17:12.359310','1625','aaa aaa',3,'',15,1),
	(3120,'2017-05-30 22:17:12.361380','1626','aaa aaa',3,'',15,1),
	(3121,'2017-05-30 22:17:12.363225','1627','aaa aaa',3,'',15,1),
	(3122,'2017-05-30 22:17:12.365011','1628','aaa aaa',3,'',15,1),
	(3123,'2017-05-30 22:17:12.367472','1629','aaa aaa',3,'',15,1),
	(3124,'2017-05-30 22:17:12.369423','1630','aaa aaa',3,'',15,1),
	(3125,'2017-05-30 22:17:12.371402','1631','aaa aaa',3,'',15,1),
	(3126,'2017-05-30 22:17:12.373366','1632','aaa aaa',3,'',15,1),
	(3127,'2017-05-30 22:17:12.376147','1633','aaa aaa',3,'',15,1),
	(3128,'2017-05-30 22:17:12.378197','1634','aaa aaa',3,'',15,1),
	(3129,'2017-05-30 22:17:12.380056','1635','aaa aaa',3,'',15,1),
	(3130,'2017-05-30 22:17:12.382040','1636','aaa aaa',3,'',15,1),
	(3131,'2017-05-30 22:17:12.383918','1637','aaa aaa',3,'',15,1),
	(3132,'2017-05-30 22:17:12.386015','1638','aaa aaa',3,'',15,1),
	(3133,'2017-05-30 22:17:12.388352','1639','aaa aaa',3,'',15,1),
	(3134,'2017-05-30 22:17:12.390624','1640','aaa aaa',3,'',15,1),
	(3135,'2017-05-30 22:17:12.393111','1641','aaa aaa',3,'',15,1),
	(3136,'2017-05-30 22:17:12.395093','1642','aaa aaa',3,'',15,1),
	(3137,'2017-05-30 22:17:12.397035','1643','aaa aaa',3,'',15,1),
	(3138,'2017-05-30 22:17:12.399007','1644','aaa aaa',3,'',15,1),
	(3139,'2017-05-30 22:17:12.401490','1645','aaa aaa',3,'',15,1),
	(3140,'2017-05-30 22:17:12.403453','1646','aaa aaa',3,'',15,1),
	(3141,'2017-05-30 22:17:12.405666','1647','aaa aaa',3,'',15,1),
	(3142,'2017-05-30 22:17:12.408630','1648','aaa aaa',3,'',15,1),
	(3143,'2017-05-30 22:17:12.410983','1649','aaa aaa',3,'',15,1),
	(3144,'2017-05-30 22:17:12.412994','1650','aaa aaa',3,'',15,1),
	(3145,'2017-05-30 22:17:12.415155','1651','aaa aaa',3,'',15,1),
	(3146,'2017-05-30 22:17:12.417649','1652','aaa aaa',3,'',15,1),
	(3147,'2017-05-30 22:17:12.419525','1653','aaa aaa',3,'',15,1),
	(3148,'2017-05-30 22:17:12.421253','1654','aaa aaa',3,'',15,1),
	(3149,'2017-05-30 22:17:12.423107','1655','aaa aaa',3,'',15,1),
	(3150,'2017-05-30 22:17:12.424939','1656','aaa aaa',3,'',15,1),
	(3151,'2017-05-30 22:17:12.427182','1657','aaa aaa',3,'',15,1),
	(3152,'2017-05-30 22:17:12.429103','1658','aaa aaa',3,'',15,1),
	(3153,'2017-05-30 22:17:12.431045','1659','aaa aaa',3,'',15,1),
	(3154,'2017-05-30 22:17:12.433511','1660','aaa aaa',3,'',15,1),
	(3155,'2017-05-30 22:17:12.435542','1661','aaa aaa',3,'',15,1),
	(3156,'2017-05-30 22:17:12.437378','1662','aaa aaa',3,'',15,1),
	(3157,'2017-05-30 22:17:12.439529','1663','aaa aaa',3,'',15,1),
	(3158,'2017-05-30 22:17:12.441846','1664','aaa aaa',3,'',15,1),
	(3159,'2017-05-30 22:17:12.443816','1665','aaa aaa',3,'',15,1),
	(3160,'2017-05-30 22:17:12.445795','1666','aaa aaa',3,'',15,1),
	(3161,'2017-05-30 22:17:12.447650','1667','aaa aaa',3,'',15,1),
	(3162,'2017-05-30 22:17:12.449452','1668','aaa aaa',3,'',15,1),
	(3163,'2017-05-30 22:17:12.451577','1669','aaa aaa',3,'',15,1),
	(3164,'2017-05-30 22:17:12.453354','1670','aaa aaa',3,'',15,1),
	(3165,'2017-05-30 22:17:12.455796','1671','aaa aaa',3,'',15,1),
	(3166,'2017-05-30 22:17:12.457820','1672','aaa aaa',3,'',15,1),
	(3167,'2017-05-30 22:17:12.459908','1673','aaa aaa',3,'',15,1),
	(3168,'2017-05-30 22:17:12.462150','1674','aaa aaa',3,'',15,1),
	(3169,'2017-05-30 22:17:12.464593','1675','aaa aaa',3,'',15,1),
	(3170,'2017-05-30 22:17:12.466841','1676','aaa aaa',3,'',15,1),
	(3171,'2017-05-30 22:17:12.469043','1677','aaa aaa',3,'',15,1),
	(3172,'2017-05-30 22:17:12.471172','1678','aaa aaa',3,'',15,1),
	(3173,'2017-05-30 22:17:12.473021','1679','aaa aaa',3,'',15,1),
	(3174,'2017-05-30 22:17:12.474852','1680','aaa aaa',3,'',15,1),
	(3175,'2017-05-30 22:17:12.476769','1681','aaa aaa',3,'',15,1),
	(3176,'2017-05-30 22:17:12.478819','1682','aaa aaa',3,'',15,1),
	(3177,'2017-05-30 22:17:12.480676','1683','aaa aaa',3,'',15,1),
	(3178,'2017-05-30 22:17:12.482618','1684','aaa aaa',3,'',15,1),
	(3179,'2017-05-30 22:17:12.484522','1685','aaa aaa',3,'',15,1),
	(3180,'2017-05-30 22:17:12.486467','1686','aaa aaa',3,'',15,1),
	(3181,'2017-05-30 22:17:12.488395','1687','aaa aaa',3,'',15,1),
	(3182,'2017-05-30 22:17:12.490233','1688','aaa aaa',3,'',15,1),
	(3183,'2017-05-30 22:17:12.492168','1689','aaa aaa',3,'',15,1),
	(3184,'2017-05-30 22:17:12.493931','1690','aaa aaa',3,'',15,1),
	(3185,'2017-05-30 22:17:12.495888','1691','aaa aaa',3,'',15,1),
	(3186,'2017-05-30 22:17:12.497942','1692','aaa aaa',3,'',15,1),
	(3187,'2017-05-30 22:17:12.499924','1693','aaa aaa',3,'',15,1),
	(3188,'2017-05-30 22:17:12.501744','1694','aaa aaa',3,'',15,1),
	(3189,'2017-05-30 22:17:12.503765','1695','aaa aaa',3,'',15,1),
	(3190,'2017-05-30 22:17:12.505677','1696','aaa aaa',3,'',15,1),
	(3191,'2017-05-30 22:17:12.507585','1697','aaa aaa',3,'',15,1),
	(3192,'2017-05-30 22:17:12.509453','1698','aaa aaa',3,'',15,1),
	(3193,'2017-05-30 22:17:12.511338','1699','aaa aaa',3,'',15,1),
	(3194,'2017-05-30 22:17:12.513296','1700','aaa aaa',3,'',15,1),
	(3195,'2017-05-30 22:17:12.515107','1701','aaa aaa',3,'',15,1),
	(3196,'2017-05-30 22:17:12.516989','1702','aaa aaa',3,'',15,1),
	(3197,'2017-05-30 22:17:12.518799','1703','aaa aaa',3,'',15,1),
	(3198,'2017-05-30 22:17:12.520687','1704','aaa aaa',3,'',15,1),
	(3199,'2017-05-30 22:17:12.522606','1705','aaa aaa',3,'',15,1),
	(3200,'2017-05-30 22:17:12.524595','1706','aaa aaa',3,'',15,1),
	(3201,'2017-05-30 22:17:12.526301','1707','aaa aaa',3,'',15,1),
	(3202,'2017-05-30 22:17:12.527675','1708','aaa aaa',3,'',15,1),
	(3203,'2017-05-30 22:17:12.529003','1709','aaa aaa',3,'',15,1),
	(3204,'2017-05-30 22:17:12.530346','1710','aaa aaa',3,'',15,1),
	(3205,'2017-05-30 22:17:12.531838','1711','aaa aaa',3,'',15,1),
	(3206,'2017-05-30 22:17:12.533358','1712','aaa aaa',3,'',15,1),
	(3207,'2017-05-30 22:17:12.534668','1713','aaa aaa',3,'',15,1),
	(3208,'2017-05-30 22:17:12.536086','1714','aaa aaa',3,'',15,1),
	(3209,'2017-05-30 22:17:12.537427','1715','aaa aaa',3,'',15,1),
	(3210,'2017-05-30 22:17:12.539189','1716','aaa aaa',3,'',15,1),
	(3211,'2017-05-30 22:17:12.541014','1717','aaa aaa',3,'',15,1),
	(3212,'2017-05-30 22:17:12.542854','1718','aaa aaa',3,'',15,1),
	(3213,'2017-05-30 22:17:12.544659','1719','aaa aaa',3,'',15,1),
	(3214,'2017-05-30 22:17:12.546394','1720','aaa aaa',3,'',15,1),
	(3215,'2017-05-30 22:17:12.548092','1721','aaa aaa',3,'',15,1),
	(3216,'2017-05-30 22:17:12.549816','1722','aaa aaa',3,'',15,1),
	(3217,'2017-05-30 22:17:12.551656','1723','aaa aaa',3,'',15,1),
	(3218,'2017-05-30 22:17:12.553557','1724','aaa aaa',3,'',15,1),
	(3219,'2017-05-30 22:17:12.554952','1725','aaa aaa',3,'',15,1),
	(3220,'2017-05-30 22:17:12.556445','1726','aaa aaa',3,'',15,1),
	(3221,'2017-05-30 22:17:12.558206','1727','aaa aaa',3,'',15,1),
	(3222,'2017-05-30 22:17:12.559464','1728','aaa aaa',3,'',15,1),
	(3223,'2017-05-30 22:17:12.560920','1729','aaa aaa',3,'',15,1),
	(3224,'2017-05-30 22:17:12.562269','1730','aaa aaa',3,'',15,1),
	(3225,'2017-05-30 22:17:12.563667','1731','aaa aaa',3,'',15,1),
	(3226,'2017-05-30 22:17:12.565145','1732','aaa aaa',3,'',15,1),
	(3227,'2017-05-30 22:17:12.566929','1733','aaa aaa',3,'',15,1),
	(3228,'2017-05-30 22:17:12.568726','1734','aaa aaa',3,'',15,1),
	(3229,'2017-05-30 22:17:12.571123','1735','aaa aaa',3,'',15,1),
	(3230,'2017-05-30 22:17:12.572916','1736','aaa aaa',3,'',15,1),
	(3231,'2017-05-30 22:17:12.574738','1737','aaa aaa',3,'',15,1),
	(3232,'2017-05-30 22:17:12.576579','1738','aaa aaa',3,'',15,1),
	(3233,'2017-05-30 22:17:12.578309','1739','aaa aaa',3,'',15,1),
	(3234,'2017-05-30 22:17:12.580024','1740','aaa aaa',3,'',15,1),
	(3235,'2017-05-30 22:17:12.582008','1741','aaa aaa',3,'',15,1),
	(3236,'2017-05-30 22:17:12.583786','1742','aaa aaa',3,'',15,1),
	(3237,'2017-05-30 22:17:12.585578','1743','aaa aaa',3,'',15,1),
	(3238,'2017-05-30 22:17:12.587580','1744','aaa aaa',3,'',15,1),
	(3239,'2017-05-30 22:17:12.589498','1745','aaa aaa',3,'',15,1),
	(3240,'2017-05-30 22:17:12.591279','1746','aaa aaa',3,'',15,1),
	(3241,'2017-05-30 22:17:12.593037','1747','aaa aaa',3,'',15,1),
	(3242,'2017-05-30 22:17:12.594839','1748','aaa aaa',3,'',15,1),
	(3243,'2017-05-30 22:17:12.596614','1749','aaa aaa',3,'',15,1),
	(3244,'2017-05-30 22:17:12.598376','1750','aaa aaa',3,'',15,1),
	(3245,'2017-05-30 22:17:12.600296','1751','aaa aaa',3,'',15,1),
	(3246,'2017-05-30 22:17:12.602028','1752','aaa aaa',3,'',15,1),
	(3247,'2017-05-30 22:17:12.603852','1753','aaa aaa',3,'',15,1),
	(3248,'2017-05-30 22:17:12.605956','1754','aaa aaa',3,'',15,1),
	(3249,'2017-05-30 22:17:12.607956','1755','aaa aaa',3,'',15,1),
	(3250,'2017-05-30 22:17:12.610059','1756','aaa aaa',3,'',15,1),
	(3251,'2017-05-30 22:17:12.611976','1757','aaa aaa',3,'',15,1),
	(3252,'2017-05-30 22:17:12.613825','1758','aaa aaa',3,'',15,1),
	(3253,'2017-05-30 22:17:12.615790','1759','aaa aaa',3,'',15,1),
	(3254,'2017-05-30 22:18:57.780879','1820','aaa aaa',3,'',15,1),
	(3255,'2017-05-30 22:18:57.782925','1821','aaa aaa',3,'',15,1),
	(3256,'2017-05-30 22:18:57.784777','1822','aaa aaa',3,'',15,1),
	(3257,'2017-05-30 22:18:57.786739','1823','aaa aaa',3,'',15,1),
	(3258,'2017-05-30 22:18:57.789180','1824','aaa aaa',3,'',15,1),
	(3259,'2017-05-30 22:18:57.791435','1825','aaa aaa',3,'',15,1),
	(3260,'2017-05-30 22:18:57.793376','1826','aaa aaa',3,'',15,1),
	(3261,'2017-05-30 22:18:57.795244','1827','aaa aaa',3,'',15,1),
	(3262,'2017-05-30 22:18:57.797029','1828','aaa aaa',3,'',15,1),
	(3263,'2017-05-30 22:18:57.798891','1829','aaa aaa',3,'',15,1),
	(3264,'2017-05-30 22:18:57.800817','1830','aaa aaa',3,'',15,1),
	(3265,'2017-05-30 22:18:57.802957','1831','aaa aaa',3,'',15,1),
	(3266,'2017-05-30 22:18:57.805842','1832','aaa aaa',3,'',15,1),
	(3267,'2017-05-30 22:18:57.808050','1833','aaa aaa',3,'',15,1),
	(3268,'2017-05-30 22:18:57.810031','1834','aaa aaa',3,'',15,1),
	(3269,'2017-05-30 22:18:57.811914','1835','aaa aaa',3,'',15,1),
	(3270,'2017-05-30 22:18:57.813908','1836','aaa aaa',3,'',15,1),
	(3271,'2017-05-30 22:18:57.815823','1837','aaa aaa',3,'',15,1),
	(3272,'2017-05-30 22:18:57.817705','1838','aaa aaa',3,'',15,1),
	(3273,'2017-05-30 22:18:57.820848','1839','aaa aaa',3,'',15,1),
	(3274,'2017-05-30 22:18:57.822922','1840','aaa aaa',3,'',15,1),
	(3275,'2017-05-30 22:18:57.824882','1841','aaa aaa',3,'',15,1),
	(3276,'2017-05-30 22:18:57.826929','1842','aaa aaa',3,'',15,1),
	(3277,'2017-05-30 22:18:57.828836','1843','aaa aaa',3,'',15,1),
	(3278,'2017-05-30 22:18:57.830810','1844','aaa aaa',3,'',15,1),
	(3279,'2017-05-30 22:18:57.832724','1845','aaa aaa',3,'',15,1),
	(3280,'2017-05-30 22:18:57.834829','1846','aaa aaa',3,'',15,1),
	(3281,'2017-05-30 22:18:57.837087','1847','aaa aaa',3,'',15,1),
	(3282,'2017-05-30 22:18:57.839473','1848','aaa aaa',3,'',15,1),
	(3283,'2017-05-30 22:18:57.841610','1849','aaa aaa',3,'',15,1),
	(3284,'2017-05-30 22:18:57.843761','1850','aaa aaa',3,'',15,1),
	(3285,'2017-05-30 22:18:57.845807','1851','aaa aaa',3,'',15,1),
	(3286,'2017-05-30 22:18:57.848099','1852','aaa aaa',3,'',15,1),
	(3287,'2017-05-30 22:18:57.850154','1853','aaa aaa',3,'',15,1),
	(3288,'2017-05-30 22:18:57.852321','1854','aaa aaa',3,'',15,1),
	(3289,'2017-05-30 22:18:57.854868','1855','aaa aaa',3,'',15,1),
	(3290,'2017-05-30 22:18:57.857065','1856','aaa aaa',3,'',15,1),
	(3291,'2017-05-30 22:18:57.859450','1857','aaa aaa',3,'',15,1),
	(3292,'2017-05-30 22:18:57.861511','1858','aaa aaa',3,'',15,1),
	(3293,'2017-05-30 22:18:57.863551','1859','aaa aaa',3,'',15,1),
	(3294,'2017-05-30 22:19:30.722284','1760','aaa aaa',3,'',15,1),
	(3295,'2017-05-30 22:19:30.724485','1761','aaa aaa',3,'',15,1),
	(3296,'2017-05-30 22:19:30.726734','1762','aaa aaa',3,'',15,1),
	(3297,'2017-05-30 22:19:30.728750','1763','aaa aaa',3,'',15,1),
	(3298,'2017-05-30 22:19:30.730782','1764','aaa aaa',3,'',15,1),
	(3299,'2017-05-30 22:19:30.733261','1765','aaa aaa',3,'',15,1),
	(3300,'2017-05-30 22:19:30.736074','1766','aaa aaa',3,'',15,1),
	(3301,'2017-05-30 22:19:30.738281','1767','aaa aaa',3,'',15,1),
	(3302,'2017-05-30 22:19:30.740782','1768','aaa aaa',3,'',15,1),
	(3303,'2017-05-30 22:19:30.743038','1769','aaa aaa',3,'',15,1),
	(3304,'2017-05-30 22:19:30.745824','1770','aaa aaa',3,'',15,1),
	(3305,'2017-05-30 22:19:30.748165','1771','aaa aaa',3,'',15,1),
	(3306,'2017-05-30 22:19:30.750274','1772','aaa aaa',3,'',15,1),
	(3307,'2017-05-30 22:19:30.752184','1773','aaa aaa',3,'',15,1),
	(3308,'2017-05-30 22:19:30.754159','1774','aaa aaa',3,'',15,1),
	(3309,'2017-05-30 22:19:30.756979','1775','aaa aaa',3,'',15,1),
	(3310,'2017-05-30 22:19:30.759038','1776','aaa aaa',3,'',15,1),
	(3311,'2017-05-30 22:19:30.761608','1777','aaa aaa',3,'',15,1),
	(3312,'2017-05-30 22:19:30.763949','1778','aaa aaa',3,'',15,1),
	(3313,'2017-05-30 22:19:30.766052','1779','aaa aaa',3,'',15,1),
	(3314,'2017-05-30 22:20:36.134149','888','Destribution object',3,'',14,1),
	(3315,'2017-05-30 22:20:36.136627','887','Destribution object',3,'',14,1),
	(3316,'2017-05-30 22:20:36.138898','886','Destribution object',3,'',14,1),
	(3317,'2017-05-30 22:20:36.141152','885','Destribution object',3,'',14,1),
	(3318,'2017-05-30 22:20:36.143340','884','Destribution object',3,'',14,1),
	(3319,'2017-05-30 22:20:36.145610','883','Destribution object',3,'',14,1),
	(3320,'2017-05-30 22:20:36.147851','882','Destribution object',3,'',14,1),
	(3321,'2017-05-30 22:20:36.150577','881','Destribution object',3,'',14,1),
	(3322,'2017-05-30 22:20:36.152444','880','Destribution object',3,'',14,1),
	(3323,'2017-05-30 22:20:36.154360','879','Destribution object',3,'',14,1),
	(3324,'2017-05-30 22:20:36.156545','878','Destribution object',3,'',14,1),
	(3325,'2017-05-30 22:20:36.158507','877','Destribution object',3,'',14,1),
	(3326,'2017-05-30 22:20:36.160522','876','Destribution object',3,'',14,1),
	(3327,'2017-05-30 22:20:36.162885','875','Destribution object',3,'',14,1),
	(3328,'2017-05-30 22:20:36.165214','874','Destribution object',3,'',14,1),
	(3329,'2017-05-30 22:20:36.167841','873','Destribution object',3,'',14,1),
	(3330,'2017-05-30 22:20:36.170279','872','Destribution object',3,'',14,1),
	(3331,'2017-05-30 22:20:36.172637','871','Destribution object',3,'',14,1),
	(3332,'2017-05-30 22:20:36.174901','870','Destribution object',3,'',14,1),
	(3333,'2017-05-30 22:20:36.177144','869','Destribution object',3,'',14,1),
	(3334,'2017-05-30 22:20:36.179347','868','Destribution object',3,'',14,1),
	(3335,'2017-05-30 22:20:36.181514','867','Destribution object',3,'',14,1),
	(3336,'2017-05-30 22:20:36.183593','866','Destribution object',3,'',14,1),
	(3337,'2017-05-30 22:20:36.185824','865','Destribution object',3,'',14,1),
	(3338,'2017-05-30 22:20:36.187757','864','Destribution object',3,'',14,1),
	(3339,'2017-05-30 22:20:36.189860','863','Destribution object',3,'',14,1),
	(3340,'2017-05-30 22:20:36.191766','862','Destribution object',3,'',14,1),
	(3341,'2017-05-30 22:20:36.193783','861','Destribution object',3,'',14,1),
	(3342,'2017-05-30 22:20:36.195847','860','Destribution object',3,'',14,1),
	(3343,'2017-05-30 22:20:36.197728','859','Destribution object',3,'',14,1),
	(3344,'2017-05-30 22:26:31.571865','1780','aaa aaa',3,'',15,1),
	(3345,'2017-05-30 22:26:31.578462','1781','aaa aaa',3,'',15,1),
	(3346,'2017-05-30 22:26:31.580545','1782','aaa aaa',3,'',15,1),
	(3347,'2017-05-30 22:26:31.583871','1783','aaa aaa',3,'',15,1),
	(3348,'2017-05-30 22:26:31.585811','1784','aaa aaa',3,'',15,1),
	(3349,'2017-05-30 22:26:31.587907','1785','aaa aaa',3,'',15,1),
	(3350,'2017-05-30 22:26:31.590234','1786','aaa aaa',3,'',15,1),
	(3351,'2017-05-30 22:26:31.592870','1787','aaa aaa',3,'',15,1),
	(3352,'2017-05-30 22:26:31.594425','1788','aaa aaa',3,'',15,1),
	(3353,'2017-05-30 22:26:31.596438','1789','aaa aaa',3,'',15,1),
	(3354,'2017-05-30 22:26:31.598881','1790','aaa aaa',3,'',15,1),
	(3355,'2017-05-30 22:26:31.600847','1791','aaa aaa',3,'',15,1),
	(3356,'2017-05-30 22:26:31.603218','1792','aaa aaa',3,'',15,1),
	(3357,'2017-05-30 22:26:31.605371','1793','aaa aaa',3,'',15,1),
	(3358,'2017-05-30 22:26:31.607508','1794','aaa aaa',3,'',15,1),
	(3359,'2017-05-30 22:26:31.609457','1795','aaa aaa',3,'',15,1),
	(3360,'2017-05-30 22:26:31.611373','1796','aaa aaa',3,'',15,1),
	(3361,'2017-05-30 22:26:31.613299','1797','aaa aaa',3,'',15,1),
	(3362,'2017-05-30 22:26:31.615274','1798','aaa aaa',3,'',15,1),
	(3363,'2017-05-30 22:26:31.617361','1799','aaa aaa',3,'',15,1),
	(3364,'2017-05-30 22:26:31.619378','1800','aaa aaa',3,'',15,1),
	(3365,'2017-05-30 22:26:31.621277','1801','aaa aaa',3,'',15,1),
	(3366,'2017-05-30 22:26:31.623570','1802','aaa aaa',3,'',15,1),
	(3367,'2017-05-30 22:26:31.625843','1803','aaa aaa',3,'',15,1),
	(3368,'2017-05-30 22:26:31.628011','1804','aaa aaa',3,'',15,1),
	(3369,'2017-05-30 22:26:31.630103','1805','aaa aaa',3,'',15,1),
	(3370,'2017-05-30 22:26:31.632292','1806','aaa aaa',3,'',15,1),
	(3371,'2017-05-30 22:26:31.633950','1807','aaa aaa',3,'',15,1),
	(3372,'2017-05-30 22:26:31.636330','1808','aaa aaa',3,'',15,1),
	(3373,'2017-05-30 22:26:31.638643','1809','aaa aaa',3,'',15,1),
	(3374,'2017-05-30 22:26:31.640924','1810','aaa aaa',3,'',15,1),
	(3375,'2017-05-30 22:26:31.643322','1811','aaa aaa',3,'',15,1),
	(3376,'2017-05-30 22:26:31.645439','1812','aaa aaa',3,'',15,1),
	(3377,'2017-05-30 22:26:31.647583','1813','aaa aaa',3,'',15,1),
	(3378,'2017-05-30 22:26:31.649920','1814','aaa aaa',3,'',15,1),
	(3379,'2017-05-30 22:26:31.652006','1815','aaa aaa',3,'',15,1),
	(3380,'2017-05-30 22:26:31.653953','1816','aaa aaa',3,'',15,1),
	(3381,'2017-05-30 22:26:31.656160','1817','aaa aaa',3,'',15,1),
	(3382,'2017-05-30 22:26:31.658493','1818','aaa aaa',3,'',15,1),
	(3383,'2017-05-30 22:26:31.660389','1819','aaa aaa',3,'',15,1),
	(3384,'2017-05-30 22:26:31.662270','1860','aaa aaa',3,'',15,1),
	(3385,'2017-05-30 22:26:31.664139','1861','aaa aaa',3,'',15,1),
	(3386,'2017-05-30 22:26:31.666012','1862','aaa aaa',3,'',15,1),
	(3387,'2017-05-30 22:26:31.667884','1863','aaa aaa',3,'',15,1),
	(3388,'2017-05-30 22:26:31.669652','1864','aaa aaa',3,'',15,1),
	(3389,'2017-05-30 22:26:31.671726','1865','aaa aaa',3,'',15,1),
	(3390,'2017-05-30 22:26:31.673611','1866','aaa aaa',3,'',15,1),
	(3391,'2017-05-30 22:26:31.675408','1867','aaa aaa',3,'',15,1),
	(3392,'2017-05-30 22:26:31.676763','1868','aaa aaa',3,'',15,1),
	(3393,'2017-05-30 22:26:31.678205','1869','aaa aaa',3,'',15,1),
	(3394,'2017-05-30 22:26:31.681204','1870','aaa aaa',3,'',15,1),
	(3395,'2017-05-30 22:26:31.683406','1871','aaa aaa',3,'',15,1),
	(3396,'2017-05-30 22:26:31.684781','1872','aaa aaa',3,'',15,1),
	(3397,'2017-05-30 22:26:31.686224','1873','aaa aaa',3,'',15,1),
	(3398,'2017-05-30 22:26:31.688624','1874','aaa aaa',3,'',15,1),
	(3399,'2017-05-30 22:26:31.689979','1875','aaa aaa',3,'',15,1),
	(3400,'2017-05-30 22:26:31.691984','1876','aaa aaa',3,'',15,1),
	(3401,'2017-05-30 22:26:31.693909','1877','aaa aaa',3,'',15,1),
	(3402,'2017-05-30 22:26:31.695476','1878','aaa aaa',3,'',15,1),
	(3403,'2017-05-30 22:26:31.697894','1879','aaa aaa',3,'',15,1),
	(3404,'2017-05-30 22:26:31.699755','1880','aaa aaa',3,'',15,1),
	(3405,'2017-05-30 22:26:31.701820','1881','aaa aaa',3,'',15,1),
	(3406,'2017-05-30 22:26:31.705057','1882','aaa aaa',3,'',15,1),
	(3407,'2017-05-30 22:26:31.707317','1883','aaa aaa',3,'',15,1),
	(3408,'2017-05-30 22:26:31.709934','1884','aaa aaa',3,'',15,1),
	(3409,'2017-05-30 22:26:31.711837','1885','aaa aaa',3,'',15,1),
	(3410,'2017-05-30 22:26:31.713689','1886','aaa aaa',3,'',15,1),
	(3411,'2017-05-30 22:26:31.715425','1887','aaa aaa',3,'',15,1),
	(3412,'2017-05-30 22:26:31.717174','1888','aaa aaa',3,'',15,1),
	(3413,'2017-05-30 22:26:31.719144','1889','aaa aaa',3,'',15,1),
	(3414,'2017-05-30 22:26:31.721199','1890','aaa aaa',3,'',15,1),
	(3415,'2017-05-30 22:26:31.723034','1891','aaa aaa',3,'',15,1),
	(3416,'2017-05-30 22:26:31.724806','1892','aaa aaa',3,'',15,1),
	(3417,'2017-05-30 22:26:31.726689','1893','aaa aaa',3,'',15,1),
	(3418,'2017-05-30 22:26:31.728427','1894','aaa aaa',3,'',15,1),
	(3419,'2017-05-30 22:26:31.730381','1895','aaa aaa',3,'',15,1),
	(3420,'2017-05-30 22:26:31.732317','1896','aaa aaa',3,'',15,1),
	(3421,'2017-05-30 22:26:31.734360','1897','aaa aaa',3,'',15,1),
	(3422,'2017-05-30 22:26:31.736515','1898','aaa aaa',3,'',15,1),
	(3423,'2017-05-30 22:26:31.738788','1899','aaa aaa',3,'',15,1),
	(3424,'2017-05-30 22:26:31.740679','1900','aaa aaa',3,'',15,1),
	(3425,'2017-05-30 22:26:31.742449','1901','aaa aaa',3,'',15,1),
	(3426,'2017-05-30 22:26:31.744489','1902','aaa aaa',3,'',15,1),
	(3427,'2017-05-30 22:26:31.746321','1903','aaa aaa',3,'',15,1),
	(3428,'2017-05-30 22:26:31.748224','1904','aaa aaa',3,'',15,1),
	(3429,'2017-05-30 22:26:31.750175','1905','aaa aaa',3,'',15,1),
	(3430,'2017-05-30 22:26:31.752327','1906','aaa aaa',3,'',15,1),
	(3431,'2017-05-30 22:26:31.754405','1907','aaa aaa',3,'',15,1),
	(3432,'2017-05-30 22:26:31.756976','1908','aaa aaa',3,'',15,1),
	(3433,'2017-05-30 22:26:31.758997','1909','aaa aaa',3,'',15,1),
	(3434,'2017-05-30 22:26:31.761419','1910','aaa aaa',3,'',15,1),
	(3435,'2017-05-30 22:26:31.763530','1911','aaa aaa',3,'',15,1),
	(3436,'2017-05-30 22:26:31.766237','1912','aaa aaa',3,'',15,1),
	(3437,'2017-05-30 22:26:31.768218','1913','aaa aaa',3,'',15,1),
	(3438,'2017-05-30 22:26:31.770356','1914','aaa aaa',3,'',15,1),
	(3439,'2017-05-30 22:26:31.772671','1915','aaa aaa',3,'',15,1),
	(3440,'2017-05-30 22:26:31.774578','1916','aaa aaa',3,'',15,1),
	(3441,'2017-05-30 22:26:31.776687','1917','aaa aaa',3,'',15,1),
	(3442,'2017-05-30 22:26:31.779123','1918','aaa aaa',3,'',15,1),
	(3443,'2017-05-30 22:26:31.781242','1919','aaa aaa',3,'',15,1),
	(3444,'2017-05-30 22:26:31.783063','1920','aaa aaa',3,'',15,1),
	(3445,'2017-05-30 22:26:31.785481','1921','aaa aaa',3,'',15,1),
	(3446,'2017-05-30 22:26:31.787396','1922','aaa aaa',3,'',15,1),
	(3447,'2017-05-30 22:26:31.789583','1923','aaa aaa',3,'',15,1),
	(3448,'2017-05-30 22:26:31.791758','1924','aaa aaa',3,'',15,1),
	(3449,'2017-05-30 22:26:31.794077','1925','aaa aaa',3,'',15,1),
	(3450,'2017-05-30 22:26:31.796299','1926','aaa aaa',3,'',15,1),
	(3451,'2017-05-30 22:26:31.798469','1927','aaa aaa',3,'',15,1),
	(3452,'2017-05-30 22:26:31.800600','1928','aaa aaa',3,'',15,1),
	(3453,'2017-05-30 22:26:31.802761','1929','aaa aaa',3,'',15,1),
	(3454,'2017-05-30 22:26:31.805141','1930','aaa aaa',3,'',15,1),
	(3455,'2017-05-30 22:26:31.807485','1931','aaa aaa',3,'',15,1),
	(3456,'2017-05-30 22:26:31.809815','1932','aaa aaa',3,'',15,1),
	(3457,'2017-05-30 22:26:31.811965','1933','aaa aaa',3,'',15,1),
	(3458,'2017-05-30 22:26:31.814198','1934','aaa aaa',3,'',15,1),
	(3459,'2017-05-30 22:26:31.816382','1935','aaa aaa',3,'',15,1),
	(3460,'2017-05-30 22:26:31.818544','1936','aaa aaa',3,'',15,1),
	(3461,'2017-05-30 22:26:31.821253','1937','aaa aaa',3,'',15,1),
	(3462,'2017-05-30 22:26:31.823479','1938','aaa aaa',3,'',15,1),
	(3463,'2017-05-30 22:26:31.825368','1939','aaa aaa',3,'',15,1),
	(3464,'2017-05-30 22:26:31.827189','1940','aaa aaa',3,'',15,1),
	(3465,'2017-05-30 22:26:31.829565','1941','aaa aaa',3,'',15,1),
	(3466,'2017-05-30 22:26:31.831674','1942','aaa aaa',3,'',15,1),
	(3467,'2017-05-30 22:26:31.833771','1943','aaa aaa',3,'',15,1),
	(3468,'2017-05-30 22:26:31.835822','1944','aaa aaa',3,'',15,1),
	(3469,'2017-05-30 22:26:31.837917','1945','aaa aaa',3,'',15,1),
	(3470,'2017-05-30 22:26:31.839832','1946','aaa aaa',3,'',15,1),
	(3471,'2017-05-30 22:26:31.841802','1947','aaa aaa',3,'',15,1),
	(3472,'2017-05-30 22:26:31.843592','1948','aaa aaa',3,'',15,1),
	(3473,'2017-05-30 22:26:31.846171','1949','aaa aaa',3,'',15,1),
	(3474,'2017-05-30 22:26:31.848388','1950','aaa aaa',3,'',15,1),
	(3475,'2017-05-30 22:26:31.851559','1951','aaa aaa',3,'',15,1),
	(3476,'2017-05-30 22:26:31.854664','1952','aaa aaa',3,'',15,1),
	(3477,'2017-05-30 22:26:31.857028','1953','aaa aaa',3,'',15,1),
	(3478,'2017-05-30 22:26:31.860396','1954','aaa aaa',3,'',15,1),
	(3479,'2017-05-30 22:26:31.863172','1955','aaa aaa',3,'',15,1),
	(3480,'2017-05-30 22:26:31.865577','1956','aaa aaa',3,'',15,1),
	(3481,'2017-05-30 22:26:31.867648','1957','aaa aaa',3,'',15,1),
	(3482,'2017-05-30 22:26:31.869851','1958','aaa aaa',3,'',15,1),
	(3483,'2017-05-30 22:26:31.871892','1959','aaa aaa',3,'',15,1),
	(3484,'2017-05-30 22:26:31.873811','1960','aaa aaa',3,'',15,1),
	(3485,'2017-05-30 22:26:31.875765','1961','aaa aaa',3,'',15,1),
	(3486,'2017-05-30 22:26:31.877581','1962','aaa aaa',3,'',15,1),
	(3487,'2017-05-30 22:26:31.879532','1963','aaa aaa',3,'',15,1),
	(3488,'2017-05-30 22:26:31.881455','1964','aaa aaa',3,'',15,1),
	(3489,'2017-05-30 22:26:31.883398','1965','aaa aaa',3,'',15,1),
	(3490,'2017-05-30 22:26:31.885280','1966','aaa aaa',3,'',15,1),
	(3491,'2017-05-30 22:26:31.887117','1967','aaa aaa',3,'',15,1),
	(3492,'2017-05-30 22:26:31.888958','1968','aaa aaa',3,'',15,1),
	(3493,'2017-05-30 22:26:31.890689','1969','aaa aaa',3,'',15,1),
	(3494,'2017-05-30 22:29:26.135720','918','Destribution object',3,'',14,1),
	(3495,'2017-05-30 22:29:26.137847','917','Destribution object',3,'',14,1),
	(3496,'2017-05-30 22:29:26.140706','916','Destribution object',3,'',14,1),
	(3497,'2017-05-30 22:29:26.143026','915','Destribution object',3,'',14,1),
	(3498,'2017-05-30 22:29:26.145148','914','Destribution object',3,'',14,1),
	(3499,'2017-05-30 22:29:26.147472','913','Destribution object',3,'',14,1),
	(3500,'2017-05-30 22:29:26.149624','912','Destribution object',3,'',14,1),
	(3501,'2017-05-30 22:29:26.151873','911','Destribution object',3,'',14,1),
	(3502,'2017-05-30 22:29:26.154175','910','Destribution object',3,'',14,1),
	(3503,'2017-05-30 22:29:26.156359','909','Destribution object',3,'',14,1),
	(3504,'2017-05-30 22:29:26.158593','908','Destribution object',3,'',14,1),
	(3505,'2017-05-30 22:29:26.161086','907','Destribution object',3,'',14,1),
	(3506,'2017-05-30 22:29:26.163373','906','Destribution object',3,'',14,1),
	(3507,'2017-05-30 22:29:26.165525','905','Destribution object',3,'',14,1),
	(3508,'2017-05-30 22:29:26.167599','904','Destribution object',3,'',14,1),
	(3509,'2017-05-30 22:29:26.169836','903','Destribution object',3,'',14,1),
	(3510,'2017-05-30 22:29:26.171843','902','Destribution object',3,'',14,1),
	(3511,'2017-05-30 22:29:26.174470','901','Destribution object',3,'',14,1),
	(3512,'2017-05-30 22:29:26.176626','900','Destribution object',3,'',14,1),
	(3513,'2017-05-30 22:29:26.178717','899','Destribution object',3,'',14,1),
	(3514,'2017-05-30 22:29:26.180886','898','Destribution object',3,'',14,1),
	(3515,'2017-05-30 22:29:26.183077','897','Destribution object',3,'',14,1),
	(3516,'2017-05-30 22:29:26.185122','896','Destribution object',3,'',14,1),
	(3517,'2017-05-30 22:29:26.187052','895','Destribution object',3,'',14,1),
	(3518,'2017-05-30 22:29:26.189393','894','Destribution object',3,'',14,1),
	(3519,'2017-05-30 22:29:26.191903','893','Destribution object',3,'',14,1),
	(3520,'2017-05-30 22:29:26.194009','892','Destribution object',3,'',14,1),
	(3521,'2017-05-30 22:29:26.196383','891','Destribution object',3,'',14,1),
	(3522,'2017-05-30 22:29:26.198452','890','Destribution object',3,'',14,1),
	(3523,'2017-05-30 22:29:26.200543','889','Destribution object',3,'',14,1);

/*!40000 ALTER TABLE `django_admin_log` ENABLE KEYS */;
UNLOCK TABLES;


DROP TABLE IF EXISTS `django_content_type`;

CREATE TABLE `django_content_type` (
  `id` int(11) NOT NULL AUTO_INCREMENT,
  `app_label` varchar(100) NOT NULL,
  `model` varchar(100) NOT NULL,
  PRIMARY KEY (`id`),
  UNIQUE KEY `django_content_type_app_label_76bd3d3b_uniq` (`app_label`,`model`)
) ENGINE=InnoDB DEFAULT CHARSET=latin1;

LOCK TABLES `django_content_type` WRITE;
/*!40000 ALTER TABLE `django_content_type` DISABLE KEYS */;

INSERT INTO `django_content_type` (`id`, `app_label`, `model`)
VALUES
	(34,'aboutus','aboutus'),
	(1,'admin','logentry'),
	(37,'afterSchool','reportcomments'),
	(36,'afterSchool','reportproject'),
	(15,'apply','applyapplication'),
	(14,'apply','destribution'),
	(17,'apply','projectpriority'),
	(16,'apply','testsapply'),
	(2,'auth','group'),
	(3,'auth','permission'),
	(4,'auth','user'),
	(35,'authtoken','token'),
	(19,'chat','message'),
	(20,'chat','room'),
	(5,'contenttypes','contenttype'),
	(18,'django_messages','message'),
	(21,'forum','forum'),
	(24,'forum_attachments','attachment'),
	(22,'forum_conversation','post'),
	(23,'forum_conversation','topic'),
	(30,'forum_member','forumprofile'),
	(32,'forum_permission','forumpermission'),
	(31,'forum_permission','groupforumpermission'),
	(33,'forum_permission','userforumpermission'),
	(25,'forum_polls','topicpoll'),
	(27,'forum_polls','topicpolloption'),
	(26,'forum_polls','topicpollvote'),
	(29,'forum_tracking','forumreadtrack'),
	(28,'forum_tracking','topicreadtrack'),
	(8,'news','news_paragraph'),
	(13,'projectsTestsQuestions','markforeachproject'),
	(12,'projectsTestsQuestions','project'),
	(9,'projectsTestsQuestions','project_news'),
	(11,'projectsTestsQuestions','subject'),
	(10,'projectsTestsQuestions','test'),
	(6,'sessions','session'),
	(7,'sites','site');

/*!40000 ALTER TABLE `django_content_type` ENABLE KEYS */;
UNLOCK TABLES;


DROP TABLE IF EXISTS `django_messages_message`;

CREATE TABLE `django_messages_message` (
  `id` int(11) NOT NULL AUTO_INCREMENT,
  `subject` varchar(140) NOT NULL DEFAULT '',
  `body` longtext NOT NULL,
  `sent_at` datetime(6) DEFAULT NULL,
  `read_at` datetime(6) DEFAULT NULL,
  `replied_at` datetime(6) DEFAULT NULL,
  `sender_deleted_at` datetime(6) DEFAULT NULL,
  `recipient_deleted_at` datetime(6) DEFAULT NULL,
  `parent_msg_id` int(11) DEFAULT NULL,
  `recipient_id` int(11) DEFAULT NULL,
  `sender_id` int(11) NOT NULL,
  PRIMARY KEY (`id`),
  KEY `django_mess_parent_msg_id_3a04ba96_fk_django_messages_message_id` (`parent_msg_id`),
  KEY `django_messages_message_recipient_id_bdfe9b23_fk_auth_user_id` (`recipient_id`),
  KEY `django_messages_message_sender_id_abbb5a51_fk_auth_user_id` (`sender_id`),
  CONSTRAINT `django_mess_parent_msg_id_3a04ba96_fk_django_messages_message_id` FOREIGN KEY (`parent_msg_id`) REFERENCES `django_messages_message` (`id`),
  CONSTRAINT `django_messages_message_recipient_id_bdfe9b23_fk_auth_user_id` FOREIGN KEY (`recipient_id`) REFERENCES `auth_user` (`id`),
  CONSTRAINT `django_messages_message_sender_id_abbb5a51_fk_auth_user_id` FOREIGN KEY (`sender_id`) REFERENCES `auth_user` (`id`)
) ENGINE=InnoDB DEFAULT CHARSET=utf8mb4;



DROP TABLE IF EXISTS `django_migrations`;

CREATE TABLE `django_migrations` (
  `id` int(11) NOT NULL AUTO_INCREMENT,
  `app` varchar(255) NOT NULL,
  `name` varchar(255) NOT NULL,
  `applied` datetime(6) NOT NULL,
  PRIMARY KEY (`id`)
) ENGINE=InnoDB DEFAULT CHARSET=latin1;

LOCK TABLES `django_migrations` WRITE;
/*!40000 ALTER TABLE `django_migrations` DISABLE KEYS */;

INSERT INTO `django_migrations` (`id`, `app`, `name`, `applied`)
VALUES
	(1,'contenttypes','0001_initial','2017-05-13 13:33:18.895716'),
	(2,'auth','0001_initial','2017-05-13 13:33:19.336861'),
	(3,'admin','0001_initial','2017-05-13 13:33:19.427420'),
	(4,'admin','0002_logentry_remove_auto_add','2017-05-13 13:33:19.508672'),
	(5,'projectsTestsQuestions','0001_initial','2017-05-13 13:33:20.087240'),
	(6,'apply','0001_initial','2017-05-13 13:33:20.456165'),
	(7,'contenttypes','0002_remove_content_type_name','2017-05-13 13:33:20.577055'),
	(8,'auth','0002_alter_permission_name_max_length','2017-05-13 13:33:20.619107'),
	(9,'auth','0003_alter_user_email_max_length','2017-05-13 13:33:20.664281'),
	(10,'auth','0004_alter_user_username_opts','2017-05-13 13:33:20.697230'),
	(11,'auth','0005_alter_user_last_login_null','2017-05-13 13:33:20.753721'),
	(12,'auth','0006_require_contenttypes_0002','2017-05-13 13:33:20.757229'),
	(13,'auth','0007_alter_validators_add_error_messages','2017-05-13 13:33:20.783185'),
	(14,'auth','0008_alter_user_username_max_length','2017-05-13 13:33:20.834079'),
	(15,'chat','0001_initial','2017-05-13 13:33:21.104060'),
	(16,'django_messages','0001_initial','2017-05-13 13:33:21.245666'),
	(17,'forum','0001_initial','2017-05-13 13:33:21.508347'),
	(18,'forum','0002_auto_20150725_0512','2017-05-13 13:33:21.518365'),
	(19,'forum','0003_remove_forum_is_active','2017-05-13 13:33:21.562241'),
	(20,'forum_conversation','0001_initial','2017-05-13 13:33:22.170566'),
	(21,'forum_attachments','0001_initial','2017-05-13 13:33:22.263286'),
	(22,'forum_conversation','0002_post_anonymous_key','2017-05-13 13:33:22.343933'),
	(23,'forum_conversation','0003_auto_20160228_2051','2017-05-13 13:33:22.384231'),
	(24,'forum_conversation','0004_auto_20160427_0502','2017-05-13 13:33:22.516514'),
	(25,'forum_conversation','0005_auto_20160607_0455','2017-05-13 13:33:22.703631'),
	(26,'forum_conversation','0006_post_enable_signature','2017-05-13 13:33:22.795077'),
	(27,'forum_conversation','0007_auto_20160903_0450','2017-05-13 13:33:23.065248'),
	(28,'forum_conversation','0008_auto_20160903_0512','2017-05-13 13:33:23.073747'),
	(29,'forum_conversation','0009_auto_20160925_2126','2017-05-13 13:33:23.117322'),
	(30,'forum_conversation','0010_auto_20170120_0224','2017-05-13 13:33:23.213507'),
	(31,'forum_member','0001_initial','2017-05-13 13:33:23.311116'),
	(32,'forum_member','0002_auto_20160225_0515','2017-05-13 13:33:23.349284'),
	(33,'forum_member','0003_auto_20160227_2122','2017-05-13 13:33:23.394241'),
	(34,'forum_permission','0001_initial','2017-05-13 13:33:23.866447'),
	(35,'forum_permission','0002_auto_20160607_0500','2017-05-13 13:33:24.223251'),
	(36,'forum_polls','0001_initial','2017-05-13 13:33:24.617696'),
	(37,'forum_polls','0002_auto_20151105_0029','2017-05-13 13:33:24.815870'),
	(38,'forum_tracking','0001_initial','2017-05-13 13:33:25.180526'),
	(39,'forum_tracking','0002_auto_20160607_0502','2017-05-13 13:33:25.377820'),
	(40,'news','0001_initial','2017-05-13 13:33:25.414239'),
	(41,'sessions','0001_initial','2017-05-13 13:33:25.466808'),
	(42,'sites','0001_initial','2017-05-13 13:33:25.497723'),
	(43,'sites','0002_alter_domain_unique','2017-05-13 13:33:25.531725'),
	(44,'chat','0002_auto_20170515_1552','2017-05-15 15:52:41.125744'),
	(45,'chat','0003_auto_20170515_1557','2017-05-15 15:57:10.829884'),
	(46,'aboutus','0001_initial','2017-05-15 15:59:14.685951'),
	(47,'chat','0004_auto_20170515_1559','2017-05-15 15:59:15.198167'),
	(48,'apply','0002_auto_20170516_2043','2017-05-16 20:43:31.400825'),
	(49,'chat','0005_auto_20170516_2043','2017-05-16 20:43:31.751612'),
	(50,'chat','0006_auto_20170516_2043','2017-05-16 20:43:44.435518'),
	(51,'chat','0007_auto_20170516_2208','2017-05-16 22:08:03.582032'),
	(52,'chat','0008_auto_20170518_1732','2017-05-18 17:32:55.064354'),
	(53,'projectsTestsQuestions','0002_project_news_date','2017-05-18 17:32:56.721601'),
	(54,'chat','0009_auto_20170518_1734','2017-05-18 17:34:26.128786'),
	(55,'projectsTestsQuestions','0003_auto_20170518_1734','2017-05-18 17:34:27.823012'),
	(56,'chat','0010_auto_20170519_0948','2017-05-19 09:48:41.983702'),
	(57,'chat','0011_auto_20170519_0949','2017-05-19 09:49:37.436125'),
	(58,'chat','0012_auto_20170521_1059','2017-05-21 10:59:54.193184'),
	(59,'authtoken','0001_initial','2017-05-23 11:06:08.877902'),
	(60,'authtoken','0002_auto_20160226_1747','2017-05-23 11:06:09.103091'),
	(61,'chat','0013_auto_20170523_1106','2017-05-23 11:06:19.335116'),
	(62,'chat','0014_auto_20170523_1125','2017-05-23 11:25:35.228172'),
	(63,'chat','0015_auto_20170523_1125','2017-05-24 12:57:26.124820'),
	(64,'chat','0016_auto_20170524_1257','2017-05-24 12:58:46.429559'),
	(65,'chat','0017_auto_20170524_1305','2017-05-24 13:06:01.442405'),
	(66,'chat','0018_auto_20170524_1349','2017-05-24 13:49:06.163518'),
	(67,'chat','0019_auto_20170524_1351','2017-05-24 13:51:59.396742'),
	(68,'chat','0020_auto_20170527_1502','2017-05-27 15:02:17.362844'),
	(69,'afterSchool','0001_initial','2017-05-27 15:02:50.510359'),
	(70,'chat','0021_auto_20170527_1502','2017-05-27 15:02:51.802565'),
	(71,'chat','0022_auto_20170527_1502','2017-05-27 15:03:02.798266'),
	(72,'chat','0023_auto_20170527_1508','2017-05-27 15:08:22.555900'),
	(73,'chat','0024_auto_20170527_1508','2017-05-27 15:08:32.328263'),
	(74,'chat','0025_auto_20170527_1508','2017-05-27 15:08:47.301727'),
	(75,'chat','0026_auto_20170527_1510','2017-05-27 15:10:47.535508'),
	(76,'afterSchool','0002_auto_20170527_1513','2017-05-27 15:13:37.417304'),
	(77,'chat','0027_auto_20170527_1513','2017-05-27 15:13:38.914528'),
	(78,'afterSchool','0003_auto_20170527_1513','2017-05-27 15:13:58.943173'),
	(79,'chat','0028_auto_20170527_1513','2017-05-27 15:14:00.464009'),
	(80,'afterSchool','0004_auto_20170528_1354','2017-05-28 13:54:49.651870'),
	(81,'chat','0029_auto_20170528_1354','2017-05-28 13:54:51.083773');

/*!40000 ALTER TABLE `django_migrations` ENABLE KEYS */;
UNLOCK TABLES;


DROP TABLE IF EXISTS `django_session`;

CREATE TABLE `django_session` (
  `session_key` varchar(40) NOT NULL,
  `session_data` longtext NOT NULL,
  `expire_date` datetime(6) NOT NULL,
  PRIMARY KEY (`session_key`),
  KEY `django_session_de54fa62` (`expire_date`)
) ENGINE=InnoDB DEFAULT CHARSET=latin1;

LOCK TABLES `django_session` WRITE;
/*!40000 ALTER TABLE `django_session` DISABLE KEYS */;

INSERT INTO `django_session` (`session_key`, `session_data`, `expire_date`)
VALUES
	('2dkejvl623chn7vp7mta75aqj1id2h2w','ZGU0ZjkxODAzM2IyODljZmYwMWE1ZjYwMzUyZTkwZWQ4YTJjYmYxOTp7Il9hbm9ueW1vdXNfZm9ydW1fa2V5IjoiNjI4ZGRmMDEyZGQ4NGE3YzkxNTNjNGI2YjZiMGZmODMifQ==','2017-06-06 14:54:56.114025'),
	('3r0mofubcn7ngakelulo9gi3d08fn2fa','NjU3MTlhNGM1OWZjOTJmNDliOWI4NWVkZjQ4MDU2NTBhYzlhNmY2ZTp7Il9hbm9ueW1vdXNfZm9ydW1fa2V5IjoiOGQ2NjY5NDc2ZDM5NGYyMTk4OGZlN2JkOTc5YjQ2NzIifQ==','2017-06-06 14:47:39.634828'),
	('5pfvkfkaud0zv7d3iq57uhh20eloti0o','M2ZiOTYzMzIxOTA5MTFhMDMwZTgwNmJmOWI4Mjc2OGYzMzAwNzRjMTp7Il9hbm9ueW1vdXNfZm9ydW1fa2V5IjoiOTIwMWM3NDliNWYwNDdkOTg3ZmNkNjRkNGJmNjY5OGUifQ==','2017-06-06 14:56:32.409383'),
	('5v5njfdm3ghi7e6zzxx5ke74hudkhnci','ZDczYjMxODlhN2IwMjk5NmI0YTZjNzU0ZjE2Y2Y2YmYzN2ZjMGQ0NTp7Il9hbm9ueW1vdXNfZm9ydW1fa2V5IjoiYjA2OTMyN2NjYTAyNDE5NjkzODMxZTZjYzE1YjNiODEifQ==','2017-06-06 14:50:20.912853'),
	('72sy3ukxiqucwjcuy9ipfm3mz1z0v2az','MDQ2N2U0ODdjMzY2MDQ2ZGYzMTkyYWMwYWY0NjhjYzM0NzdjYmRjZDp7Il9hbm9ueW1vdXNfZm9ydW1fa2V5IjoiMmRjMmRhNDNlYzljNDdhNmFiY2I4OTI1ZmJkOWI5NTYifQ==','2017-06-06 14:48:09.441077'),
	('b6nq898palb5vwiu2594k6cs8kqraz1z','YjY4NjA5YTM2NWM3MmI1ZmU3MDRkNGEwOGQ3NDJhZDM1YzEyNTM5Yjp7Il9hbm9ueW1vdXNfZm9ydW1fa2V5IjoiOWY3ZWFmMzk3NWQyNGZhMWFhNzVlYjBkOGYzOTE0YTUifQ==','2017-06-06 14:59:37.127870'),
	('chn001298bb39641bd1c3fc16e76d09c','ODdiYTU2MGI3Y2JjN2MyNzE0Mjk5OGM3M2M5MmFhYmM3ZDgzMWIxMjp7Il9hdXRoX3VzZXJfaGFzaCI6IjljMjRiZDc3NzYwZmNjMDFhN2E0YmMyMGM3OGI3NzFlZWRmYjg5OWUiLCJfYXV0aF91c2VyX2JhY2tlbmQiOiJkamFuZ28uY29udHJpYi5hdXRoLmJhY2tlbmRzLk1vZGVsQmFja2VuZCIsIl9hdXRoX3VzZXJfaWQiOiIxMzYiLCJyb29tcyI6Wzc5MTM2XX0=','2017-06-07 17:28:49.460018'),
	('chn003becde849cb8ce69e46a1bbe1e7','Yzg1NzcyZjFiNmRjMGEyZWQ3NDdlYWI0NDNhZWY3OTkyMTIyYTc4YTp7Il9hdXRoX3VzZXJfaGFzaCI6IjEyMmVhYzJhMWUwNmE3ZjZiNmJiMTM0NWZkOGYyZDk1NWYyMmQyZjQiLCJfYXV0aF91c2VyX2JhY2tlbmQiOiJkamFuZ28uY29udHJpYi5hdXRoLmJhY2tlbmRzLk1vZGVsQmFja2VuZCIsIl9hdXRoX3VzZXJfaWQiOiI3OSIsInJvb21zIjpbMTM2NzldfQ==','2017-06-04 15:32:17.729121'),
	('chn004a97a0c2cdef41349ead2b01378','Yzg1NzcyZjFiNmRjMGEyZWQ3NDdlYWI0NDNhZWY3OTkyMTIyYTc4YTp7Il9hdXRoX3VzZXJfaGFzaCI6IjEyMmVhYzJhMWUwNmE3ZjZiNmJiMTM0NWZkOGYyZDk1NWYyMmQyZjQiLCJfYXV0aF91c2VyX2JhY2tlbmQiOiJkamFuZ28uY29udHJpYi5hdXRoLmJhY2tlbmRzLk1vZGVsQmFja2VuZCIsIl9hdXRoX3VzZXJfaWQiOiI3OSIsInJvb21zIjpbMTM2NzldfQ==','2017-06-05 12:08:46.442755'),
	('chn00536eddd695491cb3376e92ab02f','Yzg1NzcyZjFiNmRjMGEyZWQ3NDdlYWI0NDNhZWY3OTkyMTIyYTc4YTp7Il9hdXRoX3VzZXJfaGFzaCI6IjEyMmVhYzJhMWUwNmE3ZjZiNmJiMTM0NWZkOGYyZDk1NWYyMmQyZjQiLCJfYXV0aF91c2VyX2JhY2tlbmQiOiJkamFuZ28uY29udHJpYi5hdXRoLmJhY2tlbmRzLk1vZGVsQmFja2VuZCIsIl9hdXRoX3VzZXJfaWQiOiI3OSIsInJvb21zIjpbMTM2NzldfQ==','2017-06-04 12:48:35.967703'),
	('chn00cde8294cf3acd003749ccba3c3e','ODM1NzVjNmQzMDNhNWU3NzNkYjZhYzNjOThjOTYzZGJiYWQ0OTAyMTp7Il9hdXRoX3VzZXJfaGFzaCI6IjEyMmVhYzJhMWUwNmE3ZjZiNmJiMTM0NWZkOGYyZDk1NWYyMmQyZjQiLCJfYXV0aF91c2VyX2lkIjoiNzkiLCJfYXV0aF91c2VyX2JhY2tlbmQiOiJkamFuZ28uY29udHJpYi5hdXRoLmJhY2tlbmRzLk1vZGVsQmFja2VuZCJ9','2017-06-04 10:32:11.239353'),
	('chn00e9205df1e8ee5262ff9e3cdc91a','NTBlZTczNjMxMTQ1NzY4NmNmNTM2YTFlNGU4MWQxZjYzOWY1MTA0NDp7Il9hdXRoX3VzZXJfaGFzaCI6IjEyMmVhYzJhMWUwNmE3ZjZiNmJiMTM0NWZkOGYyZDk1NWYyMmQyZjQiLCJfYXV0aF91c2VyX2lkIjoiNzkiLCJfYXV0aF91c2VyX2JhY2tlbmQiOiJkamFuZ28uY29udHJpYi5hdXRoLmJhY2tlbmRzLk1vZGVsQmFja2VuZCIsInJvb21zIjpbXX0=','2017-06-02 13:41:46.760412'),
	('chn0173593bc33eaf4c5d86398e21fee','YmEwZWE5MjNhNGQyMmI2N2MzOTAwMjdhYzc2MjZlYWZjNDFmNTk2ZTp7Il9hdXRoX3VzZXJfaGFzaCI6IjljMjRiZDc3NzYwZmNjMDFhN2E0YmMyMGM3OGI3NzFlZWRmYjg5OWUiLCJfYXV0aF91c2VyX2JhY2tlbmQiOiJkamFuZ28uY29udHJpYi5hdXRoLmJhY2tlbmRzLk1vZGVsQmFja2VuZCIsIl9hdXRoX3VzZXJfaWQiOiIxMzYiLCJyb29tcyI6WzEzNjc5XX0=','2017-06-05 11:51:55.646843'),
	('chn01c31b7be89ce2bebfbb645dee689','ZjY2OGY3MDdmNTI4ODk5Nzg5Y2VkNjhkOWM4ODJlMmVhZjUzMDk3Mzp7Il9hdXRoX3VzZXJfaGFzaCI6IjJhNDUyZDYwZDRjMGFkMzg2YjFiNjczYmQ5YTNiNzYzMDY0NWJkNGQiLCJfYXV0aF91c2VyX2lkIjoiMSIsIl9hdXRoX3VzZXJfYmFja2VuZCI6ImRqYW5nby5jb250cmliLmF1dGguYmFja2VuZHMuTW9kZWxCYWNrZW5kIiwicm9vbXMiOltdfQ==','2017-05-27 16:40:38.096970'),
	('chn01d00ec508c1a6ea34b6e9aed5508','YTk3ZTQ0NzQ3NTY2YzI4MWJlMzJiMGFhMzdjNWYzOTI5MGYyMzg0Zjp7InJvb21zIjpbXX0=','2017-05-27 14:22:23.407219'),
	('chn02317f7576ae96a85dcb8114d082a','YmEwZWE5MjNhNGQyMmI2N2MzOTAwMjdhYzc2MjZlYWZjNDFmNTk2ZTp7Il9hdXRoX3VzZXJfaGFzaCI6IjljMjRiZDc3NzYwZmNjMDFhN2E0YmMyMGM3OGI3NzFlZWRmYjg5OWUiLCJfYXV0aF91c2VyX2JhY2tlbmQiOiJkamFuZ28uY29udHJpYi5hdXRoLmJhY2tlbmRzLk1vZGVsQmFja2VuZCIsIl9hdXRoX3VzZXJfaWQiOiIxMzYiLCJyb29tcyI6WzEzNjc5XX0=','2017-06-05 12:32:52.549811'),
	('chn02434b3f8206c7502c6400b78bd82','ZjNiYmY3M2MzODMwMzczYWMxNWZlNGQ1ZDNiM2RhYWY1OGNiYTM0NTp7Il9hdXRoX3VzZXJfaGFzaCI6IjljMjRiZDc3NzYwZmNjMDFhN2E0YmMyMGM3OGI3NzFlZWRmYjg5OWUiLCJfYXV0aF91c2VyX2JhY2tlbmQiOiJkamFuZ28uY29udHJpYi5hdXRoLmJhY2tlbmRzLk1vZGVsQmFja2VuZCIsIl9hdXRoX3VzZXJfaWQiOiIxMzYiLCJyb29tcyI6WzFdfQ==','2017-06-05 12:24:34.019334'),
	('chn0461a0d98ae3b14e1f29a676f325a','NzEwNGUxY2FkOWY2NmNlMDAyYzc3MzdmNDk1NzRlNTVlNWU4Y2IwNjp7fQ==','2017-06-06 15:06:14.812167'),
	('chn04ca638fc54a0a61ad24192a7749a','ODI2NWFhM2Q5OGI3YjllODJhZTM0ZTFkMWJjYTA5MGIyOTgzMmUwMTp7Il9hdXRoX3VzZXJfaGFzaCI6IjEyMmVhYzJhMWUwNmE3ZjZiNmJiMTM0NWZkOGYyZDk1NWYyMmQyZjQiLCJfYXV0aF91c2VyX2JhY2tlbmQiOiJkamFuZ28uY29udHJpYi5hdXRoLmJhY2tlbmRzLk1vZGVsQmFja2VuZCIsIl9hdXRoX3VzZXJfaWQiOiI3OSIsInJvb21zIjpbNzkxMzZdfQ==','2017-06-08 13:34:17.250692'),
	('chn053092982e692d4ee62cdff1b9f22','YmEwZWE5MjNhNGQyMmI2N2MzOTAwMjdhYzc2MjZlYWZjNDFmNTk2ZTp7Il9hdXRoX3VzZXJfaGFzaCI6IjljMjRiZDc3NzYwZmNjMDFhN2E0YmMyMGM3OGI3NzFlZWRmYjg5OWUiLCJfYXV0aF91c2VyX2JhY2tlbmQiOiJkamFuZ28uY29udHJpYi5hdXRoLmJhY2tlbmRzLk1vZGVsQmFja2VuZCIsIl9hdXRoX3VzZXJfaWQiOiIxMzYiLCJyb29tcyI6WzEzNjc5XX0=','2017-06-04 13:07:46.363552'),
	('chn054d629b818464ab9452426ea82b9','NWE1ZDkyOGJkYTE4MWQ5ZTk2ZTYwMzM2OGMxNDllZWI5NWQ5NGFiNDp7Il9hdXRoX3VzZXJfaGFzaCI6IjljMjRiZDc3NzYwZmNjMDFhN2E0YmMyMGM3OGI3NzFlZWRmYjg5OWUiLCJfYXV0aF91c2VyX2lkIjoiMTM2IiwiX2F1dGhfdXNlcl9iYWNrZW5kIjoiZGphbmdvLmNvbnRyaWIuYXV0aC5iYWNrZW5kcy5Nb2RlbEJhY2tlbmQiLCJyb29tcyI6W119','2017-06-04 12:08:09.859696'),
	('chn0559b50139b67da3972054c28be78','YTk3ZTQ0NzQ3NTY2YzI4MWJlMzJiMGFhMzdjNWYzOTI5MGYyMzg0Zjp7InJvb21zIjpbXX0=','2017-06-05 18:23:48.165104'),
	('chn05c59980021a2b345ca19360d04c6','YTk3ZTQ0NzQ3NTY2YzI4MWJlMzJiMGFhMzdjNWYzOTI5MGYyMzg0Zjp7InJvb21zIjpbXX0=','2017-06-06 10:26:21.485251'),
	('chn05cef339ccf601a30bd92a2eda375','ODI2NWFhM2Q5OGI3YjllODJhZTM0ZTFkMWJjYTA5MGIyOTgzMmUwMTp7Il9hdXRoX3VzZXJfaGFzaCI6IjEyMmVhYzJhMWUwNmE3ZjZiNmJiMTM0NWZkOGYyZDk1NWYyMmQyZjQiLCJfYXV0aF91c2VyX2JhY2tlbmQiOiJkamFuZ28uY29udHJpYi5hdXRoLmJhY2tlbmRzLk1vZGVsQmFja2VuZCIsIl9hdXRoX3VzZXJfaWQiOiI3OSIsInJvb21zIjpbNzkxMzZdfQ==','2017-06-07 19:05:38.123064'),
	('chn060c9b6cc648655245a3f056594d4','YmEwZWE5MjNhNGQyMmI2N2MzOTAwMjdhYzc2MjZlYWZjNDFmNTk2ZTp7Il9hdXRoX3VzZXJfaGFzaCI6IjljMjRiZDc3NzYwZmNjMDFhN2E0YmMyMGM3OGI3NzFlZWRmYjg5OWUiLCJfYXV0aF91c2VyX2JhY2tlbmQiOiJkamFuZ28uY29udHJpYi5hdXRoLmJhY2tlbmRzLk1vZGVsQmFja2VuZCIsIl9hdXRoX3VzZXJfaWQiOiIxMzYiLCJyb29tcyI6WzEzNjc5XX0=','2017-06-05 10:58:18.463046'),
	('chn0690f75575ec2005662bcdca80729','ODI2NWFhM2Q5OGI3YjllODJhZTM0ZTFkMWJjYTA5MGIyOTgzMmUwMTp7Il9hdXRoX3VzZXJfaGFzaCI6IjEyMmVhYzJhMWUwNmE3ZjZiNmJiMTM0NWZkOGYyZDk1NWYyMmQyZjQiLCJfYXV0aF91c2VyX2JhY2tlbmQiOiJkamFuZ28uY29udHJpYi5hdXRoLmJhY2tlbmRzLk1vZGVsQmFja2VuZCIsIl9hdXRoX3VzZXJfaWQiOiI3OSIsInJvb21zIjpbNzkxMzZdfQ==','2017-06-07 19:06:56.261408'),
	('chn06f56520435c3117a8688e36b8deb','Yzg1NzcyZjFiNmRjMGEyZWQ3NDdlYWI0NDNhZWY3OTkyMTIyYTc4YTp7Il9hdXRoX3VzZXJfaGFzaCI6IjEyMmVhYzJhMWUwNmE3ZjZiNmJiMTM0NWZkOGYyZDk1NWYyMmQyZjQiLCJfYXV0aF91c2VyX2JhY2tlbmQiOiJkamFuZ28uY29udHJpYi5hdXRoLmJhY2tlbmRzLk1vZGVsQmFja2VuZCIsIl9hdXRoX3VzZXJfaWQiOiI3OSIsInJvb21zIjpbMTM2NzldfQ==','2017-06-04 15:43:37.361714'),
	('chn06ffd428eb8dfab4f74657f263acb','YmEwZWE5MjNhNGQyMmI2N2MzOTAwMjdhYzc2MjZlYWZjNDFmNTk2ZTp7Il9hdXRoX3VzZXJfaGFzaCI6IjljMjRiZDc3NzYwZmNjMDFhN2E0YmMyMGM3OGI3NzFlZWRmYjg5OWUiLCJfYXV0aF91c2VyX2JhY2tlbmQiOiJkamFuZ28uY29udHJpYi5hdXRoLmJhY2tlbmRzLk1vZGVsQmFja2VuZCIsIl9hdXRoX3VzZXJfaWQiOiIxMzYiLCJyb29tcyI6WzEzNjc5XX0=','2017-06-05 15:19:44.474272'),
	('chn081c35ae40ec88ede0e6519abdaf0','NzEwNGUxY2FkOWY2NmNlMDAyYzc3MzdmNDk1NzRlNTVlNWU4Y2IwNjp7fQ==','2017-06-06 15:07:38.822771'),
	('chn088628519af2d9003ca4dc9321de0','YTk3ZTQ0NzQ3NTY2YzI4MWJlMzJiMGFhMzdjNWYzOTI5MGYyMzg0Zjp7InJvb21zIjpbXX0=','2017-06-06 10:41:33.322696'),
	('chn08e6ae0aea7ee6fa6fad051273e7b','YmEwZWE5MjNhNGQyMmI2N2MzOTAwMjdhYzc2MjZlYWZjNDFmNTk2ZTp7Il9hdXRoX3VzZXJfaGFzaCI6IjljMjRiZDc3NzYwZmNjMDFhN2E0YmMyMGM3OGI3NzFlZWRmYjg5OWUiLCJfYXV0aF91c2VyX2JhY2tlbmQiOiJkamFuZ28uY29udHJpYi5hdXRoLmJhY2tlbmRzLk1vZGVsQmFja2VuZCIsIl9hdXRoX3VzZXJfaWQiOiIxMzYiLCJyb29tcyI6WzEzNjc5XX0=','2017-06-04 23:01:10.468785'),
	('chn08f18a96394023ccd0b9983afff0a','Yzg1NzcyZjFiNmRjMGEyZWQ3NDdlYWI0NDNhZWY3OTkyMTIyYTc4YTp7Il9hdXRoX3VzZXJfaGFzaCI6IjEyMmVhYzJhMWUwNmE3ZjZiNmJiMTM0NWZkOGYyZDk1NWYyMmQyZjQiLCJfYXV0aF91c2VyX2JhY2tlbmQiOiJkamFuZ28uY29udHJpYi5hdXRoLmJhY2tlbmRzLk1vZGVsQmFja2VuZCIsIl9hdXRoX3VzZXJfaWQiOiI3OSIsInJvb21zIjpbMTM2NzldfQ==','2017-06-04 12:36:37.540980'),
	('chn08feb2da73f84c3145abaca5410fd','ZjNiYmY3M2MzODMwMzczYWMxNWZlNGQ1ZDNiM2RhYWY1OGNiYTM0NTp7Il9hdXRoX3VzZXJfaGFzaCI6IjljMjRiZDc3NzYwZmNjMDFhN2E0YmMyMGM3OGI3NzFlZWRmYjg5OWUiLCJfYXV0aF91c2VyX2JhY2tlbmQiOiJkamFuZ28uY29udHJpYi5hdXRoLmJhY2tlbmRzLk1vZGVsQmFja2VuZCIsIl9hdXRoX3VzZXJfaWQiOiIxMzYiLCJyb29tcyI6WzFdfQ==','2017-06-04 22:52:00.880046'),
	('chn098e3a95d2cf931aa9c90d8f79165','ODI2NWFhM2Q5OGI3YjllODJhZTM0ZTFkMWJjYTA5MGIyOTgzMmUwMTp7Il9hdXRoX3VzZXJfaGFzaCI6IjEyMmVhYzJhMWUwNmE3ZjZiNmJiMTM0NWZkOGYyZDk1NWYyMmQyZjQiLCJfYXV0aF91c2VyX2JhY2tlbmQiOiJkamFuZ28uY29udHJpYi5hdXRoLmJhY2tlbmRzLk1vZGVsQmFja2VuZCIsIl9hdXRoX3VzZXJfaWQiOiI3OSIsInJvb21zIjpbNzkxMzZdfQ==','2017-06-07 18:36:31.206309'),
	('chn0a20e06ada11f615a7bd3ee26c085','NzEwNGUxY2FkOWY2NmNlMDAyYzc3MzdmNDk1NzRlNTVlNWU4Y2IwNjp7fQ==','2017-06-06 14:10:42.850324'),
	('chn0a3aa5c86a037d0cf7c7e9c27b18d','ODI2NWFhM2Q5OGI3YjllODJhZTM0ZTFkMWJjYTA5MGIyOTgzMmUwMTp7Il9hdXRoX3VzZXJfaGFzaCI6IjEyMmVhYzJhMWUwNmE3ZjZiNmJiMTM0NWZkOGYyZDk1NWYyMmQyZjQiLCJfYXV0aF91c2VyX2JhY2tlbmQiOiJkamFuZ28uY29udHJpYi5hdXRoLmJhY2tlbmRzLk1vZGVsQmFja2VuZCIsIl9hdXRoX3VzZXJfaWQiOiI3OSIsInJvb21zIjpbNzkxMzZdfQ==','2017-06-08 12:57:05.951698'),
	('chn0a4b36c950eff13c93acc402d34bd','NzEwNGUxY2FkOWY2NmNlMDAyYzc3MzdmNDk1NzRlNTVlNWU4Y2IwNjp7fQ==','2017-06-06 15:07:19.236795'),
	('chn0a79ae2fb6298f1cb51ea12a90593','YmEwZWE5MjNhNGQyMmI2N2MzOTAwMjdhYzc2MjZlYWZjNDFmNTk2ZTp7Il9hdXRoX3VzZXJfaGFzaCI6IjljMjRiZDc3NzYwZmNjMDFhN2E0YmMyMGM3OGI3NzFlZWRmYjg5OWUiLCJfYXV0aF91c2VyX2JhY2tlbmQiOiJkamFuZ28uY29udHJpYi5hdXRoLmJhY2tlbmRzLk1vZGVsQmFja2VuZCIsIl9hdXRoX3VzZXJfaWQiOiIxMzYiLCJyb29tcyI6WzEzNjc5XX0=','2017-06-05 12:44:48.472618'),
	('chn0a9a3cceb8dc2efe9babe0b5b0bd2','ZjNiYmY3M2MzODMwMzczYWMxNWZlNGQ1ZDNiM2RhYWY1OGNiYTM0NTp7Il9hdXRoX3VzZXJfaGFzaCI6IjljMjRiZDc3NzYwZmNjMDFhN2E0YmMyMGM3OGI3NzFlZWRmYjg5OWUiLCJfYXV0aF91c2VyX2JhY2tlbmQiOiJkamFuZ28uY29udHJpYi5hdXRoLmJhY2tlbmRzLk1vZGVsQmFja2VuZCIsIl9hdXRoX3VzZXJfaWQiOiIxMzYiLCJyb29tcyI6WzFdfQ==','2017-06-05 12:27:58.556016'),
	('chn0b3dcede26f708cf3db0b73b76e0a','ZjNiYmY3M2MzODMwMzczYWMxNWZlNGQ1ZDNiM2RhYWY1OGNiYTM0NTp7Il9hdXRoX3VzZXJfaGFzaCI6IjljMjRiZDc3NzYwZmNjMDFhN2E0YmMyMGM3OGI3NzFlZWRmYjg5OWUiLCJfYXV0aF91c2VyX2JhY2tlbmQiOiJkamFuZ28uY29udHJpYi5hdXRoLmJhY2tlbmRzLk1vZGVsQmFja2VuZCIsIl9hdXRoX3VzZXJfaWQiOiIxMzYiLCJyb29tcyI6WzFdfQ==','2017-06-05 12:42:50.027616'),
	('chn0b46330e7e7d0847ffe9166b0ce07','NzEwNGUxY2FkOWY2NmNlMDAyYzc3MzdmNDk1NzRlNTVlNWU4Y2IwNjp7fQ==','2017-06-06 14:11:45.835771'),
	('chn0b4ecd05d572c83302322f1676451','ZjhlYTUwMzA3ZWEyMjE5MTA2YzJkZDk2YTc4YmMxMDFlMWI5YWJjNTp7Il9hdXRoX3VzZXJfaGFzaCI6IjEyMmVhYzJhMWUwNmE3ZjZiNmJiMTM0NWZkOGYyZDk1NWYyMmQyZjQiLCJfYXV0aF91c2VyX2JhY2tlbmQiOiJkamFuZ28uY29udHJpYi5hdXRoLmJhY2tlbmRzLk1vZGVsQmFja2VuZCIsIl9hdXRoX3VzZXJfaWQiOiI3OSIsInJvb21zIjpbMV19','2017-06-08 17:22:42.149731'),
	('chn0bf1aa278d2cef3a86498847bed0b','NTBlZTczNjMxMTQ1NzY4NmNmNTM2YTFlNGU4MWQxZjYzOWY1MTA0NDp7Il9hdXRoX3VzZXJfaGFzaCI6IjEyMmVhYzJhMWUwNmE3ZjZiNmJiMTM0NWZkOGYyZDk1NWYyMmQyZjQiLCJfYXV0aF91c2VyX2lkIjoiNzkiLCJfYXV0aF91c2VyX2JhY2tlbmQiOiJkamFuZ28uY29udHJpYi5hdXRoLmJhY2tlbmRzLk1vZGVsQmFja2VuZCIsInJvb21zIjpbXX0=','2017-06-06 10:42:21.248496'),
	('chn0c3b2ad4bf84791c7b395df372508','NWE1ZDkyOGJkYTE4MWQ5ZTk2ZTYwMzM2OGMxNDllZWI5NWQ5NGFiNDp7Il9hdXRoX3VzZXJfaGFzaCI6IjljMjRiZDc3NzYwZmNjMDFhN2E0YmMyMGM3OGI3NzFlZWRmYjg5OWUiLCJfYXV0aF91c2VyX2lkIjoiMTM2IiwiX2F1dGhfdXNlcl9iYWNrZW5kIjoiZGphbmdvLmNvbnRyaWIuYXV0aC5iYWNrZW5kcy5Nb2RlbEJhY2tlbmQiLCJyb29tcyI6W119','2017-06-07 18:30:17.171637'),
	('chn0c9394d75099ecef79808a2a582cc','ZjY2OGY3MDdmNTI4ODk5Nzg5Y2VkNjhkOWM4ODJlMmVhZjUzMDk3Mzp7Il9hdXRoX3VzZXJfaGFzaCI6IjJhNDUyZDYwZDRjMGFkMzg2YjFiNjczYmQ5YTNiNzYzMDY0NWJkNGQiLCJfYXV0aF91c2VyX2lkIjoiMSIsIl9hdXRoX3VzZXJfYmFja2VuZCI6ImRqYW5nby5jb250cmliLmF1dGguYmFja2VuZHMuTW9kZWxCYWNrZW5kIiwicm9vbXMiOltdfQ==','2017-05-27 16:16:27.098626'),
	('chn0cc7becee288383813b5309d37bc9','NTBlZTczNjMxMTQ1NzY4NmNmNTM2YTFlNGU4MWQxZjYzOWY1MTA0NDp7Il9hdXRoX3VzZXJfaGFzaCI6IjEyMmVhYzJhMWUwNmE3ZjZiNmJiMTM0NWZkOGYyZDk1NWYyMmQyZjQiLCJfYXV0aF91c2VyX2lkIjoiNzkiLCJfYXV0aF91c2VyX2JhY2tlbmQiOiJkamFuZ28uY29udHJpYi5hdXRoLmJhY2tlbmRzLk1vZGVsQmFja2VuZCIsInJvb21zIjpbXX0=','2017-06-02 13:42:53.959445'),
	('chn0cca480d69532bf5cadeb2a2d3654','ODM1NzVjNmQzMDNhNWU3NzNkYjZhYzNjOThjOTYzZGJiYWQ0OTAyMTp7Il9hdXRoX3VzZXJfaGFzaCI6IjEyMmVhYzJhMWUwNmE3ZjZiNmJiMTM0NWZkOGYyZDk1NWYyMmQyZjQiLCJfYXV0aF91c2VyX2lkIjoiNzkiLCJfYXV0aF91c2VyX2JhY2tlbmQiOiJkamFuZ28uY29udHJpYi5hdXRoLmJhY2tlbmRzLk1vZGVsQmFja2VuZCJ9','2017-06-04 10:31:52.601160'),
	('chn0d6a8aba98a80ba03edc0d04f33c3','YmEwZWE5MjNhNGQyMmI2N2MzOTAwMjdhYzc2MjZlYWZjNDFmNTk2ZTp7Il9hdXRoX3VzZXJfaGFzaCI6IjljMjRiZDc3NzYwZmNjMDFhN2E0YmMyMGM3OGI3NzFlZWRmYjg5OWUiLCJfYXV0aF91c2VyX2JhY2tlbmQiOiJkamFuZ28uY29udHJpYi5hdXRoLmJhY2tlbmRzLk1vZGVsQmFja2VuZCIsIl9hdXRoX3VzZXJfaWQiOiIxMzYiLCJyb29tcyI6WzEzNjc5XX0=','2017-06-04 15:52:48.205763'),
	('chn0dd0a2ca01f6fc801b353bad01273','NTBlZTczNjMxMTQ1NzY4NmNmNTM2YTFlNGU4MWQxZjYzOWY1MTA0NDp7Il9hdXRoX3VzZXJfaGFzaCI6IjEyMmVhYzJhMWUwNmE3ZjZiNmJiMTM0NWZkOGYyZDk1NWYyMmQyZjQiLCJfYXV0aF91c2VyX2lkIjoiNzkiLCJfYXV0aF91c2VyX2JhY2tlbmQiOiJkamFuZ28uY29udHJpYi5hdXRoLmJhY2tlbmRzLk1vZGVsQmFja2VuZCIsInJvb21zIjpbXX0=','2017-06-02 14:43:59.203192'),
	('chn0e51b1d804737d812fd5ec733eb4e','ZmZmNDljZmY3NWM3NjVhODNjMTM3YmExYTkwZTcyZTkyZDU5OTIxNDp7Il9hdXRoX3VzZXJfaGFzaCI6IjEyMmVhYzJhMWUwNmE3ZjZiNmJiMTM0NWZkOGYyZDk1NWYyMmQyZjQiLCJfYXV0aF91c2VyX2JhY2tlbmQiOiJkamFuZ28uY29udHJpYi5hdXRoLmJhY2tlbmRzLk1vZGVsQmFja2VuZCIsIl9hdXRoX3VzZXJfaWQiOiI3OSIsInJvb21zIjpbNzk5MF19','2017-06-08 13:10:29.194750'),
	('chn0f2c7f04646f78dc0edd296a11a14','ZmZmNDljZmY3NWM3NjVhODNjMTM3YmExYTkwZTcyZTkyZDU5OTIxNDp7Il9hdXRoX3VzZXJfaGFzaCI6IjEyMmVhYzJhMWUwNmE3ZjZiNmJiMTM0NWZkOGYyZDk1NWYyMmQyZjQiLCJfYXV0aF91c2VyX2JhY2tlbmQiOiJkamFuZ28uY29udHJpYi5hdXRoLmJhY2tlbmRzLk1vZGVsQmFja2VuZCIsIl9hdXRoX3VzZXJfaWQiOiI3OSIsInJvb21zIjpbNzk5MF19','2017-06-08 12:57:34.213791'),
	('chn0f39acdb112024e69cb1f34e4d319','OTk5ZDM2MzgwMzBkZDhmMTg1MzBhMDk3NTE2NGYzMzMyYzJlMGE2NTp7Il9hdXRoX3VzZXJfaGFzaCI6IjVkMmM5YWIzMDc3MzM3NzNiOTI3NTIwZGExNjJhNzhlMWYwOTM2OWUiLCJfYXV0aF91c2VyX2lkIjoiODMiLCJfYXV0aF91c2VyX2JhY2tlbmQiOiJkamFuZ28uY29udHJpYi5hdXRoLmJhY2tlbmRzLk1vZGVsQmFja2VuZCIsInJvb21zIjpbXX0=','2017-06-02 13:43:52.427861'),
	('chn10b27107b5c0dbdf889d6cc9dd013','YmEwZWE5MjNhNGQyMmI2N2MzOTAwMjdhYzc2MjZlYWZjNDFmNTk2ZTp7Il9hdXRoX3VzZXJfaGFzaCI6IjljMjRiZDc3NzYwZmNjMDFhN2E0YmMyMGM3OGI3NzFlZWRmYjg5OWUiLCJfYXV0aF91c2VyX2JhY2tlbmQiOiJkamFuZ28uY29udHJpYi5hdXRoLmJhY2tlbmRzLk1vZGVsQmFja2VuZCIsIl9hdXRoX3VzZXJfaWQiOiIxMzYiLCJyb29tcyI6WzEzNjc5XX0=','2017-06-04 23:45:50.043023'),
	('chn10bb39bda5717350ebef3f54be638','ZjNiYmY3M2MzODMwMzczYWMxNWZlNGQ1ZDNiM2RhYWY1OGNiYTM0NTp7Il9hdXRoX3VzZXJfaGFzaCI6IjljMjRiZDc3NzYwZmNjMDFhN2E0YmMyMGM3OGI3NzFlZWRmYjg5OWUiLCJfYXV0aF91c2VyX2JhY2tlbmQiOiJkamFuZ28uY29udHJpYi5hdXRoLmJhY2tlbmRzLk1vZGVsQmFja2VuZCIsIl9hdXRoX3VzZXJfaWQiOiIxMzYiLCJyb29tcyI6WzFdfQ==','2017-06-05 12:23:32.467218'),
	('chn10bb7155de202c31260b332952f8c','YmEwZWE5MjNhNGQyMmI2N2MzOTAwMjdhYzc2MjZlYWZjNDFmNTk2ZTp7Il9hdXRoX3VzZXJfaGFzaCI6IjljMjRiZDc3NzYwZmNjMDFhN2E0YmMyMGM3OGI3NzFlZWRmYjg5OWUiLCJfYXV0aF91c2VyX2JhY2tlbmQiOiJkamFuZ28uY29udHJpYi5hdXRoLmJhY2tlbmRzLk1vZGVsQmFja2VuZCIsIl9hdXRoX3VzZXJfaWQiOiIxMzYiLCJyb29tcyI6WzEzNjc5XX0=','2017-06-05 11:29:26.662117'),
	('chn10ef6a268b07bf0ff91edff14b252','YmEwZWE5MjNhNGQyMmI2N2MzOTAwMjdhYzc2MjZlYWZjNDFmNTk2ZTp7Il9hdXRoX3VzZXJfaGFzaCI6IjljMjRiZDc3NzYwZmNjMDFhN2E0YmMyMGM3OGI3NzFlZWRmYjg5OWUiLCJfYXV0aF91c2VyX2JhY2tlbmQiOiJkamFuZ28uY29udHJpYi5hdXRoLmJhY2tlbmRzLk1vZGVsQmFja2VuZCIsIl9hdXRoX3VzZXJfaWQiOiIxMzYiLCJyb29tcyI6WzEzNjc5XX0=','2017-06-05 10:58:12.230236'),
	('chn10f21962e73a756f2d30830af02ca','ODdiYTU2MGI3Y2JjN2MyNzE0Mjk5OGM3M2M5MmFhYmM3ZDgzMWIxMjp7Il9hdXRoX3VzZXJfaGFzaCI6IjljMjRiZDc3NzYwZmNjMDFhN2E0YmMyMGM3OGI3NzFlZWRmYjg5OWUiLCJfYXV0aF91c2VyX2JhY2tlbmQiOiJkamFuZ28uY29udHJpYi5hdXRoLmJhY2tlbmRzLk1vZGVsQmFja2VuZCIsIl9hdXRoX3VzZXJfaWQiOiIxMzYiLCJyb29tcyI6Wzc5MTM2XX0=','2017-06-07 17:41:34.760114'),
	('chn1151b1d6bb63b73b9a5cc73208acc','ODI2NWFhM2Q5OGI3YjllODJhZTM0ZTFkMWJjYTA5MGIyOTgzMmUwMTp7Il9hdXRoX3VzZXJfaGFzaCI6IjEyMmVhYzJhMWUwNmE3ZjZiNmJiMTM0NWZkOGYyZDk1NWYyMmQyZjQiLCJfYXV0aF91c2VyX2JhY2tlbmQiOiJkamFuZ28uY29udHJpYi5hdXRoLmJhY2tlbmRzLk1vZGVsQmFja2VuZCIsIl9hdXRoX3VzZXJfaWQiOiI3OSIsInJvb21zIjpbNzkxMzZdfQ==','2017-06-07 13:49:06.015445'),
	('chn11b2d44b467c7a19d8b37a363624f','Yzg1NzcyZjFiNmRjMGEyZWQ3NDdlYWI0NDNhZWY3OTkyMTIyYTc4YTp7Il9hdXRoX3VzZXJfaGFzaCI6IjEyMmVhYzJhMWUwNmE3ZjZiNmJiMTM0NWZkOGYyZDk1NWYyMmQyZjQiLCJfYXV0aF91c2VyX2JhY2tlbmQiOiJkamFuZ28uY29udHJpYi5hdXRoLmJhY2tlbmRzLk1vZGVsQmFja2VuZCIsIl9hdXRoX3VzZXJfaWQiOiI3OSIsInJvb21zIjpbMTM2NzldfQ==','2017-06-05 18:29:29.832494'),
	('chn11d059536d37f66181a50b08f20ee','YmEwZWE5MjNhNGQyMmI2N2MzOTAwMjdhYzc2MjZlYWZjNDFmNTk2ZTp7Il9hdXRoX3VzZXJfaGFzaCI6IjljMjRiZDc3NzYwZmNjMDFhN2E0YmMyMGM3OGI3NzFlZWRmYjg5OWUiLCJfYXV0aF91c2VyX2JhY2tlbmQiOiJkamFuZ28uY29udHJpYi5hdXRoLmJhY2tlbmRzLk1vZGVsQmFja2VuZCIsIl9hdXRoX3VzZXJfaWQiOiIxMzYiLCJyb29tcyI6WzEzNjc5XX0=','2017-06-04 22:56:50.842610'),
	('chn11e520560e177c9a52ff6031f2bbd','NzEwNGUxY2FkOWY2NmNlMDAyYzc3MzdmNDk1NzRlNTVlNWU4Y2IwNjp7fQ==','2017-06-05 22:45:33.180914'),
	('chn128a802c2959edefa0d8f0aa1808a','NTBlZTczNjMxMTQ1NzY4NmNmNTM2YTFlNGU4MWQxZjYzOWY1MTA0NDp7Il9hdXRoX3VzZXJfaGFzaCI6IjEyMmVhYzJhMWUwNmE3ZjZiNmJiMTM0NWZkOGYyZDk1NWYyMmQyZjQiLCJfYXV0aF91c2VyX2lkIjoiNzkiLCJfYXV0aF91c2VyX2JhY2tlbmQiOiJkamFuZ28uY29udHJpYi5hdXRoLmJhY2tlbmRzLk1vZGVsQmFja2VuZCIsInJvb21zIjpbXX0=','2017-06-03 14:52:43.761554'),
	('chn12df5a801dd9ac16686548ef8df58','YTc0ZTczNDAxNmYyOTZmYWJjNzAyOTY1MWRhM2Q3NzIxMzI2ZDQxNDp7Il9hdXRoX3VzZXJfaGFzaCI6IjVkMmM5YWIzMDc3MzM3NzNiOTI3NTIwZGExNjJhNzhlMWYwOTM2OWUiLCJfYXV0aF91c2VyX2JhY2tlbmQiOiJkamFuZ28uY29udHJpYi5hdXRoLmJhY2tlbmRzLk1vZGVsQmFja2VuZCIsIl9hdXRoX3VzZXJfaWQiOiI4MyIsInJvb21zIjpbMTM2ODBdfQ==','2017-06-02 15:03:46.463727'),
	('chn12efe2819d99e9ec3e7d640882262','NTBlZTczNjMxMTQ1NzY4NmNmNTM2YTFlNGU4MWQxZjYzOWY1MTA0NDp7Il9hdXRoX3VzZXJfaGFzaCI6IjEyMmVhYzJhMWUwNmE3ZjZiNmJiMTM0NWZkOGYyZDk1NWYyMmQyZjQiLCJfYXV0aF91c2VyX2lkIjoiNzkiLCJfYXV0aF91c2VyX2JhY2tlbmQiOiJkamFuZ28uY29udHJpYi5hdXRoLmJhY2tlbmRzLk1vZGVsQmFja2VuZCIsInJvb21zIjpbXX0=','2017-06-02 13:44:33.771499'),
	('chn1345a8caa6f8c162415749b3d6e93','Yzg1NzcyZjFiNmRjMGEyZWQ3NDdlYWI0NDNhZWY3OTkyMTIyYTc4YTp7Il9hdXRoX3VzZXJfaGFzaCI6IjEyMmVhYzJhMWUwNmE3ZjZiNmJiMTM0NWZkOGYyZDk1NWYyMmQyZjQiLCJfYXV0aF91c2VyX2JhY2tlbmQiOiJkamFuZ28uY29udHJpYi5hdXRoLmJhY2tlbmRzLk1vZGVsQmFja2VuZCIsIl9hdXRoX3VzZXJfaWQiOiI3OSIsInJvb21zIjpbMTM2NzldfQ==','2017-06-04 12:30:24.891723'),
	('chn1362e9b7ce0f31744b806fcd0cc4a','NTBlZTczNjMxMTQ1NzY4NmNmNTM2YTFlNGU4MWQxZjYzOWY1MTA0NDp7Il9hdXRoX3VzZXJfaGFzaCI6IjEyMmVhYzJhMWUwNmE3ZjZiNmJiMTM0NWZkOGYyZDk1NWYyMmQyZjQiLCJfYXV0aF91c2VyX2lkIjoiNzkiLCJfYXV0aF91c2VyX2JhY2tlbmQiOiJkamFuZ28uY29udHJpYi5hdXRoLmJhY2tlbmRzLk1vZGVsQmFja2VuZCIsInJvb21zIjpbXX0=','2017-06-02 10:03:06.748832'),
	('chn143284b1202fe916713d8e1b5561f','YTc0ZTczNDAxNmYyOTZmYWJjNzAyOTY1MWRhM2Q3NzIxMzI2ZDQxNDp7Il9hdXRoX3VzZXJfaGFzaCI6IjVkMmM5YWIzMDc3MzM3NzNiOTI3NTIwZGExNjJhNzhlMWYwOTM2OWUiLCJfYXV0aF91c2VyX2JhY2tlbmQiOiJkamFuZ28uY29udHJpYi5hdXRoLmJhY2tlbmRzLk1vZGVsQmFja2VuZCIsIl9hdXRoX3VzZXJfaWQiOiI4MyIsInJvb21zIjpbMTM2ODBdfQ==','2017-06-02 15:00:13.988280'),
	('chn14490c28ab95e60491870ca40935c','NzEwNGUxY2FkOWY2NmNlMDAyYzc3MzdmNDk1NzRlNTVlNWU4Y2IwNjp7fQ==','2017-06-05 23:05:52.846253'),
	('chn14a3d751c8db7e8977137da287be9','ZTVhZmFlZDlhZDg2MTY1NTJiNWJkNGZjNzgwYjNhNDQ5MzEyZmFjMTp7Il9hdXRoX3VzZXJfaGFzaCI6IjJmYWI1MzQ0YTMzNzE0ZTZhYzRjZTg0ZjJkOWViNjI5OTNiY2I0MTIiLCJfYXV0aF91c2VyX2JhY2tlbmQiOiJkamFuZ28uY29udHJpYi5hdXRoLmJhY2tlbmRzLk1vZGVsQmFja2VuZCIsIl9hdXRoX3VzZXJfaWQiOiI3OSIsInJvb21zIjpbMTM2NzldfQ==','2017-05-31 09:47:35.901218'),
	('chn15244a08cd091d64d1661c25f8c07','Yzg1NzcyZjFiNmRjMGEyZWQ3NDdlYWI0NDNhZWY3OTkyMTIyYTc4YTp7Il9hdXRoX3VzZXJfaGFzaCI6IjEyMmVhYzJhMWUwNmE3ZjZiNmJiMTM0NWZkOGYyZDk1NWYyMmQyZjQiLCJfYXV0aF91c2VyX2JhY2tlbmQiOiJkamFuZ28uY29udHJpYi5hdXRoLmJhY2tlbmRzLk1vZGVsQmFja2VuZCIsIl9hdXRoX3VzZXJfaWQiOiI3OSIsInJvb21zIjpbMTM2NzldfQ==','2017-06-05 22:40:28.705626'),
	('chn156a247a46f2a40a7fb748f18e779','ODI2NWFhM2Q5OGI3YjllODJhZTM0ZTFkMWJjYTA5MGIyOTgzMmUwMTp7Il9hdXRoX3VzZXJfaGFzaCI6IjEyMmVhYzJhMWUwNmE3ZjZiNmJiMTM0NWZkOGYyZDk1NWYyMmQyZjQiLCJfYXV0aF91c2VyX2JhY2tlbmQiOiJkamFuZ28uY29udHJpYi5hdXRoLmJhY2tlbmRzLk1vZGVsQmFja2VuZCIsIl9hdXRoX3VzZXJfaWQiOiI3OSIsInJvb21zIjpbNzkxMzZdfQ==','2017-06-07 18:57:38.187876'),
	('chn15f9bbe334ac1e7e58807842e0af4','NTA2MmFmOGY0M2FmYzg4MWE2YmVkMDNkNmRhM2YwMWQ0ZTMxNWI0Mjp7Il9hdXRoX3VzZXJfaGFzaCI6Ijc5ZTFmNjA3YjYwOGU1ZDljY2FkNjUyYzFmOWE3ZDM5NDcyYjU3NmMiLCJfYXV0aF91c2VyX2JhY2tlbmQiOiJkamFuZ28uY29udHJpYi5hdXRoLmJhY2tlbmRzLk1vZGVsQmFja2VuZCIsIl9hdXRoX3VzZXJfaWQiOiI3OSIsInJvb21zIjpbNzkxMzZdfQ==','2017-06-11 12:55:25.729581'),
	('chn163676de9c081ce42cae2ed6c204e','OTk5ZDM2MzgwMzBkZDhmMTg1MzBhMDk3NTE2NGYzMzMyYzJlMGE2NTp7Il9hdXRoX3VzZXJfaGFzaCI6IjVkMmM5YWIzMDc3MzM3NzNiOTI3NTIwZGExNjJhNzhlMWYwOTM2OWUiLCJfYXV0aF91c2VyX2lkIjoiODMiLCJfYXV0aF91c2VyX2JhY2tlbmQiOiJkamFuZ28uY29udHJpYi5hdXRoLmJhY2tlbmRzLk1vZGVsQmFja2VuZCIsInJvb21zIjpbXX0=','2017-06-02 13:41:40.172808'),
	('chn16af7d00825d9a25654fafe0d841d','ODI2NWFhM2Q5OGI3YjllODJhZTM0ZTFkMWJjYTA5MGIyOTgzMmUwMTp7Il9hdXRoX3VzZXJfaGFzaCI6IjEyMmVhYzJhMWUwNmE3ZjZiNmJiMTM0NWZkOGYyZDk1NWYyMmQyZjQiLCJfYXV0aF91c2VyX2JhY2tlbmQiOiJkamFuZ28uY29udHJpYi5hdXRoLmJhY2tlbmRzLk1vZGVsQmFja2VuZCIsIl9hdXRoX3VzZXJfaWQiOiI3OSIsInJvb21zIjpbNzkxMzZdfQ==','2017-06-08 13:34:41.534353'),
	('chn175b35cf30b506a17c6094e51e72f','ZjY2OGY3MDdmNTI4ODk5Nzg5Y2VkNjhkOWM4ODJlMmVhZjUzMDk3Mzp7Il9hdXRoX3VzZXJfaGFzaCI6IjJhNDUyZDYwZDRjMGFkMzg2YjFiNjczYmQ5YTNiNzYzMDY0NWJkNGQiLCJfYXV0aF91c2VyX2lkIjoiMSIsIl9hdXRoX3VzZXJfYmFja2VuZCI6ImRqYW5nby5jb250cmliLmF1dGguYmFja2VuZHMuTW9kZWxCYWNrZW5kIiwicm9vbXMiOltdfQ==','2017-05-27 20:04:27.568971'),
	('chn18edfdfbd853ca251e4c0e2ac083d','YmEwZWE5MjNhNGQyMmI2N2MzOTAwMjdhYzc2MjZlYWZjNDFmNTk2ZTp7Il9hdXRoX3VzZXJfaGFzaCI6IjljMjRiZDc3NzYwZmNjMDFhN2E0YmMyMGM3OGI3NzFlZWRmYjg5OWUiLCJfYXV0aF91c2VyX2JhY2tlbmQiOiJkamFuZ28uY29udHJpYi5hdXRoLmJhY2tlbmRzLk1vZGVsQmFja2VuZCIsIl9hdXRoX3VzZXJfaWQiOiIxMzYiLCJyb29tcyI6WzEzNjc5XX0=','2017-06-05 18:21:30.510699'),
	('chn19aa1f9eef1ea43208a41dc5c3e5c','YmEwZWE5MjNhNGQyMmI2N2MzOTAwMjdhYzc2MjZlYWZjNDFmNTk2ZTp7Il9hdXRoX3VzZXJfaGFzaCI6IjljMjRiZDc3NzYwZmNjMDFhN2E0YmMyMGM3OGI3NzFlZWRmYjg5OWUiLCJfYXV0aF91c2VyX2JhY2tlbmQiOiJkamFuZ28uY29udHJpYi5hdXRoLmJhY2tlbmRzLk1vZGVsQmFja2VuZCIsIl9hdXRoX3VzZXJfaWQiOiIxMzYiLCJyb29tcyI6WzEzNjc5XX0=','2017-06-04 12:19:17.057822'),
	('chn1a3bd59e461fda3bd751a9915423a','YTk3ZTQ0NzQ3NTY2YzI4MWJlMzJiMGFhMzdjNWYzOTI5MGYyMzg0Zjp7InJvb21zIjpbXX0=','2017-06-05 18:19:10.538554'),
	('chn1a612d4c201768fabad53e290fbea','ODI2NWFhM2Q5OGI3YjllODJhZTM0ZTFkMWJjYTA5MGIyOTgzMmUwMTp7Il9hdXRoX3VzZXJfaGFzaCI6IjEyMmVhYzJhMWUwNmE3ZjZiNmJiMTM0NWZkOGYyZDk1NWYyMmQyZjQiLCJfYXV0aF91c2VyX2JhY2tlbmQiOiJkamFuZ28uY29udHJpYi5hdXRoLmJhY2tlbmRzLk1vZGVsQmFja2VuZCIsIl9hdXRoX3VzZXJfaWQiOiI3OSIsInJvb21zIjpbNzkxMzZdfQ==','2017-06-07 15:58:33.795984'),
	('chn1a887bb7dc75078de5806a7d6a49a','ODI2NWFhM2Q5OGI3YjllODJhZTM0ZTFkMWJjYTA5MGIyOTgzMmUwMTp7Il9hdXRoX3VzZXJfaGFzaCI6IjEyMmVhYzJhMWUwNmE3ZjZiNmJiMTM0NWZkOGYyZDk1NWYyMmQyZjQiLCJfYXV0aF91c2VyX2JhY2tlbmQiOiJkamFuZ28uY29udHJpYi5hdXRoLmJhY2tlbmRzLk1vZGVsQmFja2VuZCIsIl9hdXRoX3VzZXJfaWQiOiI3OSIsInJvb21zIjpbNzkxMzZdfQ==','2017-06-07 13:38:29.325670'),
	('chn1aab8c4c001b57a409a426eb3223d','YmEwZWE5MjNhNGQyMmI2N2MzOTAwMjdhYzc2MjZlYWZjNDFmNTk2ZTp7Il9hdXRoX3VzZXJfaGFzaCI6IjljMjRiZDc3NzYwZmNjMDFhN2E0YmMyMGM3OGI3NzFlZWRmYjg5OWUiLCJfYXV0aF91c2VyX2JhY2tlbmQiOiJkamFuZ28uY29udHJpYi5hdXRoLmJhY2tlbmRzLk1vZGVsQmFja2VuZCIsIl9hdXRoX3VzZXJfaWQiOiIxMzYiLCJyb29tcyI6WzEzNjc5XX0=','2017-06-05 23:06:22.801057'),
	('chn1ab91590ce8763eb69396491aa2c3','YmEwZWE5MjNhNGQyMmI2N2MzOTAwMjdhYzc2MjZlYWZjNDFmNTk2ZTp7Il9hdXRoX3VzZXJfaGFzaCI6IjljMjRiZDc3NzYwZmNjMDFhN2E0YmMyMGM3OGI3NzFlZWRmYjg5OWUiLCJfYXV0aF91c2VyX2JhY2tlbmQiOiJkamFuZ28uY29udHJpYi5hdXRoLmJhY2tlbmRzLk1vZGVsQmFja2VuZCIsIl9hdXRoX3VzZXJfaWQiOiIxMzYiLCJyb29tcyI6WzEzNjc5XX0=','2017-06-05 12:31:49.376297'),
	('chn1af8f330dca40931ec119c0255a20','ZmI0YzQwYzNiMmM1MDYwYjdiY2NiNjAyZWRlYzlhNTQ1NTc3NGRhZjp7Il9hdXRoX3VzZXJfaGFzaCI6IjEyMmVhYzJhMWUwNmE3ZjZiNmJiMTM0NWZkOGYyZDk1NWYyMmQyZjQiLCJfYXV0aF91c2VyX2JhY2tlbmQiOiJkamFuZ28uY29udHJpYi5hdXRoLmJhY2tlbmRzLk1vZGVsQmFja2VuZCIsIl9hdXRoX3VzZXJfaWQiOiI3OSIsInJvb21zIjpbNzk3OV19','2017-06-08 17:01:19.440140'),
	('chn1b21827e191148346c6b7c2e1ba15','ODI2NWFhM2Q5OGI3YjllODJhZTM0ZTFkMWJjYTA5MGIyOTgzMmUwMTp7Il9hdXRoX3VzZXJfaGFzaCI6IjEyMmVhYzJhMWUwNmE3ZjZiNmJiMTM0NWZkOGYyZDk1NWYyMmQyZjQiLCJfYXV0aF91c2VyX2JhY2tlbmQiOiJkamFuZ28uY29udHJpYi5hdXRoLmJhY2tlbmRzLk1vZGVsQmFja2VuZCIsIl9hdXRoX3VzZXJfaWQiOiI3OSIsInJvb21zIjpbNzkxMzZdfQ==','2017-06-07 16:27:22.278634'),
	('chn1b87074337b72ee683822d5959973','ZjNiYmY3M2MzODMwMzczYWMxNWZlNGQ1ZDNiM2RhYWY1OGNiYTM0NTp7Il9hdXRoX3VzZXJfaGFzaCI6IjljMjRiZDc3NzYwZmNjMDFhN2E0YmMyMGM3OGI3NzFlZWRmYjg5OWUiLCJfYXV0aF91c2VyX2JhY2tlbmQiOiJkamFuZ28uY29udHJpYi5hdXRoLmJhY2tlbmRzLk1vZGVsQmFja2VuZCIsIl9hdXRoX3VzZXJfaWQiOiIxMzYiLCJyb29tcyI6WzFdfQ==','2017-06-05 12:25:11.327681'),
	('chn1bd4256de65e6ac58ef887b09c9a1','YmEwZWE5MjNhNGQyMmI2N2MzOTAwMjdhYzc2MjZlYWZjNDFmNTk2ZTp7Il9hdXRoX3VzZXJfaGFzaCI6IjljMjRiZDc3NzYwZmNjMDFhN2E0YmMyMGM3OGI3NzFlZWRmYjg5OWUiLCJfYXV0aF91c2VyX2JhY2tlbmQiOiJkamFuZ28uY29udHJpYi5hdXRoLmJhY2tlbmRzLk1vZGVsQmFja2VuZCIsIl9hdXRoX3VzZXJfaWQiOiIxMzYiLCJyb29tcyI6WzEzNjc5XX0=','2017-06-04 23:34:41.208774'),
	('chn1bfda3b02aa6cbc06e7ebb6e58d3c','YmEwZWE5MjNhNGQyMmI2N2MzOTAwMjdhYzc2MjZlYWZjNDFmNTk2ZTp7Il9hdXRoX3VzZXJfaGFzaCI6IjljMjRiZDc3NzYwZmNjMDFhN2E0YmMyMGM3OGI3NzFlZWRmYjg5OWUiLCJfYXV0aF91c2VyX2JhY2tlbmQiOiJkamFuZ28uY29udHJpYi5hdXRoLmJhY2tlbmRzLk1vZGVsQmFja2VuZCIsIl9hdXRoX3VzZXJfaWQiOiIxMzYiLCJyb29tcyI6WzEzNjc5XX0=','2017-06-04 23:36:00.805890'),
	('chn1c72db0b9b78c0bfd469d10e9028e','YmEwZWE5MjNhNGQyMmI2N2MzOTAwMjdhYzc2MjZlYWZjNDFmNTk2ZTp7Il9hdXRoX3VzZXJfaGFzaCI6IjljMjRiZDc3NzYwZmNjMDFhN2E0YmMyMGM3OGI3NzFlZWRmYjg5OWUiLCJfYXV0aF91c2VyX2JhY2tlbmQiOiJkamFuZ28uY29udHJpYi5hdXRoLmJhY2tlbmRzLk1vZGVsQmFja2VuZCIsIl9hdXRoX3VzZXJfaWQiOiIxMzYiLCJyb29tcyI6WzEzNjc5XX0=','2017-06-05 12:32:05.328495'),
	('chn1cab1404551f4837fed63fffce4d3','ODM1NzVjNmQzMDNhNWU3NzNkYjZhYzNjOThjOTYzZGJiYWQ0OTAyMTp7Il9hdXRoX3VzZXJfaGFzaCI6IjEyMmVhYzJhMWUwNmE3ZjZiNmJiMTM0NWZkOGYyZDk1NWYyMmQyZjQiLCJfYXV0aF91c2VyX2lkIjoiNzkiLCJfYXV0aF91c2VyX2JhY2tlbmQiOiJkamFuZ28uY29udHJpYi5hdXRoLmJhY2tlbmRzLk1vZGVsQmFja2VuZCJ9','2017-06-04 10:33:05.076948'),
	('chn1cef6d5c1462bf1737d98a791ba78','YmEwZWE5MjNhNGQyMmI2N2MzOTAwMjdhYzc2MjZlYWZjNDFmNTk2ZTp7Il9hdXRoX3VzZXJfaGFzaCI6IjljMjRiZDc3NzYwZmNjMDFhN2E0YmMyMGM3OGI3NzFlZWRmYjg5OWUiLCJfYXV0aF91c2VyX2JhY2tlbmQiOiJkamFuZ28uY29udHJpYi5hdXRoLmJhY2tlbmRzLk1vZGVsQmFja2VuZCIsIl9hdXRoX3VzZXJfaWQiOiIxMzYiLCJyb29tcyI6WzEzNjc5XX0=','2017-06-05 17:55:45.757700'),
	('chn1d5d2363966f626f26a5cdf67648b','ZjNiYmY3M2MzODMwMzczYWMxNWZlNGQ1ZDNiM2RhYWY1OGNiYTM0NTp7Il9hdXRoX3VzZXJfaGFzaCI6IjljMjRiZDc3NzYwZmNjMDFhN2E0YmMyMGM3OGI3NzFlZWRmYjg5OWUiLCJfYXV0aF91c2VyX2JhY2tlbmQiOiJkamFuZ28uY29udHJpYi5hdXRoLmJhY2tlbmRzLk1vZGVsQmFja2VuZCIsIl9hdXRoX3VzZXJfaWQiOiIxMzYiLCJyb29tcyI6WzFdfQ==','2017-06-04 22:52:57.169986'),
	('chn1d9e4e39c15c0c79aa1eb5d3e9d7d','YmEwZWE5MjNhNGQyMmI2N2MzOTAwMjdhYzc2MjZlYWZjNDFmNTk2ZTp7Il9hdXRoX3VzZXJfaGFzaCI6IjljMjRiZDc3NzYwZmNjMDFhN2E0YmMyMGM3OGI3NzFlZWRmYjg5OWUiLCJfYXV0aF91c2VyX2JhY2tlbmQiOiJkamFuZ28uY29udHJpYi5hdXRoLmJhY2tlbmRzLk1vZGVsQmFja2VuZCIsIl9hdXRoX3VzZXJfaWQiOiIxMzYiLCJyb29tcyI6WzEzNjc5XX0=','2017-06-05 12:36:47.367047'),
	('chn1fbde85dc15cca0457463da24f66e','NWE1ZDkyOGJkYTE4MWQ5ZTk2ZTYwMzM2OGMxNDllZWI5NWQ5NGFiNDp7Il9hdXRoX3VzZXJfaGFzaCI6IjljMjRiZDc3NzYwZmNjMDFhN2E0YmMyMGM3OGI3NzFlZWRmYjg5OWUiLCJfYXV0aF91c2VyX2lkIjoiMTM2IiwiX2F1dGhfdXNlcl9iYWNrZW5kIjoiZGphbmdvLmNvbnRyaWIuYXV0aC5iYWNrZW5kcy5Nb2RlbEJhY2tlbmQiLCJyb29tcyI6W119','2017-06-04 23:00:03.987110'),
	('chn1fffab42faa05cd19ce6621cd14cf','ZThhZWMyNjE3ZDUyYWJhOTVkZDc0ZTdmNDFiYzg2MDEwYzk5Y2Y1Yjp7Il9hdXRoX3VzZXJfaGFzaCI6IjkzZmM3ZmE1ZTgwNTNiODRjOTIxOWZmOWM2ZThiNTllYzNjZGI5MDgiLCJfYXV0aF91c2VyX2JhY2tlbmQiOiJkamFuZ28uY29udHJpYi5hdXRoLmJhY2tlbmRzLk1vZGVsQmFja2VuZCIsIl9hdXRoX3VzZXJfaWQiOiI3OSIsInJvb21zIjpbMTc5XX0=','2017-05-27 16:41:34.439280'),
	('chn207b45cdf6ee38411d27b488b982d','ZjY2OGY3MDdmNTI4ODk5Nzg5Y2VkNjhkOWM4ODJlMmVhZjUzMDk3Mzp7Il9hdXRoX3VzZXJfaGFzaCI6IjJhNDUyZDYwZDRjMGFkMzg2YjFiNjczYmQ5YTNiNzYzMDY0NWJkNGQiLCJfYXV0aF91c2VyX2lkIjoiMSIsIl9hdXRoX3VzZXJfYmFja2VuZCI6ImRqYW5nby5jb250cmliLmF1dGguYmFja2VuZHMuTW9kZWxCYWNrZW5kIiwicm9vbXMiOltdfQ==','2017-05-27 16:30:33.113878'),
	('chn20b2b1e171b916201732833d314cb','ODdiYTU2MGI3Y2JjN2MyNzE0Mjk5OGM3M2M5MmFhYmM3ZDgzMWIxMjp7Il9hdXRoX3VzZXJfaGFzaCI6IjljMjRiZDc3NzYwZmNjMDFhN2E0YmMyMGM3OGI3NzFlZWRmYjg5OWUiLCJfYXV0aF91c2VyX2JhY2tlbmQiOiJkamFuZ28uY29udHJpYi5hdXRoLmJhY2tlbmRzLk1vZGVsQmFja2VuZCIsIl9hdXRoX3VzZXJfaWQiOiIxMzYiLCJyb29tcyI6Wzc5MTM2XX0=','2017-06-07 15:59:01.032832'),
	('chn20f1dd046d89f3b3216e9fa6fc37c','ODI2NWFhM2Q5OGI3YjllODJhZTM0ZTFkMWJjYTA5MGIyOTgzMmUwMTp7Il9hdXRoX3VzZXJfaGFzaCI6IjEyMmVhYzJhMWUwNmE3ZjZiNmJiMTM0NWZkOGYyZDk1NWYyMmQyZjQiLCJfYXV0aF91c2VyX2JhY2tlbmQiOiJkamFuZ28uY29udHJpYi5hdXRoLmJhY2tlbmRzLk1vZGVsQmFja2VuZCIsIl9hdXRoX3VzZXJfaWQiOiI3OSIsInJvb21zIjpbNzkxMzZdfQ==','2017-06-07 18:32:36.425746'),
	('chn213c4f6c3dc41dfa319b607a5037a','Yzg1NzcyZjFiNmRjMGEyZWQ3NDdlYWI0NDNhZWY3OTkyMTIyYTc4YTp7Il9hdXRoX3VzZXJfaGFzaCI6IjEyMmVhYzJhMWUwNmE3ZjZiNmJiMTM0NWZkOGYyZDk1NWYyMmQyZjQiLCJfYXV0aF91c2VyX2JhY2tlbmQiOiJkamFuZ28uY29udHJpYi5hdXRoLmJhY2tlbmRzLk1vZGVsQmFja2VuZCIsIl9hdXRoX3VzZXJfaWQiOiI3OSIsInJvb21zIjpbMTM2NzldfQ==','2017-06-04 12:33:18.084508'),
	('chn228eb8905a7eba66038d8bf5a276a','ZmI0YzQwYzNiMmM1MDYwYjdiY2NiNjAyZWRlYzlhNTQ1NTc3NGRhZjp7Il9hdXRoX3VzZXJfaGFzaCI6IjEyMmVhYzJhMWUwNmE3ZjZiNmJiMTM0NWZkOGYyZDk1NWYyMmQyZjQiLCJfYXV0aF91c2VyX2JhY2tlbmQiOiJkamFuZ28uY29udHJpYi5hdXRoLmJhY2tlbmRzLk1vZGVsQmFja2VuZCIsIl9hdXRoX3VzZXJfaWQiOiI3OSIsInJvb21zIjpbNzk3OV19','2017-06-08 13:10:36.176810'),
	('chn22d64a669f1d114aef7956cee3daf','YTc0ZTczNDAxNmYyOTZmYWJjNzAyOTY1MWRhM2Q3NzIxMzI2ZDQxNDp7Il9hdXRoX3VzZXJfaGFzaCI6IjVkMmM5YWIzMDc3MzM3NzNiOTI3NTIwZGExNjJhNzhlMWYwOTM2OWUiLCJfYXV0aF91c2VyX2JhY2tlbmQiOiJkamFuZ28uY29udHJpYi5hdXRoLmJhY2tlbmRzLk1vZGVsQmFja2VuZCIsIl9hdXRoX3VzZXJfaWQiOiI4MyIsInJvb21zIjpbMTM2ODBdfQ==','2017-06-02 14:52:22.445598'),
	('chn23051d6a674105055f5f34614a52f','NTBlZTczNjMxMTQ1NzY4NmNmNTM2YTFlNGU4MWQxZjYzOWY1MTA0NDp7Il9hdXRoX3VzZXJfaGFzaCI6IjEyMmVhYzJhMWUwNmE3ZjZiNmJiMTM0NWZkOGYyZDk1NWYyMmQyZjQiLCJfYXV0aF91c2VyX2lkIjoiNzkiLCJfYXV0aF91c2VyX2JhY2tlbmQiOiJkamFuZ28uY29udHJpYi5hdXRoLmJhY2tlbmRzLk1vZGVsQmFja2VuZCIsInJvb21zIjpbXX0=','2017-06-02 13:45:34.625721'),
	('chn2328ae537f7a82e4af4258d0cc806','ZmZmNDljZmY3NWM3NjVhODNjMTM3YmExYTkwZTcyZTkyZDU5OTIxNDp7Il9hdXRoX3VzZXJfaGFzaCI6IjEyMmVhYzJhMWUwNmE3ZjZiNmJiMTM0NWZkOGYyZDk1NWYyMmQyZjQiLCJfYXV0aF91c2VyX2JhY2tlbmQiOiJkamFuZ28uY29udHJpYi5hdXRoLmJhY2tlbmRzLk1vZGVsQmFja2VuZCIsIl9hdXRoX3VzZXJfaWQiOiI3OSIsInJvb21zIjpbNzk5MF19','2017-06-08 13:04:08.611517'),
	('chn238cb9b560bd37196f5a4bc79af13','ZWQ1Nzc0YjUyMzA4NDQ2Njk5N2UzMjFhNWNiZmY3YjllYTNkOTAzODp7Il9hdXRoX3VzZXJfaGFzaCI6IjEyMmVhYzJhMWUwNmE3ZjZiNmJiMTM0NWZkOGYyZDk1NWYyMmQyZjQiLCJfYXV0aF91c2VyX2JhY2tlbmQiOiJkamFuZ28uY29udHJpYi5hdXRoLmJhY2tlbmRzLk1vZGVsQmFja2VuZCIsIl9hdXRoX3VzZXJfaWQiOiI3OSIsInJvb21zIjpbMTM2ODBdfQ==','2017-06-03 16:31:18.474265'),
	('chn242e1d3e64943f13449e5d2c0cb94','NTBlZTczNjMxMTQ1NzY4NmNmNTM2YTFlNGU4MWQxZjYzOWY1MTA0NDp7Il9hdXRoX3VzZXJfaGFzaCI6IjEyMmVhYzJhMWUwNmE3ZjZiNmJiMTM0NWZkOGYyZDk1NWYyMmQyZjQiLCJfYXV0aF91c2VyX2lkIjoiNzkiLCJfYXV0aF91c2VyX2JhY2tlbmQiOiJkamFuZ28uY29udHJpYi5hdXRoLmJhY2tlbmRzLk1vZGVsQmFja2VuZCIsInJvb21zIjpbXX0=','2017-06-06 10:42:08.435431'),
	('chn2439b713745465a156fca1233be34','NzEwNGUxY2FkOWY2NmNlMDAyYzc3MzdmNDk1NzRlNTVlNWU4Y2IwNjp7fQ==','2017-06-06 15:08:08.887233'),
	('chn244d82d3810aa934660f3d0c97a3d','ZmZmNDljZmY3NWM3NjVhODNjMTM3YmExYTkwZTcyZTkyZDU5OTIxNDp7Il9hdXRoX3VzZXJfaGFzaCI6IjEyMmVhYzJhMWUwNmE3ZjZiNmJiMTM0NWZkOGYyZDk1NWYyMmQyZjQiLCJfYXV0aF91c2VyX2JhY2tlbmQiOiJkamFuZ28uY29udHJpYi5hdXRoLmJhY2tlbmRzLk1vZGVsQmFja2VuZCIsIl9hdXRoX3VzZXJfaWQiOiI3OSIsInJvb21zIjpbNzk5MF19','2017-06-08 13:16:08.500521'),
	('chn24525de47d968285ae9dbac1a1fe5','YmEwZWE5MjNhNGQyMmI2N2MzOTAwMjdhYzc2MjZlYWZjNDFmNTk2ZTp7Il9hdXRoX3VzZXJfaGFzaCI6IjljMjRiZDc3NzYwZmNjMDFhN2E0YmMyMGM3OGI3NzFlZWRmYjg5OWUiLCJfYXV0aF91c2VyX2JhY2tlbmQiOiJkamFuZ28uY29udHJpYi5hdXRoLmJhY2tlbmRzLk1vZGVsQmFja2VuZCIsIl9hdXRoX3VzZXJfaWQiOiIxMzYiLCJyb29tcyI6WzEzNjc5XX0=','2017-06-04 23:35:39.842064'),
	('chn24da1ce8e20f01e67ba8d40580907','MWE0Y2E0NGFmMGM2YTBkNjJlY2ZmNGY0MzY5MzJlOGI3ZWE2NDc5YTp7Il9hdXRoX3VzZXJfaGFzaCI6IjEyMmVhYzJhMWUwNmE3ZjZiNmJiMTM0NWZkOGYyZDk1NWYyMmQyZjQiLCJfYXV0aF91c2VyX2JhY2tlbmQiOiJkamFuZ28uY29udHJpYi5hdXRoLmJhY2tlbmRzLk1vZGVsQmFja2VuZCIsIl9hdXRoX3VzZXJfaWQiOiI3OSIsInJvb21zIjpbNzk4M119','2017-06-08 17:01:22.402161'),
	('chn24efa4ae7783703e62f65174232d5','YmEwZWE5MjNhNGQyMmI2N2MzOTAwMjdhYzc2MjZlYWZjNDFmNTk2ZTp7Il9hdXRoX3VzZXJfaGFzaCI6IjljMjRiZDc3NzYwZmNjMDFhN2E0YmMyMGM3OGI3NzFlZWRmYjg5OWUiLCJfYXV0aF91c2VyX2JhY2tlbmQiOiJkamFuZ28uY29udHJpYi5hdXRoLmJhY2tlbmRzLk1vZGVsQmFja2VuZCIsIl9hdXRoX3VzZXJfaWQiOiIxMzYiLCJyb29tcyI6WzEzNjc5XX0=','2017-06-05 11:49:33.095726'),
	('chn268fad11ec2324872147cababf4f6','Yzg1NzcyZjFiNmRjMGEyZWQ3NDdlYWI0NDNhZWY3OTkyMTIyYTc4YTp7Il9hdXRoX3VzZXJfaGFzaCI6IjEyMmVhYzJhMWUwNmE3ZjZiNmJiMTM0NWZkOGYyZDk1NWYyMmQyZjQiLCJfYXV0aF91c2VyX2JhY2tlbmQiOiJkamFuZ28uY29udHJpYi5hdXRoLmJhY2tlbmRzLk1vZGVsQmFja2VuZCIsIl9hdXRoX3VzZXJfaWQiOiI3OSIsInJvb21zIjpbMTM2NzldfQ==','2017-06-04 15:34:27.029480'),
	('chn26b27656115e21fe8d8ca1c66485b','ZjhlYTUwMzA3ZWEyMjE5MTA2YzJkZDk2YTc4YmMxMDFlMWI5YWJjNTp7Il9hdXRoX3VzZXJfaGFzaCI6IjEyMmVhYzJhMWUwNmE3ZjZiNmJiMTM0NWZkOGYyZDk1NWYyMmQyZjQiLCJfYXV0aF91c2VyX2JhY2tlbmQiOiJkamFuZ28uY29udHJpYi5hdXRoLmJhY2tlbmRzLk1vZGVsQmFja2VuZCIsIl9hdXRoX3VzZXJfaWQiOiI3OSIsInJvb21zIjpbMV19','2017-06-08 12:54:55.305956'),
	('chn270099979b9220e670bf097607b19','ZjNiYmY3M2MzODMwMzczYWMxNWZlNGQ1ZDNiM2RhYWY1OGNiYTM0NTp7Il9hdXRoX3VzZXJfaGFzaCI6IjljMjRiZDc3NzYwZmNjMDFhN2E0YmMyMGM3OGI3NzFlZWRmYjg5OWUiLCJfYXV0aF91c2VyX2JhY2tlbmQiOiJkamFuZ28uY29udHJpYi5hdXRoLmJhY2tlbmRzLk1vZGVsQmFja2VuZCIsIl9hdXRoX3VzZXJfaWQiOiIxMzYiLCJyb29tcyI6WzFdfQ==','2017-06-04 16:13:25.514477'),
	('chn27b7dcd00f21056fded3d62da4ae1','YmEwZWE5MjNhNGQyMmI2N2MzOTAwMjdhYzc2MjZlYWZjNDFmNTk2ZTp7Il9hdXRoX3VzZXJfaGFzaCI6IjljMjRiZDc3NzYwZmNjMDFhN2E0YmMyMGM3OGI3NzFlZWRmYjg5OWUiLCJfYXV0aF91c2VyX2JhY2tlbmQiOiJkamFuZ28uY29udHJpYi5hdXRoLmJhY2tlbmRzLk1vZGVsQmFja2VuZCIsIl9hdXRoX3VzZXJfaWQiOiIxMzYiLCJyb29tcyI6WzEzNjc5XX0=','2017-06-04 15:44:30.085601'),
	('chn287118255e19143c5fdd7a1ebc09f','Yzg1NzcyZjFiNmRjMGEyZWQ3NDdlYWI0NDNhZWY3OTkyMTIyYTc4YTp7Il9hdXRoX3VzZXJfaGFzaCI6IjEyMmVhYzJhMWUwNmE3ZjZiNmJiMTM0NWZkOGYyZDk1NWYyMmQyZjQiLCJfYXV0aF91c2VyX2JhY2tlbmQiOiJkamFuZ28uY29udHJpYi5hdXRoLmJhY2tlbmRzLk1vZGVsQmFja2VuZCIsIl9hdXRoX3VzZXJfaWQiOiI3OSIsInJvb21zIjpbMTM2NzldfQ==','2017-06-05 11:57:15.093819'),
	('chn287fb3ba454484148bec814be92dd','MWE0Y2E0NGFmMGM2YTBkNjJlY2ZmNGY0MzY5MzJlOGI3ZWE2NDc5YTp7Il9hdXRoX3VzZXJfaGFzaCI6IjEyMmVhYzJhMWUwNmE3ZjZiNmJiMTM0NWZkOGYyZDk1NWYyMmQyZjQiLCJfYXV0aF91c2VyX2JhY2tlbmQiOiJkamFuZ28uY29udHJpYi5hdXRoLmJhY2tlbmRzLk1vZGVsQmFja2VuZCIsIl9hdXRoX3VzZXJfaWQiOiI3OSIsInJvb21zIjpbNzk4M119','2017-06-07 19:07:03.562632'),
	('chn288c85bfc960c0ae59f6cff212927','YmEwZWE5MjNhNGQyMmI2N2MzOTAwMjdhYzc2MjZlYWZjNDFmNTk2ZTp7Il9hdXRoX3VzZXJfaGFzaCI6IjljMjRiZDc3NzYwZmNjMDFhN2E0YmMyMGM3OGI3NzFlZWRmYjg5OWUiLCJfYXV0aF91c2VyX2JhY2tlbmQiOiJkamFuZ28uY29udHJpYi5hdXRoLmJhY2tlbmRzLk1vZGVsQmFja2VuZCIsIl9hdXRoX3VzZXJfaWQiOiIxMzYiLCJyb29tcyI6WzEzNjc5XX0=','2017-06-04 12:15:59.071558'),
	('chn28d7e47c82e60142e3687662fa2f1','ZjNiYmY3M2MzODMwMzczYWMxNWZlNGQ1ZDNiM2RhYWY1OGNiYTM0NTp7Il9hdXRoX3VzZXJfaGFzaCI6IjljMjRiZDc3NzYwZmNjMDFhN2E0YmMyMGM3OGI3NzFlZWRmYjg5OWUiLCJfYXV0aF91c2VyX2JhY2tlbmQiOiJkamFuZ28uY29udHJpYi5hdXRoLmJhY2tlbmRzLk1vZGVsQmFja2VuZCIsIl9hdXRoX3VzZXJfaWQiOiIxMzYiLCJyb29tcyI6WzFdfQ==','2017-06-05 12:47:51.447890'),
	('chn2903bbbb274f6676892bbf77ba182','NTBlZTczNjMxMTQ1NzY4NmNmNTM2YTFlNGU4MWQxZjYzOWY1MTA0NDp7Il9hdXRoX3VzZXJfaGFzaCI6IjEyMmVhYzJhMWUwNmE3ZjZiNmJiMTM0NWZkOGYyZDk1NWYyMmQyZjQiLCJfYXV0aF91c2VyX2lkIjoiNzkiLCJfYXV0aF91c2VyX2JhY2tlbmQiOiJkamFuZ28uY29udHJpYi5hdXRoLmJhY2tlbmRzLk1vZGVsQmFja2VuZCIsInJvb21zIjpbXX0=','2017-06-02 13:43:40.989344'),
	('chn29104a1caea12eacd877c535de974','ZWQ1Nzc0YjUyMzA4NDQ2Njk5N2UzMjFhNWNiZmY3YjllYTNkOTAzODp7Il9hdXRoX3VzZXJfaGFzaCI6IjEyMmVhYzJhMWUwNmE3ZjZiNmJiMTM0NWZkOGYyZDk1NWYyMmQyZjQiLCJfYXV0aF91c2VyX2JhY2tlbmQiOiJkamFuZ28uY29udHJpYi5hdXRoLmJhY2tlbmRzLk1vZGVsQmFja2VuZCIsIl9hdXRoX3VzZXJfaWQiOiI3OSIsInJvb21zIjpbMTM2ODBdfQ==','2017-06-03 15:41:36.788784'),
	('chn2958625dd43383f94dc941301c076','YWRiYWY0M2U1NzkyNDFlZmI3OTM3YjMwZmYzYzhhZmVkM2I2YTI0MDp7Il9hdXRoX3VzZXJfaGFzaCI6ImE1YmJmNWEzYWQzMWM2MTAzZmQ4OGY1OTRjZDQwY2NjMzk3Y2MxYzYiLCJfYXV0aF91c2VyX2lkIjoiMTM2IiwiX2F1dGhfdXNlcl9iYWNrZW5kIjoiZGphbmdvLmNvbnRyaWIuYXV0aC5iYWNrZW5kcy5Nb2RlbEJhY2tlbmQiLCJyb29tcyI6W119','2017-05-31 09:47:07.031911'),
	('chn2977c60fc522ebf0b754fc4a74eca','NzEwNGUxY2FkOWY2NmNlMDAyYzc3MzdmNDk1NzRlNTVlNWU4Y2IwNjp7fQ==','2017-06-06 13:52:04.023482'),
	('chn29855ce4974bd5b2ff1935fe92e20','YmEwZWE5MjNhNGQyMmI2N2MzOTAwMjdhYzc2MjZlYWZjNDFmNTk2ZTp7Il9hdXRoX3VzZXJfaGFzaCI6IjljMjRiZDc3NzYwZmNjMDFhN2E0YmMyMGM3OGI3NzFlZWRmYjg5OWUiLCJfYXV0aF91c2VyX2JhY2tlbmQiOiJkamFuZ28uY29udHJpYi5hdXRoLmJhY2tlbmRzLk1vZGVsQmFja2VuZCIsIl9hdXRoX3VzZXJfaWQiOiIxMzYiLCJyb29tcyI6WzEzNjc5XX0=','2017-06-05 18:22:17.297188'),
	('chn298d8fe814108d42dd557921a6f30','ODdiYTU2MGI3Y2JjN2MyNzE0Mjk5OGM3M2M5MmFhYmM3ZDgzMWIxMjp7Il9hdXRoX3VzZXJfaGFzaCI6IjljMjRiZDc3NzYwZmNjMDFhN2E0YmMyMGM3OGI3NzFlZWRmYjg5OWUiLCJfYXV0aF91c2VyX2JhY2tlbmQiOiJkamFuZ28uY29udHJpYi5hdXRoLmJhY2tlbmRzLk1vZGVsQmFja2VuZCIsIl9hdXRoX3VzZXJfaWQiOiIxMzYiLCJyb29tcyI6Wzc5MTM2XX0=','2017-06-07 18:32:32.064163'),
	('chn29bbdf8a0b7ee5ec68d0ff4c54fce','YmEwZWE5MjNhNGQyMmI2N2MzOTAwMjdhYzc2MjZlYWZjNDFmNTk2ZTp7Il9hdXRoX3VzZXJfaGFzaCI6IjljMjRiZDc3NzYwZmNjMDFhN2E0YmMyMGM3OGI3NzFlZWRmYjg5OWUiLCJfYXV0aF91c2VyX2JhY2tlbmQiOiJkamFuZ28uY29udHJpYi5hdXRoLmJhY2tlbmRzLk1vZGVsQmFja2VuZCIsIl9hdXRoX3VzZXJfaWQiOiIxMzYiLCJyb29tcyI6WzEzNjc5XX0=','2017-06-04 15:45:29.238100'),
	('chn2a9949fe11943d9244e22c9c75d56','YTk3ZTQ0NzQ3NTY2YzI4MWJlMzJiMGFhMzdjNWYzOTI5MGYyMzg0Zjp7InJvb21zIjpbXX0=','2017-05-27 14:24:40.412200'),
	('chn2ada8e4dc96a64f73e057f9353df4','YmEwZWE5MjNhNGQyMmI2N2MzOTAwMjdhYzc2MjZlYWZjNDFmNTk2ZTp7Il9hdXRoX3VzZXJfaGFzaCI6IjljMjRiZDc3NzYwZmNjMDFhN2E0YmMyMGM3OGI3NzFlZWRmYjg5OWUiLCJfYXV0aF91c2VyX2JhY2tlbmQiOiJkamFuZ28uY29udHJpYi5hdXRoLmJhY2tlbmRzLk1vZGVsQmFja2VuZCIsIl9hdXRoX3VzZXJfaWQiOiIxMzYiLCJyb29tcyI6WzEzNjc5XX0=','2017-06-04 12:29:40.157601'),
	('chn2af7d01a1451e918f3db37e5fa6af','ZjNiYmY3M2MzODMwMzczYWMxNWZlNGQ1ZDNiM2RhYWY1OGNiYTM0NTp7Il9hdXRoX3VzZXJfaGFzaCI6IjljMjRiZDc3NzYwZmNjMDFhN2E0YmMyMGM3OGI3NzFlZWRmYjg5OWUiLCJfYXV0aF91c2VyX2JhY2tlbmQiOiJkamFuZ28uY29udHJpYi5hdXRoLmJhY2tlbmRzLk1vZGVsQmFja2VuZCIsIl9hdXRoX3VzZXJfaWQiOiIxMzYiLCJyb29tcyI6WzFdfQ==','2017-06-05 12:24:12.946878'),
	('chn2b3971a117e1268f2e2cca92434d8','Yzg1NzcyZjFiNmRjMGEyZWQ3NDdlYWI0NDNhZWY3OTkyMTIyYTc4YTp7Il9hdXRoX3VzZXJfaGFzaCI6IjEyMmVhYzJhMWUwNmE3ZjZiNmJiMTM0NWZkOGYyZDk1NWYyMmQyZjQiLCJfYXV0aF91c2VyX2JhY2tlbmQiOiJkamFuZ28uY29udHJpYi5hdXRoLmJhY2tlbmRzLk1vZGVsQmFja2VuZCIsIl9hdXRoX3VzZXJfaWQiOiI3OSIsInJvb21zIjpbMTM2NzldfQ==','2017-06-04 15:31:29.567526'),
	('chn2baca2ba2af9814a66117eca50218','ODI2NWFhM2Q5OGI3YjllODJhZTM0ZTFkMWJjYTA5MGIyOTgzMmUwMTp7Il9hdXRoX3VzZXJfaGFzaCI6IjEyMmVhYzJhMWUwNmE3ZjZiNmJiMTM0NWZkOGYyZDk1NWYyMmQyZjQiLCJfYXV0aF91c2VyX2JhY2tlbmQiOiJkamFuZ28uY29udHJpYi5hdXRoLmJhY2tlbmRzLk1vZGVsQmFja2VuZCIsIl9hdXRoX3VzZXJfaWQiOiI3OSIsInJvb21zIjpbNzkxMzZdfQ==','2017-06-08 13:33:28.941633'),
	('chn2bcaa0ff4f37a088ea20e8702d24d','ZWQ1Nzc0YjUyMzA4NDQ2Njk5N2UzMjFhNWNiZmY3YjllYTNkOTAzODp7Il9hdXRoX3VzZXJfaGFzaCI6IjEyMmVhYzJhMWUwNmE3ZjZiNmJiMTM0NWZkOGYyZDk1NWYyMmQyZjQiLCJfYXV0aF91c2VyX2JhY2tlbmQiOiJkamFuZ28uY29udHJpYi5hdXRoLmJhY2tlbmRzLk1vZGVsQmFja2VuZCIsIl9hdXRoX3VzZXJfaWQiOiI3OSIsInJvb21zIjpbMTM2ODBdfQ==','2017-06-02 13:26:43.865176'),
	('chn2bde8e860ecf963ca16569892e90f','Zjg2YmY1OTI5ZjA3YTA2MzYwNjE0NzM1NDJiMDg4NzI1MWQ1ZWI4Yzp7Il9hdXRoX3VzZXJfaGFzaCI6IjljMjRiZDc3NzYwZmNjMDFhN2E0YmMyMGM3OGI3NzFlZWRmYjg5OWUiLCJfYXV0aF91c2VyX2JhY2tlbmQiOiJkamFuZ28uY29udHJpYi5hdXRoLmJhY2tlbmRzLk1vZGVsQmFja2VuZCIsIl9hdXRoX3VzZXJfaWQiOiIxMzYiLCJyb29tcyI6WzEzNjEyOV19','2017-06-04 15:52:52.788255'),
	('chn2c60b1e015158e4b996df4d4578fa','NTBlZTczNjMxMTQ1NzY4NmNmNTM2YTFlNGU4MWQxZjYzOWY1MTA0NDp7Il9hdXRoX3VzZXJfaGFzaCI6IjEyMmVhYzJhMWUwNmE3ZjZiNmJiMTM0NWZkOGYyZDk1NWYyMmQyZjQiLCJfYXV0aF91c2VyX2lkIjoiNzkiLCJfYXV0aF91c2VyX2JhY2tlbmQiOiJkamFuZ28uY29udHJpYi5hdXRoLmJhY2tlbmRzLk1vZGVsQmFja2VuZCIsInJvb21zIjpbXX0=','2017-06-02 13:43:36.166058'),
	('chn2c63aa1c6083553004047dcf97026','OTk5ZDM2MzgwMzBkZDhmMTg1MzBhMDk3NTE2NGYzMzMyYzJlMGE2NTp7Il9hdXRoX3VzZXJfaGFzaCI6IjVkMmM5YWIzMDc3MzM3NzNiOTI3NTIwZGExNjJhNzhlMWYwOTM2OWUiLCJfYXV0aF91c2VyX2lkIjoiODMiLCJfYXV0aF91c2VyX2JhY2tlbmQiOiJkamFuZ28uY29udHJpYi5hdXRoLmJhY2tlbmRzLk1vZGVsQmFja2VuZCIsInJvb21zIjpbXX0=','2017-06-02 22:24:51.672303'),
	('chn2cb525bb5e25d6bfc0e60c9b6f2bd','ZjY2OGY3MDdmNTI4ODk5Nzg5Y2VkNjhkOWM4ODJlMmVhZjUzMDk3Mzp7Il9hdXRoX3VzZXJfaGFzaCI6IjJhNDUyZDYwZDRjMGFkMzg2YjFiNjczYmQ5YTNiNzYzMDY0NWJkNGQiLCJfYXV0aF91c2VyX2lkIjoiMSIsIl9hdXRoX3VzZXJfYmFja2VuZCI6ImRqYW5nby5jb250cmliLmF1dGguYmFja2VuZHMuTW9kZWxCYWNrZW5kIiwicm9vbXMiOltdfQ==','2017-05-27 16:29:23.166055'),
	('chn2cfc4eb218fff2d1157508b6581cf','Yzg1NzcyZjFiNmRjMGEyZWQ3NDdlYWI0NDNhZWY3OTkyMTIyYTc4YTp7Il9hdXRoX3VzZXJfaGFzaCI6IjEyMmVhYzJhMWUwNmE3ZjZiNmJiMTM0NWZkOGYyZDk1NWYyMmQyZjQiLCJfYXV0aF91c2VyX2JhY2tlbmQiOiJkamFuZ28uY29udHJpYi5hdXRoLmJhY2tlbmRzLk1vZGVsQmFja2VuZCIsIl9hdXRoX3VzZXJfaWQiOiI3OSIsInJvb21zIjpbMTM2NzldfQ==','2017-06-05 12:04:46.088447'),
	('chn2d18839d624b12a178d254e0b4955','NzEwNGUxY2FkOWY2NmNlMDAyYzc3MzdmNDk1NzRlNTVlNWU4Y2IwNjp7fQ==','2017-06-06 15:12:30.046724'),
	('chn2dec86979082f45f4cba262bc59dc','ODI2NWFhM2Q5OGI3YjllODJhZTM0ZTFkMWJjYTA5MGIyOTgzMmUwMTp7Il9hdXRoX3VzZXJfaGFzaCI6IjEyMmVhYzJhMWUwNmE3ZjZiNmJiMTM0NWZkOGYyZDk1NWYyMmQyZjQiLCJfYXV0aF91c2VyX2JhY2tlbmQiOiJkamFuZ28uY29udHJpYi5hdXRoLmJhY2tlbmRzLk1vZGVsQmFja2VuZCIsIl9hdXRoX3VzZXJfaWQiOiI3OSIsInJvb21zIjpbNzkxMzZdfQ==','2017-06-07 18:45:10.948171'),
	('chn2e9a4a47908be9a1db2dd0afaa451','NzEwNGUxY2FkOWY2NmNlMDAyYzc3MzdmNDk1NzRlNTVlNWU4Y2IwNjp7fQ==','2017-06-06 15:07:19.240532'),
	('chn2ec1fb4d91b020ab560639af6e65b','ZWQ1Nzc0YjUyMzA4NDQ2Njk5N2UzMjFhNWNiZmY3YjllYTNkOTAzODp7Il9hdXRoX3VzZXJfaGFzaCI6IjEyMmVhYzJhMWUwNmE3ZjZiNmJiMTM0NWZkOGYyZDk1NWYyMmQyZjQiLCJfYXV0aF91c2VyX2JhY2tlbmQiOiJkamFuZ28uY29udHJpYi5hdXRoLmJhY2tlbmRzLk1vZGVsQmFja2VuZCIsIl9hdXRoX3VzZXJfaWQiOiI3OSIsInJvb21zIjpbMTM2ODBdfQ==','2017-06-03 16:29:47.471202'),
	('chn2f1626e404e7ba5aedb894399e792','ZjNiYmY3M2MzODMwMzczYWMxNWZlNGQ1ZDNiM2RhYWY1OGNiYTM0NTp7Il9hdXRoX3VzZXJfaGFzaCI6IjljMjRiZDc3NzYwZmNjMDFhN2E0YmMyMGM3OGI3NzFlZWRmYjg5OWUiLCJfYXV0aF91c2VyX2JhY2tlbmQiOiJkamFuZ28uY29udHJpYi5hdXRoLmJhY2tlbmRzLk1vZGVsQmFja2VuZCIsIl9hdXRoX3VzZXJfaWQiOiIxMzYiLCJyb29tcyI6WzFdfQ==','2017-06-05 12:25:34.008613'),
	('chn2f601c5d8f11a86a94229ec6f8f39','NDkyODM3YWQ2OTZkZDc4MDg5N2IxOWQ4Y2U5MzRkZmJiMGZjOGU4Mjp7Il9hdXRoX3VzZXJfaGFzaCI6Ijc5ZTFmNjA3YjYwOGU1ZDljY2FkNjUyYzFmOWE3ZDM5NDcyYjU3NmMiLCJfYXV0aF91c2VyX2JhY2tlbmQiOiJkamFuZ28uY29udHJpYi5hdXRoLmJhY2tlbmRzLk1vZGVsQmFja2VuZCIsIl9hdXRoX3VzZXJfaWQiOiI3OSIsInJvb21zIjpbNzk4M119','2017-06-13 10:33:27.800929'),
	('chn2f74943c2487ac23d8f8ae9157e37','NzEwNGUxY2FkOWY2NmNlMDAyYzc3MzdmNDk1NzRlNTVlNWU4Y2IwNjp7fQ==','2017-06-06 15:32:20.017397'),
	('chn30193ea48487c57a4e37dbe0eef8d','ZWQ1Nzc0YjUyMzA4NDQ2Njk5N2UzMjFhNWNiZmY3YjllYTNkOTAzODp7Il9hdXRoX3VzZXJfaGFzaCI6IjEyMmVhYzJhMWUwNmE3ZjZiNmJiMTM0NWZkOGYyZDk1NWYyMmQyZjQiLCJfYXV0aF91c2VyX2JhY2tlbmQiOiJkamFuZ28uY29udHJpYi5hdXRoLmJhY2tlbmRzLk1vZGVsQmFja2VuZCIsIl9hdXRoX3VzZXJfaWQiOiI3OSIsInJvb21zIjpbMTM2ODBdfQ==','2017-06-03 16:27:16.591218'),
	('chn314c2c9253ee54bd4986eb90ce6d2','Yzg1NzcyZjFiNmRjMGEyZWQ3NDdlYWI0NDNhZWY3OTkyMTIyYTc4YTp7Il9hdXRoX3VzZXJfaGFzaCI6IjEyMmVhYzJhMWUwNmE3ZjZiNmJiMTM0NWZkOGYyZDk1NWYyMmQyZjQiLCJfYXV0aF91c2VyX2JhY2tlbmQiOiJkamFuZ28uY29udHJpYi5hdXRoLmJhY2tlbmRzLk1vZGVsQmFja2VuZCIsIl9hdXRoX3VzZXJfaWQiOiI3OSIsInJvb21zIjpbMTM2NzldfQ==','2017-06-04 15:44:47.891641'),
	('chn31677b88cd6d059c41b21d30a6f2c','NTBlZTczNjMxMTQ1NzY4NmNmNTM2YTFlNGU4MWQxZjYzOWY1MTA0NDp7Il9hdXRoX3VzZXJfaGFzaCI6IjEyMmVhYzJhMWUwNmE3ZjZiNmJiMTM0NWZkOGYyZDk1NWYyMmQyZjQiLCJfYXV0aF91c2VyX2lkIjoiNzkiLCJfYXV0aF91c2VyX2JhY2tlbmQiOiJkamFuZ28uY29udHJpYi5hdXRoLmJhY2tlbmRzLk1vZGVsQmFja2VuZCIsInJvb21zIjpbXX0=','2017-06-03 14:56:21.224798'),
	('chn31752a3b375041d4e4dc316eb6cd7','Yzg1NzcyZjFiNmRjMGEyZWQ3NDdlYWI0NDNhZWY3OTkyMTIyYTc4YTp7Il9hdXRoX3VzZXJfaGFzaCI6IjEyMmVhYzJhMWUwNmE3ZjZiNmJiMTM0NWZkOGYyZDk1NWYyMmQyZjQiLCJfYXV0aF91c2VyX2JhY2tlbmQiOiJkamFuZ28uY29udHJpYi5hdXRoLmJhY2tlbmRzLk1vZGVsQmFja2VuZCIsIl9hdXRoX3VzZXJfaWQiOiI3OSIsInJvb21zIjpbMTM2NzldfQ==','2017-06-05 22:43:52.706790'),
	('chn31c479e36db36e32a72e26b05ba7b','NTBlZTczNjMxMTQ1NzY4NmNmNTM2YTFlNGU4MWQxZjYzOWY1MTA0NDp7Il9hdXRoX3VzZXJfaGFzaCI6IjEyMmVhYzJhMWUwNmE3ZjZiNmJiMTM0NWZkOGYyZDk1NWYyMmQyZjQiLCJfYXV0aF91c2VyX2lkIjoiNzkiLCJfYXV0aF91c2VyX2JhY2tlbmQiOiJkamFuZ28uY29udHJpYi5hdXRoLmJhY2tlbmRzLk1vZGVsQmFja2VuZCIsInJvb21zIjpbXX0=','2017-06-02 14:03:08.608295'),
	('chn31fe4dc16078b3874a2e56773b37c','ZWQ1Nzc0YjUyMzA4NDQ2Njk5N2UzMjFhNWNiZmY3YjllYTNkOTAzODp7Il9hdXRoX3VzZXJfaGFzaCI6IjEyMmVhYzJhMWUwNmE3ZjZiNmJiMTM0NWZkOGYyZDk1NWYyMmQyZjQiLCJfYXV0aF91c2VyX2JhY2tlbmQiOiJkamFuZ28uY29udHJpYi5hdXRoLmJhY2tlbmRzLk1vZGVsQmFja2VuZCIsIl9hdXRoX3VzZXJfaWQiOiI3OSIsInJvb21zIjpbMTM2ODBdfQ==','2017-06-03 16:24:26.130741'),
	('chn3226e6fed1decb73f2a3c144cbcb2','ZWQ1Nzc0YjUyMzA4NDQ2Njk5N2UzMjFhNWNiZmY3YjllYTNkOTAzODp7Il9hdXRoX3VzZXJfaGFzaCI6IjEyMmVhYzJhMWUwNmE3ZjZiNmJiMTM0NWZkOGYyZDk1NWYyMmQyZjQiLCJfYXV0aF91c2VyX2JhY2tlbmQiOiJkamFuZ28uY29udHJpYi5hdXRoLmJhY2tlbmRzLk1vZGVsQmFja2VuZCIsIl9hdXRoX3VzZXJfaWQiOiI3OSIsInJvb21zIjpbMTM2ODBdfQ==','2017-06-03 15:36:22.452344'),
	('chn32287be7d40aebaff98a36b9bc175','NzEwNGUxY2FkOWY2NmNlMDAyYzc3MzdmNDk1NzRlNTVlNWU4Y2IwNjp7fQ==','2017-06-05 22:38:57.525882'),
	('chn32f6e8ec2b73bd004fc296e63d54b','NTA2MmFmOGY0M2FmYzg4MWE2YmVkMDNkNmRhM2YwMWQ0ZTMxNWI0Mjp7Il9hdXRoX3VzZXJfaGFzaCI6Ijc5ZTFmNjA3YjYwOGU1ZDljY2FkNjUyYzFmOWE3ZDM5NDcyYjU3NmMiLCJfYXV0aF91c2VyX2JhY2tlbmQiOiJkamFuZ28uY29udHJpYi5hdXRoLmJhY2tlbmRzLk1vZGVsQmFja2VuZCIsIl9hdXRoX3VzZXJfaWQiOiI3OSIsInJvb21zIjpbNzkxMzZdfQ==','2017-06-09 13:45:37.475549'),
	('chn33237c79ca6c508d246b5d5451681','Yzg1NzcyZjFiNmRjMGEyZWQ3NDdlYWI0NDNhZWY3OTkyMTIyYTc4YTp7Il9hdXRoX3VzZXJfaGFzaCI6IjEyMmVhYzJhMWUwNmE3ZjZiNmJiMTM0NWZkOGYyZDk1NWYyMmQyZjQiLCJfYXV0aF91c2VyX2JhY2tlbmQiOiJkamFuZ28uY29udHJpYi5hdXRoLmJhY2tlbmRzLk1vZGVsQmFja2VuZCIsIl9hdXRoX3VzZXJfaWQiOiI3OSIsInJvb21zIjpbMTM2NzldfQ==','2017-06-05 11:55:18.830509'),
	('chn3364744baad67ceef10e9d3148b03','Yzg1NzcyZjFiNmRjMGEyZWQ3NDdlYWI0NDNhZWY3OTkyMTIyYTc4YTp7Il9hdXRoX3VzZXJfaGFzaCI6IjEyMmVhYzJhMWUwNmE3ZjZiNmJiMTM0NWZkOGYyZDk1NWYyMmQyZjQiLCJfYXV0aF91c2VyX2JhY2tlbmQiOiJkamFuZ28uY29udHJpYi5hdXRoLmJhY2tlbmRzLk1vZGVsQmFja2VuZCIsIl9hdXRoX3VzZXJfaWQiOiI3OSIsInJvb21zIjpbMTM2NzldfQ==','2017-06-06 18:02:30.357899'),
	('chn33b2aaaf81410ea464d0841da2159','YmEwZWE5MjNhNGQyMmI2N2MzOTAwMjdhYzc2MjZlYWZjNDFmNTk2ZTp7Il9hdXRoX3VzZXJfaGFzaCI6IjljMjRiZDc3NzYwZmNjMDFhN2E0YmMyMGM3OGI3NzFlZWRmYjg5OWUiLCJfYXV0aF91c2VyX2JhY2tlbmQiOiJkamFuZ28uY29udHJpYi5hdXRoLmJhY2tlbmRzLk1vZGVsQmFja2VuZCIsIl9hdXRoX3VzZXJfaWQiOiIxMzYiLCJyb29tcyI6WzEzNjc5XX0=','2017-06-05 11:50:24.596279'),
	('chn342c16dc15503899afcc3d1fe43a8','ZmZmNDljZmY3NWM3NjVhODNjMTM3YmExYTkwZTcyZTkyZDU5OTIxNDp7Il9hdXRoX3VzZXJfaGFzaCI6IjEyMmVhYzJhMWUwNmE3ZjZiNmJiMTM0NWZkOGYyZDk1NWYyMmQyZjQiLCJfYXV0aF91c2VyX2JhY2tlbmQiOiJkamFuZ28uY29udHJpYi5hdXRoLmJhY2tlbmRzLk1vZGVsQmFja2VuZCIsIl9hdXRoX3VzZXJfaWQiOiI3OSIsInJvb21zIjpbNzk5MF19','2017-06-08 13:06:59.948023'),
	('chn3442d51f8398f62cf767f7e8aef7b','ZmZmNDljZmY3NWM3NjVhODNjMTM3YmExYTkwZTcyZTkyZDU5OTIxNDp7Il9hdXRoX3VzZXJfaGFzaCI6IjEyMmVhYzJhMWUwNmE3ZjZiNmJiMTM0NWZkOGYyZDk1NWYyMmQyZjQiLCJfYXV0aF91c2VyX2JhY2tlbmQiOiJkamFuZ28uY29udHJpYi5hdXRoLmJhY2tlbmRzLk1vZGVsQmFja2VuZCIsIl9hdXRoX3VzZXJfaWQiOiI3OSIsInJvb21zIjpbNzk5MF19','2017-06-08 13:06:14.617213'),
	('chn34b5c215e9c684bcd855848bda8b6','ZWQ1Nzc0YjUyMzA4NDQ2Njk5N2UzMjFhNWNiZmY3YjllYTNkOTAzODp7Il9hdXRoX3VzZXJfaGFzaCI6IjEyMmVhYzJhMWUwNmE3ZjZiNmJiMTM0NWZkOGYyZDk1NWYyMmQyZjQiLCJfYXV0aF91c2VyX2JhY2tlbmQiOiJkamFuZ28uY29udHJpYi5hdXRoLmJhY2tlbmRzLk1vZGVsQmFja2VuZCIsIl9hdXRoX3VzZXJfaWQiOiI3OSIsInJvb21zIjpbMTM2ODBdfQ==','2017-06-02 15:00:01.041036'),
	('chn34e827ff0b7b24d31ff415dd7241b','YmEwZWE5MjNhNGQyMmI2N2MzOTAwMjdhYzc2MjZlYWZjNDFmNTk2ZTp7Il9hdXRoX3VzZXJfaGFzaCI6IjljMjRiZDc3NzYwZmNjMDFhN2E0YmMyMGM3OGI3NzFlZWRmYjg5OWUiLCJfYXV0aF91c2VyX2JhY2tlbmQiOiJkamFuZ28uY29udHJpYi5hdXRoLmJhY2tlbmRzLk1vZGVsQmFja2VuZCIsIl9hdXRoX3VzZXJfaWQiOiIxMzYiLCJyb29tcyI6WzEzNjc5XX0=','2017-06-04 23:55:03.756494'),
	('chn356e88e98926d38e067795036bc44','ZjNiYmY3M2MzODMwMzczYWMxNWZlNGQ1ZDNiM2RhYWY1OGNiYTM0NTp7Il9hdXRoX3VzZXJfaGFzaCI6IjljMjRiZDc3NzYwZmNjMDFhN2E0YmMyMGM3OGI3NzFlZWRmYjg5OWUiLCJfYXV0aF91c2VyX2JhY2tlbmQiOiJkamFuZ28uY29udHJpYi5hdXRoLmJhY2tlbmRzLk1vZGVsQmFja2VuZCIsIl9hdXRoX3VzZXJfaWQiOiIxMzYiLCJyb29tcyI6WzFdfQ==','2017-06-04 22:52:04.270273'),
	('chn356f134d0fdaf7badd1dfe7f0d7cc','Yzg1NzcyZjFiNmRjMGEyZWQ3NDdlYWI0NDNhZWY3OTkyMTIyYTc4YTp7Il9hdXRoX3VzZXJfaGFzaCI6IjEyMmVhYzJhMWUwNmE3ZjZiNmJiMTM0NWZkOGYyZDk1NWYyMmQyZjQiLCJfYXV0aF91c2VyX2JhY2tlbmQiOiJkamFuZ28uY29udHJpYi5hdXRoLmJhY2tlbmRzLk1vZGVsQmFja2VuZCIsIl9hdXRoX3VzZXJfaWQiOiI3OSIsInJvb21zIjpbMTM2NzldfQ==','2017-06-04 12:51:07.210755'),
	('chn35e41678702fba7dec4804f03ce09','Yzg1NzcyZjFiNmRjMGEyZWQ3NDdlYWI0NDNhZWY3OTkyMTIyYTc4YTp7Il9hdXRoX3VzZXJfaGFzaCI6IjEyMmVhYzJhMWUwNmE3ZjZiNmJiMTM0NWZkOGYyZDk1NWYyMmQyZjQiLCJfYXV0aF91c2VyX2JhY2tlbmQiOiJkamFuZ28uY29udHJpYi5hdXRoLmJhY2tlbmRzLk1vZGVsQmFja2VuZCIsIl9hdXRoX3VzZXJfaWQiOiI3OSIsInJvb21zIjpbMTM2NzldfQ==','2017-06-04 15:41:22.958085'),
	('chn35ebc4ff19c0c49bb145b093f1131','Yzg1NzcyZjFiNmRjMGEyZWQ3NDdlYWI0NDNhZWY3OTkyMTIyYTc4YTp7Il9hdXRoX3VzZXJfaGFzaCI6IjEyMmVhYzJhMWUwNmE3ZjZiNmJiMTM0NWZkOGYyZDk1NWYyMmQyZjQiLCJfYXV0aF91c2VyX2JhY2tlbmQiOiJkamFuZ28uY29udHJpYi5hdXRoLmJhY2tlbmRzLk1vZGVsQmFja2VuZCIsIl9hdXRoX3VzZXJfaWQiOiI3OSIsInJvb21zIjpbMTM2NzldfQ==','2017-06-04 15:30:13.131663'),
	('chn35f075e6bd2d87b69847fdaff08b7','YmEwZWE5MjNhNGQyMmI2N2MzOTAwMjdhYzc2MjZlYWZjNDFmNTk2ZTp7Il9hdXRoX3VzZXJfaGFzaCI6IjljMjRiZDc3NzYwZmNjMDFhN2E0YmMyMGM3OGI3NzFlZWRmYjg5OWUiLCJfYXV0aF91c2VyX2JhY2tlbmQiOiJkamFuZ28uY29udHJpYi5hdXRoLmJhY2tlbmRzLk1vZGVsQmFja2VuZCIsIl9hdXRoX3VzZXJfaWQiOiIxMzYiLCJyb29tcyI6WzEzNjc5XX0=','2017-06-04 13:07:24.496324'),
	('chn364eee7d85f2e736c593f31be890d','NTBlZTczNjMxMTQ1NzY4NmNmNTM2YTFlNGU4MWQxZjYzOWY1MTA0NDp7Il9hdXRoX3VzZXJfaGFzaCI6IjEyMmVhYzJhMWUwNmE3ZjZiNmJiMTM0NWZkOGYyZDk1NWYyMmQyZjQiLCJfYXV0aF91c2VyX2lkIjoiNzkiLCJfYXV0aF91c2VyX2JhY2tlbmQiOiJkamFuZ28uY29udHJpYi5hdXRoLmJhY2tlbmRzLk1vZGVsQmFja2VuZCIsInJvb21zIjpbXX0=','2017-06-02 13:46:54.606614'),
	('chn36b8e0a9b0fdea3e28aec541a45d5','ZmZmNDljZmY3NWM3NjVhODNjMTM3YmExYTkwZTcyZTkyZDU5OTIxNDp7Il9hdXRoX3VzZXJfaGFzaCI6IjEyMmVhYzJhMWUwNmE3ZjZiNmJiMTM0NWZkOGYyZDk1NWYyMmQyZjQiLCJfYXV0aF91c2VyX2JhY2tlbmQiOiJkamFuZ28uY29udHJpYi5hdXRoLmJhY2tlbmRzLk1vZGVsQmFja2VuZCIsIl9hdXRoX3VzZXJfaWQiOiI3OSIsInJvb21zIjpbNzk5MF19','2017-06-08 14:04:26.277950'),
	('chn37b1a2fd4138e678e4d70c0a2aebe','YmEwZWE5MjNhNGQyMmI2N2MzOTAwMjdhYzc2MjZlYWZjNDFmNTk2ZTp7Il9hdXRoX3VzZXJfaGFzaCI6IjljMjRiZDc3NzYwZmNjMDFhN2E0YmMyMGM3OGI3NzFlZWRmYjg5OWUiLCJfYXV0aF91c2VyX2JhY2tlbmQiOiJkamFuZ28uY29udHJpYi5hdXRoLmJhY2tlbmRzLk1vZGVsQmFja2VuZCIsIl9hdXRoX3VzZXJfaWQiOiIxMzYiLCJyb29tcyI6WzEzNjc5XX0=','2017-06-04 12:18:22.552777'),
	('chn38060bb15997648bd1fd56c51a467','ZjY2OGY3MDdmNTI4ODk5Nzg5Y2VkNjhkOWM4ODJlMmVhZjUzMDk3Mzp7Il9hdXRoX3VzZXJfaGFzaCI6IjJhNDUyZDYwZDRjMGFkMzg2YjFiNjczYmQ5YTNiNzYzMDY0NWJkNGQiLCJfYXV0aF91c2VyX2lkIjoiMSIsIl9hdXRoX3VzZXJfYmFja2VuZCI6ImRqYW5nby5jb250cmliLmF1dGguYmFja2VuZHMuTW9kZWxCYWNrZW5kIiwicm9vbXMiOltdfQ==','2017-05-27 16:16:01.056918'),
	('chn382070df1e6ff830ffb70fcb136a1','YTk3ZTQ0NzQ3NTY2YzI4MWJlMzJiMGFhMzdjNWYzOTI5MGYyMzg0Zjp7InJvb21zIjpbXX0=','2017-05-27 14:21:04.775519'),
	('chn3824f3344f75cd9dafbb5521a4bf0','NTBlZTczNjMxMTQ1NzY4NmNmNTM2YTFlNGU4MWQxZjYzOWY1MTA0NDp7Il9hdXRoX3VzZXJfaGFzaCI6IjEyMmVhYzJhMWUwNmE3ZjZiNmJiMTM0NWZkOGYyZDk1NWYyMmQyZjQiLCJfYXV0aF91c2VyX2lkIjoiNzkiLCJfYXV0aF91c2VyX2JhY2tlbmQiOiJkamFuZ28uY29udHJpYi5hdXRoLmJhY2tlbmRzLk1vZGVsQmFja2VuZCIsInJvb21zIjpbXX0=','2017-06-02 13:59:52.815068'),
	('chn38dfe93ba699de4530c771ad9591e','YTk3ZTQ0NzQ3NTY2YzI4MWJlMzJiMGFhMzdjNWYzOTI5MGYyMzg0Zjp7InJvb21zIjpbXX0=','2017-05-27 13:52:41.639832'),
	('chn39232e92bf1a4cbf9e34f8bd72ce2','ZmZmNDljZmY3NWM3NjVhODNjMTM3YmExYTkwZTcyZTkyZDU5OTIxNDp7Il9hdXRoX3VzZXJfaGFzaCI6IjEyMmVhYzJhMWUwNmE3ZjZiNmJiMTM0NWZkOGYyZDk1NWYyMmQyZjQiLCJfYXV0aF91c2VyX2JhY2tlbmQiOiJkamFuZ28uY29udHJpYi5hdXRoLmJhY2tlbmRzLk1vZGVsQmFja2VuZCIsIl9hdXRoX3VzZXJfaWQiOiI3OSIsInJvb21zIjpbNzk5MF19','2017-06-08 12:59:06.328062'),
	('chn39e9fa6f908555fae5749f19fea83','ODI2NWFhM2Q5OGI3YjllODJhZTM0ZTFkMWJjYTA5MGIyOTgzMmUwMTp7Il9hdXRoX3VzZXJfaGFzaCI6IjEyMmVhYzJhMWUwNmE3ZjZiNmJiMTM0NWZkOGYyZDk1NWYyMmQyZjQiLCJfYXV0aF91c2VyX2JhY2tlbmQiOiJkamFuZ28uY29udHJpYi5hdXRoLmJhY2tlbmRzLk1vZGVsQmFja2VuZCIsIl9hdXRoX3VzZXJfaWQiOiI3OSIsInJvb21zIjpbNzkxMzZdfQ==','2017-06-07 18:56:14.596031'),
	('chn3a7a41a4c92abb2ed77b7b92d2ada','NDk4MjA5ZmRmZjA4NWEwZDYyMjRlYzQ2MWFmMDJkZDhlN2ZhNmZhMjp7Il9hdXRoX3VzZXJfaGFzaCI6ImE1YmJmNWEzYWQzMWM2MTAzZmQ4OGY1OTRjZDQwY2NjMzk3Y2MxYzYiLCJfYXV0aF91c2VyX2JhY2tlbmQiOiJkamFuZ28uY29udHJpYi5hdXRoLmJhY2tlbmRzLk1vZGVsQmFja2VuZCIsIl9hdXRoX3VzZXJfaWQiOiIxMzYiLCJyb29tcyI6WzEzNjc5XX0=','2017-05-31 09:47:09.689798'),
	('chn3a824f112aef4f8175021e357dc57','YmEwZWE5MjNhNGQyMmI2N2MzOTAwMjdhYzc2MjZlYWZjNDFmNTk2ZTp7Il9hdXRoX3VzZXJfaGFzaCI6IjljMjRiZDc3NzYwZmNjMDFhN2E0YmMyMGM3OGI3NzFlZWRmYjg5OWUiLCJfYXV0aF91c2VyX2JhY2tlbmQiOiJkamFuZ28uY29udHJpYi5hdXRoLmJhY2tlbmRzLk1vZGVsQmFja2VuZCIsIl9hdXRoX3VzZXJfaWQiOiIxMzYiLCJyb29tcyI6WzEzNjc5XX0=','2017-06-05 12:03:30.066499'),
	('chn3aa4a9a6ed681749716624f72b262','NTBlZTczNjMxMTQ1NzY4NmNmNTM2YTFlNGU4MWQxZjYzOWY1MTA0NDp7Il9hdXRoX3VzZXJfaGFzaCI6IjEyMmVhYzJhMWUwNmE3ZjZiNmJiMTM0NWZkOGYyZDk1NWYyMmQyZjQiLCJfYXV0aF91c2VyX2lkIjoiNzkiLCJfYXV0aF91c2VyX2JhY2tlbmQiOiJkamFuZ28uY29udHJpYi5hdXRoLmJhY2tlbmRzLk1vZGVsQmFja2VuZCIsInJvb21zIjpbXX0=','2017-06-02 14:10:45.178069'),
	('chn3aaa0d96971915b2d078c599883ab','NTBlZTczNjMxMTQ1NzY4NmNmNTM2YTFlNGU4MWQxZjYzOWY1MTA0NDp7Il9hdXRoX3VzZXJfaGFzaCI6IjEyMmVhYzJhMWUwNmE3ZjZiNmJiMTM0NWZkOGYyZDk1NWYyMmQyZjQiLCJfYXV0aF91c2VyX2lkIjoiNzkiLCJfYXV0aF91c2VyX2JhY2tlbmQiOiJkamFuZ28uY29udHJpYi5hdXRoLmJhY2tlbmRzLk1vZGVsQmFja2VuZCIsInJvb21zIjpbXX0=','2017-06-02 14:42:24.054782'),
	('chn3b762a9321e2b11cdbe4802d38b38','NTBlZTczNjMxMTQ1NzY4NmNmNTM2YTFlNGU4MWQxZjYzOWY1MTA0NDp7Il9hdXRoX3VzZXJfaGFzaCI6IjEyMmVhYzJhMWUwNmE3ZjZiNmJiMTM0NWZkOGYyZDk1NWYyMmQyZjQiLCJfYXV0aF91c2VyX2lkIjoiNzkiLCJfYXV0aF91c2VyX2JhY2tlbmQiOiJkamFuZ28uY29udHJpYi5hdXRoLmJhY2tlbmRzLk1vZGVsQmFja2VuZCIsInJvb21zIjpbXX0=','2017-06-03 14:56:12.691593'),
	('chn3befc8848b39af2f81b9be00556d8','OWZmZTRlZDNmYjdmNjk1ODhmYjAxYjIyODYxZDI5M2Y4MGNkMTYzZjp7Il9hdXRoX3VzZXJfaGFzaCI6IjBkOWVlNGEyNmRjNmNjOWNmNGM3NDg3ZTQ1NzczZTFiYmZlYWVkODMiLCJfYXV0aF91c2VyX2JhY2tlbmQiOiJkamFuZ28uY29udHJpYi5hdXRoLmJhY2tlbmRzLk1vZGVsQmFja2VuZCIsIl9hdXRoX3VzZXJfaWQiOiIxMjkiLCJyb29tcyI6WzEzNjEyOV19','2017-06-04 15:51:26.382900'),
	('chn3cf5b728e82b82ded4bd57df485ea','NzEwNGUxY2FkOWY2NmNlMDAyYzc3MzdmNDk1NzRlNTVlNWU4Y2IwNjp7fQ==','2017-06-06 14:00:07.452579'),
	('chn3d0afc66d604a5d4085300f07ac24','ZmZmNDljZmY3NWM3NjVhODNjMTM3YmExYTkwZTcyZTkyZDU5OTIxNDp7Il9hdXRoX3VzZXJfaGFzaCI6IjEyMmVhYzJhMWUwNmE3ZjZiNmJiMTM0NWZkOGYyZDk1NWYyMmQyZjQiLCJfYXV0aF91c2VyX2JhY2tlbmQiOiJkamFuZ28uY29udHJpYi5hdXRoLmJhY2tlbmRzLk1vZGVsQmFja2VuZCIsIl9hdXRoX3VzZXJfaWQiOiI3OSIsInJvb21zIjpbNzk5MF19','2017-06-08 13:17:59.152733'),
	('chn3d1f999ba518b1563d36c1afb96e5','ZWQ1Nzc0YjUyMzA4NDQ2Njk5N2UzMjFhNWNiZmY3YjllYTNkOTAzODp7Il9hdXRoX3VzZXJfaGFzaCI6IjEyMmVhYzJhMWUwNmE3ZjZiNmJiMTM0NWZkOGYyZDk1NWYyMmQyZjQiLCJfYXV0aF91c2VyX2JhY2tlbmQiOiJkamFuZ28uY29udHJpYi5hdXRoLmJhY2tlbmRzLk1vZGVsQmFja2VuZCIsIl9hdXRoX3VzZXJfaWQiOiI3OSIsInJvb21zIjpbMTM2ODBdfQ==','2017-06-02 14:48:05.667985'),
	('chn3d2c0b722368eb0c0bb31c2cd2d28','ZmZmNDljZmY3NWM3NjVhODNjMTM3YmExYTkwZTcyZTkyZDU5OTIxNDp7Il9hdXRoX3VzZXJfaGFzaCI6IjEyMmVhYzJhMWUwNmE3ZjZiNmJiMTM0NWZkOGYyZDk1NWYyMmQyZjQiLCJfYXV0aF91c2VyX2JhY2tlbmQiOiJkamFuZ28uY29udHJpYi5hdXRoLmJhY2tlbmRzLk1vZGVsQmFja2VuZCIsIl9hdXRoX3VzZXJfaWQiOiI3OSIsInJvb21zIjpbNzk5MF19','2017-06-08 12:59:03.952410'),
	('chn3dc5026035613808861498beff37a','ZmZmNDljZmY3NWM3NjVhODNjMTM3YmExYTkwZTcyZTkyZDU5OTIxNDp7Il9hdXRoX3VzZXJfaGFzaCI6IjEyMmVhYzJhMWUwNmE3ZjZiNmJiMTM0NWZkOGYyZDk1NWYyMmQyZjQiLCJfYXV0aF91c2VyX2JhY2tlbmQiOiJkamFuZ28uY29udHJpYi5hdXRoLmJhY2tlbmRzLk1vZGVsQmFja2VuZCIsIl9hdXRoX3VzZXJfaWQiOiI3OSIsInJvb21zIjpbNzk5MF19','2017-06-08 13:07:31.696006'),
	('chn3e652d94e1fd728f7b6c2519892fe','Yzg1NzcyZjFiNmRjMGEyZWQ3NDdlYWI0NDNhZWY3OTkyMTIyYTc4YTp7Il9hdXRoX3VzZXJfaGFzaCI6IjEyMmVhYzJhMWUwNmE3ZjZiNmJiMTM0NWZkOGYyZDk1NWYyMmQyZjQiLCJfYXV0aF91c2VyX2JhY2tlbmQiOiJkamFuZ28uY29udHJpYi5hdXRoLmJhY2tlbmRzLk1vZGVsQmFja2VuZCIsIl9hdXRoX3VzZXJfaWQiOiI3OSIsInJvb21zIjpbMTM2NzldfQ==','2017-06-05 12:03:27.729817'),
	('chn3efba0a70e98660c7d523372440c6','NTBlZTczNjMxMTQ1NzY4NmNmNTM2YTFlNGU4MWQxZjYzOWY1MTA0NDp7Il9hdXRoX3VzZXJfaGFzaCI6IjEyMmVhYzJhMWUwNmE3ZjZiNmJiMTM0NWZkOGYyZDk1NWYyMmQyZjQiLCJfYXV0aF91c2VyX2lkIjoiNzkiLCJfYXV0aF91c2VyX2JhY2tlbmQiOiJkamFuZ28uY29udHJpYi5hdXRoLmJhY2tlbmRzLk1vZGVsQmFja2VuZCIsInJvb21zIjpbXX0=','2017-06-02 13:30:12.961515'),
	('chn3f0aaf54ae0b50d9eaac74534dadb','NzEwNGUxY2FkOWY2NmNlMDAyYzc3MzdmNDk1NzRlNTVlNWU4Y2IwNjp7fQ==','2017-06-06 10:47:57.016486'),
	('chn3f44a05ee21094527192dfef22f7e','ZWQ1Nzc0YjUyMzA4NDQ2Njk5N2UzMjFhNWNiZmY3YjllYTNkOTAzODp7Il9hdXRoX3VzZXJfaGFzaCI6IjEyMmVhYzJhMWUwNmE3ZjZiNmJiMTM0NWZkOGYyZDk1NWYyMmQyZjQiLCJfYXV0aF91c2VyX2JhY2tlbmQiOiJkamFuZ28uY29udHJpYi5hdXRoLmJhY2tlbmRzLk1vZGVsQmFja2VuZCIsIl9hdXRoX3VzZXJfaWQiOiI3OSIsInJvb21zIjpbMTM2ODBdfQ==','2017-06-03 12:08:23.256814'),
	('chn3f5a538c786a64b1cb9ff118f425b','MWE0Y2E0NGFmMGM2YTBkNjJlY2ZmNGY0MzY5MzJlOGI3ZWE2NDc5YTp7Il9hdXRoX3VzZXJfaGFzaCI6IjEyMmVhYzJhMWUwNmE3ZjZiNmJiMTM0NWZkOGYyZDk1NWYyMmQyZjQiLCJfYXV0aF91c2VyX2JhY2tlbmQiOiJkamFuZ28uY29udHJpYi5hdXRoLmJhY2tlbmRzLk1vZGVsQmFja2VuZCIsIl9hdXRoX3VzZXJfaWQiOiI3OSIsInJvb21zIjpbNzk4M119','2017-06-08 15:40:37.252538'),
	('chn3f915eee6d32868c984cc8815ddf8','ZWQ1Nzc0YjUyMzA4NDQ2Njk5N2UzMjFhNWNiZmY3YjllYTNkOTAzODp7Il9hdXRoX3VzZXJfaGFzaCI6IjEyMmVhYzJhMWUwNmE3ZjZiNmJiMTM0NWZkOGYyZDk1NWYyMmQyZjQiLCJfYXV0aF91c2VyX2JhY2tlbmQiOiJkamFuZ28uY29udHJpYi5hdXRoLmJhY2tlbmRzLk1vZGVsQmFja2VuZCIsIl9hdXRoX3VzZXJfaWQiOiI3OSIsInJvb21zIjpbMTM2ODBdfQ==','2017-06-03 19:07:50.478167'),
	('chn407ce4bbd569811d786e3f5896974','NTBlZTczNjMxMTQ1NzY4NmNmNTM2YTFlNGU4MWQxZjYzOWY1MTA0NDp7Il9hdXRoX3VzZXJfaGFzaCI6IjEyMmVhYzJhMWUwNmE3ZjZiNmJiMTM0NWZkOGYyZDk1NWYyMmQyZjQiLCJfYXV0aF91c2VyX2lkIjoiNzkiLCJfYXV0aF91c2VyX2JhY2tlbmQiOiJkamFuZ28uY29udHJpYi5hdXRoLmJhY2tlbmRzLk1vZGVsQmFja2VuZCIsInJvb21zIjpbXX0=','2017-06-03 15:01:06.709083'),
	('chn4087cabe337bb0da392f77ddef1af','MTk3MzYyZjgzODA4MThjZjJjZmRjYzEwYmEyMGUwMjEwN2UwNzEzNzp7Il9hdXRoX3VzZXJfaGFzaCI6IjkzZmM3ZmE1ZTgwNTNiODRjOTIxOWZmOWM2ZThiNTllYzNjZGI5MDgiLCJfYXV0aF91c2VyX2JhY2tlbmQiOiJkamFuZ28uY29udHJpYi5hdXRoLmJhY2tlbmRzLk1vZGVsQmFja2VuZCIsIl9hdXRoX3VzZXJfaWQiOiI3OSIsInJvb21zIjpbNzk3OV19','2017-05-27 16:37:35.110511'),
	('chn410ebe210ca804884f37a1490920c','NTBlZTczNjMxMTQ1NzY4NmNmNTM2YTFlNGU4MWQxZjYzOWY1MTA0NDp7Il9hdXRoX3VzZXJfaGFzaCI6IjEyMmVhYzJhMWUwNmE3ZjZiNmJiMTM0NWZkOGYyZDk1NWYyMmQyZjQiLCJfYXV0aF91c2VyX2lkIjoiNzkiLCJfYXV0aF91c2VyX2JhY2tlbmQiOiJkamFuZ28uY29udHJpYi5hdXRoLmJhY2tlbmRzLk1vZGVsQmFja2VuZCIsInJvb21zIjpbXX0=','2017-06-03 14:59:06.557615'),
	('chn4138ab31015459b39fa9f38f1f14b','ZWQ1Nzc0YjUyMzA4NDQ2Njk5N2UzMjFhNWNiZmY3YjllYTNkOTAzODp7Il9hdXRoX3VzZXJfaGFzaCI6IjEyMmVhYzJhMWUwNmE3ZjZiNmJiMTM0NWZkOGYyZDk1NWYyMmQyZjQiLCJfYXV0aF91c2VyX2JhY2tlbmQiOiJkamFuZ28uY29udHJpYi5hdXRoLmJhY2tlbmRzLk1vZGVsQmFja2VuZCIsIl9hdXRoX3VzZXJfaWQiOiI3OSIsInJvb21zIjpbMTM2ODBdfQ==','2017-06-02 15:01:34.386470'),
	('chn413b62bc249c242b58c300dcca2f2','ODI2NWFhM2Q5OGI3YjllODJhZTM0ZTFkMWJjYTA5MGIyOTgzMmUwMTp7Il9hdXRoX3VzZXJfaGFzaCI6IjEyMmVhYzJhMWUwNmE3ZjZiNmJiMTM0NWZkOGYyZDk1NWYyMmQyZjQiLCJfYXV0aF91c2VyX2JhY2tlbmQiOiJkamFuZ28uY29udHJpYi5hdXRoLmJhY2tlbmRzLk1vZGVsQmFja2VuZCIsIl9hdXRoX3VzZXJfaWQiOiI3OSIsInJvb21zIjpbNzkxMzZdfQ==','2017-06-08 14:03:51.613309'),
	('chn4182ddf5d59c954eb47e254364a0e','NWE1ZDkyOGJkYTE4MWQ5ZTk2ZTYwMzM2OGMxNDllZWI5NWQ5NGFiNDp7Il9hdXRoX3VzZXJfaGFzaCI6IjljMjRiZDc3NzYwZmNjMDFhN2E0YmMyMGM3OGI3NzFlZWRmYjg5OWUiLCJfYXV0aF91c2VyX2lkIjoiMTM2IiwiX2F1dGhfdXNlcl9iYWNrZW5kIjoiZGphbmdvLmNvbnRyaWIuYXV0aC5iYWNrZW5kcy5Nb2RlbEJhY2tlbmQiLCJyb29tcyI6W119','2017-06-04 12:05:09.789829'),
	('chn4213b62e65e8235314d6c03bc408f','ODdiYTU2MGI3Y2JjN2MyNzE0Mjk5OGM3M2M5MmFhYmM3ZDgzMWIxMjp7Il9hdXRoX3VzZXJfaGFzaCI6IjljMjRiZDc3NzYwZmNjMDFhN2E0YmMyMGM3OGI3NzFlZWRmYjg5OWUiLCJfYXV0aF91c2VyX2JhY2tlbmQiOiJkamFuZ28uY29udHJpYi5hdXRoLmJhY2tlbmRzLk1vZGVsQmFja2VuZCIsIl9hdXRoX3VzZXJfaWQiOiIxMzYiLCJyb29tcyI6Wzc5MTM2XX0=','2017-06-07 18:04:57.348314'),
	('chn42e292623ad0e8be9c4c5c2947ad7','YTk3ZTQ0NzQ3NTY2YzI4MWJlMzJiMGFhMzdjNWYzOTI5MGYyMzg0Zjp7InJvb21zIjpbXX0=','2017-05-27 14:33:54.421932'),
	('chn435acab7d5415769e4e3a7d1eaf6d','NTBlZTczNjMxMTQ1NzY4NmNmNTM2YTFlNGU4MWQxZjYzOWY1MTA0NDp7Il9hdXRoX3VzZXJfaGFzaCI6IjEyMmVhYzJhMWUwNmE3ZjZiNmJiMTM0NWZkOGYyZDk1NWYyMmQyZjQiLCJfYXV0aF91c2VyX2lkIjoiNzkiLCJfYXV0aF91c2VyX2JhY2tlbmQiOiJkamFuZ28uY29udHJpYi5hdXRoLmJhY2tlbmRzLk1vZGVsQmFja2VuZCIsInJvb21zIjpbXX0=','2017-06-02 14:23:46.340824'),
	('chn4385d0e68f0ff2d6fa259f8203935','ZmZmNDljZmY3NWM3NjVhODNjMTM3YmExYTkwZTcyZTkyZDU5OTIxNDp7Il9hdXRoX3VzZXJfaGFzaCI6IjEyMmVhYzJhMWUwNmE3ZjZiNmJiMTM0NWZkOGYyZDk1NWYyMmQyZjQiLCJfYXV0aF91c2VyX2JhY2tlbmQiOiJkamFuZ28uY29udHJpYi5hdXRoLmJhY2tlbmRzLk1vZGVsQmFja2VuZCIsIl9hdXRoX3VzZXJfaWQiOiI3OSIsInJvb21zIjpbNzk5MF19','2017-06-08 14:02:28.430350'),
	('chn43b024e9615418ba16dbb5e06a14e','ZjNiYmY3M2MzODMwMzczYWMxNWZlNGQ1ZDNiM2RhYWY1OGNiYTM0NTp7Il9hdXRoX3VzZXJfaGFzaCI6IjljMjRiZDc3NzYwZmNjMDFhN2E0YmMyMGM3OGI3NzFlZWRmYjg5OWUiLCJfYXV0aF91c2VyX2JhY2tlbmQiOiJkamFuZ28uY29udHJpYi5hdXRoLmJhY2tlbmRzLk1vZGVsQmFja2VuZCIsIl9hdXRoX3VzZXJfaWQiOiIxMzYiLCJyb29tcyI6WzFdfQ==','2017-06-05 12:28:12.684924'),
	('chn4422dec23260b285934c87fa695d7','NzEwNGUxY2FkOWY2NmNlMDAyYzc3MzdmNDk1NzRlNTVlNWU4Y2IwNjp7fQ==','2017-06-06 15:07:28.322996'),
	('chn4459d252dc916a6dcd8f4159f10ba','ZjY2OGY3MDdmNTI4ODk5Nzg5Y2VkNjhkOWM4ODJlMmVhZjUzMDk3Mzp7Il9hdXRoX3VzZXJfaGFzaCI6IjJhNDUyZDYwZDRjMGFkMzg2YjFiNjczYmQ5YTNiNzYzMDY0NWJkNGQiLCJfYXV0aF91c2VyX2lkIjoiMSIsIl9hdXRoX3VzZXJfYmFja2VuZCI6ImRqYW5nby5jb250cmliLmF1dGguYmFja2VuZHMuTW9kZWxCYWNrZW5kIiwicm9vbXMiOltdfQ==','2017-05-27 16:28:58.939687'),
	('chn44f193fe16e3bc7518b857746dc0b','Yzg1NzcyZjFiNmRjMGEyZWQ3NDdlYWI0NDNhZWY3OTkyMTIyYTc4YTp7Il9hdXRoX3VzZXJfaGFzaCI6IjEyMmVhYzJhMWUwNmE3ZjZiNmJiMTM0NWZkOGYyZDk1NWYyMmQyZjQiLCJfYXV0aF91c2VyX2JhY2tlbmQiOiJkamFuZ28uY29udHJpYi5hdXRoLmJhY2tlbmRzLk1vZGVsQmFja2VuZCIsIl9hdXRoX3VzZXJfaWQiOiI3OSIsInJvb21zIjpbMTM2NzldfQ==','2017-06-05 11:55:40.701284'),
	('chn45f157a54b104b43be1ae896f2e4e','YmEwZWE5MjNhNGQyMmI2N2MzOTAwMjdhYzc2MjZlYWZjNDFmNTk2ZTp7Il9hdXRoX3VzZXJfaGFzaCI6IjljMjRiZDc3NzYwZmNjMDFhN2E0YmMyMGM3OGI3NzFlZWRmYjg5OWUiLCJfYXV0aF91c2VyX2JhY2tlbmQiOiJkamFuZ28uY29udHJpYi5hdXRoLmJhY2tlbmRzLk1vZGVsQmFja2VuZCIsIl9hdXRoX3VzZXJfaWQiOiIxMzYiLCJyb29tcyI6WzEzNjc5XX0=','2017-06-04 23:35:56.919387'),
	('chn46b27d8230854897a93eafcedfb95','ZWQ1Nzc0YjUyMzA4NDQ2Njk5N2UzMjFhNWNiZmY3YjllYTNkOTAzODp7Il9hdXRoX3VzZXJfaGFzaCI6IjEyMmVhYzJhMWUwNmE3ZjZiNmJiMTM0NWZkOGYyZDk1NWYyMmQyZjQiLCJfYXV0aF91c2VyX2JhY2tlbmQiOiJkamFuZ28uY29udHJpYi5hdXRoLmJhY2tlbmRzLk1vZGVsQmFja2VuZCIsIl9hdXRoX3VzZXJfaWQiOiI3OSIsInJvb21zIjpbMTM2ODBdfQ==','2017-06-03 15:57:03.089038'),
	('chn46ded9715b608aac1bda553ef61ca','ODM1NzVjNmQzMDNhNWU3NzNkYjZhYzNjOThjOTYzZGJiYWQ0OTAyMTp7Il9hdXRoX3VzZXJfaGFzaCI6IjEyMmVhYzJhMWUwNmE3ZjZiNmJiMTM0NWZkOGYyZDk1NWYyMmQyZjQiLCJfYXV0aF91c2VyX2lkIjoiNzkiLCJfYXV0aF91c2VyX2JhY2tlbmQiOiJkamFuZ28uY29udHJpYi5hdXRoLmJhY2tlbmRzLk1vZGVsQmFja2VuZCJ9','2017-06-04 10:31:23.570886'),
	('chn46f883022cc7063650c10a1788d6e','ZjY2OGY3MDdmNTI4ODk5Nzg5Y2VkNjhkOWM4ODJlMmVhZjUzMDk3Mzp7Il9hdXRoX3VzZXJfaGFzaCI6IjJhNDUyZDYwZDRjMGFkMzg2YjFiNjczYmQ5YTNiNzYzMDY0NWJkNGQiLCJfYXV0aF91c2VyX2lkIjoiMSIsIl9hdXRoX3VzZXJfYmFja2VuZCI6ImRqYW5nby5jb250cmliLmF1dGguYmFja2VuZHMuTW9kZWxCYWNrZW5kIiwicm9vbXMiOltdfQ==','2017-05-27 16:31:48.454419'),
	('chn4815c56ea955efbf419c314d86664','ODM1NzVjNmQzMDNhNWU3NzNkYjZhYzNjOThjOTYzZGJiYWQ0OTAyMTp7Il9hdXRoX3VzZXJfaGFzaCI6IjEyMmVhYzJhMWUwNmE3ZjZiNmJiMTM0NWZkOGYyZDk1NWYyMmQyZjQiLCJfYXV0aF91c2VyX2lkIjoiNzkiLCJfYXV0aF91c2VyX2JhY2tlbmQiOiJkamFuZ28uY29udHJpYi5hdXRoLmJhY2tlbmRzLk1vZGVsQmFja2VuZCJ9','2017-06-04 10:32:01.288237'),
	('chn4842630b11dd2235b025c08c4d897','ZWQ1Nzc0YjUyMzA4NDQ2Njk5N2UzMjFhNWNiZmY3YjllYTNkOTAzODp7Il9hdXRoX3VzZXJfaGFzaCI6IjEyMmVhYzJhMWUwNmE3ZjZiNmJiMTM0NWZkOGYyZDk1NWYyMmQyZjQiLCJfYXV0aF91c2VyX2JhY2tlbmQiOiJkamFuZ28uY29udHJpYi5hdXRoLmJhY2tlbmRzLk1vZGVsQmFja2VuZCIsIl9hdXRoX3VzZXJfaWQiOiI3OSIsInJvb21zIjpbMTM2ODBdfQ==','2017-06-02 22:38:03.857024'),
	('chn484b76c23258f2ef47295699ddc25','ODdiYTU2MGI3Y2JjN2MyNzE0Mjk5OGM3M2M5MmFhYmM3ZDgzMWIxMjp7Il9hdXRoX3VzZXJfaGFzaCI6IjljMjRiZDc3NzYwZmNjMDFhN2E0YmMyMGM3OGI3NzFlZWRmYjg5OWUiLCJfYXV0aF91c2VyX2JhY2tlbmQiOiJkamFuZ28uY29udHJpYi5hdXRoLmJhY2tlbmRzLk1vZGVsQmFja2VuZCIsIl9hdXRoX3VzZXJfaWQiOiIxMzYiLCJyb29tcyI6Wzc5MTM2XX0=','2017-06-07 18:17:13.173888'),
	('chn48a3f88a7389d776007e2b00bfe21','ZWQ1Nzc0YjUyMzA4NDQ2Njk5N2UzMjFhNWNiZmY3YjllYTNkOTAzODp7Il9hdXRoX3VzZXJfaGFzaCI6IjEyMmVhYzJhMWUwNmE3ZjZiNmJiMTM0NWZkOGYyZDk1NWYyMmQyZjQiLCJfYXV0aF91c2VyX2JhY2tlbmQiOiJkamFuZ28uY29udHJpYi5hdXRoLmJhY2tlbmRzLk1vZGVsQmFja2VuZCIsIl9hdXRoX3VzZXJfaWQiOiI3OSIsInJvb21zIjpbMTM2ODBdfQ==','2017-06-04 10:33:52.273675'),
	('chn493c372dc127b1acade8aa2ee6031','YmEwZWE5MjNhNGQyMmI2N2MzOTAwMjdhYzc2MjZlYWZjNDFmNTk2ZTp7Il9hdXRoX3VzZXJfaGFzaCI6IjljMjRiZDc3NzYwZmNjMDFhN2E0YmMyMGM3OGI3NzFlZWRmYjg5OWUiLCJfYXV0aF91c2VyX2JhY2tlbmQiOiJkamFuZ28uY29udHJpYi5hdXRoLmJhY2tlbmRzLk1vZGVsQmFja2VuZCIsIl9hdXRoX3VzZXJfaWQiOiIxMzYiLCJyb29tcyI6WzEzNjc5XX0=','2017-06-05 00:01:18.638789'),
	('chn4969bb1bbd981337284aa5c08b748','NzEwNGUxY2FkOWY2NmNlMDAyYzc3MzdmNDk1NzRlNTVlNWU4Y2IwNjp7fQ==','2017-06-06 10:48:42.011645'),
	('chn4a55f853380d41b32f387c8824efb','ODI2NWFhM2Q5OGI3YjllODJhZTM0ZTFkMWJjYTA5MGIyOTgzMmUwMTp7Il9hdXRoX3VzZXJfaGFzaCI6IjEyMmVhYzJhMWUwNmE3ZjZiNmJiMTM0NWZkOGYyZDk1NWYyMmQyZjQiLCJfYXV0aF91c2VyX2JhY2tlbmQiOiJkamFuZ28uY29udHJpYi5hdXRoLmJhY2tlbmRzLk1vZGVsQmFja2VuZCIsIl9hdXRoX3VzZXJfaWQiOiI3OSIsInJvb21zIjpbNzkxMzZdfQ==','2017-06-08 14:03:38.113049'),
	('chn4b13f24107d8322b96dade5bfc57f','YTk3ZTQ0NzQ3NTY2YzI4MWJlMzJiMGFhMzdjNWYzOTI5MGYyMzg0Zjp7InJvb21zIjpbXX0=','2017-06-05 18:05:23.658944'),
	('chn4b39abe90e03d13bdec51a7cfc5b7','NzEwNGUxY2FkOWY2NmNlMDAyYzc3MzdmNDk1NzRlNTVlNWU4Y2IwNjp7fQ==','2017-06-05 23:05:06.588327'),
	('chn4bf0483859d289c8eaebfad6b57f3','ZjY2OGY3MDdmNTI4ODk5Nzg5Y2VkNjhkOWM4ODJlMmVhZjUzMDk3Mzp7Il9hdXRoX3VzZXJfaGFzaCI6IjJhNDUyZDYwZDRjMGFkMzg2YjFiNjczYmQ5YTNiNzYzMDY0NWJkNGQiLCJfYXV0aF91c2VyX2lkIjoiMSIsIl9hdXRoX3VzZXJfYmFja2VuZCI6ImRqYW5nby5jb250cmliLmF1dGguYmFja2VuZHMuTW9kZWxCYWNrZW5kIiwicm9vbXMiOltdfQ==','2017-05-27 16:32:13.121871'),
	('chn4c24096d6456ac836cb198a8040e3','Mzk1NzQyODNmNGY1MWFmMTQyOWY4NmYyODMwYTU2MGQ5M2JjZWExYzp7Il9hdXRoX3VzZXJfaGFzaCI6Ijc5ZTFmNjA3YjYwOGU1ZDljY2FkNjUyYzFmOWE3ZDM5NDcyYjU3NmMiLCJfYXV0aF91c2VyX2JhY2tlbmQiOiJkamFuZ28uY29udHJpYi5hdXRoLmJhY2tlbmRzLk1vZGVsQmFja2VuZCIsIl9hdXRoX3VzZXJfaWQiOiI3OSIsInJvb21zIjpbNzk5MF19','2017-06-13 10:33:30.867658'),
	('chn4c744db50691ff001d1d15b0b627e','YmEwZWE5MjNhNGQyMmI2N2MzOTAwMjdhYzc2MjZlYWZjNDFmNTk2ZTp7Il9hdXRoX3VzZXJfaGFzaCI6IjljMjRiZDc3NzYwZmNjMDFhN2E0YmMyMGM3OGI3NzFlZWRmYjg5OWUiLCJfYXV0aF91c2VyX2JhY2tlbmQiOiJkamFuZ28uY29udHJpYi5hdXRoLmJhY2tlbmRzLk1vZGVsQmFja2VuZCIsIl9hdXRoX3VzZXJfaWQiOiIxMzYiLCJyb29tcyI6WzEzNjc5XX0=','2017-06-05 11:43:18.329355'),
	('chn4c7cf982fb8688067a32b510fb937','ZWQ1Nzc0YjUyMzA4NDQ2Njk5N2UzMjFhNWNiZmY3YjllYTNkOTAzODp7Il9hdXRoX3VzZXJfaGFzaCI6IjEyMmVhYzJhMWUwNmE3ZjZiNmJiMTM0NWZkOGYyZDk1NWYyMmQyZjQiLCJfYXV0aF91c2VyX2JhY2tlbmQiOiJkamFuZ28uY29udHJpYi5hdXRoLmJhY2tlbmRzLk1vZGVsQmFja2VuZCIsIl9hdXRoX3VzZXJfaWQiOiI3OSIsInJvb21zIjpbMTM2ODBdfQ==','2017-06-03 16:18:37.841114'),
	('chn4cf6a0b95bc957be47397ca88a0f0','NGZjNWZhM2ZkNDc0MjVjMTlmYjk3NWM3NjUyMWQzYWI0OWQxYmY1ZDp7Il9hdXRoX3VzZXJfaGFzaCI6ImJjZjM0ZTRiYjkwZWEwNjg2ZjcxN2RiMTZjZTljYmUyZWQ4YzM3MWQiLCJfYXV0aF91c2VyX2JhY2tlbmQiOiJkamFuZ28uY29udHJpYi5hdXRoLmJhY2tlbmRzLk1vZGVsQmFja2VuZCIsIl9hdXRoX3VzZXJfaWQiOiI4MCIsInJvb21zIjpbNzk4MF19','2017-05-31 08:40:17.247466'),
	('chn4d4f53f049359bfaf8a158b343503','ZjNiYmY3M2MzODMwMzczYWMxNWZlNGQ1ZDNiM2RhYWY1OGNiYTM0NTp7Il9hdXRoX3VzZXJfaGFzaCI6IjljMjRiZDc3NzYwZmNjMDFhN2E0YmMyMGM3OGI3NzFlZWRmYjg5OWUiLCJfYXV0aF91c2VyX2JhY2tlbmQiOiJkamFuZ28uY29udHJpYi5hdXRoLmJhY2tlbmRzLk1vZGVsQmFja2VuZCIsIl9hdXRoX3VzZXJfaWQiOiIxMzYiLCJyb29tcyI6WzFdfQ==','2017-06-05 12:28:20.924095'),
	('chn4decb74b04756db11084976928e7e','Yzg1NzcyZjFiNmRjMGEyZWQ3NDdlYWI0NDNhZWY3OTkyMTIyYTc4YTp7Il9hdXRoX3VzZXJfaGFzaCI6IjEyMmVhYzJhMWUwNmE3ZjZiNmJiMTM0NWZkOGYyZDk1NWYyMmQyZjQiLCJfYXV0aF91c2VyX2JhY2tlbmQiOiJkamFuZ28uY29udHJpYi5hdXRoLmJhY2tlbmRzLk1vZGVsQmFja2VuZCIsIl9hdXRoX3VzZXJfaWQiOiI3OSIsInJvb21zIjpbMTM2NzldfQ==','2017-06-04 12:32:29.646159'),
	('chn4e3099fc78007244eecfc20c088f2','NzEwNGUxY2FkOWY2NmNlMDAyYzc3MzdmNDk1NzRlNTVlNWU4Y2IwNjp7fQ==','2017-06-06 14:10:42.849356'),
	('chn4e744918b2ba53a927c1225620ae8','ZWQ1Nzc0YjUyMzA4NDQ2Njk5N2UzMjFhNWNiZmY3YjllYTNkOTAzODp7Il9hdXRoX3VzZXJfaGFzaCI6IjEyMmVhYzJhMWUwNmE3ZjZiNmJiMTM0NWZkOGYyZDk1NWYyMmQyZjQiLCJfYXV0aF91c2VyX2JhY2tlbmQiOiJkamFuZ28uY29udHJpYi5hdXRoLmJhY2tlbmRzLk1vZGVsQmFja2VuZCIsIl9hdXRoX3VzZXJfaWQiOiI3OSIsInJvb21zIjpbMTM2ODBdfQ==','2017-06-03 16:08:26.895352'),
	('chn4f34ac0d276042d41dab2f4e1a319','YmEwZWE5MjNhNGQyMmI2N2MzOTAwMjdhYzc2MjZlYWZjNDFmNTk2ZTp7Il9hdXRoX3VzZXJfaGFzaCI6IjljMjRiZDc3NzYwZmNjMDFhN2E0YmMyMGM3OGI3NzFlZWRmYjg5OWUiLCJfYXV0aF91c2VyX2JhY2tlbmQiOiJkamFuZ28uY29udHJpYi5hdXRoLmJhY2tlbmRzLk1vZGVsQmFja2VuZCIsIl9hdXRoX3VzZXJfaWQiOiIxMzYiLCJyb29tcyI6WzEzNjc5XX0=','2017-06-04 15:34:10.091819'),
	('chn4f3555594702cdaae56c3c2b8e46e','Zjg2YmY1OTI5ZjA3YTA2MzYwNjE0NzM1NDJiMDg4NzI1MWQ1ZWI4Yzp7Il9hdXRoX3VzZXJfaGFzaCI6IjljMjRiZDc3NzYwZmNjMDFhN2E0YmMyMGM3OGI3NzFlZWRmYjg5OWUiLCJfYXV0aF91c2VyX2JhY2tlbmQiOiJkamFuZ28uY29udHJpYi5hdXRoLmJhY2tlbmRzLk1vZGVsQmFja2VuZCIsIl9hdXRoX3VzZXJfaWQiOiIxMzYiLCJyb29tcyI6WzEzNjEyOV19','2017-06-05 12:31:58.385906'),
	('chn4f451b966847c28f19a44460837d3','NzEwNGUxY2FkOWY2NmNlMDAyYzc3MzdmNDk1NzRlNTVlNWU4Y2IwNjp7fQ==','2017-06-06 10:52:47.609460'),
	('chn4fcf69343dddfd92bf45230abe815','ODM1NzVjNmQzMDNhNWU3NzNkYjZhYzNjOThjOTYzZGJiYWQ0OTAyMTp7Il9hdXRoX3VzZXJfaGFzaCI6IjEyMmVhYzJhMWUwNmE3ZjZiNmJiMTM0NWZkOGYyZDk1NWYyMmQyZjQiLCJfYXV0aF91c2VyX2lkIjoiNzkiLCJfYXV0aF91c2VyX2JhY2tlbmQiOiJkamFuZ28uY29udHJpYi5hdXRoLmJhY2tlbmRzLk1vZGVsQmFja2VuZCJ9','2017-06-04 10:32:51.076335'),
	('chn502d6d7c6e07f607accf8641068f1','NWE1ZDkyOGJkYTE4MWQ5ZTk2ZTYwMzM2OGMxNDllZWI5NWQ5NGFiNDp7Il9hdXRoX3VzZXJfaGFzaCI6IjljMjRiZDc3NzYwZmNjMDFhN2E0YmMyMGM3OGI3NzFlZWRmYjg5OWUiLCJfYXV0aF91c2VyX2lkIjoiMTM2IiwiX2F1dGhfdXNlcl9iYWNrZW5kIjoiZGphbmdvLmNvbnRyaWIuYXV0aC5iYWNrZW5kcy5Nb2RlbEJhY2tlbmQiLCJyb29tcyI6W119','2017-06-04 12:12:55.588121'),
	('chn503000fed25097a93b80a6a24a3a4','YmEwZWE5MjNhNGQyMmI2N2MzOTAwMjdhYzc2MjZlYWZjNDFmNTk2ZTp7Il9hdXRoX3VzZXJfaGFzaCI6IjljMjRiZDc3NzYwZmNjMDFhN2E0YmMyMGM3OGI3NzFlZWRmYjg5OWUiLCJfYXV0aF91c2VyX2JhY2tlbmQiOiJkamFuZ28uY29udHJpYi5hdXRoLmJhY2tlbmRzLk1vZGVsQmFja2VuZCIsIl9hdXRoX3VzZXJfaWQiOiIxMzYiLCJyb29tcyI6WzEzNjc5XX0=','2017-06-04 23:26:13.865380'),
	('chn503f5fd653f0486c593ebfe04a525','ZWQ1Nzc0YjUyMzA4NDQ2Njk5N2UzMjFhNWNiZmY3YjllYTNkOTAzODp7Il9hdXRoX3VzZXJfaGFzaCI6IjEyMmVhYzJhMWUwNmE3ZjZiNmJiMTM0NWZkOGYyZDk1NWYyMmQyZjQiLCJfYXV0aF91c2VyX2JhY2tlbmQiOiJkamFuZ28uY29udHJpYi5hdXRoLmJhY2tlbmRzLk1vZGVsQmFja2VuZCIsIl9hdXRoX3VzZXJfaWQiOiI3OSIsInJvb21zIjpbMTM2ODBdfQ==','2017-06-02 14:05:49.256786'),
	('chn50686a8d1d5867039dbf7293139c6','ZmZmNDljZmY3NWM3NjVhODNjMTM3YmExYTkwZTcyZTkyZDU5OTIxNDp7Il9hdXRoX3VzZXJfaGFzaCI6IjEyMmVhYzJhMWUwNmE3ZjZiNmJiMTM0NWZkOGYyZDk1NWYyMmQyZjQiLCJfYXV0aF91c2VyX2JhY2tlbmQiOiJkamFuZ28uY29udHJpYi5hdXRoLmJhY2tlbmRzLk1vZGVsQmFja2VuZCIsIl9hdXRoX3VzZXJfaWQiOiI3OSIsInJvb21zIjpbNzk5MF19','2017-06-08 13:09:46.840824'),
	('chn508cd8297dafbabdfe875149e9d2a','NTBlZTczNjMxMTQ1NzY4NmNmNTM2YTFlNGU4MWQxZjYzOWY1MTA0NDp7Il9hdXRoX3VzZXJfaGFzaCI6IjEyMmVhYzJhMWUwNmE3ZjZiNmJiMTM0NWZkOGYyZDk1NWYyMmQyZjQiLCJfYXV0aF91c2VyX2lkIjoiNzkiLCJfYXV0aF91c2VyX2JhY2tlbmQiOiJkamFuZ28uY29udHJpYi5hdXRoLmJhY2tlbmRzLk1vZGVsQmFja2VuZCIsInJvb21zIjpbXX0=','2017-06-02 14:01:29.410846'),
	('chn5130e1c6693372574f6c1eb8502db','ODI2NWFhM2Q5OGI3YjllODJhZTM0ZTFkMWJjYTA5MGIyOTgzMmUwMTp7Il9hdXRoX3VzZXJfaGFzaCI6IjEyMmVhYzJhMWUwNmE3ZjZiNmJiMTM0NWZkOGYyZDk1NWYyMmQyZjQiLCJfYXV0aF91c2VyX2JhY2tlbmQiOiJkamFuZ28uY29udHJpYi5hdXRoLmJhY2tlbmRzLk1vZGVsQmFja2VuZCIsIl9hdXRoX3VzZXJfaWQiOiI3OSIsInJvb21zIjpbNzkxMzZdfQ==','2017-06-08 13:19:12.265380'),
	('chn515dbaff57d124eedeb7846879be3','Zjg2YmY1OTI5ZjA3YTA2MzYwNjE0NzM1NDJiMDg4NzI1MWQ1ZWI4Yzp7Il9hdXRoX3VzZXJfaGFzaCI6IjljMjRiZDc3NzYwZmNjMDFhN2E0YmMyMGM3OGI3NzFlZWRmYjg5OWUiLCJfYXV0aF91c2VyX2JhY2tlbmQiOiJkamFuZ28uY29udHJpYi5hdXRoLmJhY2tlbmRzLk1vZGVsQmFja2VuZCIsIl9hdXRoX3VzZXJfaWQiOiIxMzYiLCJyb29tcyI6WzEzNjEyOV19','2017-06-04 16:05:57.147092'),
	('chn51addbd5e1bc2d398b9d8d75ecb52','ODI2NWFhM2Q5OGI3YjllODJhZTM0ZTFkMWJjYTA5MGIyOTgzMmUwMTp7Il9hdXRoX3VzZXJfaGFzaCI6IjEyMmVhYzJhMWUwNmE3ZjZiNmJiMTM0NWZkOGYyZDk1NWYyMmQyZjQiLCJfYXV0aF91c2VyX2JhY2tlbmQiOiJkamFuZ28uY29udHJpYi5hdXRoLmJhY2tlbmRzLk1vZGVsQmFja2VuZCIsIl9hdXRoX3VzZXJfaWQiOiI3OSIsInJvb21zIjpbNzkxMzZdfQ==','2017-06-07 15:58:27.688332'),
	('chn5226578886ae5655942f15418212e','Yzg1NzcyZjFiNmRjMGEyZWQ3NDdlYWI0NDNhZWY3OTkyMTIyYTc4YTp7Il9hdXRoX3VzZXJfaGFzaCI6IjEyMmVhYzJhMWUwNmE3ZjZiNmJiMTM0NWZkOGYyZDk1NWYyMmQyZjQiLCJfYXV0aF91c2VyX2JhY2tlbmQiOiJkamFuZ28uY29udHJpYi5hdXRoLmJhY2tlbmRzLk1vZGVsQmFja2VuZCIsIl9hdXRoX3VzZXJfaWQiOiI3OSIsInJvb21zIjpbMTM2NzldfQ==','2017-06-05 12:12:51.114187'),
	('chn52bdbe8affcedff4f6d33864fb6d8','ODI2NWFhM2Q5OGI3YjllODJhZTM0ZTFkMWJjYTA5MGIyOTgzMmUwMTp7Il9hdXRoX3VzZXJfaGFzaCI6IjEyMmVhYzJhMWUwNmE3ZjZiNmJiMTM0NWZkOGYyZDk1NWYyMmQyZjQiLCJfYXV0aF91c2VyX2JhY2tlbmQiOiJkamFuZ28uY29udHJpYi5hdXRoLmJhY2tlbmRzLk1vZGVsQmFja2VuZCIsIl9hdXRoX3VzZXJfaWQiOiI3OSIsInJvb21zIjpbNzkxMzZdfQ==','2017-06-07 13:55:58.946613'),
	('chn52f2bf2a859b8b7eebed7122f659f','ODUwMDZlYTAwYjA3MDBjNzk2MzI2MjlkMWQzMzExZjFlZDVkYThmYTp7Il9hdXRoX3VzZXJfaGFzaCI6IjJhNDUyZDYwZDRjMGFkMzg2YjFiNjczYmQ5YTNiNzYzMDY0NWJkNGQiLCJfYXV0aF91c2VyX2JhY2tlbmQiOiJkamFuZ28uY29udHJpYi5hdXRoLmJhY2tlbmRzLk1vZGVsQmFja2VuZCIsIl9hdXRoX3VzZXJfaWQiOiIxIiwicm9vbXMiOlsxNzldfQ==','2017-05-27 16:36:21.507545'),
	('chn53247231decc7bf4d63b1fe6af1c4','NzEwNGUxY2FkOWY2NmNlMDAyYzc3MzdmNDk1NzRlNTVlNWU4Y2IwNjp7fQ==','2017-06-06 15:09:51.021779'),
	('chn53504ebfcc7340e5118c2197fa125','ODI2NWFhM2Q5OGI3YjllODJhZTM0ZTFkMWJjYTA5MGIyOTgzMmUwMTp7Il9hdXRoX3VzZXJfaGFzaCI6IjEyMmVhYzJhMWUwNmE3ZjZiNmJiMTM0NWZkOGYyZDk1NWYyMmQyZjQiLCJfYXV0aF91c2VyX2JhY2tlbmQiOiJkamFuZ28uY29udHJpYi5hdXRoLmJhY2tlbmRzLk1vZGVsQmFja2VuZCIsIl9hdXRoX3VzZXJfaWQiOiI3OSIsInJvb21zIjpbNzkxMzZdfQ==','2017-06-07 13:48:29.472025'),
	('chn5401a4e1af7706ce4dc92d199dbd4','Zjg2YmY1OTI5ZjA3YTA2MzYwNjE0NzM1NDJiMDg4NzI1MWQ1ZWI4Yzp7Il9hdXRoX3VzZXJfaGFzaCI6IjljMjRiZDc3NzYwZmNjMDFhN2E0YmMyMGM3OGI3NzFlZWRmYjg5OWUiLCJfYXV0aF91c2VyX2JhY2tlbmQiOiJkamFuZ28uY29udHJpYi5hdXRoLmJhY2tlbmRzLk1vZGVsQmFja2VuZCIsIl9hdXRoX3VzZXJfaWQiOiIxMzYiLCJyb29tcyI6WzEzNjEyOV19','2017-06-04 15:50:19.884933'),
	('chn5424f2b28eac25e92460e38a96142','NTBlZTczNjMxMTQ1NzY4NmNmNTM2YTFlNGU4MWQxZjYzOWY1MTA0NDp7Il9hdXRoX3VzZXJfaGFzaCI6IjEyMmVhYzJhMWUwNmE3ZjZiNmJiMTM0NWZkOGYyZDk1NWYyMmQyZjQiLCJfYXV0aF91c2VyX2lkIjoiNzkiLCJfYXV0aF91c2VyX2JhY2tlbmQiOiJkamFuZ28uY29udHJpYi5hdXRoLmJhY2tlbmRzLk1vZGVsQmFja2VuZCIsInJvb21zIjpbXX0=','2017-06-02 14:24:16.084625'),
	('chn5445b46ba81b4c16a87f9126d6091','ZWQ1Nzc0YjUyMzA4NDQ2Njk5N2UzMjFhNWNiZmY3YjllYTNkOTAzODp7Il9hdXRoX3VzZXJfaGFzaCI6IjEyMmVhYzJhMWUwNmE3ZjZiNmJiMTM0NWZkOGYyZDk1NWYyMmQyZjQiLCJfYXV0aF91c2VyX2JhY2tlbmQiOiJkamFuZ28uY29udHJpYi5hdXRoLmJhY2tlbmRzLk1vZGVsQmFja2VuZCIsIl9hdXRoX3VzZXJfaWQiOiI3OSIsInJvb21zIjpbMTM2ODBdfQ==','2017-06-02 14:02:57.523821'),
	('chn5452f6f8cd3d49096420c389ace3e','ODM1NzVjNmQzMDNhNWU3NzNkYjZhYzNjOThjOTYzZGJiYWQ0OTAyMTp7Il9hdXRoX3VzZXJfaGFzaCI6IjEyMmVhYzJhMWUwNmE3ZjZiNmJiMTM0NWZkOGYyZDk1NWYyMmQyZjQiLCJfYXV0aF91c2VyX2lkIjoiNzkiLCJfYXV0aF91c2VyX2JhY2tlbmQiOiJkamFuZ28uY29udHJpYi5hdXRoLmJhY2tlbmRzLk1vZGVsQmFja2VuZCJ9','2017-06-04 10:31:38.337458'),
	('chn546921840d4865684d424360c20f7','ZmZmNDljZmY3NWM3NjVhODNjMTM3YmExYTkwZTcyZTkyZDU5OTIxNDp7Il9hdXRoX3VzZXJfaGFzaCI6IjEyMmVhYzJhMWUwNmE3ZjZiNmJiMTM0NWZkOGYyZDk1NWYyMmQyZjQiLCJfYXV0aF91c2VyX2JhY2tlbmQiOiJkamFuZ28uY29udHJpYi5hdXRoLmJhY2tlbmRzLk1vZGVsQmFja2VuZCIsIl9hdXRoX3VzZXJfaWQiOiI3OSIsInJvb21zIjpbNzk5MF19','2017-06-08 13:06:23.098833'),
	('chn54e3e1a03d6bf9a320a0929b53b57','NTBlZTczNjMxMTQ1NzY4NmNmNTM2YTFlNGU4MWQxZjYzOWY1MTA0NDp7Il9hdXRoX3VzZXJfaGFzaCI6IjEyMmVhYzJhMWUwNmE3ZjZiNmJiMTM0NWZkOGYyZDk1NWYyMmQyZjQiLCJfYXV0aF91c2VyX2lkIjoiNzkiLCJfYXV0aF91c2VyX2JhY2tlbmQiOiJkamFuZ28uY29udHJpYi5hdXRoLmJhY2tlbmRzLk1vZGVsQmFja2VuZCIsInJvb21zIjpbXX0=','2017-06-02 13:59:09.958858'),
	('chn5584f8658a2f73ddece1cd570a935','ZjY2OGY3MDdmNTI4ODk5Nzg5Y2VkNjhkOWM4ODJlMmVhZjUzMDk3Mzp7Il9hdXRoX3VzZXJfaGFzaCI6IjJhNDUyZDYwZDRjMGFkMzg2YjFiNjczYmQ5YTNiNzYzMDY0NWJkNGQiLCJfYXV0aF91c2VyX2lkIjoiMSIsIl9hdXRoX3VzZXJfYmFja2VuZCI6ImRqYW5nby5jb250cmliLmF1dGguYmFja2VuZHMuTW9kZWxCYWNrZW5kIiwicm9vbXMiOltdfQ==','2017-05-27 16:24:13.298838'),
	('chn558b230ba1f7a76bb34cc6925d11b','YmEwZWE5MjNhNGQyMmI2N2MzOTAwMjdhYzc2MjZlYWZjNDFmNTk2ZTp7Il9hdXRoX3VzZXJfaGFzaCI6IjljMjRiZDc3NzYwZmNjMDFhN2E0YmMyMGM3OGI3NzFlZWRmYjg5OWUiLCJfYXV0aF91c2VyX2JhY2tlbmQiOiJkamFuZ28uY29udHJpYi5hdXRoLmJhY2tlbmRzLk1vZGVsQmFja2VuZCIsIl9hdXRoX3VzZXJfaWQiOiIxMzYiLCJyb29tcyI6WzEzNjc5XX0=','2017-06-05 00:01:59.113881'),
	('chn55bae83f554ebda4853fbef317504','NTBlZTczNjMxMTQ1NzY4NmNmNTM2YTFlNGU4MWQxZjYzOWY1MTA0NDp7Il9hdXRoX3VzZXJfaGFzaCI6IjEyMmVhYzJhMWUwNmE3ZjZiNmJiMTM0NWZkOGYyZDk1NWYyMmQyZjQiLCJfYXV0aF91c2VyX2lkIjoiNzkiLCJfYXV0aF91c2VyX2JhY2tlbmQiOiJkamFuZ28uY29udHJpYi5hdXRoLmJhY2tlbmRzLk1vZGVsQmFja2VuZCIsInJvb21zIjpbXX0=','2017-06-02 14:01:21.848104'),
	('chn55dd2056abd33a4a3260b686c21ae','Yzg1NzcyZjFiNmRjMGEyZWQ3NDdlYWI0NDNhZWY3OTkyMTIyYTc4YTp7Il9hdXRoX3VzZXJfaGFzaCI6IjEyMmVhYzJhMWUwNmE3ZjZiNmJiMTM0NWZkOGYyZDk1NWYyMmQyZjQiLCJfYXV0aF91c2VyX2JhY2tlbmQiOiJkamFuZ28uY29udHJpYi5hdXRoLmJhY2tlbmRzLk1vZGVsQmFja2VuZCIsIl9hdXRoX3VzZXJfaWQiOiI3OSIsInJvb21zIjpbMTM2NzldfQ==','2017-06-05 12:00:03.543145'),
	('chn565c0ee41497dff29cd9d0cb731d9','YmEwZWE5MjNhNGQyMmI2N2MzOTAwMjdhYzc2MjZlYWZjNDFmNTk2ZTp7Il9hdXRoX3VzZXJfaGFzaCI6IjljMjRiZDc3NzYwZmNjMDFhN2E0YmMyMGM3OGI3NzFlZWRmYjg5OWUiLCJfYXV0aF91c2VyX2JhY2tlbmQiOiJkamFuZ28uY29udHJpYi5hdXRoLmJhY2tlbmRzLk1vZGVsQmFja2VuZCIsIl9hdXRoX3VzZXJfaWQiOiIxMzYiLCJyb29tcyI6WzEzNjc5XX0=','2017-06-05 10:55:30.446700'),
	('chn57f64f5ecb193a85869015293bbf1','YmEwZWE5MjNhNGQyMmI2N2MzOTAwMjdhYzc2MjZlYWZjNDFmNTk2ZTp7Il9hdXRoX3VzZXJfaGFzaCI6IjljMjRiZDc3NzYwZmNjMDFhN2E0YmMyMGM3OGI3NzFlZWRmYjg5OWUiLCJfYXV0aF91c2VyX2JhY2tlbmQiOiJkamFuZ28uY29udHJpYi5hdXRoLmJhY2tlbmRzLk1vZGVsQmFja2VuZCIsIl9hdXRoX3VzZXJfaWQiOiIxMzYiLCJyb29tcyI6WzEzNjc5XX0=','2017-06-05 18:21:41.193359'),
	('chn58392d9ea4899ed5f0ef17ac6bb09','ZjNiYmY3M2MzODMwMzczYWMxNWZlNGQ1ZDNiM2RhYWY1OGNiYTM0NTp7Il9hdXRoX3VzZXJfaGFzaCI6IjljMjRiZDc3NzYwZmNjMDFhN2E0YmMyMGM3OGI3NzFlZWRmYjg5OWUiLCJfYXV0aF91c2VyX2JhY2tlbmQiOiJkamFuZ28uY29udHJpYi5hdXRoLmJhY2tlbmRzLk1vZGVsQmFja2VuZCIsIl9hdXRoX3VzZXJfaWQiOiIxMzYiLCJyb29tcyI6WzFdfQ==','2017-06-05 12:44:39.880881'),
	('chn5868bd8719bda52a6215cb95497c8','ODM1NzVjNmQzMDNhNWU3NzNkYjZhYzNjOThjOTYzZGJiYWQ0OTAyMTp7Il9hdXRoX3VzZXJfaGFzaCI6IjEyMmVhYzJhMWUwNmE3ZjZiNmJiMTM0NWZkOGYyZDk1NWYyMmQyZjQiLCJfYXV0aF91c2VyX2lkIjoiNzkiLCJfYXV0aF91c2VyX2JhY2tlbmQiOiJkamFuZ28uY29udHJpYi5hdXRoLmJhY2tlbmRzLk1vZGVsQmFja2VuZCJ9','2017-06-04 10:33:38.763223'),
	('chn588cc467989d965a947a694d27292','YmEwZWE5MjNhNGQyMmI2N2MzOTAwMjdhYzc2MjZlYWZjNDFmNTk2ZTp7Il9hdXRoX3VzZXJfaGFzaCI6IjljMjRiZDc3NzYwZmNjMDFhN2E0YmMyMGM3OGI3NzFlZWRmYjg5OWUiLCJfYXV0aF91c2VyX2JhY2tlbmQiOiJkamFuZ28uY29udHJpYi5hdXRoLmJhY2tlbmRzLk1vZGVsQmFja2VuZCIsIl9hdXRoX3VzZXJfaWQiOiIxMzYiLCJyb29tcyI6WzEzNjc5XX0=','2017-06-04 12:24:15.775242'),
	('chn589238c4c0ac110654721478f0bd6','NTBlZTczNjMxMTQ1NzY4NmNmNTM2YTFlNGU4MWQxZjYzOWY1MTA0NDp7Il9hdXRoX3VzZXJfaGFzaCI6IjEyMmVhYzJhMWUwNmE3ZjZiNmJiMTM0NWZkOGYyZDk1NWYyMmQyZjQiLCJfYXV0aF91c2VyX2lkIjoiNzkiLCJfYXV0aF91c2VyX2JhY2tlbmQiOiJkamFuZ28uY29udHJpYi5hdXRoLmJhY2tlbmRzLk1vZGVsQmFja2VuZCIsInJvb21zIjpbXX0=','2017-06-06 10:41:43.034440'),
	('chn58abdc1f664e5d12261ee12872bac','YmEwZWE5MjNhNGQyMmI2N2MzOTAwMjdhYzc2MjZlYWZjNDFmNTk2ZTp7Il9hdXRoX3VzZXJfaGFzaCI6IjljMjRiZDc3NzYwZmNjMDFhN2E0YmMyMGM3OGI3NzFlZWRmYjg5OWUiLCJfYXV0aF91c2VyX2JhY2tlbmQiOiJkamFuZ28uY29udHJpYi5hdXRoLmJhY2tlbmRzLk1vZGVsQmFja2VuZCIsIl9hdXRoX3VzZXJfaWQiOiIxMzYiLCJyb29tcyI6WzEzNjc5XX0=','2017-06-05 11:47:13.667592'),
	('chn597082c56931dd06592617c9ea2ed','NWE1ZDkyOGJkYTE4MWQ5ZTk2ZTYwMzM2OGMxNDllZWI5NWQ5NGFiNDp7Il9hdXRoX3VzZXJfaGFzaCI6IjljMjRiZDc3NzYwZmNjMDFhN2E0YmMyMGM3OGI3NzFlZWRmYjg5OWUiLCJfYXV0aF91c2VyX2lkIjoiMTM2IiwiX2F1dGhfdXNlcl9iYWNrZW5kIjoiZGphbmdvLmNvbnRyaWIuYXV0aC5iYWNrZW5kcy5Nb2RlbEJhY2tlbmQiLCJyb29tcyI6W119','2017-06-04 12:06:20.277374'),
	('chn59e2a1aa5e499f36d0e594a25ee9b','YmEwZWE5MjNhNGQyMmI2N2MzOTAwMjdhYzc2MjZlYWZjNDFmNTk2ZTp7Il9hdXRoX3VzZXJfaGFzaCI6IjljMjRiZDc3NzYwZmNjMDFhN2E0YmMyMGM3OGI3NzFlZWRmYjg5OWUiLCJfYXV0aF91c2VyX2JhY2tlbmQiOiJkamFuZ28uY29udHJpYi5hdXRoLmJhY2tlbmRzLk1vZGVsQmFja2VuZCIsIl9hdXRoX3VzZXJfaWQiOiIxMzYiLCJyb29tcyI6WzEzNjc5XX0=','2017-06-05 12:33:38.406571'),
	('chn59f2f3e51e888a6c301a0fbd5493b','ZjY2OGY3MDdmNTI4ODk5Nzg5Y2VkNjhkOWM4ODJlMmVhZjUzMDk3Mzp7Il9hdXRoX3VzZXJfaGFzaCI6IjJhNDUyZDYwZDRjMGFkMzg2YjFiNjczYmQ5YTNiNzYzMDY0NWJkNGQiLCJfYXV0aF91c2VyX2lkIjoiMSIsIl9hdXRoX3VzZXJfYmFja2VuZCI6ImRqYW5nby5jb250cmliLmF1dGguYmFja2VuZHMuTW9kZWxCYWNrZW5kIiwicm9vbXMiOltdfQ==','2017-05-27 16:25:40.886484'),
	('chn59f981a1492538d3bf362e61f8e6d','YmEwZWE5MjNhNGQyMmI2N2MzOTAwMjdhYzc2MjZlYWZjNDFmNTk2ZTp7Il9hdXRoX3VzZXJfaGFzaCI6IjljMjRiZDc3NzYwZmNjMDFhN2E0YmMyMGM3OGI3NzFlZWRmYjg5OWUiLCJfYXV0aF91c2VyX2JhY2tlbmQiOiJkamFuZ28uY29udHJpYi5hdXRoLmJhY2tlbmRzLk1vZGVsQmFja2VuZCIsIl9hdXRoX3VzZXJfaWQiOiIxMzYiLCJyb29tcyI6WzEzNjc5XX0=','2017-06-05 12:28:25.046556'),
	('chn5a400fe496a0c2b7c9b61b458809f','YTk3ZTQ0NzQ3NTY2YzI4MWJlMzJiMGFhMzdjNWYzOTI5MGYyMzg0Zjp7InJvb21zIjpbXX0=','2017-05-27 16:15:32.511705'),
	('chn5aa6bf1abe06d87dd4ed4bd52da2f','NTBlZTczNjMxMTQ1NzY4NmNmNTM2YTFlNGU4MWQxZjYzOWY1MTA0NDp7Il9hdXRoX3VzZXJfaGFzaCI6IjEyMmVhYzJhMWUwNmE3ZjZiNmJiMTM0NWZkOGYyZDk1NWYyMmQyZjQiLCJfYXV0aF91c2VyX2lkIjoiNzkiLCJfYXV0aF91c2VyX2JhY2tlbmQiOiJkamFuZ28uY29udHJpYi5hdXRoLmJhY2tlbmRzLk1vZGVsQmFja2VuZCIsInJvb21zIjpbXX0=','2017-06-02 10:03:10.493754'),
	('chn5ab9afe8e3b7caedf4677721012f1','NzEwNGUxY2FkOWY2NmNlMDAyYzc3MzdmNDk1NzRlNTVlNWU4Y2IwNjp7fQ==','2017-06-06 11:18:59.017288'),
	('chn5b3d182e84f67d726976469c45a9c','Yzg1NzcyZjFiNmRjMGEyZWQ3NDdlYWI0NDNhZWY3OTkyMTIyYTc4YTp7Il9hdXRoX3VzZXJfaGFzaCI6IjEyMmVhYzJhMWUwNmE3ZjZiNmJiMTM0NWZkOGYyZDk1NWYyMmQyZjQiLCJfYXV0aF91c2VyX2JhY2tlbmQiOiJkamFuZ28uY29udHJpYi5hdXRoLmJhY2tlbmRzLk1vZGVsQmFja2VuZCIsIl9hdXRoX3VzZXJfaWQiOiI3OSIsInJvb21zIjpbMTM2NzldfQ==','2017-06-05 11:49:18.465804'),
	('chn5b5a5af9c37c60ae498b89502829f','NTBlZTczNjMxMTQ1NzY4NmNmNTM2YTFlNGU4MWQxZjYzOWY1MTA0NDp7Il9hdXRoX3VzZXJfaGFzaCI6IjEyMmVhYzJhMWUwNmE3ZjZiNmJiMTM0NWZkOGYyZDk1NWYyMmQyZjQiLCJfYXV0aF91c2VyX2lkIjoiNzkiLCJfYXV0aF91c2VyX2JhY2tlbmQiOiJkamFuZ28uY29udHJpYi5hdXRoLmJhY2tlbmRzLk1vZGVsQmFja2VuZCIsInJvb21zIjpbXX0=','2017-06-03 14:56:09.850310'),
	('chn5ba43aeb4093496db8e667ab892af','YTc0ZTczNDAxNmYyOTZmYWJjNzAyOTY1MWRhM2Q3NzIxMzI2ZDQxNDp7Il9hdXRoX3VzZXJfaGFzaCI6IjVkMmM5YWIzMDc3MzM3NzNiOTI3NTIwZGExNjJhNzhlMWYwOTM2OWUiLCJfYXV0aF91c2VyX2JhY2tlbmQiOiJkamFuZ28uY29udHJpYi5hdXRoLmJhY2tlbmRzLk1vZGVsQmFja2VuZCIsIl9hdXRoX3VzZXJfaWQiOiI4MyIsInJvb21zIjpbMTM2ODBdfQ==','2017-06-02 15:12:04.136335'),
	('chn5c0ca99743d40850054eca9db12f1','YmEwZWE5MjNhNGQyMmI2N2MzOTAwMjdhYzc2MjZlYWZjNDFmNTk2ZTp7Il9hdXRoX3VzZXJfaGFzaCI6IjljMjRiZDc3NzYwZmNjMDFhN2E0YmMyMGM3OGI3NzFlZWRmYjg5OWUiLCJfYXV0aF91c2VyX2JhY2tlbmQiOiJkamFuZ28uY29udHJpYi5hdXRoLmJhY2tlbmRzLk1vZGVsQmFja2VuZCIsIl9hdXRoX3VzZXJfaWQiOiIxMzYiLCJyb29tcyI6WzEzNjc5XX0=','2017-06-04 23:29:37.831581'),
	('chn5c50b6e49adae158c3a698e6f7233','YmEwZWE5MjNhNGQyMmI2N2MzOTAwMjdhYzc2MjZlYWZjNDFmNTk2ZTp7Il9hdXRoX3VzZXJfaGFzaCI6IjljMjRiZDc3NzYwZmNjMDFhN2E0YmMyMGM3OGI3NzFlZWRmYjg5OWUiLCJfYXV0aF91c2VyX2JhY2tlbmQiOiJkamFuZ28uY29udHJpYi5hdXRoLmJhY2tlbmRzLk1vZGVsQmFja2VuZCIsIl9hdXRoX3VzZXJfaWQiOiIxMzYiLCJyb29tcyI6WzEzNjc5XX0=','2017-06-04 23:37:49.837397'),
	('chn5d6d078eb67a27758c16cfca9c8b2','YmEwZWE5MjNhNGQyMmI2N2MzOTAwMjdhYzc2MjZlYWZjNDFmNTk2ZTp7Il9hdXRoX3VzZXJfaGFzaCI6IjljMjRiZDc3NzYwZmNjMDFhN2E0YmMyMGM3OGI3NzFlZWRmYjg5OWUiLCJfYXV0aF91c2VyX2JhY2tlbmQiOiJkamFuZ28uY29udHJpYi5hdXRoLmJhY2tlbmRzLk1vZGVsQmFja2VuZCIsIl9hdXRoX3VzZXJfaWQiOiIxMzYiLCJyb29tcyI6WzEzNjc5XX0=','2017-06-04 23:47:15.788371'),
	('chn5dd59bc475bc379c59ec54c8f5408','ODM1NzVjNmQzMDNhNWU3NzNkYjZhYzNjOThjOTYzZGJiYWQ0OTAyMTp7Il9hdXRoX3VzZXJfaGFzaCI6IjEyMmVhYzJhMWUwNmE3ZjZiNmJiMTM0NWZkOGYyZDk1NWYyMmQyZjQiLCJfYXV0aF91c2VyX2lkIjoiNzkiLCJfYXV0aF91c2VyX2JhY2tlbmQiOiJkamFuZ28uY29udHJpYi5hdXRoLmJhY2tlbmRzLk1vZGVsQmFja2VuZCJ9','2017-06-04 10:32:37.066109'),
	('chn5e4d59583b87b468b703ebad6baf3','YmEwZWE5MjNhNGQyMmI2N2MzOTAwMjdhYzc2MjZlYWZjNDFmNTk2ZTp7Il9hdXRoX3VzZXJfaGFzaCI6IjljMjRiZDc3NzYwZmNjMDFhN2E0YmMyMGM3OGI3NzFlZWRmYjg5OWUiLCJfYXV0aF91c2VyX2JhY2tlbmQiOiJkamFuZ28uY29udHJpYi5hdXRoLmJhY2tlbmRzLk1vZGVsQmFja2VuZCIsIl9hdXRoX3VzZXJfaWQiOiIxMzYiLCJyb29tcyI6WzEzNjc5XX0=','2017-06-05 11:19:54.685636'),
	('chn5f0234a14898d2542d6ed23bf34ee','Yzg1NzcyZjFiNmRjMGEyZWQ3NDdlYWI0NDNhZWY3OTkyMTIyYTc4YTp7Il9hdXRoX3VzZXJfaGFzaCI6IjEyMmVhYzJhMWUwNmE3ZjZiNmJiMTM0NWZkOGYyZDk1NWYyMmQyZjQiLCJfYXV0aF91c2VyX2JhY2tlbmQiOiJkamFuZ28uY29udHJpYi5hdXRoLmJhY2tlbmRzLk1vZGVsQmFja2VuZCIsIl9hdXRoX3VzZXJfaWQiOiI3OSIsInJvb21zIjpbMTM2NzldfQ==','2017-06-05 12:03:33.154210'),
	('chn5f26bc6a89b2d4e3d62ba7e4876e2','ZjNiYmY3M2MzODMwMzczYWMxNWZlNGQ1ZDNiM2RhYWY1OGNiYTM0NTp7Il9hdXRoX3VzZXJfaGFzaCI6IjljMjRiZDc3NzYwZmNjMDFhN2E0YmMyMGM3OGI3NzFlZWRmYjg5OWUiLCJfYXV0aF91c2VyX2JhY2tlbmQiOiJkamFuZ28uY29udHJpYi5hdXRoLmJhY2tlbmRzLk1vZGVsQmFja2VuZCIsIl9hdXRoX3VzZXJfaWQiOiIxMzYiLCJyb29tcyI6WzFdfQ==','2017-06-04 16:07:13.595111'),
	('chn5f74ba635e0251dd21db1a3e28ae7','NWE1ZDkyOGJkYTE4MWQ5ZTk2ZTYwMzM2OGMxNDllZWI5NWQ5NGFiNDp7Il9hdXRoX3VzZXJfaGFzaCI6IjljMjRiZDc3NzYwZmNjMDFhN2E0YmMyMGM3OGI3NzFlZWRmYjg5OWUiLCJfYXV0aF91c2VyX2lkIjoiMTM2IiwiX2F1dGhfdXNlcl9iYWNrZW5kIjoiZGphbmdvLmNvbnRyaWIuYXV0aC5iYWNrZW5kcy5Nb2RlbEJhY2tlbmQiLCJyb29tcyI6W119','2017-06-04 12:07:20.030878'),
	('chn5fca3f73683532eedbec1e25ad45e','YmEwZWE5MjNhNGQyMmI2N2MzOTAwMjdhYzc2MjZlYWZjNDFmNTk2ZTp7Il9hdXRoX3VzZXJfaGFzaCI6IjljMjRiZDc3NzYwZmNjMDFhN2E0YmMyMGM3OGI3NzFlZWRmYjg5OWUiLCJfYXV0aF91c2VyX2JhY2tlbmQiOiJkamFuZ28uY29udHJpYi5hdXRoLmJhY2tlbmRzLk1vZGVsQmFja2VuZCIsIl9hdXRoX3VzZXJfaWQiOiIxMzYiLCJyb29tcyI6WzEzNjc5XX0=','2017-06-06 09:18:01.699427'),
	('chn600950f338120a8e4e3e15493242b','Yzg1NzcyZjFiNmRjMGEyZWQ3NDdlYWI0NDNhZWY3OTkyMTIyYTc4YTp7Il9hdXRoX3VzZXJfaGFzaCI6IjEyMmVhYzJhMWUwNmE3ZjZiNmJiMTM0NWZkOGYyZDk1NWYyMmQyZjQiLCJfYXV0aF91c2VyX2JhY2tlbmQiOiJkamFuZ28uY29udHJpYi5hdXRoLmJhY2tlbmRzLk1vZGVsQmFja2VuZCIsIl9hdXRoX3VzZXJfaWQiOiI3OSIsInJvb21zIjpbMTM2NzldfQ==','2017-06-06 10:46:30.466384'),
	('chn6076e6328563d0ad9d5ac784e38d4','ZWQ1Nzc0YjUyMzA4NDQ2Njk5N2UzMjFhNWNiZmY3YjllYTNkOTAzODp7Il9hdXRoX3VzZXJfaGFzaCI6IjEyMmVhYzJhMWUwNmE3ZjZiNmJiMTM0NWZkOGYyZDk1NWYyMmQyZjQiLCJfYXV0aF91c2VyX2JhY2tlbmQiOiJkamFuZ28uY29udHJpYi5hdXRoLmJhY2tlbmRzLk1vZGVsQmFja2VuZCIsIl9hdXRoX3VzZXJfaWQiOiI3OSIsInJvb21zIjpbMTM2ODBdfQ==','2017-06-03 12:08:24.005470'),
	('chn60d8715acd51c16ff4d25cfb977c0','NTBlZTczNjMxMTQ1NzY4NmNmNTM2YTFlNGU4MWQxZjYzOWY1MTA0NDp7Il9hdXRoX3VzZXJfaGFzaCI6IjEyMmVhYzJhMWUwNmE3ZjZiNmJiMTM0NWZkOGYyZDk1NWYyMmQyZjQiLCJfYXV0aF91c2VyX2lkIjoiNzkiLCJfYXV0aF91c2VyX2JhY2tlbmQiOiJkamFuZ28uY29udHJpYi5hdXRoLmJhY2tlbmRzLk1vZGVsQmFja2VuZCIsInJvb21zIjpbXX0=','2017-06-03 14:52:39.245671'),
	('chn612e4b4c414044c0b6be9d47ece9a','ZWQ1Nzc0YjUyMzA4NDQ2Njk5N2UzMjFhNWNiZmY3YjllYTNkOTAzODp7Il9hdXRoX3VzZXJfaGFzaCI6IjEyMmVhYzJhMWUwNmE3ZjZiNmJiMTM0NWZkOGYyZDk1NWYyMmQyZjQiLCJfYXV0aF91c2VyX2JhY2tlbmQiOiJkamFuZ28uY29udHJpYi5hdXRoLmJhY2tlbmRzLk1vZGVsQmFja2VuZCIsIl9hdXRoX3VzZXJfaWQiOiI3OSIsInJvb21zIjpbMTM2ODBdfQ==','2017-06-02 15:00:09.576256'),
	('chn61464cf141194d13b258b1fb81a9a','ODI2NWFhM2Q5OGI3YjllODJhZTM0ZTFkMWJjYTA5MGIyOTgzMmUwMTp7Il9hdXRoX3VzZXJfaGFzaCI6IjEyMmVhYzJhMWUwNmE3ZjZiNmJiMTM0NWZkOGYyZDk1NWYyMmQyZjQiLCJfYXV0aF91c2VyX2JhY2tlbmQiOiJkamFuZ28uY29udHJpYi5hdXRoLmJhY2tlbmRzLk1vZGVsQmFja2VuZCIsIl9hdXRoX3VzZXJfaWQiOiI3OSIsInJvb21zIjpbNzkxMzZdfQ==','2017-06-07 16:29:51.524729'),
	('chn615217bed97fc08b1b40c3fca3bbb','Yzg1NzcyZjFiNmRjMGEyZWQ3NDdlYWI0NDNhZWY3OTkyMTIyYTc4YTp7Il9hdXRoX3VzZXJfaGFzaCI6IjEyMmVhYzJhMWUwNmE3ZjZiNmJiMTM0NWZkOGYyZDk1NWYyMmQyZjQiLCJfYXV0aF91c2VyX2JhY2tlbmQiOiJkamFuZ28uY29udHJpYi5hdXRoLmJhY2tlbmRzLk1vZGVsQmFja2VuZCIsIl9hdXRoX3VzZXJfaWQiOiI3OSIsInJvb21zIjpbMTM2NzldfQ==','2017-06-04 15:17:59.761969'),
	('chn61601fdb9ae490025495560ffba2e','YmEwZWE5MjNhNGQyMmI2N2MzOTAwMjdhYzc2MjZlYWZjNDFmNTk2ZTp7Il9hdXRoX3VzZXJfaGFzaCI6IjljMjRiZDc3NzYwZmNjMDFhN2E0YmMyMGM3OGI3NzFlZWRmYjg5OWUiLCJfYXV0aF91c2VyX2JhY2tlbmQiOiJkamFuZ28uY29udHJpYi5hdXRoLmJhY2tlbmRzLk1vZGVsQmFja2VuZCIsIl9hdXRoX3VzZXJfaWQiOiIxMzYiLCJyb29tcyI6WzEzNjc5XX0=','2017-06-04 23:45:52.674978'),
	('chn61eaba018914ec2844e622bdb9081','ODdiYTU2MGI3Y2JjN2MyNzE0Mjk5OGM3M2M5MmFhYmM3ZDgzMWIxMjp7Il9hdXRoX3VzZXJfaGFzaCI6IjljMjRiZDc3NzYwZmNjMDFhN2E0YmMyMGM3OGI3NzFlZWRmYjg5OWUiLCJfYXV0aF91c2VyX2JhY2tlbmQiOiJkamFuZ28uY29udHJpYi5hdXRoLmJhY2tlbmRzLk1vZGVsQmFja2VuZCIsIl9hdXRoX3VzZXJfaWQiOiIxMzYiLCJyb29tcyI6Wzc5MTM2XX0=','2017-06-07 18:35:44.258554'),
	('chn621fdb1947a3b4984a967f3575bc1','YmEwZWE5MjNhNGQyMmI2N2MzOTAwMjdhYzc2MjZlYWZjNDFmNTk2ZTp7Il9hdXRoX3VzZXJfaGFzaCI6IjljMjRiZDc3NzYwZmNjMDFhN2E0YmMyMGM3OGI3NzFlZWRmYjg5OWUiLCJfYXV0aF91c2VyX2JhY2tlbmQiOiJkamFuZ28uY29udHJpYi5hdXRoLmJhY2tlbmRzLk1vZGVsQmFja2VuZCIsIl9hdXRoX3VzZXJfaWQiOiIxMzYiLCJyb29tcyI6WzEzNjc5XX0=','2017-06-04 12:21:52.233847'),
	('chn628fbb69d8886865e8566ea59f4e1','YmEwZWE5MjNhNGQyMmI2N2MzOTAwMjdhYzc2MjZlYWZjNDFmNTk2ZTp7Il9hdXRoX3VzZXJfaGFzaCI6IjljMjRiZDc3NzYwZmNjMDFhN2E0YmMyMGM3OGI3NzFlZWRmYjg5OWUiLCJfYXV0aF91c2VyX2JhY2tlbmQiOiJkamFuZ28uY29udHJpYi5hdXRoLmJhY2tlbmRzLk1vZGVsQmFja2VuZCIsIl9hdXRoX3VzZXJfaWQiOiIxMzYiLCJyb29tcyI6WzEzNjc5XX0=','2017-06-05 11:47:19.492371'),
	('chn62d1f5b12351fc5bc17c297e7f6fb','NTBlZTczNjMxMTQ1NzY4NmNmNTM2YTFlNGU4MWQxZjYzOWY1MTA0NDp7Il9hdXRoX3VzZXJfaGFzaCI6IjEyMmVhYzJhMWUwNmE3ZjZiNmJiMTM0NWZkOGYyZDk1NWYyMmQyZjQiLCJfYXV0aF91c2VyX2lkIjoiNzkiLCJfYXV0aF91c2VyX2JhY2tlbmQiOiJkamFuZ28uY29udHJpYi5hdXRoLmJhY2tlbmRzLk1vZGVsQmFja2VuZCIsInJvb21zIjpbXX0=','2017-06-07 13:51:12.694268'),
	('chn631cc8373213ea4aec8ae696c4963','Yzg1NzcyZjFiNmRjMGEyZWQ3NDdlYWI0NDNhZWY3OTkyMTIyYTc4YTp7Il9hdXRoX3VzZXJfaGFzaCI6IjEyMmVhYzJhMWUwNmE3ZjZiNmJiMTM0NWZkOGYyZDk1NWYyMmQyZjQiLCJfYXV0aF91c2VyX2JhY2tlbmQiOiJkamFuZ28uY29udHJpYi5hdXRoLmJhY2tlbmRzLk1vZGVsQmFja2VuZCIsIl9hdXRoX3VzZXJfaWQiOiI3OSIsInJvb21zIjpbMTM2NzldfQ==','2017-06-04 15:44:16.973338'),
	('chn640a174d25a4b939994975dfa2696','OTk5ZDM2MzgwMzBkZDhmMTg1MzBhMDk3NTE2NGYzMzMyYzJlMGE2NTp7Il9hdXRoX3VzZXJfaGFzaCI6IjVkMmM5YWIzMDc3MzM3NzNiOTI3NTIwZGExNjJhNzhlMWYwOTM2OWUiLCJfYXV0aF91c2VyX2lkIjoiODMiLCJfYXV0aF91c2VyX2JhY2tlbmQiOiJkamFuZ28uY29udHJpYi5hdXRoLmJhY2tlbmRzLk1vZGVsQmFja2VuZCIsInJvb21zIjpbXX0=','2017-06-02 13:43:45.813184'),
	('chn64cc52effd58cd9416f2e8198e6eb','NzEwNGUxY2FkOWY2NmNlMDAyYzc3MzdmNDk1NzRlNTVlNWU4Y2IwNjp7fQ==','2017-06-06 15:17:33.171275'),
	('chn6502517392edb7786915a41091fd1','Yzg1NzcyZjFiNmRjMGEyZWQ3NDdlYWI0NDNhZWY3OTkyMTIyYTc4YTp7Il9hdXRoX3VzZXJfaGFzaCI6IjEyMmVhYzJhMWUwNmE3ZjZiNmJiMTM0NWZkOGYyZDk1NWYyMmQyZjQiLCJfYXV0aF91c2VyX2JhY2tlbmQiOiJkamFuZ28uY29udHJpYi5hdXRoLmJhY2tlbmRzLk1vZGVsQmFja2VuZCIsIl9hdXRoX3VzZXJfaWQiOiI3OSIsInJvb21zIjpbMTM2NzldfQ==','2017-06-04 15:34:52.969124'),
	('chn65444da72eb99999de6db490d91bb','ODI2NWFhM2Q5OGI3YjllODJhZTM0ZTFkMWJjYTA5MGIyOTgzMmUwMTp7Il9hdXRoX3VzZXJfaGFzaCI6IjEyMmVhYzJhMWUwNmE3ZjZiNmJiMTM0NWZkOGYyZDk1NWYyMmQyZjQiLCJfYXV0aF91c2VyX2JhY2tlbmQiOiJkamFuZ28uY29udHJpYi5hdXRoLmJhY2tlbmRzLk1vZGVsQmFja2VuZCIsIl9hdXRoX3VzZXJfaWQiOiI3OSIsInJvb21zIjpbNzkxMzZdfQ==','2017-06-07 18:42:24.000815'),
	('chn6688875250596c3bc34fca9642f3f','NTBlZTczNjMxMTQ1NzY4NmNmNTM2YTFlNGU4MWQxZjYzOWY1MTA0NDp7Il9hdXRoX3VzZXJfaGFzaCI6IjEyMmVhYzJhMWUwNmE3ZjZiNmJiMTM0NWZkOGYyZDk1NWYyMmQyZjQiLCJfYXV0aF91c2VyX2lkIjoiNzkiLCJfYXV0aF91c2VyX2JhY2tlbmQiOiJkamFuZ28uY29udHJpYi5hdXRoLmJhY2tlbmRzLk1vZGVsQmFja2VuZCIsInJvb21zIjpbXX0=','2017-06-02 13:39:26.615517'),
	('chn669936be9f806bbbbd5730c4dcb00','YTc0ZTczNDAxNmYyOTZmYWJjNzAyOTY1MWRhM2Q3NzIxMzI2ZDQxNDp7Il9hdXRoX3VzZXJfaGFzaCI6IjVkMmM5YWIzMDc3MzM3NzNiOTI3NTIwZGExNjJhNzhlMWYwOTM2OWUiLCJfYXV0aF91c2VyX2JhY2tlbmQiOiJkamFuZ28uY29udHJpYi5hdXRoLmJhY2tlbmRzLk1vZGVsQmFja2VuZCIsIl9hdXRoX3VzZXJfaWQiOiI4MyIsInJvb21zIjpbMTM2ODBdfQ==','2017-06-02 22:24:57.782876'),
	('chn66d2f4fc12015d90eb1eb298e6de5','YmEwZWE5MjNhNGQyMmI2N2MzOTAwMjdhYzc2MjZlYWZjNDFmNTk2ZTp7Il9hdXRoX3VzZXJfaGFzaCI6IjljMjRiZDc3NzYwZmNjMDFhN2E0YmMyMGM3OGI3NzFlZWRmYjg5OWUiLCJfYXV0aF91c2VyX2JhY2tlbmQiOiJkamFuZ28uY29udHJpYi5hdXRoLmJhY2tlbmRzLk1vZGVsQmFja2VuZCIsIl9hdXRoX3VzZXJfaWQiOiIxMzYiLCJyb29tcyI6WzEzNjc5XX0=','2017-06-04 12:29:23.140477'),
	('chn66e36428d35a204807d61821cddee','YmEwZWE5MjNhNGQyMmI2N2MzOTAwMjdhYzc2MjZlYWZjNDFmNTk2ZTp7Il9hdXRoX3VzZXJfaGFzaCI6IjljMjRiZDc3NzYwZmNjMDFhN2E0YmMyMGM3OGI3NzFlZWRmYjg5OWUiLCJfYXV0aF91c2VyX2JhY2tlbmQiOiJkamFuZ28uY29udHJpYi5hdXRoLmJhY2tlbmRzLk1vZGVsQmFja2VuZCIsIl9hdXRoX3VzZXJfaWQiOiIxMzYiLCJyb29tcyI6WzEzNjc5XX0=','2017-06-04 23:23:43.451235'),
	('chn67c5bf2a13bdf27b43f22f82356fe','ZjNiYmY3M2MzODMwMzczYWMxNWZlNGQ1ZDNiM2RhYWY1OGNiYTM0NTp7Il9hdXRoX3VzZXJfaGFzaCI6IjljMjRiZDc3NzYwZmNjMDFhN2E0YmMyMGM3OGI3NzFlZWRmYjg5OWUiLCJfYXV0aF91c2VyX2JhY2tlbmQiOiJkamFuZ28uY29udHJpYi5hdXRoLmJhY2tlbmRzLk1vZGVsQmFja2VuZCIsIl9hdXRoX3VzZXJfaWQiOiIxMzYiLCJyb29tcyI6WzFdfQ==','2017-06-05 12:24:35.585626'),
	('chn67c8f19e3d3defc4cde5ee0be872e','ZjNiYmY3M2MzODMwMzczYWMxNWZlNGQ1ZDNiM2RhYWY1OGNiYTM0NTp7Il9hdXRoX3VzZXJfaGFzaCI6IjljMjRiZDc3NzYwZmNjMDFhN2E0YmMyMGM3OGI3NzFlZWRmYjg5OWUiLCJfYXV0aF91c2VyX2JhY2tlbmQiOiJkamFuZ28uY29udHJpYi5hdXRoLmJhY2tlbmRzLk1vZGVsQmFja2VuZCIsIl9hdXRoX3VzZXJfaWQiOiIxMzYiLCJyb29tcyI6WzFdfQ==','2017-06-05 12:23:24.449283'),
	('chn67f3cd6d347c2088a19014529b460','YmEwZWE5MjNhNGQyMmI2N2MzOTAwMjdhYzc2MjZlYWZjNDFmNTk2ZTp7Il9hdXRoX3VzZXJfaGFzaCI6IjljMjRiZDc3NzYwZmNjMDFhN2E0YmMyMGM3OGI3NzFlZWRmYjg5OWUiLCJfYXV0aF91c2VyX2JhY2tlbmQiOiJkamFuZ28uY29udHJpYi5hdXRoLmJhY2tlbmRzLk1vZGVsQmFja2VuZCIsIl9hdXRoX3VzZXJfaWQiOiIxMzYiLCJyb29tcyI6WzEzNjc5XX0=','2017-06-04 15:29:19.166879'),
	('chn6843da4fa91473837327f53da8a69','ZjY2OGY3MDdmNTI4ODk5Nzg5Y2VkNjhkOWM4ODJlMmVhZjUzMDk3Mzp7Il9hdXRoX3VzZXJfaGFzaCI6IjJhNDUyZDYwZDRjMGFkMzg2YjFiNjczYmQ5YTNiNzYzMDY0NWJkNGQiLCJfYXV0aF91c2VyX2lkIjoiMSIsIl9hdXRoX3VzZXJfYmFja2VuZCI6ImRqYW5nby5jb250cmliLmF1dGguYmFja2VuZHMuTW9kZWxCYWNrZW5kIiwicm9vbXMiOltdfQ==','2017-05-27 20:05:53.858680'),
	('chn6902778ef1a4edb0dee46976f7caf','ZWQ1Nzc0YjUyMzA4NDQ2Njk5N2UzMjFhNWNiZmY3YjllYTNkOTAzODp7Il9hdXRoX3VzZXJfaGFzaCI6IjEyMmVhYzJhMWUwNmE3ZjZiNmJiMTM0NWZkOGYyZDk1NWYyMmQyZjQiLCJfYXV0aF91c2VyX2JhY2tlbmQiOiJkamFuZ28uY29udHJpYi5hdXRoLmJhY2tlbmRzLk1vZGVsQmFja2VuZCIsIl9hdXRoX3VzZXJfaWQiOiI3OSIsInJvb21zIjpbMTM2ODBdfQ==','2017-06-03 16:21:17.897604'),
	('chn694713b9c2cebddb492d84c88071e','NzEwNGUxY2FkOWY2NmNlMDAyYzc3MzdmNDk1NzRlNTVlNWU4Y2IwNjp7fQ==','2017-06-06 09:56:49.127296'),
	('chn6980c6b13e285ee1beeaad3ca2043','ODdiYTU2MGI3Y2JjN2MyNzE0Mjk5OGM3M2M5MmFhYmM3ZDgzMWIxMjp7Il9hdXRoX3VzZXJfaGFzaCI6IjljMjRiZDc3NzYwZmNjMDFhN2E0YmMyMGM3OGI3NzFlZWRmYjg5OWUiLCJfYXV0aF91c2VyX2JhY2tlbmQiOiJkamFuZ28uY29udHJpYi5hdXRoLmJhY2tlbmRzLk1vZGVsQmFja2VuZCIsIl9hdXRoX3VzZXJfaWQiOiIxMzYiLCJyb29tcyI6Wzc5MTM2XX0=','2017-06-07 18:04:54.183984'),
	('chn69cbe9216eec018195aad50b68a7a','YTk3ZTQ0NzQ3NTY2YzI4MWJlMzJiMGFhMzdjNWYzOTI5MGYyMzg0Zjp7InJvb21zIjpbXX0=','2017-06-05 22:44:19.142265'),
	('chn6ac9937c72b003656e5832df2b9d6','ZThhZWMyNjE3ZDUyYWJhOTVkZDc0ZTdmNDFiYzg2MDEwYzk5Y2Y1Yjp7Il9hdXRoX3VzZXJfaGFzaCI6IjkzZmM3ZmE1ZTgwNTNiODRjOTIxOWZmOWM2ZThiNTllYzNjZGI5MDgiLCJfYXV0aF91c2VyX2JhY2tlbmQiOiJkamFuZ28uY29udHJpYi5hdXRoLmJhY2tlbmRzLk1vZGVsQmFja2VuZCIsIl9hdXRoX3VzZXJfaWQiOiI3OSIsInJvb21zIjpbMTc5XX0=','2017-05-27 16:41:10.717713'),
	('chn6aea180e404c9a8e8b5256493b9ab','YmEwZWE5MjNhNGQyMmI2N2MzOTAwMjdhYzc2MjZlYWZjNDFmNTk2ZTp7Il9hdXRoX3VzZXJfaGFzaCI6IjljMjRiZDc3NzYwZmNjMDFhN2E0YmMyMGM3OGI3NzFlZWRmYjg5OWUiLCJfYXV0aF91c2VyX2JhY2tlbmQiOiJkamFuZ28uY29udHJpYi5hdXRoLmJhY2tlbmRzLk1vZGVsQmFja2VuZCIsIl9hdXRoX3VzZXJfaWQiOiIxMzYiLCJyb29tcyI6WzEzNjc5XX0=','2017-06-05 12:11:57.692319'),
	('chn6b55080dd993a6136624428526375','ODdiYTU2MGI3Y2JjN2MyNzE0Mjk5OGM3M2M5MmFhYmM3ZDgzMWIxMjp7Il9hdXRoX3VzZXJfaGFzaCI6IjljMjRiZDc3NzYwZmNjMDFhN2E0YmMyMGM3OGI3NzFlZWRmYjg5OWUiLCJfYXV0aF91c2VyX2JhY2tlbmQiOiJkamFuZ28uY29udHJpYi5hdXRoLmJhY2tlbmRzLk1vZGVsQmFja2VuZCIsIl9hdXRoX3VzZXJfaWQiOiIxMzYiLCJyb29tcyI6Wzc5MTM2XX0=','2017-06-07 18:29:56.377029'),
	('chn6b5b619a73b9602042af6602b07ac','NzEwNGUxY2FkOWY2NmNlMDAyYzc3MzdmNDk1NzRlNTVlNWU4Y2IwNjp7fQ==','2017-06-06 13:45:27.046785'),
	('chn6b78ca1896fdb8215554228453642','ZWQ1Nzc0YjUyMzA4NDQ2Njk5N2UzMjFhNWNiZmY3YjllYTNkOTAzODp7Il9hdXRoX3VzZXJfaGFzaCI6IjEyMmVhYzJhMWUwNmE3ZjZiNmJiMTM0NWZkOGYyZDk1NWYyMmQyZjQiLCJfYXV0aF91c2VyX2JhY2tlbmQiOiJkamFuZ28uY29udHJpYi5hdXRoLmJhY2tlbmRzLk1vZGVsQmFja2VuZCIsIl9hdXRoX3VzZXJfaWQiOiI3OSIsInJvb21zIjpbMTM2ODBdfQ==','2017-06-03 15:05:51.012909'),
	('chn6bb24cbdbbc63bbfe1ea05e356a33','ZWQ1Nzc0YjUyMzA4NDQ2Njk5N2UzMjFhNWNiZmY3YjllYTNkOTAzODp7Il9hdXRoX3VzZXJfaGFzaCI6IjEyMmVhYzJhMWUwNmE3ZjZiNmJiMTM0NWZkOGYyZDk1NWYyMmQyZjQiLCJfYXV0aF91c2VyX2JhY2tlbmQiOiJkamFuZ28uY29udHJpYi5hdXRoLmJhY2tlbmRzLk1vZGVsQmFja2VuZCIsIl9hdXRoX3VzZXJfaWQiOiI3OSIsInJvb21zIjpbMTM2ODBdfQ==','2017-06-03 15:43:45.157349'),
	('chn6c1f40c841609cbc8b0696a7c91d8','YTk3ZTQ0NzQ3NTY2YzI4MWJlMzJiMGFhMzdjNWYzOTI5MGYyMzg0Zjp7InJvb21zIjpbXX0=','2017-06-05 18:07:51.641321'),
	('chn6c256dcb6ffa4f189f5700cc58406','NTBlZTczNjMxMTQ1NzY4NmNmNTM2YTFlNGU4MWQxZjYzOWY1MTA0NDp7Il9hdXRoX3VzZXJfaGFzaCI6IjEyMmVhYzJhMWUwNmE3ZjZiNmJiMTM0NWZkOGYyZDk1NWYyMmQyZjQiLCJfYXV0aF91c2VyX2lkIjoiNzkiLCJfYXV0aF91c2VyX2JhY2tlbmQiOiJkamFuZ28uY29udHJpYi5hdXRoLmJhY2tlbmRzLk1vZGVsQmFja2VuZCIsInJvb21zIjpbXX0=','2017-06-02 13:39:05.111543'),
	('chn6c3b5248c455ff088b0bc32d293aa','NTBlZTczNjMxMTQ1NzY4NmNmNTM2YTFlNGU4MWQxZjYzOWY1MTA0NDp7Il9hdXRoX3VzZXJfaGFzaCI6IjEyMmVhYzJhMWUwNmE3ZjZiNmJiMTM0NWZkOGYyZDk1NWYyMmQyZjQiLCJfYXV0aF91c2VyX2lkIjoiNzkiLCJfYXV0aF91c2VyX2JhY2tlbmQiOiJkamFuZ28uY29udHJpYi5hdXRoLmJhY2tlbmRzLk1vZGVsQmFja2VuZCIsInJvb21zIjpbXX0=','2017-06-02 13:37:13.263221'),
	('chn6c5ca8a07c7074ff32e0318f3d657','YmEwZWE5MjNhNGQyMmI2N2MzOTAwMjdhYzc2MjZlYWZjNDFmNTk2ZTp7Il9hdXRoX3VzZXJfaGFzaCI6IjljMjRiZDc3NzYwZmNjMDFhN2E0YmMyMGM3OGI3NzFlZWRmYjg5OWUiLCJfYXV0aF91c2VyX2JhY2tlbmQiOiJkamFuZ28uY29udHJpYi5hdXRoLmJhY2tlbmRzLk1vZGVsQmFja2VuZCIsIl9hdXRoX3VzZXJfaWQiOiIxMzYiLCJyb29tcyI6WzEzNjc5XX0=','2017-06-04 12:30:24.859773'),
	('chn6ca221bb31caea054d06c87c1b68b','ZWQ1Nzc0YjUyMzA4NDQ2Njk5N2UzMjFhNWNiZmY3YjllYTNkOTAzODp7Il9hdXRoX3VzZXJfaGFzaCI6IjEyMmVhYzJhMWUwNmE3ZjZiNmJiMTM0NWZkOGYyZDk1NWYyMmQyZjQiLCJfYXV0aF91c2VyX2JhY2tlbmQiOiJkamFuZ28uY29udHJpYi5hdXRoLmJhY2tlbmRzLk1vZGVsQmFja2VuZCIsIl9hdXRoX3VzZXJfaWQiOiI3OSIsInJvb21zIjpbMTM2ODBdfQ==','2017-06-03 16:19:50.393182'),
	('chn6cf8f42efa7c7871113edc6606458','YTk3ZTQ0NzQ3NTY2YzI4MWJlMzJiMGFhMzdjNWYzOTI5MGYyMzg0Zjp7InJvb21zIjpbXX0=','2017-06-05 18:17:50.140891'),
	('chn6d7d499d7403665659a6514730fe0','OTk5ZDM2MzgwMzBkZDhmMTg1MzBhMDk3NTE2NGYzMzMyYzJlMGE2NTp7Il9hdXRoX3VzZXJfaGFzaCI6IjVkMmM5YWIzMDc3MzM3NzNiOTI3NTIwZGExNjJhNzhlMWYwOTM2OWUiLCJfYXV0aF91c2VyX2lkIjoiODMiLCJfYXV0aF91c2VyX2JhY2tlbmQiOiJkamFuZ28uY29udHJpYi5hdXRoLmJhY2tlbmRzLk1vZGVsQmFja2VuZCIsInJvb21zIjpbXX0=','2017-06-02 13:43:49.535291'),
	('chn6d7fe9eae03c7578c49b376f0f4d4','ODM1NzVjNmQzMDNhNWU3NzNkYjZhYzNjOThjOTYzZGJiYWQ0OTAyMTp7Il9hdXRoX3VzZXJfaGFzaCI6IjEyMmVhYzJhMWUwNmE3ZjZiNmJiMTM0NWZkOGYyZDk1NWYyMmQyZjQiLCJfYXV0aF91c2VyX2lkIjoiNzkiLCJfYXV0aF91c2VyX2JhY2tlbmQiOiJkamFuZ28uY29udHJpYi5hdXRoLmJhY2tlbmRzLk1vZGVsQmFja2VuZCJ9','2017-06-04 10:31:45.043184'),
	('chn6db60e56f4f8b56b7068c7a95f7e4','YmEwZWE5MjNhNGQyMmI2N2MzOTAwMjdhYzc2MjZlYWZjNDFmNTk2ZTp7Il9hdXRoX3VzZXJfaGFzaCI6IjljMjRiZDc3NzYwZmNjMDFhN2E0YmMyMGM3OGI3NzFlZWRmYjg5OWUiLCJfYXV0aF91c2VyX2JhY2tlbmQiOiJkamFuZ28uY29udHJpYi5hdXRoLmJhY2tlbmRzLk1vZGVsQmFja2VuZCIsIl9hdXRoX3VzZXJfaWQiOiIxMzYiLCJyb29tcyI6WzEzNjc5XX0=','2017-06-06 09:25:22.789955'),
	('chn6efe4c2471ff617f8b18bf1face4d','NzEwNGUxY2FkOWY2NmNlMDAyYzc3MzdmNDk1NzRlNTVlNWU4Y2IwNjp7fQ==','2017-06-06 11:48:30.020602'),
	('chn6feb630ab63715d41d5a2208776d6','ZmZmNDljZmY3NWM3NjVhODNjMTM3YmExYTkwZTcyZTkyZDU5OTIxNDp7Il9hdXRoX3VzZXJfaGFzaCI6IjEyMmVhYzJhMWUwNmE3ZjZiNmJiMTM0NWZkOGYyZDk1NWYyMmQyZjQiLCJfYXV0aF91c2VyX2JhY2tlbmQiOiJkamFuZ28uY29udHJpYi5hdXRoLmJhY2tlbmRzLk1vZGVsQmFja2VuZCIsIl9hdXRoX3VzZXJfaWQiOiI3OSIsInJvb21zIjpbNzk5MF19','2017-06-08 13:05:04.916791'),
	('chn6febfce05c023dc6936315213e661','NTBlZTczNjMxMTQ1NzY4NmNmNTM2YTFlNGU4MWQxZjYzOWY1MTA0NDp7Il9hdXRoX3VzZXJfaGFzaCI6IjEyMmVhYzJhMWUwNmE3ZjZiNmJiMTM0NWZkOGYyZDk1NWYyMmQyZjQiLCJfYXV0aF91c2VyX2lkIjoiNzkiLCJfYXV0aF91c2VyX2JhY2tlbmQiOiJkamFuZ28uY29udHJpYi5hdXRoLmJhY2tlbmRzLk1vZGVsQmFja2VuZCIsInJvb21zIjpbXX0=','2017-06-03 14:52:56.575662'),
	('chn707c3c2359c36db269dad1fa85325','ODI2NWFhM2Q5OGI3YjllODJhZTM0ZTFkMWJjYTA5MGIyOTgzMmUwMTp7Il9hdXRoX3VzZXJfaGFzaCI6IjEyMmVhYzJhMWUwNmE3ZjZiNmJiMTM0NWZkOGYyZDk1NWYyMmQyZjQiLCJfYXV0aF91c2VyX2JhY2tlbmQiOiJkamFuZ28uY29udHJpYi5hdXRoLmJhY2tlbmRzLk1vZGVsQmFja2VuZCIsIl9hdXRoX3VzZXJfaWQiOiI3OSIsInJvb21zIjpbNzkxMzZdfQ==','2017-06-08 17:01:24.623090'),
	('chn7088dcb2a0f879e594f09d71883c7','YmEwZWE5MjNhNGQyMmI2N2MzOTAwMjdhYzc2MjZlYWZjNDFmNTk2ZTp7Il9hdXRoX3VzZXJfaGFzaCI6IjljMjRiZDc3NzYwZmNjMDFhN2E0YmMyMGM3OGI3NzFlZWRmYjg5OWUiLCJfYXV0aF91c2VyX2JhY2tlbmQiOiJkamFuZ28uY29udHJpYi5hdXRoLmJhY2tlbmRzLk1vZGVsQmFja2VuZCIsIl9hdXRoX3VzZXJfaWQiOiIxMzYiLCJyb29tcyI6WzEzNjc5XX0=','2017-06-05 12:32:19.917751'),
	('chn70f75e900407ce966478d43837a48','ODI2NWFhM2Q5OGI3YjllODJhZTM0ZTFkMWJjYTA5MGIyOTgzMmUwMTp7Il9hdXRoX3VzZXJfaGFzaCI6IjEyMmVhYzJhMWUwNmE3ZjZiNmJiMTM0NWZkOGYyZDk1NWYyMmQyZjQiLCJfYXV0aF91c2VyX2JhY2tlbmQiOiJkamFuZ28uY29udHJpYi5hdXRoLmJhY2tlbmRzLk1vZGVsQmFja2VuZCIsIl9hdXRoX3VzZXJfaWQiOiI3OSIsInJvb21zIjpbNzkxMzZdfQ==','2017-06-08 13:24:32.346549'),
	('chn7127702b6e7896fac0e5bf15fd653','ODI2NWFhM2Q5OGI3YjllODJhZTM0ZTFkMWJjYTA5MGIyOTgzMmUwMTp7Il9hdXRoX3VzZXJfaGFzaCI6IjEyMmVhYzJhMWUwNmE3ZjZiNmJiMTM0NWZkOGYyZDk1NWYyMmQyZjQiLCJfYXV0aF91c2VyX2JhY2tlbmQiOiJkamFuZ28uY29udHJpYi5hdXRoLmJhY2tlbmRzLk1vZGVsQmFja2VuZCIsIl9hdXRoX3VzZXJfaWQiOiI3OSIsInJvb21zIjpbNzkxMzZdfQ==','2017-06-07 18:41:13.518359'),
	('chn7174c4e613d13653102a4f5c40006','YmEwZWE5MjNhNGQyMmI2N2MzOTAwMjdhYzc2MjZlYWZjNDFmNTk2ZTp7Il9hdXRoX3VzZXJfaGFzaCI6IjljMjRiZDc3NzYwZmNjMDFhN2E0YmMyMGM3OGI3NzFlZWRmYjg5OWUiLCJfYXV0aF91c2VyX2JhY2tlbmQiOiJkamFuZ28uY29udHJpYi5hdXRoLmJhY2tlbmRzLk1vZGVsQmFja2VuZCIsIl9hdXRoX3VzZXJfaWQiOiIxMzYiLCJyb29tcyI6WzEzNjc5XX0=','2017-06-05 12:46:12.552565'),
	('chn719153371034246481c83cf6501d0','NTBlZTczNjMxMTQ1NzY4NmNmNTM2YTFlNGU4MWQxZjYzOWY1MTA0NDp7Il9hdXRoX3VzZXJfaGFzaCI6IjEyMmVhYzJhMWUwNmE3ZjZiNmJiMTM0NWZkOGYyZDk1NWYyMmQyZjQiLCJfYXV0aF91c2VyX2lkIjoiNzkiLCJfYXV0aF91c2VyX2JhY2tlbmQiOiJkamFuZ28uY29udHJpYi5hdXRoLmJhY2tlbmRzLk1vZGVsQmFja2VuZCIsInJvb21zIjpbXX0=','2017-06-03 14:48:21.716776'),
	('chn71e0995b5f1caa3ed439873485506','NzEwNGUxY2FkOWY2NmNlMDAyYzc3MzdmNDk1NzRlNTVlNWU4Y2IwNjp7fQ==','2017-06-06 10:48:39.015887'),
	('chn71e1f9843681501b477683bdfe980','ODdiYTU2MGI3Y2JjN2MyNzE0Mjk5OGM3M2M5MmFhYmM3ZDgzMWIxMjp7Il9hdXRoX3VzZXJfaGFzaCI6IjljMjRiZDc3NzYwZmNjMDFhN2E0YmMyMGM3OGI3NzFlZWRmYjg5OWUiLCJfYXV0aF91c2VyX2JhY2tlbmQiOiJkamFuZ28uY29udHJpYi5hdXRoLmJhY2tlbmRzLk1vZGVsQmFja2VuZCIsIl9hdXRoX3VzZXJfaWQiOiIxMzYiLCJyb29tcyI6Wzc5MTM2XX0=','2017-06-07 18:44:58.704449'),
	('chn71e5e1a502d575cca70aba4042974','ZThhZWMyNjE3ZDUyYWJhOTVkZDc0ZTdmNDFiYzg2MDEwYzk5Y2Y1Yjp7Il9hdXRoX3VzZXJfaGFzaCI6IjkzZmM3ZmE1ZTgwNTNiODRjOTIxOWZmOWM2ZThiNTllYzNjZGI5MDgiLCJfYXV0aF91c2VyX2JhY2tlbmQiOiJkamFuZ28uY29udHJpYi5hdXRoLmJhY2tlbmRzLk1vZGVsQmFja2VuZCIsIl9hdXRoX3VzZXJfaWQiOiI3OSIsInJvb21zIjpbMTc5XX0=','2017-05-27 20:07:21.843636'),
	('chn721599f12e3e619aff095e5e5d610','Yzg1NzcyZjFiNmRjMGEyZWQ3NDdlYWI0NDNhZWY3OTkyMTIyYTc4YTp7Il9hdXRoX3VzZXJfaGFzaCI6IjEyMmVhYzJhMWUwNmE3ZjZiNmJiMTM0NWZkOGYyZDk1NWYyMmQyZjQiLCJfYXV0aF91c2VyX2JhY2tlbmQiOiJkamFuZ28uY29udHJpYi5hdXRoLmJhY2tlbmRzLk1vZGVsQmFja2VuZCIsIl9hdXRoX3VzZXJfaWQiOiI3OSIsInJvb21zIjpbMTM2NzldfQ==','2017-06-06 17:42:24.185339'),
	('chn72531c53739adf6064f073021db13','NzEwNGUxY2FkOWY2NmNlMDAyYzc3MzdmNDk1NzRlNTVlNWU4Y2IwNjp7fQ==','2017-06-05 23:05:58.477005'),
	('chn7315d8f682618bc450d4bb30475cb','YmEwZWE5MjNhNGQyMmI2N2MzOTAwMjdhYzc2MjZlYWZjNDFmNTk2ZTp7Il9hdXRoX3VzZXJfaGFzaCI6IjljMjRiZDc3NzYwZmNjMDFhN2E0YmMyMGM3OGI3NzFlZWRmYjg5OWUiLCJfYXV0aF91c2VyX2JhY2tlbmQiOiJkamFuZ28uY29udHJpYi5hdXRoLmJhY2tlbmRzLk1vZGVsQmFja2VuZCIsIl9hdXRoX3VzZXJfaWQiOiIxMzYiLCJyb29tcyI6WzEzNjc5XX0=','2017-06-05 10:54:08.560311'),
	('chn732609cdf77c3c37dc0d66bac6729','ZWQ1Nzc0YjUyMzA4NDQ2Njk5N2UzMjFhNWNiZmY3YjllYTNkOTAzODp7Il9hdXRoX3VzZXJfaGFzaCI6IjEyMmVhYzJhMWUwNmE3ZjZiNmJiMTM0NWZkOGYyZDk1NWYyMmQyZjQiLCJfYXV0aF91c2VyX2JhY2tlbmQiOiJkamFuZ28uY29udHJpYi5hdXRoLmJhY2tlbmRzLk1vZGVsQmFja2VuZCIsIl9hdXRoX3VzZXJfaWQiOiI3OSIsInJvb21zIjpbMTM2ODBdfQ==','2017-06-03 15:06:40.816697'),
	('chn7369517e531ec840a3e75b2d5752b','YmEwZWE5MjNhNGQyMmI2N2MzOTAwMjdhYzc2MjZlYWZjNDFmNTk2ZTp7Il9hdXRoX3VzZXJfaGFzaCI6IjljMjRiZDc3NzYwZmNjMDFhN2E0YmMyMGM3OGI3NzFlZWRmYjg5OWUiLCJfYXV0aF91c2VyX2JhY2tlbmQiOiJkamFuZ28uY29udHJpYi5hdXRoLmJhY2tlbmRzLk1vZGVsQmFja2VuZCIsIl9hdXRoX3VzZXJfaWQiOiIxMzYiLCJyb29tcyI6WzEzNjc5XX0=','2017-06-04 23:30:03.554291'),
	('chn73c4ce158ee7f0ee2050c27925a67','ODdiYTU2MGI3Y2JjN2MyNzE0Mjk5OGM3M2M5MmFhYmM3ZDgzMWIxMjp7Il9hdXRoX3VzZXJfaGFzaCI6IjljMjRiZDc3NzYwZmNjMDFhN2E0YmMyMGM3OGI3NzFlZWRmYjg5OWUiLCJfYXV0aF91c2VyX2JhY2tlbmQiOiJkamFuZ28uY29udHJpYi5hdXRoLmJhY2tlbmRzLk1vZGVsQmFja2VuZCIsIl9hdXRoX3VzZXJfaWQiOiIxMzYiLCJyb29tcyI6Wzc5MTM2XX0=','2017-06-07 18:35:25.976609'),
	('chn73fa4fa1abb52a2d6c85a28552691','Yzg1NzcyZjFiNmRjMGEyZWQ3NDdlYWI0NDNhZWY3OTkyMTIyYTc4YTp7Il9hdXRoX3VzZXJfaGFzaCI6IjEyMmVhYzJhMWUwNmE3ZjZiNmJiMTM0NWZkOGYyZDk1NWYyMmQyZjQiLCJfYXV0aF91c2VyX2JhY2tlbmQiOiJkamFuZ28uY29udHJpYi5hdXRoLmJhY2tlbmRzLk1vZGVsQmFja2VuZCIsIl9hdXRoX3VzZXJfaWQiOiI3OSIsInJvb21zIjpbMTM2NzldfQ==','2017-06-04 15:43:06.687641'),
	('chn742b2cfc1566e3faa638756822490','ODdiYTU2MGI3Y2JjN2MyNzE0Mjk5OGM3M2M5MmFhYmM3ZDgzMWIxMjp7Il9hdXRoX3VzZXJfaGFzaCI6IjljMjRiZDc3NzYwZmNjMDFhN2E0YmMyMGM3OGI3NzFlZWRmYjg5OWUiLCJfYXV0aF91c2VyX2JhY2tlbmQiOiJkamFuZ28uY29udHJpYi5hdXRoLmJhY2tlbmRzLk1vZGVsQmFja2VuZCIsIl9hdXRoX3VzZXJfaWQiOiIxMzYiLCJyb29tcyI6Wzc5MTM2XX0=','2017-06-07 18:30:02.139929'),
	('chn7457fee392f10e52f34644eb61e5b','ZWQ1Nzc0YjUyMzA4NDQ2Njk5N2UzMjFhNWNiZmY3YjllYTNkOTAzODp7Il9hdXRoX3VzZXJfaGFzaCI6IjEyMmVhYzJhMWUwNmE3ZjZiNmJiMTM0NWZkOGYyZDk1NWYyMmQyZjQiLCJfYXV0aF91c2VyX2JhY2tlbmQiOiJkamFuZ28uY29udHJpYi5hdXRoLmJhY2tlbmRzLk1vZGVsQmFja2VuZCIsIl9hdXRoX3VzZXJfaWQiOiI3OSIsInJvb21zIjpbMTM2ODBdfQ==','2017-06-04 10:33:56.751764'),
	('chn74636080c4524f6d63f6c0f0277bf','NzEwNGUxY2FkOWY2NmNlMDAyYzc3MzdmNDk1NzRlNTVlNWU4Y2IwNjp7fQ==','2017-06-05 22:45:21.603576'),
	('chn7480441c5e1c168ee4f5c0335f1fa','ZjY2OGY3MDdmNTI4ODk5Nzg5Y2VkNjhkOWM4ODJlMmVhZjUzMDk3Mzp7Il9hdXRoX3VzZXJfaGFzaCI6IjJhNDUyZDYwZDRjMGFkMzg2YjFiNjczYmQ5YTNiNzYzMDY0NWJkNGQiLCJfYXV0aF91c2VyX2lkIjoiMSIsIl9hdXRoX3VzZXJfYmFja2VuZCI6ImRqYW5nby5jb250cmliLmF1dGguYmFja2VuZHMuTW9kZWxCYWNrZW5kIiwicm9vbXMiOltdfQ==','2017-05-27 20:06:04.847324'),
	('chn74a7184ee8020a741b1f28ae8f8f2','OWZmZTRlZDNmYjdmNjk1ODhmYjAxYjIyODYxZDI5M2Y4MGNkMTYzZjp7Il9hdXRoX3VzZXJfaGFzaCI6IjBkOWVlNGEyNmRjNmNjOWNmNGM3NDg3ZTQ1NzczZTFiYmZlYWVkODMiLCJfYXV0aF91c2VyX2JhY2tlbmQiOiJkamFuZ28uY29udHJpYi5hdXRoLmJhY2tlbmRzLk1vZGVsQmFja2VuZCIsIl9hdXRoX3VzZXJfaWQiOiIxMjkiLCJyb29tcyI6WzEzNjEyOV19','2017-06-05 11:49:05.015711'),
	('chn74a8fb045422864797f9994499150','ODI2NWFhM2Q5OGI3YjllODJhZTM0ZTFkMWJjYTA5MGIyOTgzMmUwMTp7Il9hdXRoX3VzZXJfaGFzaCI6IjEyMmVhYzJhMWUwNmE3ZjZiNmJiMTM0NWZkOGYyZDk1NWYyMmQyZjQiLCJfYXV0aF91c2VyX2JhY2tlbmQiOiJkamFuZ28uY29udHJpYi5hdXRoLmJhY2tlbmRzLk1vZGVsQmFja2VuZCIsIl9hdXRoX3VzZXJfaWQiOiI3OSIsInJvb21zIjpbNzkxMzZdfQ==','2017-06-07 16:31:05.939870'),
	('chn75186077625f680fbaa5d8c72ed50','NTBlZTczNjMxMTQ1NzY4NmNmNTM2YTFlNGU4MWQxZjYzOWY1MTA0NDp7Il9hdXRoX3VzZXJfaGFzaCI6IjEyMmVhYzJhMWUwNmE3ZjZiNmJiMTM0NWZkOGYyZDk1NWYyMmQyZjQiLCJfYXV0aF91c2VyX2lkIjoiNzkiLCJfYXV0aF91c2VyX2JhY2tlbmQiOiJkamFuZ28uY29udHJpYi5hdXRoLmJhY2tlbmRzLk1vZGVsQmFja2VuZCIsInJvb21zIjpbXX0=','2017-06-04 15:40:46.601815'),
	('chn7571fce988b3558e8ec791f6467d0','ZmI0YzQwYzNiMmM1MDYwYjdiY2NiNjAyZWRlYzlhNTQ1NTc3NGRhZjp7Il9hdXRoX3VzZXJfaGFzaCI6IjEyMmVhYzJhMWUwNmE3ZjZiNmJiMTM0NWZkOGYyZDk1NWYyMmQyZjQiLCJfYXV0aF91c2VyX2JhY2tlbmQiOiJkamFuZ28uY29udHJpYi5hdXRoLmJhY2tlbmRzLk1vZGVsQmFja2VuZCIsIl9hdXRoX3VzZXJfaWQiOiI3OSIsInJvb21zIjpbNzk3OV19','2017-06-08 12:56:36.430808'),
	('chn757dc9650501a0cb6fd08b5d5e5be','YmEwZWE5MjNhNGQyMmI2N2MzOTAwMjdhYzc2MjZlYWZjNDFmNTk2ZTp7Il9hdXRoX3VzZXJfaGFzaCI6IjljMjRiZDc3NzYwZmNjMDFhN2E0YmMyMGM3OGI3NzFlZWRmYjg5OWUiLCJfYXV0aF91c2VyX2JhY2tlbmQiOiJkamFuZ28uY29udHJpYi5hdXRoLmJhY2tlbmRzLk1vZGVsQmFja2VuZCIsIl9hdXRoX3VzZXJfaWQiOiIxMzYiLCJyb29tcyI6WzEzNjc5XX0=','2017-06-04 23:54:53.189446'),
	('chn75ccd9d38e5a59f28fdc642de7be4','ZmZmNDljZmY3NWM3NjVhODNjMTM3YmExYTkwZTcyZTkyZDU5OTIxNDp7Il9hdXRoX3VzZXJfaGFzaCI6IjEyMmVhYzJhMWUwNmE3ZjZiNmJiMTM0NWZkOGYyZDk1NWYyMmQyZjQiLCJfYXV0aF91c2VyX2JhY2tlbmQiOiJkamFuZ28uY29udHJpYi5hdXRoLmJhY2tlbmRzLk1vZGVsQmFja2VuZCIsIl9hdXRoX3VzZXJfaWQiOiI3OSIsInJvb21zIjpbNzk5MF19','2017-06-08 13:18:13.028908'),
	('chn768261cb8c544e8f1815ddf446f17','ODdiYTU2MGI3Y2JjN2MyNzE0Mjk5OGM3M2M5MmFhYmM3ZDgzMWIxMjp7Il9hdXRoX3VzZXJfaGFzaCI6IjljMjRiZDc3NzYwZmNjMDFhN2E0YmMyMGM3OGI3NzFlZWRmYjg5OWUiLCJfYXV0aF91c2VyX2JhY2tlbmQiOiJkamFuZ28uY29udHJpYi5hdXRoLmJhY2tlbmRzLk1vZGVsQmFja2VuZCIsIl9hdXRoX3VzZXJfaWQiOiIxMzYiLCJyb29tcyI6Wzc5MTM2XX0=','2017-06-07 18:05:54.493810'),
	('chn7689d35dafa6f4db9b732e09fe811','YTk3ZTQ0NzQ3NTY2YzI4MWJlMzJiMGFhMzdjNWYzOTI5MGYyMzg0Zjp7InJvb21zIjpbXX0=','2017-06-05 18:18:41.955001'),
	('chn76f932a954f1c0043c83eaa2de20f','ZWQ1Nzc0YjUyMzA4NDQ2Njk5N2UzMjFhNWNiZmY3YjllYTNkOTAzODp7Il9hdXRoX3VzZXJfaGFzaCI6IjEyMmVhYzJhMWUwNmE3ZjZiNmJiMTM0NWZkOGYyZDk1NWYyMmQyZjQiLCJfYXV0aF91c2VyX2JhY2tlbmQiOiJkamFuZ28uY29udHJpYi5hdXRoLmJhY2tlbmRzLk1vZGVsQmFja2VuZCIsIl9hdXRoX3VzZXJfaWQiOiI3OSIsInJvb21zIjpbMTM2ODBdfQ==','2017-06-03 15:05:15.437512'),
	('chn7721a08635ecadea30f165a108769','YTk3ZTQ0NzQ3NTY2YzI4MWJlMzJiMGFhMzdjNWYzOTI5MGYyMzg0Zjp7InJvb21zIjpbXX0=','2017-05-27 14:30:16.409894'),
	('chn77e0057b41de83123f444f7f9f692','Zjg2YmY1OTI5ZjA3YTA2MzYwNjE0NzM1NDJiMDg4NzI1MWQ1ZWI4Yzp7Il9hdXRoX3VzZXJfaGFzaCI6IjljMjRiZDc3NzYwZmNjMDFhN2E0YmMyMGM3OGI3NzFlZWRmYjg5OWUiLCJfYXV0aF91c2VyX2JhY2tlbmQiOiJkamFuZ28uY29udHJpYi5hdXRoLmJhY2tlbmRzLk1vZGVsQmFja2VuZCIsIl9hdXRoX3VzZXJfaWQiOiIxMzYiLCJyb29tcyI6WzEzNjEyOV19','2017-06-04 15:50:00.553329'),
	('chn788da334454182e59ffa41c503598','NTBlZTczNjMxMTQ1NzY4NmNmNTM2YTFlNGU4MWQxZjYzOWY1MTA0NDp7Il9hdXRoX3VzZXJfaGFzaCI6IjEyMmVhYzJhMWUwNmE3ZjZiNmJiMTM0NWZkOGYyZDk1NWYyMmQyZjQiLCJfYXV0aF91c2VyX2lkIjoiNzkiLCJfYXV0aF91c2VyX2JhY2tlbmQiOiJkamFuZ28uY29udHJpYi5hdXRoLmJhY2tlbmRzLk1vZGVsQmFja2VuZCIsInJvb21zIjpbXX0=','2017-06-03 14:48:15.493630'),
	('chn7a0286b886f8ffa27ef0ed9144395','ZWQ1Nzc0YjUyMzA4NDQ2Njk5N2UzMjFhNWNiZmY3YjllYTNkOTAzODp7Il9hdXRoX3VzZXJfaGFzaCI6IjEyMmVhYzJhMWUwNmE3ZjZiNmJiMTM0NWZkOGYyZDk1NWYyMmQyZjQiLCJfYXV0aF91c2VyX2JhY2tlbmQiOiJkamFuZ28uY29udHJpYi5hdXRoLmJhY2tlbmRzLk1vZGVsQmFja2VuZCIsIl9hdXRoX3VzZXJfaWQiOiI3OSIsInJvb21zIjpbMTM2ODBdfQ==','2017-06-03 16:30:45.502584'),
	('chn7a50572f9fc98982cacdd4ae87e07','Yzg1NzcyZjFiNmRjMGEyZWQ3NDdlYWI0NDNhZWY3OTkyMTIyYTc4YTp7Il9hdXRoX3VzZXJfaGFzaCI6IjEyMmVhYzJhMWUwNmE3ZjZiNmJiMTM0NWZkOGYyZDk1NWYyMmQyZjQiLCJfYXV0aF91c2VyX2JhY2tlbmQiOiJkamFuZ28uY29udHJpYi5hdXRoLmJhY2tlbmRzLk1vZGVsQmFja2VuZCIsIl9hdXRoX3VzZXJfaWQiOiI3OSIsInJvb21zIjpbMTM2NzldfQ==','2017-06-05 11:58:27.503349'),
	('chn7aa8b08c0c129657dcd0b92720a90','ZjNiYmY3M2MzODMwMzczYWMxNWZlNGQ1ZDNiM2RhYWY1OGNiYTM0NTp7Il9hdXRoX3VzZXJfaGFzaCI6IjljMjRiZDc3NzYwZmNjMDFhN2E0YmMyMGM3OGI3NzFlZWRmYjg5OWUiLCJfYXV0aF91c2VyX2JhY2tlbmQiOiJkamFuZ28uY29udHJpYi5hdXRoLmJhY2tlbmRzLk1vZGVsQmFja2VuZCIsIl9hdXRoX3VzZXJfaWQiOiIxMzYiLCJyb29tcyI6WzFdfQ==','2017-06-05 12:37:48.192012'),
	('chn7ab0acb8974b2e33881ebebee469c','ZmZmNDljZmY3NWM3NjVhODNjMTM3YmExYTkwZTcyZTkyZDU5OTIxNDp7Il9hdXRoX3VzZXJfaGFzaCI6IjEyMmVhYzJhMWUwNmE3ZjZiNmJiMTM0NWZkOGYyZDk1NWYyMmQyZjQiLCJfYXV0aF91c2VyX2JhY2tlbmQiOiJkamFuZ28uY29udHJpYi5hdXRoLmJhY2tlbmRzLk1vZGVsQmFja2VuZCIsIl9hdXRoX3VzZXJfaWQiOiI3OSIsInJvb21zIjpbNzk5MF19','2017-06-08 13:10:05.512434'),
	('chn7b4d9d2c2a845db463722ae36395d','YmEwZWE5MjNhNGQyMmI2N2MzOTAwMjdhYzc2MjZlYWZjNDFmNTk2ZTp7Il9hdXRoX3VzZXJfaGFzaCI6IjljMjRiZDc3NzYwZmNjMDFhN2E0YmMyMGM3OGI3NzFlZWRmYjg5OWUiLCJfYXV0aF91c2VyX2JhY2tlbmQiOiJkamFuZ28uY29udHJpYi5hdXRoLmJhY2tlbmRzLk1vZGVsQmFja2VuZCIsIl9hdXRoX3VzZXJfaWQiOiIxMzYiLCJyb29tcyI6WzEzNjc5XX0=','2017-06-05 11:54:07.448577'),
	('chn7bb7efb113d88c13fcf5a3e6c9875','ZjNiYmY3M2MzODMwMzczYWMxNWZlNGQ1ZDNiM2RhYWY1OGNiYTM0NTp7Il9hdXRoX3VzZXJfaGFzaCI6IjljMjRiZDc3NzYwZmNjMDFhN2E0YmMyMGM3OGI3NzFlZWRmYjg5OWUiLCJfYXV0aF91c2VyX2JhY2tlbmQiOiJkamFuZ28uY29udHJpYi5hdXRoLmJhY2tlbmRzLk1vZGVsQmFja2VuZCIsIl9hdXRoX3VzZXJfaWQiOiIxMzYiLCJyb29tcyI6WzFdfQ==','2017-06-04 22:52:54.651284'),
	('chn7bea75713d497a950605b6fa95c8e','OWZmZTRlZDNmYjdmNjk1ODhmYjAxYjIyODYxZDI5M2Y4MGNkMTYzZjp7Il9hdXRoX3VzZXJfaGFzaCI6IjBkOWVlNGEyNmRjNmNjOWNmNGM3NDg3ZTQ1NzczZTFiYmZlYWVkODMiLCJfYXV0aF91c2VyX2JhY2tlbmQiOiJkamFuZ28uY29udHJpYi5hdXRoLmJhY2tlbmRzLk1vZGVsQmFja2VuZCIsIl9hdXRoX3VzZXJfaWQiOiIxMjkiLCJyb29tcyI6WzEzNjEyOV19','2017-06-05 11:48:13.404957'),
	('chn7c33d1341e26507537abe77775114','NTBlZTczNjMxMTQ1NzY4NmNmNTM2YTFlNGU4MWQxZjYzOWY1MTA0NDp7Il9hdXRoX3VzZXJfaGFzaCI6IjEyMmVhYzJhMWUwNmE3ZjZiNmJiMTM0NWZkOGYyZDk1NWYyMmQyZjQiLCJfYXV0aF91c2VyX2lkIjoiNzkiLCJfYXV0aF91c2VyX2JhY2tlbmQiOiJkamFuZ28uY29udHJpYi5hdXRoLmJhY2tlbmRzLk1vZGVsQmFja2VuZCIsInJvb21zIjpbXX0=','2017-06-02 14:07:40.809271'),
	('chn7c6995f4e5899cc418822f60fb846','ZjNiYmY3M2MzODMwMzczYWMxNWZlNGQ1ZDNiM2RhYWY1OGNiYTM0NTp7Il9hdXRoX3VzZXJfaGFzaCI6IjljMjRiZDc3NzYwZmNjMDFhN2E0YmMyMGM3OGI3NzFlZWRmYjg5OWUiLCJfYXV0aF91c2VyX2JhY2tlbmQiOiJkamFuZ28uY29udHJpYi5hdXRoLmJhY2tlbmRzLk1vZGVsQmFja2VuZCIsIl9hdXRoX3VzZXJfaWQiOiIxMzYiLCJyb29tcyI6WzFdfQ==','2017-06-05 12:22:01.010790'),
	('chn7cdc8351924eeba25da160359047d','ODI2NWFhM2Q5OGI3YjllODJhZTM0ZTFkMWJjYTA5MGIyOTgzMmUwMTp7Il9hdXRoX3VzZXJfaGFzaCI6IjEyMmVhYzJhMWUwNmE3ZjZiNmJiMTM0NWZkOGYyZDk1NWYyMmQyZjQiLCJfYXV0aF91c2VyX2JhY2tlbmQiOiJkamFuZ28uY29udHJpYi5hdXRoLmJhY2tlbmRzLk1vZGVsQmFja2VuZCIsIl9hdXRoX3VzZXJfaWQiOiI3OSIsInJvb21zIjpbNzkxMzZdfQ==','2017-06-07 17:29:21.617183'),
	('chn7ce5b1005af55a1a7597f4b7c72cc','YTk3ZTQ0NzQ3NTY2YzI4MWJlMzJiMGFhMzdjNWYzOTI5MGYyMzg0Zjp7InJvb21zIjpbXX0=','2017-05-27 14:21:48.541844'),
	('chn7d4f86ef42c4fdf288b57d9416938','NTBlZTczNjMxMTQ1NzY4NmNmNTM2YTFlNGU4MWQxZjYzOWY1MTA0NDp7Il9hdXRoX3VzZXJfaGFzaCI6IjEyMmVhYzJhMWUwNmE3ZjZiNmJiMTM0NWZkOGYyZDk1NWYyMmQyZjQiLCJfYXV0aF91c2VyX2lkIjoiNzkiLCJfYXV0aF91c2VyX2JhY2tlbmQiOiJkamFuZ28uY29udHJpYi5hdXRoLmJhY2tlbmRzLk1vZGVsQmFja2VuZCIsInJvb21zIjpbXX0=','2017-06-02 14:43:21.464873'),
	('chn7dc9ff6ddf0740fbc2922e7ef6a28','NzEwNGUxY2FkOWY2NmNlMDAyYzc3MzdmNDk1NzRlNTVlNWU4Y2IwNjp7fQ==','2017-06-06 15:06:37.027970'),
	('chn7dffed25e0c4ec821624c6b0cb8b8','ZjY2OGY3MDdmNTI4ODk5Nzg5Y2VkNjhkOWM4ODJlMmVhZjUzMDk3Mzp7Il9hdXRoX3VzZXJfaGFzaCI6IjJhNDUyZDYwZDRjMGFkMzg2YjFiNjczYmQ5YTNiNzYzMDY0NWJkNGQiLCJfYXV0aF91c2VyX2lkIjoiMSIsIl9hdXRoX3VzZXJfYmFja2VuZCI6ImRqYW5nby5jb250cmliLmF1dGguYmFja2VuZHMuTW9kZWxCYWNrZW5kIiwicm9vbXMiOltdfQ==','2017-05-27 16:36:13.673571'),
	('chn7e48f37a8e3bdf3a1e12ecb38dd36','ZjY2OGY3MDdmNTI4ODk5Nzg5Y2VkNjhkOWM4ODJlMmVhZjUzMDk3Mzp7Il9hdXRoX3VzZXJfaGFzaCI6IjJhNDUyZDYwZDRjMGFkMzg2YjFiNjczYmQ5YTNiNzYzMDY0NWJkNGQiLCJfYXV0aF91c2VyX2lkIjoiMSIsIl9hdXRoX3VzZXJfYmFja2VuZCI6ImRqYW5nby5jb250cmliLmF1dGguYmFja2VuZHMuTW9kZWxCYWNrZW5kIiwicm9vbXMiOltdfQ==','2017-05-27 16:23:30.551140'),
	('chn7eeb7704621870fd68d346bdf2290','YmEwZWE5MjNhNGQyMmI2N2MzOTAwMjdhYzc2MjZlYWZjNDFmNTk2ZTp7Il9hdXRoX3VzZXJfaGFzaCI6IjljMjRiZDc3NzYwZmNjMDFhN2E0YmMyMGM3OGI3NzFlZWRmYjg5OWUiLCJfYXV0aF91c2VyX2JhY2tlbmQiOiJkamFuZ28uY29udHJpYi5hdXRoLmJhY2tlbmRzLk1vZGVsQmFja2VuZCIsIl9hdXRoX3VzZXJfaWQiOiIxMzYiLCJyb29tcyI6WzEzNjc5XX0=','2017-06-04 23:43:12.259303'),
	('chn7f5cfeb5c02d1bbf00215f6855ee3','ODI2NWFhM2Q5OGI3YjllODJhZTM0ZTFkMWJjYTA5MGIyOTgzMmUwMTp7Il9hdXRoX3VzZXJfaGFzaCI6IjEyMmVhYzJhMWUwNmE3ZjZiNmJiMTM0NWZkOGYyZDk1NWYyMmQyZjQiLCJfYXV0aF91c2VyX2JhY2tlbmQiOiJkamFuZ28uY29udHJpYi5hdXRoLmJhY2tlbmRzLk1vZGVsQmFja2VuZCIsIl9hdXRoX3VzZXJfaWQiOiI3OSIsInJvb21zIjpbNzkxMzZdfQ==','2017-06-08 13:23:55.146700'),
	('chn7f9be5a98f1a40aa4ed78928bf0f4','ZWQ1Nzc0YjUyMzA4NDQ2Njk5N2UzMjFhNWNiZmY3YjllYTNkOTAzODp7Il9hdXRoX3VzZXJfaGFzaCI6IjEyMmVhYzJhMWUwNmE3ZjZiNmJiMTM0NWZkOGYyZDk1NWYyMmQyZjQiLCJfYXV0aF91c2VyX2JhY2tlbmQiOiJkamFuZ28uY29udHJpYi5hdXRoLmJhY2tlbmRzLk1vZGVsQmFja2VuZCIsIl9hdXRoX3VzZXJfaWQiOiI3OSIsInJvb21zIjpbMTM2ODBdfQ==','2017-06-03 16:18:20.420907'),
	('chn80546ff9fa5b031a8393bdcadcf80','YmEwZWE5MjNhNGQyMmI2N2MzOTAwMjdhYzc2MjZlYWZjNDFmNTk2ZTp7Il9hdXRoX3VzZXJfaGFzaCI6IjljMjRiZDc3NzYwZmNjMDFhN2E0YmMyMGM3OGI3NzFlZWRmYjg5OWUiLCJfYXV0aF91c2VyX2JhY2tlbmQiOiJkamFuZ28uY29udHJpYi5hdXRoLmJhY2tlbmRzLk1vZGVsQmFja2VuZCIsIl9hdXRoX3VzZXJfaWQiOiIxMzYiLCJyb29tcyI6WzEzNjc5XX0=','2017-06-05 12:34:57.836758'),
	('chn80e97d7982c2d8abfd1e88b0fdd95','NzEwNGUxY2FkOWY2NmNlMDAyYzc3MzdmNDk1NzRlNTVlNWU4Y2IwNjp7fQ==','2017-06-06 13:57:38.017663'),
	('chn814eff37b926370233b469dfa173a','YmEwZWE5MjNhNGQyMmI2N2MzOTAwMjdhYzc2MjZlYWZjNDFmNTk2ZTp7Il9hdXRoX3VzZXJfaGFzaCI6IjljMjRiZDc3NzYwZmNjMDFhN2E0YmMyMGM3OGI3NzFlZWRmYjg5OWUiLCJfYXV0aF91c2VyX2JhY2tlbmQiOiJkamFuZ28uY29udHJpYi5hdXRoLmJhY2tlbmRzLk1vZGVsQmFja2VuZCIsIl9hdXRoX3VzZXJfaWQiOiIxMzYiLCJyb29tcyI6WzEzNjc5XX0=','2017-06-05 11:35:03.942301'),
	('chn81931534a6b3389a72dfd9dcb7ff8','NzEwNGUxY2FkOWY2NmNlMDAyYzc3MzdmNDk1NzRlNTVlNWU4Y2IwNjp7fQ==','2017-06-06 09:54:31.028052'),
	('chn823695f9303691de2796755547cf5','NzEwNGUxY2FkOWY2NmNlMDAyYzc3MzdmNDk1NzRlNTVlNWU4Y2IwNjp7fQ==','2017-06-06 15:23:41.567194'),
	('chn82e09d4132bd95e932003cf7e1a33','OTk5ZDM2MzgwMzBkZDhmMTg1MzBhMDk3NTE2NGYzMzMyYzJlMGE2NTp7Il9hdXRoX3VzZXJfaGFzaCI6IjVkMmM5YWIzMDc3MzM3NzNiOTI3NTIwZGExNjJhNzhlMWYwOTM2OWUiLCJfYXV0aF91c2VyX2lkIjoiODMiLCJfYXV0aF91c2VyX2JhY2tlbmQiOiJkamFuZ28uY29udHJpYi5hdXRoLmJhY2tlbmRzLk1vZGVsQmFja2VuZCIsInJvb21zIjpbXX0=','2017-06-02 13:41:37.264774'),
	('chn83041d4c91de764e01219f2caac24','YmEwZWE5MjNhNGQyMmI2N2MzOTAwMjdhYzc2MjZlYWZjNDFmNTk2ZTp7Il9hdXRoX3VzZXJfaGFzaCI6IjljMjRiZDc3NzYwZmNjMDFhN2E0YmMyMGM3OGI3NzFlZWRmYjg5OWUiLCJfYXV0aF91c2VyX2JhY2tlbmQiOiJkamFuZ28uY29udHJpYi5hdXRoLmJhY2tlbmRzLk1vZGVsQmFja2VuZCIsIl9hdXRoX3VzZXJfaWQiOiIxMzYiLCJyb29tcyI6WzEzNjc5XX0=','2017-06-04 15:44:52.774793'),
	('chn834ce66a9fa7630d2b7ab5168e8f1','NWE1ZDkyOGJkYTE4MWQ5ZTk2ZTYwMzM2OGMxNDllZWI5NWQ5NGFiNDp7Il9hdXRoX3VzZXJfaGFzaCI6IjljMjRiZDc3NzYwZmNjMDFhN2E0YmMyMGM3OGI3NzFlZWRmYjg5OWUiLCJfYXV0aF91c2VyX2lkIjoiMTM2IiwiX2F1dGhfdXNlcl9iYWNrZW5kIjoiZGphbmdvLmNvbnRyaWIuYXV0aC5iYWNrZW5kcy5Nb2RlbEJhY2tlbmQiLCJyb29tcyI6W119','2017-06-04 12:05:59.296511'),
	('chn837c546ef8af58d62382ff80c55bc','Yzg1NzcyZjFiNmRjMGEyZWQ3NDdlYWI0NDNhZWY3OTkyMTIyYTc4YTp7Il9hdXRoX3VzZXJfaGFzaCI6IjEyMmVhYzJhMWUwNmE3ZjZiNmJiMTM0NWZkOGYyZDk1NWYyMmQyZjQiLCJfYXV0aF91c2VyX2JhY2tlbmQiOiJkamFuZ28uY29udHJpYi5hdXRoLmJhY2tlbmRzLk1vZGVsQmFja2VuZCIsIl9hdXRoX3VzZXJfaWQiOiI3OSIsInJvb21zIjpbMTM2NzldfQ==','2017-06-05 12:05:08.174977'),
	('chn83c089e360e4c92333c99b93d4a03','ZmI0YzQwYzNiMmM1MDYwYjdiY2NiNjAyZWRlYzlhNTQ1NTc3NGRhZjp7Il9hdXRoX3VzZXJfaGFzaCI6IjEyMmVhYzJhMWUwNmE3ZjZiNmJiMTM0NWZkOGYyZDk1NWYyMmQyZjQiLCJfYXV0aF91c2VyX2JhY2tlbmQiOiJkamFuZ28uY29udHJpYi5hdXRoLmJhY2tlbmRzLk1vZGVsQmFja2VuZCIsIl9hdXRoX3VzZXJfaWQiOiI3OSIsInJvb21zIjpbNzk3OV19','2017-06-06 10:42:22.187466'),
	('chn84706b3f0fb762691de930a05141b','NzEwNGUxY2FkOWY2NmNlMDAyYzc3MzdmNDk1NzRlNTVlNWU4Y2IwNjp7fQ==','2017-06-06 11:43:58.020086'),
	('chn8472763cf00395ed105d6d8d48bb8','YmEwZWE5MjNhNGQyMmI2N2MzOTAwMjdhYzc2MjZlYWZjNDFmNTk2ZTp7Il9hdXRoX3VzZXJfaGFzaCI6IjljMjRiZDc3NzYwZmNjMDFhN2E0YmMyMGM3OGI3NzFlZWRmYjg5OWUiLCJfYXV0aF91c2VyX2JhY2tlbmQiOiJkamFuZ28uY29udHJpYi5hdXRoLmJhY2tlbmRzLk1vZGVsQmFja2VuZCIsIl9hdXRoX3VzZXJfaWQiOiIxMzYiLCJyb29tcyI6WzEzNjc5XX0=','2017-06-05 12:46:53.019062'),
	('chn847b1c3685558b5b2407788e8b38b','YmEwZWE5MjNhNGQyMmI2N2MzOTAwMjdhYzc2MjZlYWZjNDFmNTk2ZTp7Il9hdXRoX3VzZXJfaGFzaCI6IjljMjRiZDc3NzYwZmNjMDFhN2E0YmMyMGM3OGI3NzFlZWRmYjg5OWUiLCJfYXV0aF91c2VyX2JhY2tlbmQiOiJkamFuZ28uY29udHJpYi5hdXRoLmJhY2tlbmRzLk1vZGVsQmFja2VuZCIsIl9hdXRoX3VzZXJfaWQiOiIxMzYiLCJyb29tcyI6WzEzNjc5XX0=','2017-06-05 11:13:01.004069'),
	('chn84ee724a1e3a71e73473749b92c90','YmEwZWE5MjNhNGQyMmI2N2MzOTAwMjdhYzc2MjZlYWZjNDFmNTk2ZTp7Il9hdXRoX3VzZXJfaGFzaCI6IjljMjRiZDc3NzYwZmNjMDFhN2E0YmMyMGM3OGI3NzFlZWRmYjg5OWUiLCJfYXV0aF91c2VyX2JhY2tlbmQiOiJkamFuZ28uY29udHJpYi5hdXRoLmJhY2tlbmRzLk1vZGVsQmFja2VuZCIsIl9hdXRoX3VzZXJfaWQiOiIxMzYiLCJyb29tcyI6WzEzNjc5XX0=','2017-06-04 23:40:39.280568'),
	('chn85093b25e06b3d840108ba6d2594a','ZWQ1Nzc0YjUyMzA4NDQ2Njk5N2UzMjFhNWNiZmY3YjllYTNkOTAzODp7Il9hdXRoX3VzZXJfaGFzaCI6IjEyMmVhYzJhMWUwNmE3ZjZiNmJiMTM0NWZkOGYyZDk1NWYyMmQyZjQiLCJfYXV0aF91c2VyX2JhY2tlbmQiOiJkamFuZ28uY29udHJpYi5hdXRoLmJhY2tlbmRzLk1vZGVsQmFja2VuZCIsIl9hdXRoX3VzZXJfaWQiOiI3OSIsInJvb21zIjpbMTM2ODBdfQ==','2017-06-02 14:48:05.669925'),
	('chn8516b74b9a57f55597b08d14963d7','YmEwZWE5MjNhNGQyMmI2N2MzOTAwMjdhYzc2MjZlYWZjNDFmNTk2ZTp7Il9hdXRoX3VzZXJfaGFzaCI6IjljMjRiZDc3NzYwZmNjMDFhN2E0YmMyMGM3OGI3NzFlZWRmYjg5OWUiLCJfYXV0aF91c2VyX2JhY2tlbmQiOiJkamFuZ28uY29udHJpYi5hdXRoLmJhY2tlbmRzLk1vZGVsQmFja2VuZCIsIl9hdXRoX3VzZXJfaWQiOiIxMzYiLCJyb29tcyI6WzEzNjc5XX0=','2017-06-05 10:48:58.716162'),
	('chn8569675d49c829578bc1ac26bbb8a','YmEwZWE5MjNhNGQyMmI2N2MzOTAwMjdhYzc2MjZlYWZjNDFmNTk2ZTp7Il9hdXRoX3VzZXJfaGFzaCI6IjljMjRiZDc3NzYwZmNjMDFhN2E0YmMyMGM3OGI3NzFlZWRmYjg5OWUiLCJfYXV0aF91c2VyX2JhY2tlbmQiOiJkamFuZ28uY29udHJpYi5hdXRoLmJhY2tlbmRzLk1vZGVsQmFja2VuZCIsIl9hdXRoX3VzZXJfaWQiOiIxMzYiLCJyb29tcyI6WzEzNjc5XX0=','2017-06-04 15:40:46.745495'),
	('chn8649ea7cdce68dae739d244def477','Yzg1NzcyZjFiNmRjMGEyZWQ3NDdlYWI0NDNhZWY3OTkyMTIyYTc4YTp7Il9hdXRoX3VzZXJfaGFzaCI6IjEyMmVhYzJhMWUwNmE3ZjZiNmJiMTM0NWZkOGYyZDk1NWYyMmQyZjQiLCJfYXV0aF91c2VyX2JhY2tlbmQiOiJkamFuZ28uY29udHJpYi5hdXRoLmJhY2tlbmRzLk1vZGVsQmFja2VuZCIsIl9hdXRoX3VzZXJfaWQiOiI3OSIsInJvb21zIjpbMTM2NzldfQ==','2017-06-06 17:53:50.990180'),
	('chn8681e24a2e219bd72afc98f17461a','YTc0ZTczNDAxNmYyOTZmYWJjNzAyOTY1MWRhM2Q3NzIxMzI2ZDQxNDp7Il9hdXRoX3VzZXJfaGFzaCI6IjVkMmM5YWIzMDc3MzM3NzNiOTI3NTIwZGExNjJhNzhlMWYwOTM2OWUiLCJfYXV0aF91c2VyX2JhY2tlbmQiOiJkamFuZ28uY29udHJpYi5hdXRoLmJhY2tlbmRzLk1vZGVsQmFja2VuZCIsIl9hdXRoX3VzZXJfaWQiOiI4MyIsInJvb21zIjpbMTM2ODBdfQ==','2017-06-02 14:52:32.519244'),
	('chn86f137646200c313128803d873894','YTc0ZTczNDAxNmYyOTZmYWJjNzAyOTY1MWRhM2Q3NzIxMzI2ZDQxNDp7Il9hdXRoX3VzZXJfaGFzaCI6IjVkMmM5YWIzMDc3MzM3NzNiOTI3NTIwZGExNjJhNzhlMWYwOTM2OWUiLCJfYXV0aF91c2VyX2JhY2tlbmQiOiJkamFuZ28uY29udHJpYi5hdXRoLmJhY2tlbmRzLk1vZGVsQmFja2VuZCIsIl9hdXRoX3VzZXJfaWQiOiI4MyIsInJvb21zIjpbMTM2ODBdfQ==','2017-06-02 14:52:25.441618'),
	('chn8774574d45fedda3ae5a2ab1fbbb4','YmEwZWE5MjNhNGQyMmI2N2MzOTAwMjdhYzc2MjZlYWZjNDFmNTk2ZTp7Il9hdXRoX3VzZXJfaGFzaCI6IjljMjRiZDc3NzYwZmNjMDFhN2E0YmMyMGM3OGI3NzFlZWRmYjg5OWUiLCJfYXV0aF91c2VyX2JhY2tlbmQiOiJkamFuZ28uY29udHJpYi5hdXRoLmJhY2tlbmRzLk1vZGVsQmFja2VuZCIsIl9hdXRoX3VzZXJfaWQiOiIxMzYiLCJyb29tcyI6WzEzNjc5XX0=','2017-06-04 12:30:38.507818'),
	('chn879dc5743c8d9fdcd624e1e1dd473','YmEwZWE5MjNhNGQyMmI2N2MzOTAwMjdhYzc2MjZlYWZjNDFmNTk2ZTp7Il9hdXRoX3VzZXJfaGFzaCI6IjljMjRiZDc3NzYwZmNjMDFhN2E0YmMyMGM3OGI3NzFlZWRmYjg5OWUiLCJfYXV0aF91c2VyX2JhY2tlbmQiOiJkamFuZ28uY29udHJpYi5hdXRoLmJhY2tlbmRzLk1vZGVsQmFja2VuZCIsIl9hdXRoX3VzZXJfaWQiOiIxMzYiLCJyb29tcyI6WzEzNjc5XX0=','2017-06-04 23:46:37.757138'),
	('chn884bb35cdda5f7ed2a2ea6b994d31','YmEwZWE5MjNhNGQyMmI2N2MzOTAwMjdhYzc2MjZlYWZjNDFmNTk2ZTp7Il9hdXRoX3VzZXJfaGFzaCI6IjljMjRiZDc3NzYwZmNjMDFhN2E0YmMyMGM3OGI3NzFlZWRmYjg5OWUiLCJfYXV0aF91c2VyX2JhY2tlbmQiOiJkamFuZ28uY29udHJpYi5hdXRoLmJhY2tlbmRzLk1vZGVsQmFja2VuZCIsIl9hdXRoX3VzZXJfaWQiOiIxMzYiLCJyb29tcyI6WzEzNjc5XX0=','2017-06-04 23:25:38.358469'),
	('chn8857c608621c0498b75e5740bdaf6','NTBlZTczNjMxMTQ1NzY4NmNmNTM2YTFlNGU4MWQxZjYzOWY1MTA0NDp7Il9hdXRoX3VzZXJfaGFzaCI6IjEyMmVhYzJhMWUwNmE3ZjZiNmJiMTM0NWZkOGYyZDk1NWYyMmQyZjQiLCJfYXV0aF91c2VyX2lkIjoiNzkiLCJfYXV0aF91c2VyX2JhY2tlbmQiOiJkamFuZ28uY29udHJpYi5hdXRoLmJhY2tlbmRzLk1vZGVsQmFja2VuZCIsInJvb21zIjpbXX0=','2017-06-06 10:41:43.028241'),
	('chn889130714c92f6fc4e6e3a0174595','NTEwZjQxMjlhZmNmMWQyZTQxNzJiYThhZDk1ZDk4OGI2NmUxNzNmODp7Il9hdXRoX3VzZXJfaGFzaCI6IjI0MzgwOGRjYWQzNWExYjk0YTBlYmEwOTg3NWYyMDViNmM3NjEwZTMiLCJfYXV0aF91c2VyX2JhY2tlbmQiOiJkamFuZ28uY29udHJpYi5hdXRoLmJhY2tlbmRzLk1vZGVsQmFja2VuZCIsIl9hdXRoX3VzZXJfaWQiOiI5MiIsInJvb21zIjpbMTM2ODFdfQ==','2017-06-04 10:36:30.145552'),
	('chn88f225f4ecda02b9c4915364b7750','ODM1NzVjNmQzMDNhNWU3NzNkYjZhYzNjOThjOTYzZGJiYWQ0OTAyMTp7Il9hdXRoX3VzZXJfaGFzaCI6IjEyMmVhYzJhMWUwNmE3ZjZiNmJiMTM0NWZkOGYyZDk1NWYyMmQyZjQiLCJfYXV0aF91c2VyX2lkIjoiNzkiLCJfYXV0aF91c2VyX2JhY2tlbmQiOiJkamFuZ28uY29udHJpYi5hdXRoLmJhY2tlbmRzLk1vZGVsQmFja2VuZCJ9','2017-06-04 10:31:29.100845'),
	('chn8908de3c89c59b1e48899f0ae5ccb','NTBlZTczNjMxMTQ1NzY4NmNmNTM2YTFlNGU4MWQxZjYzOWY1MTA0NDp7Il9hdXRoX3VzZXJfaGFzaCI6IjEyMmVhYzJhMWUwNmE3ZjZiNmJiMTM0NWZkOGYyZDk1NWYyMmQyZjQiLCJfYXV0aF91c2VyX2lkIjoiNzkiLCJfYXV0aF91c2VyX2JhY2tlbmQiOiJkamFuZ28uY29udHJpYi5hdXRoLmJhY2tlbmRzLk1vZGVsQmFja2VuZCIsInJvb21zIjpbXX0=','2017-06-06 10:41:33.327796'),
	('chn8976ab1196f89f9a3da26af66564a','YmEwZWE5MjNhNGQyMmI2N2MzOTAwMjdhYzc2MjZlYWZjNDFmNTk2ZTp7Il9hdXRoX3VzZXJfaGFzaCI6IjljMjRiZDc3NzYwZmNjMDFhN2E0YmMyMGM3OGI3NzFlZWRmYjg5OWUiLCJfYXV0aF91c2VyX2JhY2tlbmQiOiJkamFuZ28uY29udHJpYi5hdXRoLmJhY2tlbmRzLk1vZGVsQmFja2VuZCIsIl9hdXRoX3VzZXJfaWQiOiIxMzYiLCJyb29tcyI6WzEzNjc5XX0=','2017-06-05 12:10:21.860660'),
	('chn8a09b3a39e7a3696c08bbc109b1cc','YmEwZWE5MjNhNGQyMmI2N2MzOTAwMjdhYzc2MjZlYWZjNDFmNTk2ZTp7Il9hdXRoX3VzZXJfaGFzaCI6IjljMjRiZDc3NzYwZmNjMDFhN2E0YmMyMGM3OGI3NzFlZWRmYjg5OWUiLCJfYXV0aF91c2VyX2JhY2tlbmQiOiJkamFuZ28uY29udHJpYi5hdXRoLmJhY2tlbmRzLk1vZGVsQmFja2VuZCIsIl9hdXRoX3VzZXJfaWQiOiIxMzYiLCJyb29tcyI6WzEzNjc5XX0=','2017-06-04 12:15:32.682796'),
	('chn8a0be121b72d65998f192d04b8b01','YmEwZWE5MjNhNGQyMmI2N2MzOTAwMjdhYzc2MjZlYWZjNDFmNTk2ZTp7Il9hdXRoX3VzZXJfaGFzaCI6IjljMjRiZDc3NzYwZmNjMDFhN2E0YmMyMGM3OGI3NzFlZWRmYjg5OWUiLCJfYXV0aF91c2VyX2JhY2tlbmQiOiJkamFuZ28uY29udHJpYi5hdXRoLmJhY2tlbmRzLk1vZGVsQmFja2VuZCIsIl9hdXRoX3VzZXJfaWQiOiIxMzYiLCJyb29tcyI6WzEzNjc5XX0=','2017-06-05 22:45:11.045148'),
	('chn8b14576b15af58098d5335b80630f','NTBlZTczNjMxMTQ1NzY4NmNmNTM2YTFlNGU4MWQxZjYzOWY1MTA0NDp7Il9hdXRoX3VzZXJfaGFzaCI6IjEyMmVhYzJhMWUwNmE3ZjZiNmJiMTM0NWZkOGYyZDk1NWYyMmQyZjQiLCJfYXV0aF91c2VyX2lkIjoiNzkiLCJfYXV0aF91c2VyX2JhY2tlbmQiOiJkamFuZ28uY29udHJpYi5hdXRoLmJhY2tlbmRzLk1vZGVsQmFja2VuZCIsInJvb21zIjpbXX0=','2017-06-02 14:07:34.884200'),
	('chn8b1780904b5fd290d072edc4db90c','YTc0ZTczNDAxNmYyOTZmYWJjNzAyOTY1MWRhM2Q3NzIxMzI2ZDQxNDp7Il9hdXRoX3VzZXJfaGFzaCI6IjVkMmM5YWIzMDc3MzM3NzNiOTI3NTIwZGExNjJhNzhlMWYwOTM2OWUiLCJfYXV0aF91c2VyX2JhY2tlbmQiOiJkamFuZ28uY29udHJpYi5hdXRoLmJhY2tlbmRzLk1vZGVsQmFja2VuZCIsIl9hdXRoX3VzZXJfaWQiOiI4MyIsInJvb21zIjpbMTM2ODBdfQ==','2017-06-02 15:14:24.109359'),
	('chn8b83e7113032aafc50dbdbda8a6c1','ZWQ1Nzc0YjUyMzA4NDQ2Njk5N2UzMjFhNWNiZmY3YjllYTNkOTAzODp7Il9hdXRoX3VzZXJfaGFzaCI6IjEyMmVhYzJhMWUwNmE3ZjZiNmJiMTM0NWZkOGYyZDk1NWYyMmQyZjQiLCJfYXV0aF91c2VyX2JhY2tlbmQiOiJkamFuZ28uY29udHJpYi5hdXRoLmJhY2tlbmRzLk1vZGVsQmFja2VuZCIsIl9hdXRoX3VzZXJfaWQiOiI3OSIsInJvb21zIjpbMTM2ODBdfQ==','2017-06-03 15:09:49.434477'),
	('chn8bb97c62fd8a71fb092e0c4f38515','Yzg1NzcyZjFiNmRjMGEyZWQ3NDdlYWI0NDNhZWY3OTkyMTIyYTc4YTp7Il9hdXRoX3VzZXJfaGFzaCI6IjEyMmVhYzJhMWUwNmE3ZjZiNmJiMTM0NWZkOGYyZDk1NWYyMmQyZjQiLCJfYXV0aF91c2VyX2JhY2tlbmQiOiJkamFuZ28uY29udHJpYi5hdXRoLmJhY2tlbmRzLk1vZGVsQmFja2VuZCIsIl9hdXRoX3VzZXJfaWQiOiI3OSIsInJvb21zIjpbMTM2NzldfQ==','2017-06-04 12:47:40.483287'),
	('chn8bf67ee6e474a251116d21c57da4d','ZWQ1Nzc0YjUyMzA4NDQ2Njk5N2UzMjFhNWNiZmY3YjllYTNkOTAzODp7Il9hdXRoX3VzZXJfaGFzaCI6IjEyMmVhYzJhMWUwNmE3ZjZiNmJiMTM0NWZkOGYyZDk1NWYyMmQyZjQiLCJfYXV0aF91c2VyX2JhY2tlbmQiOiJkamFuZ28uY29udHJpYi5hdXRoLmJhY2tlbmRzLk1vZGVsQmFja2VuZCIsIl9hdXRoX3VzZXJfaWQiOiI3OSIsInJvb21zIjpbMTM2ODBdfQ==','2017-06-03 15:51:31.883012'),
	('chn8c4694aac4febf95f46a09d6279be','ZmZmNDljZmY3NWM3NjVhODNjMTM3YmExYTkwZTcyZTkyZDU5OTIxNDp7Il9hdXRoX3VzZXJfaGFzaCI6IjEyMmVhYzJhMWUwNmE3ZjZiNmJiMTM0NWZkOGYyZDk1NWYyMmQyZjQiLCJfYXV0aF91c2VyX2JhY2tlbmQiOiJkamFuZ28uY29udHJpYi5hdXRoLmJhY2tlbmRzLk1vZGVsQmFja2VuZCIsIl9hdXRoX3VzZXJfaWQiOiI3OSIsInJvb21zIjpbNzk5MF19','2017-06-08 13:12:11.367633'),
	('chn8c48883c43593a6e8b18da0dbdfe9','NWE1ZDkyOGJkYTE4MWQ5ZTk2ZTYwMzM2OGMxNDllZWI5NWQ5NGFiNDp7Il9hdXRoX3VzZXJfaGFzaCI6IjljMjRiZDc3NzYwZmNjMDFhN2E0YmMyMGM3OGI3NzFlZWRmYjg5OWUiLCJfYXV0aF91c2VyX2lkIjoiMTM2IiwiX2F1dGhfdXNlcl9iYWNrZW5kIjoiZGphbmdvLmNvbnRyaWIuYXV0aC5iYWNrZW5kcy5Nb2RlbEJhY2tlbmQiLCJyb29tcyI6W119','2017-06-07 18:05:44.849344'),
	('chn8cd7b88c6acef615200d509a1921d','YmEwZWE5MjNhNGQyMmI2N2MzOTAwMjdhYzc2MjZlYWZjNDFmNTk2ZTp7Il9hdXRoX3VzZXJfaGFzaCI6IjljMjRiZDc3NzYwZmNjMDFhN2E0YmMyMGM3OGI3NzFlZWRmYjg5OWUiLCJfYXV0aF91c2VyX2JhY2tlbmQiOiJkamFuZ28uY29udHJpYi5hdXRoLmJhY2tlbmRzLk1vZGVsQmFja2VuZCIsIl9hdXRoX3VzZXJfaWQiOiIxMzYiLCJyb29tcyI6WzEzNjc5XX0=','2017-06-04 23:59:34.587771'),
	('chn8d1b856c8ae64ff9aaf9fa654ea00','NTEwZjQxMjlhZmNmMWQyZTQxNzJiYThhZDk1ZDk4OGI2NmUxNzNmODp7Il9hdXRoX3VzZXJfaGFzaCI6IjI0MzgwOGRjYWQzNWExYjk0YTBlYmEwOTg3NWYyMDViNmM3NjEwZTMiLCJfYXV0aF91c2VyX2JhY2tlbmQiOiJkamFuZ28uY29udHJpYi5hdXRoLmJhY2tlbmRzLk1vZGVsQmFja2VuZCIsIl9hdXRoX3VzZXJfaWQiOiI5MiIsInJvb21zIjpbMTM2ODFdfQ==','2017-06-04 10:36:29.385432'),
	('chn8d306daee8aef556d33ce6cbfe770','ZWQ1Nzc0YjUyMzA4NDQ2Njk5N2UzMjFhNWNiZmY3YjllYTNkOTAzODp7Il9hdXRoX3VzZXJfaGFzaCI6IjEyMmVhYzJhMWUwNmE3ZjZiNmJiMTM0NWZkOGYyZDk1NWYyMmQyZjQiLCJfYXV0aF91c2VyX2JhY2tlbmQiOiJkamFuZ28uY29udHJpYi5hdXRoLmJhY2tlbmRzLk1vZGVsQmFja2VuZCIsIl9hdXRoX3VzZXJfaWQiOiI3OSIsInJvb21zIjpbMTM2ODBdfQ==','2017-06-02 14:54:51.061914'),
	('chn8d5b47f1844bb46a21654e4e7a1e3','Mjg1ODZmNzZmOWQyYjFmYzkyNGMyOWZhZGU3OTAwNzgyOTM5ZWQ5Yjp7Il9hdXRoX3VzZXJfaGFzaCI6Ijc5ZTFmNjA3YjYwOGU1ZDljY2FkNjUyYzFmOWE3ZDM5NDcyYjU3NmMiLCJfYXV0aF91c2VyX2JhY2tlbmQiOiJkamFuZ28uY29udHJpYi5hdXRoLmJhY2tlbmRzLk1vZGVsQmFja2VuZCIsIl9hdXRoX3VzZXJfaWQiOiI3OSIsInJvb21zIjpbMV19','2017-06-13 10:33:34.710752'),
	('chn8d6c793765648263d6c4c16809cf7','YmEwZWE5MjNhNGQyMmI2N2MzOTAwMjdhYzc2MjZlYWZjNDFmNTk2ZTp7Il9hdXRoX3VzZXJfaGFzaCI6IjljMjRiZDc3NzYwZmNjMDFhN2E0YmMyMGM3OGI3NzFlZWRmYjg5OWUiLCJfYXV0aF91c2VyX2JhY2tlbmQiOiJkamFuZ28uY29udHJpYi5hdXRoLmJhY2tlbmRzLk1vZGVsQmFja2VuZCIsIl9hdXRoX3VzZXJfaWQiOiIxMzYiLCJyb29tcyI6WzEzNjc5XX0=','2017-06-05 12:36:44.443699'),
	('chn8daf008ee413b33840ce9821310ed','YTk3ZTQ0NzQ3NTY2YzI4MWJlMzJiMGFhMzdjNWYzOTI5MGYyMzg0Zjp7InJvb21zIjpbXX0=','2017-06-05 17:57:45.575006'),
	('chn8e04b2b73b0200f28e6051d936188','YmEwZWE5MjNhNGQyMmI2N2MzOTAwMjdhYzc2MjZlYWZjNDFmNTk2ZTp7Il9hdXRoX3VzZXJfaGFzaCI6IjljMjRiZDc3NzYwZmNjMDFhN2E0YmMyMGM3OGI3NzFlZWRmYjg5OWUiLCJfYXV0aF91c2VyX2JhY2tlbmQiOiJkamFuZ28uY29udHJpYi5hdXRoLmJhY2tlbmRzLk1vZGVsQmFja2VuZCIsIl9hdXRoX3VzZXJfaWQiOiIxMzYiLCJyb29tcyI6WzEzNjc5XX0=','2017-06-04 23:36:26.447173'),
	('chn8e3ea41ef762be6210fd3a83416db','NzEwNGUxY2FkOWY2NmNlMDAyYzc3MzdmNDk1NzRlNTVlNWU4Y2IwNjp7fQ==','2017-06-06 10:53:06.015192'),
	('chn8eb1369f8e95e21c476e869626e5e','YmEwZWE5MjNhNGQyMmI2N2MzOTAwMjdhYzc2MjZlYWZjNDFmNTk2ZTp7Il9hdXRoX3VzZXJfaGFzaCI6IjljMjRiZDc3NzYwZmNjMDFhN2E0YmMyMGM3OGI3NzFlZWRmYjg5OWUiLCJfYXV0aF91c2VyX2JhY2tlbmQiOiJkamFuZ28uY29udHJpYi5hdXRoLmJhY2tlbmRzLk1vZGVsQmFja2VuZCIsIl9hdXRoX3VzZXJfaWQiOiIxMzYiLCJyb29tcyI6WzEzNjc5XX0=','2017-06-04 23:58:33.892245'),
	('chn8f1f94866f64a0f3b7824d4713981','NTBlZTczNjMxMTQ1NzY4NmNmNTM2YTFlNGU4MWQxZjYzOWY1MTA0NDp7Il9hdXRoX3VzZXJfaGFzaCI6IjEyMmVhYzJhMWUwNmE3ZjZiNmJiMTM0NWZkOGYyZDk1NWYyMmQyZjQiLCJfYXV0aF91c2VyX2lkIjoiNzkiLCJfYXV0aF91c2VyX2JhY2tlbmQiOiJkamFuZ28uY29udHJpYi5hdXRoLmJhY2tlbmRzLk1vZGVsQmFja2VuZCIsInJvb21zIjpbXX0=','2017-06-02 13:40:51.928628'),
	('chn8f2c409d3154b6d2241a3ae232591','YTk3ZTQ0NzQ3NTY2YzI4MWJlMzJiMGFhMzdjNWYzOTI5MGYyMzg0Zjp7InJvb21zIjpbXX0=','2017-05-27 14:24:02.411478'),
	('chn8f70316a33aa39d37d4967223e87e','Zjg2YmY1OTI5ZjA3YTA2MzYwNjE0NzM1NDJiMDg4NzI1MWQ1ZWI4Yzp7Il9hdXRoX3VzZXJfaGFzaCI6IjljMjRiZDc3NzYwZmNjMDFhN2E0YmMyMGM3OGI3NzFlZWRmYjg5OWUiLCJfYXV0aF91c2VyX2JhY2tlbmQiOiJkamFuZ28uY29udHJpYi5hdXRoLmJhY2tlbmRzLk1vZGVsQmFja2VuZCIsIl9hdXRoX3VzZXJfaWQiOiIxMzYiLCJyb29tcyI6WzEzNjEyOV19','2017-06-04 16:11:57.831747'),
	('chn8fe2c0f41f14febb50e64f0ef8638','YmEwZWE5MjNhNGQyMmI2N2MzOTAwMjdhYzc2MjZlYWZjNDFmNTk2ZTp7Il9hdXRoX3VzZXJfaGFzaCI6IjljMjRiZDc3NzYwZmNjMDFhN2E0YmMyMGM3OGI3NzFlZWRmYjg5OWUiLCJfYXV0aF91c2VyX2JhY2tlbmQiOiJkamFuZ28uY29udHJpYi5hdXRoLmJhY2tlbmRzLk1vZGVsQmFja2VuZCIsIl9hdXRoX3VzZXJfaWQiOiIxMzYiLCJyb29tcyI6WzEzNjc5XX0=','2017-06-04 12:57:43.029590'),
	('chn900fbd6d14509e4f72d9e6e7d51d1','Yzg1NzcyZjFiNmRjMGEyZWQ3NDdlYWI0NDNhZWY3OTkyMTIyYTc4YTp7Il9hdXRoX3VzZXJfaGFzaCI6IjEyMmVhYzJhMWUwNmE3ZjZiNmJiMTM0NWZkOGYyZDk1NWYyMmQyZjQiLCJfYXV0aF91c2VyX2JhY2tlbmQiOiJkamFuZ28uY29udHJpYi5hdXRoLmJhY2tlbmRzLk1vZGVsQmFja2VuZCIsIl9hdXRoX3VzZXJfaWQiOiI3OSIsInJvb21zIjpbMTM2NzldfQ==','2017-06-04 15:34:08.229887'),
	('chn902d44135e53d283a8aa3ba7e6868','Yzg1NzcyZjFiNmRjMGEyZWQ3NDdlYWI0NDNhZWY3OTkyMTIyYTc4YTp7Il9hdXRoX3VzZXJfaGFzaCI6IjEyMmVhYzJhMWUwNmE3ZjZiNmJiMTM0NWZkOGYyZDk1NWYyMmQyZjQiLCJfYXV0aF91c2VyX2JhY2tlbmQiOiJkamFuZ28uY29udHJpYi5hdXRoLmJhY2tlbmRzLk1vZGVsQmFja2VuZCIsIl9hdXRoX3VzZXJfaWQiOiI3OSIsInJvb21zIjpbMTM2NzldfQ==','2017-06-04 12:46:34.759137'),
	('chn90d5defeb983703dd85195c4ec5dd','ODI2NWFhM2Q5OGI3YjllODJhZTM0ZTFkMWJjYTA5MGIyOTgzMmUwMTp7Il9hdXRoX3VzZXJfaGFzaCI6IjEyMmVhYzJhMWUwNmE3ZjZiNmJiMTM0NWZkOGYyZDk1NWYyMmQyZjQiLCJfYXV0aF91c2VyX2JhY2tlbmQiOiJkamFuZ28uY29udHJpYi5hdXRoLmJhY2tlbmRzLk1vZGVsQmFja2VuZCIsIl9hdXRoX3VzZXJfaWQiOiI3OSIsInJvb21zIjpbNzkxMzZdfQ==','2017-06-07 18:06:41.523191'),
	('chn90d91b6ab9921e7a06e721a750f26','ZmZmNDljZmY3NWM3NjVhODNjMTM3YmExYTkwZTcyZTkyZDU5OTIxNDp7Il9hdXRoX3VzZXJfaGFzaCI6IjEyMmVhYzJhMWUwNmE3ZjZiNmJiMTM0NWZkOGYyZDk1NWYyMmQyZjQiLCJfYXV0aF91c2VyX2JhY2tlbmQiOiJkamFuZ28uY29udHJpYi5hdXRoLmJhY2tlbmRzLk1vZGVsQmFja2VuZCIsIl9hdXRoX3VzZXJfaWQiOiI3OSIsInJvb21zIjpbNzk5MF19','2017-06-08 15:40:45.794826'),
	('chn90d969c886976ed5ee8296e85a89e','YzYxMWYyM2IwOGRlZTlkOWZlMTg5NGE0NzNhM2M3NmIzNWIyMThmYjp7Il9hdXRoX3VzZXJfaGFzaCI6IjBkOWVlNGEyNmRjNmNjOWNmNGM3NDg3ZTQ1NzczZTFiYmZlYWVkODMiLCJfYXV0aF91c2VyX2JhY2tlbmQiOiJkamFuZ28uY29udHJpYi5hdXRoLmJhY2tlbmRzLk1vZGVsQmFja2VuZCIsIl9hdXRoX3VzZXJfaWQiOiIxMjkiLCJyb29tcyI6WzFdfQ==','2017-06-04 16:15:04.131217'),
	('chn91b9aba70e7eae21f57770073887a','YmEwZWE5MjNhNGQyMmI2N2MzOTAwMjdhYzc2MjZlYWZjNDFmNTk2ZTp7Il9hdXRoX3VzZXJfaGFzaCI6IjljMjRiZDc3NzYwZmNjMDFhN2E0YmMyMGM3OGI3NzFlZWRmYjg5OWUiLCJfYXV0aF91c2VyX2JhY2tlbmQiOiJkamFuZ28uY29udHJpYi5hdXRoLmJhY2tlbmRzLk1vZGVsQmFja2VuZCIsIl9hdXRoX3VzZXJfaWQiOiIxMzYiLCJyb29tcyI6WzEzNjc5XX0=','2017-06-05 12:27:32.695649'),
	('chn91cd1707ed06e723be573d264174c','YmEwZWE5MjNhNGQyMmI2N2MzOTAwMjdhYzc2MjZlYWZjNDFmNTk2ZTp7Il9hdXRoX3VzZXJfaGFzaCI6IjljMjRiZDc3NzYwZmNjMDFhN2E0YmMyMGM3OGI3NzFlZWRmYjg5OWUiLCJfYXV0aF91c2VyX2JhY2tlbmQiOiJkamFuZ28uY29udHJpYi5hdXRoLmJhY2tlbmRzLk1vZGVsQmFja2VuZCIsIl9hdXRoX3VzZXJfaWQiOiIxMzYiLCJyb29tcyI6WzEzNjc5XX0=','2017-06-05 12:04:44.036052'),
	('chn9268c79f7d5c439947ef5b4741c7f','NzEwNGUxY2FkOWY2NmNlMDAyYzc3MzdmNDk1NzRlNTVlNWU4Y2IwNjp7fQ==','2017-06-06 14:00:00.088364'),
	('chn92d3e65450f2c27b948ff27b2e82e','ZmI0YzQwYzNiMmM1MDYwYjdiY2NiNjAyZWRlYzlhNTQ1NTc3NGRhZjp7Il9hdXRoX3VzZXJfaGFzaCI6IjEyMmVhYzJhMWUwNmE3ZjZiNmJiMTM0NWZkOGYyZDk1NWYyMmQyZjQiLCJfYXV0aF91c2VyX2JhY2tlbmQiOiJkamFuZ28uY29udHJpYi5hdXRoLmJhY2tlbmRzLk1vZGVsQmFja2VuZCIsIl9hdXRoX3VzZXJfaWQiOiI3OSIsInJvb21zIjpbNzk3OV19','2017-06-08 13:09:51.307340'),
	('chn92e23eb4e14ee979184bde80f6341','YmEwZWE5MjNhNGQyMmI2N2MzOTAwMjdhYzc2MjZlYWZjNDFmNTk2ZTp7Il9hdXRoX3VzZXJfaGFzaCI6IjljMjRiZDc3NzYwZmNjMDFhN2E0YmMyMGM3OGI3NzFlZWRmYjg5OWUiLCJfYXV0aF91c2VyX2JhY2tlbmQiOiJkamFuZ28uY29udHJpYi5hdXRoLmJhY2tlbmRzLk1vZGVsQmFja2VuZCIsIl9hdXRoX3VzZXJfaWQiOiIxMzYiLCJyb29tcyI6WzEzNjc5XX0=','2017-06-05 18:20:33.117321'),
	('chn93124818adbd74914fe8ef876253b','NTBlZTczNjMxMTQ1NzY4NmNmNTM2YTFlNGU4MWQxZjYzOWY1MTA0NDp7Il9hdXRoX3VzZXJfaGFzaCI6IjEyMmVhYzJhMWUwNmE3ZjZiNmJiMTM0NWZkOGYyZDk1NWYyMmQyZjQiLCJfYXV0aF91c2VyX2lkIjoiNzkiLCJfYXV0aF91c2VyX2JhY2tlbmQiOiJkamFuZ28uY29udHJpYi5hdXRoLmJhY2tlbmRzLk1vZGVsQmFja2VuZCIsInJvb21zIjpbXX0=','2017-06-02 22:37:46.415266'),
	('chn936b7376197c13fbe459664f8c497','YmEwZWE5MjNhNGQyMmI2N2MzOTAwMjdhYzc2MjZlYWZjNDFmNTk2ZTp7Il9hdXRoX3VzZXJfaGFzaCI6IjljMjRiZDc3NzYwZmNjMDFhN2E0YmMyMGM3OGI3NzFlZWRmYjg5OWUiLCJfYXV0aF91c2VyX2JhY2tlbmQiOiJkamFuZ28uY29udHJpYi5hdXRoLmJhY2tlbmRzLk1vZGVsQmFja2VuZCIsIl9hdXRoX3VzZXJfaWQiOiIxMzYiLCJyb29tcyI6WzEzNjc5XX0=','2017-06-04 23:57:59.297542'),
	('chn93830cf0c4775f9bc506268243133','ODI2NWFhM2Q5OGI3YjllODJhZTM0ZTFkMWJjYTA5MGIyOTgzMmUwMTp7Il9hdXRoX3VzZXJfaGFzaCI6IjEyMmVhYzJhMWUwNmE3ZjZiNmJiMTM0NWZkOGYyZDk1NWYyMmQyZjQiLCJfYXV0aF91c2VyX2JhY2tlbmQiOiJkamFuZ28uY29udHJpYi5hdXRoLmJhY2tlbmRzLk1vZGVsQmFja2VuZCIsIl9hdXRoX3VzZXJfaWQiOiI3OSIsInJvb21zIjpbNzkxMzZdfQ==','2017-06-07 18:17:23.589222'),
	('chn93eab14e102cc307c3cc2a9c78f38','NTBlZTczNjMxMTQ1NzY4NmNmNTM2YTFlNGU4MWQxZjYzOWY1MTA0NDp7Il9hdXRoX3VzZXJfaGFzaCI6IjEyMmVhYzJhMWUwNmE3ZjZiNmJiMTM0NWZkOGYyZDk1NWYyMmQyZjQiLCJfYXV0aF91c2VyX2lkIjoiNzkiLCJfYXV0aF91c2VyX2JhY2tlbmQiOiJkamFuZ28uY29udHJpYi5hdXRoLmJhY2tlbmRzLk1vZGVsQmFja2VuZCIsInJvb21zIjpbXX0=','2017-06-05 22:40:25.967841'),
	('chn9512fd9eb83d75e1f70b9f8e53bd1','ODdiYTU2MGI3Y2JjN2MyNzE0Mjk5OGM3M2M5MmFhYmM3ZDgzMWIxMjp7Il9hdXRoX3VzZXJfaGFzaCI6IjljMjRiZDc3NzYwZmNjMDFhN2E0YmMyMGM3OGI3NzFlZWRmYjg5OWUiLCJfYXV0aF91c2VyX2JhY2tlbmQiOiJkamFuZ28uY29udHJpYi5hdXRoLmJhY2tlbmRzLk1vZGVsQmFja2VuZCIsIl9hdXRoX3VzZXJfaWQiOiIxMzYiLCJyb29tcyI6Wzc5MTM2XX0=','2017-06-07 18:32:35.212389'),
	('chn954a7efc995b8d1e55cf3abd7d312','ZWQ1Nzc0YjUyMzA4NDQ2Njk5N2UzMjFhNWNiZmY3YjllYTNkOTAzODp7Il9hdXRoX3VzZXJfaGFzaCI6IjEyMmVhYzJhMWUwNmE3ZjZiNmJiMTM0NWZkOGYyZDk1NWYyMmQyZjQiLCJfYXV0aF91c2VyX2JhY2tlbmQiOiJkamFuZ28uY29udHJpYi5hdXRoLmJhY2tlbmRzLk1vZGVsQmFja2VuZCIsIl9hdXRoX3VzZXJfaWQiOiI3OSIsInJvb21zIjpbMTM2ODBdfQ==','2017-06-03 16:30:13.960139'),
	('chn9576cd7eae77bab2b428693c2ffb4','ODdiYTU2MGI3Y2JjN2MyNzE0Mjk5OGM3M2M5MmFhYmM3ZDgzMWIxMjp7Il9hdXRoX3VzZXJfaGFzaCI6IjljMjRiZDc3NzYwZmNjMDFhN2E0YmMyMGM3OGI3NzFlZWRmYjg5OWUiLCJfYXV0aF91c2VyX2JhY2tlbmQiOiJkamFuZ28uY29udHJpYi5hdXRoLmJhY2tlbmRzLk1vZGVsQmFja2VuZCIsIl9hdXRoX3VzZXJfaWQiOiIxMzYiLCJyb29tcyI6Wzc5MTM2XX0=','2017-06-07 18:00:15.978947'),
	('chn9636bd9a26c9ec07c99c15db9d6e8','ZjNiYmY3M2MzODMwMzczYWMxNWZlNGQ1ZDNiM2RhYWY1OGNiYTM0NTp7Il9hdXRoX3VzZXJfaGFzaCI6IjljMjRiZDc3NzYwZmNjMDFhN2E0YmMyMGM3OGI3NzFlZWRmYjg5OWUiLCJfYXV0aF91c2VyX2JhY2tlbmQiOiJkamFuZ28uY29udHJpYi5hdXRoLmJhY2tlbmRzLk1vZGVsQmFja2VuZCIsIl9hdXRoX3VzZXJfaWQiOiIxMzYiLCJyb29tcyI6WzFdfQ==','2017-06-05 12:21:48.225660'),
	('chn97b16339e3933c42ad405ed62c2d4','ZmZmNDljZmY3NWM3NjVhODNjMTM3YmExYTkwZTcyZTkyZDU5OTIxNDp7Il9hdXRoX3VzZXJfaGFzaCI6IjEyMmVhYzJhMWUwNmE3ZjZiNmJiMTM0NWZkOGYyZDk1NWYyMmQyZjQiLCJfYXV0aF91c2VyX2JhY2tlbmQiOiJkamFuZ28uY29udHJpYi5hdXRoLmJhY2tlbmRzLk1vZGVsQmFja2VuZCIsIl9hdXRoX3VzZXJfaWQiOiI3OSIsInJvb21zIjpbNzk5MF19','2017-06-08 13:15:17.839618'),
	('chn9803691e7db8cbb221113ac238868','YTk3ZTQ0NzQ3NTY2YzI4MWJlMzJiMGFhMzdjNWYzOTI5MGYyMzg0Zjp7InJvb21zIjpbXX0=','2017-05-27 14:30:10.556112'),
	('chn9817eb6e89f61ecdda55b10de3a12','ZmZmNDljZmY3NWM3NjVhODNjMTM3YmExYTkwZTcyZTkyZDU5OTIxNDp7Il9hdXRoX3VzZXJfaGFzaCI6IjEyMmVhYzJhMWUwNmE3ZjZiNmJiMTM0NWZkOGYyZDk1NWYyMmQyZjQiLCJfYXV0aF91c2VyX2JhY2tlbmQiOiJkamFuZ28uY29udHJpYi5hdXRoLmJhY2tlbmRzLk1vZGVsQmFja2VuZCIsIl9hdXRoX3VzZXJfaWQiOiI3OSIsInJvb21zIjpbNzk5MF19','2017-06-08 13:05:19.810975'),
	('chn9867d5fb9e25b3c74e6ec2f6815d1','YmEwZWE5MjNhNGQyMmI2N2MzOTAwMjdhYzc2MjZlYWZjNDFmNTk2ZTp7Il9hdXRoX3VzZXJfaGFzaCI6IjljMjRiZDc3NzYwZmNjMDFhN2E0YmMyMGM3OGI3NzFlZWRmYjg5OWUiLCJfYXV0aF91c2VyX2JhY2tlbmQiOiJkamFuZ28uY29udHJpYi5hdXRoLmJhY2tlbmRzLk1vZGVsQmFja2VuZCIsIl9hdXRoX3VzZXJfaWQiOiIxMzYiLCJyb29tcyI6WzEzNjc5XX0=','2017-06-04 23:59:27.638161'),
	('chn98999edb39227f81a2e33ef2c0643','NTBlZTczNjMxMTQ1NzY4NmNmNTM2YTFlNGU4MWQxZjYzOWY1MTA0NDp7Il9hdXRoX3VzZXJfaGFzaCI6IjEyMmVhYzJhMWUwNmE3ZjZiNmJiMTM0NWZkOGYyZDk1NWYyMmQyZjQiLCJfYXV0aF91c2VyX2lkIjoiNzkiLCJfYXV0aF91c2VyX2JhY2tlbmQiOiJkamFuZ28uY29udHJpYi5hdXRoLmJhY2tlbmRzLk1vZGVsQmFja2VuZCIsInJvb21zIjpbXX0=','2017-06-03 14:54:06.941052'),
	('chn98a2970224996281b8996e7afd089','Yzg1NzcyZjFiNmRjMGEyZWQ3NDdlYWI0NDNhZWY3OTkyMTIyYTc4YTp7Il9hdXRoX3VzZXJfaGFzaCI6IjEyMmVhYzJhMWUwNmE3ZjZiNmJiMTM0NWZkOGYyZDk1NWYyMmQyZjQiLCJfYXV0aF91c2VyX2JhY2tlbmQiOiJkamFuZ28uY29udHJpYi5hdXRoLmJhY2tlbmRzLk1vZGVsQmFja2VuZCIsIl9hdXRoX3VzZXJfaWQiOiI3OSIsInJvb21zIjpbMTM2NzldfQ==','2017-06-05 11:51:58.736095'),
	('chn98a2d8f7e84d82ebdecc82eec3c2b','YmEwZWE5MjNhNGQyMmI2N2MzOTAwMjdhYzc2MjZlYWZjNDFmNTk2ZTp7Il9hdXRoX3VzZXJfaGFzaCI6IjljMjRiZDc3NzYwZmNjMDFhN2E0YmMyMGM3OGI3NzFlZWRmYjg5OWUiLCJfYXV0aF91c2VyX2JhY2tlbmQiOiJkamFuZ28uY29udHJpYi5hdXRoLmJhY2tlbmRzLk1vZGVsQmFja2VuZCIsIl9hdXRoX3VzZXJfaWQiOiIxMzYiLCJyb29tcyI6WzEzNjc5XX0=','2017-06-05 11:41:58.451698'),
	('chn9917869a339d27eaa72b90151a1a9','YmEwZWE5MjNhNGQyMmI2N2MzOTAwMjdhYzc2MjZlYWZjNDFmNTk2ZTp7Il9hdXRoX3VzZXJfaGFzaCI6IjljMjRiZDc3NzYwZmNjMDFhN2E0YmMyMGM3OGI3NzFlZWRmYjg5OWUiLCJfYXV0aF91c2VyX2JhY2tlbmQiOiJkamFuZ28uY29udHJpYi5hdXRoLmJhY2tlbmRzLk1vZGVsQmFja2VuZCIsIl9hdXRoX3VzZXJfaWQiOiIxMzYiLCJyb29tcyI6WzEzNjc5XX0=','2017-06-04 23:52:07.852200'),
	('chn99322548563a3b10732c0745298e7','YTk3ZTQ0NzQ3NTY2YzI4MWJlMzJiMGFhMzdjNWYzOTI5MGYyMzg0Zjp7InJvb21zIjpbXX0=','2017-06-05 18:03:11.607368'),
	('chn99b1b7afd677ccdc76db19eee4605','ODI2NWFhM2Q5OGI3YjllODJhZTM0ZTFkMWJjYTA5MGIyOTgzMmUwMTp7Il9hdXRoX3VzZXJfaGFzaCI6IjEyMmVhYzJhMWUwNmE3ZjZiNmJiMTM0NWZkOGYyZDk1NWYyMmQyZjQiLCJfYXV0aF91c2VyX2JhY2tlbmQiOiJkamFuZ28uY29udHJpYi5hdXRoLmJhY2tlbmRzLk1vZGVsQmFja2VuZCIsIl9hdXRoX3VzZXJfaWQiOiI3OSIsInJvb21zIjpbNzkxMzZdfQ==','2017-06-08 13:27:51.468378'),
	('chn99c39a606942bb64ee474007a159e','YmEwZWE5MjNhNGQyMmI2N2MzOTAwMjdhYzc2MjZlYWZjNDFmNTk2ZTp7Il9hdXRoX3VzZXJfaGFzaCI6IjljMjRiZDc3NzYwZmNjMDFhN2E0YmMyMGM3OGI3NzFlZWRmYjg5OWUiLCJfYXV0aF91c2VyX2JhY2tlbmQiOiJkamFuZ28uY29udHJpYi5hdXRoLmJhY2tlbmRzLk1vZGVsQmFja2VuZCIsIl9hdXRoX3VzZXJfaWQiOiIxMzYiLCJyb29tcyI6WzEzNjc5XX0=','2017-06-04 23:56:21.576330'),
	('chn99d2dfe7827e8ff41cec12b8440ce','ZjNiYmY3M2MzODMwMzczYWMxNWZlNGQ1ZDNiM2RhYWY1OGNiYTM0NTp7Il9hdXRoX3VzZXJfaGFzaCI6IjljMjRiZDc3NzYwZmNjMDFhN2E0YmMyMGM3OGI3NzFlZWRmYjg5OWUiLCJfYXV0aF91c2VyX2JhY2tlbmQiOiJkamFuZ28uY29udHJpYi5hdXRoLmJhY2tlbmRzLk1vZGVsQmFja2VuZCIsIl9hdXRoX3VzZXJfaWQiOiIxMzYiLCJyb29tcyI6WzFdfQ==','2017-06-05 12:38:32.407059'),
	('chn9a492dacbbf0337723d4d7447355f','YmEwZWE5MjNhNGQyMmI2N2MzOTAwMjdhYzc2MjZlYWZjNDFmNTk2ZTp7Il9hdXRoX3VzZXJfaGFzaCI6IjljMjRiZDc3NzYwZmNjMDFhN2E0YmMyMGM3OGI3NzFlZWRmYjg5OWUiLCJfYXV0aF91c2VyX2JhY2tlbmQiOiJkamFuZ28uY29udHJpYi5hdXRoLmJhY2tlbmRzLk1vZGVsQmFja2VuZCIsIl9hdXRoX3VzZXJfaWQiOiIxMzYiLCJyb29tcyI6WzEzNjc5XX0=','2017-06-05 11:10:15.955438'),
	('chn9aee4e9d5268daf4941dbd418ae76','ZWQ1Nzc0YjUyMzA4NDQ2Njk5N2UzMjFhNWNiZmY3YjllYTNkOTAzODp7Il9hdXRoX3VzZXJfaGFzaCI6IjEyMmVhYzJhMWUwNmE3ZjZiNmJiMTM0NWZkOGYyZDk1NWYyMmQyZjQiLCJfYXV0aF91c2VyX2JhY2tlbmQiOiJkamFuZ28uY29udHJpYi5hdXRoLmJhY2tlbmRzLk1vZGVsQmFja2VuZCIsIl9hdXRoX3VzZXJfaWQiOiI3OSIsInJvb21zIjpbMTM2ODBdfQ==','2017-06-02 10:17:49.743327'),
	('chn9b3f914d6af1937ca67f081555f94','ZWQ1Nzc0YjUyMzA4NDQ2Njk5N2UzMjFhNWNiZmY3YjllYTNkOTAzODp7Il9hdXRoX3VzZXJfaGFzaCI6IjEyMmVhYzJhMWUwNmE3ZjZiNmJiMTM0NWZkOGYyZDk1NWYyMmQyZjQiLCJfYXV0aF91c2VyX2JhY2tlbmQiOiJkamFuZ28uY29udHJpYi5hdXRoLmJhY2tlbmRzLk1vZGVsQmFja2VuZCIsIl9hdXRoX3VzZXJfaWQiOiI3OSIsInJvb21zIjpbMTM2ODBdfQ==','2017-06-02 15:04:05.858276'),
	('chn9bcda7fc0bf03210d88b6ef2f727a','YmEwZWE5MjNhNGQyMmI2N2MzOTAwMjdhYzc2MjZlYWZjNDFmNTk2ZTp7Il9hdXRoX3VzZXJfaGFzaCI6IjljMjRiZDc3NzYwZmNjMDFhN2E0YmMyMGM3OGI3NzFlZWRmYjg5OWUiLCJfYXV0aF91c2VyX2JhY2tlbmQiOiJkamFuZ28uY29udHJpYi5hdXRoLmJhY2tlbmRzLk1vZGVsQmFja2VuZCIsIl9hdXRoX3VzZXJfaWQiOiIxMzYiLCJyb29tcyI6WzEzNjc5XX0=','2017-06-05 11:01:26.345305'),
	('chn9c0d648ef4dae82610bf1b41b04e8','NzEwNGUxY2FkOWY2NmNlMDAyYzc3MzdmNDk1NzRlNTVlNWU4Y2IwNjp7fQ==','2017-06-06 15:05:01.036003'),
	('chn9c54a76409235904b31c412fa7c40','ZWQ1Nzc0YjUyMzA4NDQ2Njk5N2UzMjFhNWNiZmY3YjllYTNkOTAzODp7Il9hdXRoX3VzZXJfaGFzaCI6IjEyMmVhYzJhMWUwNmE3ZjZiNmJiMTM0NWZkOGYyZDk1NWYyMmQyZjQiLCJfYXV0aF91c2VyX2JhY2tlbmQiOiJkamFuZ28uY29udHJpYi5hdXRoLmJhY2tlbmRzLk1vZGVsQmFja2VuZCIsIl9hdXRoX3VzZXJfaWQiOiI3OSIsInJvb21zIjpbMTM2ODBdfQ==','2017-06-02 15:01:19.118919'),
	('chn9c707ca972109268f011216b857a5','MWE0Y2E0NGFmMGM2YTBkNjJlY2ZmNGY0MzY5MzJlOGI3ZWE2NDc5YTp7Il9hdXRoX3VzZXJfaGFzaCI6IjEyMmVhYzJhMWUwNmE3ZjZiNmJiMTM0NWZkOGYyZDk1NWYyMmQyZjQiLCJfYXV0aF91c2VyX2JhY2tlbmQiOiJkamFuZ28uY29udHJpYi5hdXRoLmJhY2tlbmRzLk1vZGVsQmFja2VuZCIsIl9hdXRoX3VzZXJfaWQiOiI3OSIsInJvb21zIjpbNzk4M119','2017-06-08 12:57:11.079442'),
	('chn9cb5bfdb59f430b320436766d92d2','NGZjNWZhM2ZkNDc0MjVjMTlmYjk3NWM3NjUyMWQzYWI0OWQxYmY1ZDp7Il9hdXRoX3VzZXJfaGFzaCI6ImJjZjM0ZTRiYjkwZWEwNjg2ZjcxN2RiMTZjZTljYmUyZWQ4YzM3MWQiLCJfYXV0aF91c2VyX2JhY2tlbmQiOiJkamFuZ28uY29udHJpYi5hdXRoLmJhY2tlbmRzLk1vZGVsQmFja2VuZCIsIl9hdXRoX3VzZXJfaWQiOiI4MCIsInJvb21zIjpbNzk4MF19','2017-05-31 08:44:46.776781'),
	('chn9d1b8d17512342455f4ed8b86219c','NTBlZTczNjMxMTQ1NzY4NmNmNTM2YTFlNGU4MWQxZjYzOWY1MTA0NDp7Il9hdXRoX3VzZXJfaGFzaCI6IjEyMmVhYzJhMWUwNmE3ZjZiNmJiMTM0NWZkOGYyZDk1NWYyMmQyZjQiLCJfYXV0aF91c2VyX2lkIjoiNzkiLCJfYXV0aF91c2VyX2JhY2tlbmQiOiJkamFuZ28uY29udHJpYi5hdXRoLmJhY2tlbmRzLk1vZGVsQmFja2VuZCIsInJvb21zIjpbXX0=','2017-06-02 13:52:32.363197'),
	('chn9e2ebc150d5d8070f1a3251cac97d','YmEwZWE5MjNhNGQyMmI2N2MzOTAwMjdhYzc2MjZlYWZjNDFmNTk2ZTp7Il9hdXRoX3VzZXJfaGFzaCI6IjljMjRiZDc3NzYwZmNjMDFhN2E0YmMyMGM3OGI3NzFlZWRmYjg5OWUiLCJfYXV0aF91c2VyX2JhY2tlbmQiOiJkamFuZ28uY29udHJpYi5hdXRoLmJhY2tlbmRzLk1vZGVsQmFja2VuZCIsIl9hdXRoX3VzZXJfaWQiOiIxMzYiLCJyb29tcyI6WzEzNjc5XX0=','2017-06-05 11:49:02.118052'),
	('chn9f7662291692844ccdec9600ae767','YmEwZWE5MjNhNGQyMmI2N2MzOTAwMjdhYzc2MjZlYWZjNDFmNTk2ZTp7Il9hdXRoX3VzZXJfaGFzaCI6IjljMjRiZDc3NzYwZmNjMDFhN2E0YmMyMGM3OGI3NzFlZWRmYjg5OWUiLCJfYXV0aF91c2VyX2JhY2tlbmQiOiJkamFuZ28uY29udHJpYi5hdXRoLmJhY2tlbmRzLk1vZGVsQmFja2VuZCIsIl9hdXRoX3VzZXJfaWQiOiIxMzYiLCJyb29tcyI6WzEzNjc5XX0=','2017-06-04 12:33:31.305107'),
	('chn9f96a7d06a96cdc3930ab027415ba','ZWQ1Nzc0YjUyMzA4NDQ2Njk5N2UzMjFhNWNiZmY3YjllYTNkOTAzODp7Il9hdXRoX3VzZXJfaGFzaCI6IjEyMmVhYzJhMWUwNmE3ZjZiNmJiMTM0NWZkOGYyZDk1NWYyMmQyZjQiLCJfYXV0aF91c2VyX2JhY2tlbmQiOiJkamFuZ28uY29udHJpYi5hdXRoLmJhY2tlbmRzLk1vZGVsQmFja2VuZCIsIl9hdXRoX3VzZXJfaWQiOiI3OSIsInJvb21zIjpbMTM2ODBdfQ==','2017-06-03 16:26:34.454339'),
	('chn9fbea629a5f3081edc3fe15421711','ODdiYTU2MGI3Y2JjN2MyNzE0Mjk5OGM3M2M5MmFhYmM3ZDgzMWIxMjp7Il9hdXRoX3VzZXJfaGFzaCI6IjljMjRiZDc3NzYwZmNjMDFhN2E0YmMyMGM3OGI3NzFlZWRmYjg5OWUiLCJfYXV0aF91c2VyX2JhY2tlbmQiOiJkamFuZ28uY29udHJpYi5hdXRoLmJhY2tlbmRzLk1vZGVsQmFja2VuZCIsIl9hdXRoX3VzZXJfaWQiOiIxMzYiLCJyb29tcyI6Wzc5MTM2XX0=','2017-06-07 18:29:48.292046'),
	('chn9ff03b370c4a2429d44c830aca230','ZjNiYmY3M2MzODMwMzczYWMxNWZlNGQ1ZDNiM2RhYWY1OGNiYTM0NTp7Il9hdXRoX3VzZXJfaGFzaCI6IjljMjRiZDc3NzYwZmNjMDFhN2E0YmMyMGM3OGI3NzFlZWRmYjg5OWUiLCJfYXV0aF91c2VyX2JhY2tlbmQiOiJkamFuZ28uY29udHJpYi5hdXRoLmJhY2tlbmRzLk1vZGVsQmFja2VuZCIsIl9hdXRoX3VzZXJfaWQiOiIxMzYiLCJyb29tcyI6WzFdfQ==','2017-06-05 12:38:35.844075'),
	('chna0f649eb633f1168c3fc4a4da38e2','ODI2NWFhM2Q5OGI3YjllODJhZTM0ZTFkMWJjYTA5MGIyOTgzMmUwMTp7Il9hdXRoX3VzZXJfaGFzaCI6IjEyMmVhYzJhMWUwNmE3ZjZiNmJiMTM0NWZkOGYyZDk1NWYyMmQyZjQiLCJfYXV0aF91c2VyX2JhY2tlbmQiOiJkamFuZ28uY29udHJpYi5hdXRoLmJhY2tlbmRzLk1vZGVsQmFja2VuZCIsIl9hdXRoX3VzZXJfaWQiOiI3OSIsInJvb21zIjpbNzkxMzZdfQ==','2017-06-07 18:59:38.505582'),
	('chna1030cf3a3ab402cbd41d0cb81274','Zjg2YmY1OTI5ZjA3YTA2MzYwNjE0NzM1NDJiMDg4NzI1MWQ1ZWI4Yzp7Il9hdXRoX3VzZXJfaGFzaCI6IjljMjRiZDc3NzYwZmNjMDFhN2E0YmMyMGM3OGI3NzFlZWRmYjg5OWUiLCJfYXV0aF91c2VyX2JhY2tlbmQiOiJkamFuZ28uY29udHJpYi5hdXRoLmJhY2tlbmRzLk1vZGVsQmFja2VuZCIsIl9hdXRoX3VzZXJfaWQiOiIxMzYiLCJyb29tcyI6WzEzNjEyOV19','2017-06-04 16:05:55.059545'),
	('chna17b8febb6a7182738c911e581584','Yzg1NzcyZjFiNmRjMGEyZWQ3NDdlYWI0NDNhZWY3OTkyMTIyYTc4YTp7Il9hdXRoX3VzZXJfaGFzaCI6IjEyMmVhYzJhMWUwNmE3ZjZiNmJiMTM0NWZkOGYyZDk1NWYyMmQyZjQiLCJfYXV0aF91c2VyX2JhY2tlbmQiOiJkamFuZ28uY29udHJpYi5hdXRoLmJhY2tlbmRzLk1vZGVsQmFja2VuZCIsIl9hdXRoX3VzZXJfaWQiOiI3OSIsInJvb21zIjpbMTM2NzldfQ==','2017-06-05 11:59:02.995125'),
	('chna20493e88a1c913e16593545dfc48','ZmI0YzQwYzNiMmM1MDYwYjdiY2NiNjAyZWRlYzlhNTQ1NTc3NGRhZjp7Il9hdXRoX3VzZXJfaGFzaCI6IjEyMmVhYzJhMWUwNmE3ZjZiNmJiMTM0NWZkOGYyZDk1NWYyMmQyZjQiLCJfYXV0aF91c2VyX2JhY2tlbmQiOiJkamFuZ28uY29udHJpYi5hdXRoLmJhY2tlbmRzLk1vZGVsQmFja2VuZCIsIl9hdXRoX3VzZXJfaWQiOiI3OSIsInJvb21zIjpbNzk3OV19','2017-06-08 22:36:00.702326'),
	('chna21ddc3a8730f9d4c4246afc2b599','ODdiYTU2MGI3Y2JjN2MyNzE0Mjk5OGM3M2M5MmFhYmM3ZDgzMWIxMjp7Il9hdXRoX3VzZXJfaGFzaCI6IjljMjRiZDc3NzYwZmNjMDFhN2E0YmMyMGM3OGI3NzFlZWRmYjg5OWUiLCJfYXV0aF91c2VyX2JhY2tlbmQiOiJkamFuZ28uY29udHJpYi5hdXRoLmJhY2tlbmRzLk1vZGVsQmFja2VuZCIsIl9hdXRoX3VzZXJfaWQiOiIxMzYiLCJyb29tcyI6Wzc5MTM2XX0=','2017-06-07 18:29:31.284254'),
	('chna236a7a1e320cf4b8f8d03201ec00','YmEwZWE5MjNhNGQyMmI2N2MzOTAwMjdhYzc2MjZlYWZjNDFmNTk2ZTp7Il9hdXRoX3VzZXJfaGFzaCI6IjljMjRiZDc3NzYwZmNjMDFhN2E0YmMyMGM3OGI3NzFlZWRmYjg5OWUiLCJfYXV0aF91c2VyX2JhY2tlbmQiOiJkamFuZ28uY29udHJpYi5hdXRoLmJhY2tlbmRzLk1vZGVsQmFja2VuZCIsIl9hdXRoX3VzZXJfaWQiOiIxMzYiLCJyb29tcyI6WzEzNjc5XX0=','2017-06-05 12:37:01.827567'),
	('chna30df99474730c1ffdfd1e3a39d58','ODdiYTU2MGI3Y2JjN2MyNzE0Mjk5OGM3M2M5MmFhYmM3ZDgzMWIxMjp7Il9hdXRoX3VzZXJfaGFzaCI6IjljMjRiZDc3NzYwZmNjMDFhN2E0YmMyMGM3OGI3NzFlZWRmYjg5OWUiLCJfYXV0aF91c2VyX2JhY2tlbmQiOiJkamFuZ28uY29udHJpYi5hdXRoLmJhY2tlbmRzLk1vZGVsQmFja2VuZCIsIl9hdXRoX3VzZXJfaWQiOiIxMzYiLCJyb29tcyI6Wzc5MTM2XX0=','2017-06-07 18:45:01.701779'),
	('chna32716cfb0f2031c4d1604a69cb85','YmEwZWE5MjNhNGQyMmI2N2MzOTAwMjdhYzc2MjZlYWZjNDFmNTk2ZTp7Il9hdXRoX3VzZXJfaGFzaCI6IjljMjRiZDc3NzYwZmNjMDFhN2E0YmMyMGM3OGI3NzFlZWRmYjg5OWUiLCJfYXV0aF91c2VyX2JhY2tlbmQiOiJkamFuZ28uY29udHJpYi5hdXRoLmJhY2tlbmRzLk1vZGVsQmFja2VuZCIsIl9hdXRoX3VzZXJfaWQiOiIxMzYiLCJyb29tcyI6WzEzNjc5XX0=','2017-06-04 23:49:28.207458'),
	('chna371d94105bb58b851d6002bd1ba0','ODI2NWFhM2Q5OGI3YjllODJhZTM0ZTFkMWJjYTA5MGIyOTgzMmUwMTp7Il9hdXRoX3VzZXJfaGFzaCI6IjEyMmVhYzJhMWUwNmE3ZjZiNmJiMTM0NWZkOGYyZDk1NWYyMmQyZjQiLCJfYXV0aF91c2VyX2JhY2tlbmQiOiJkamFuZ28uY29udHJpYi5hdXRoLmJhY2tlbmRzLk1vZGVsQmFja2VuZCIsIl9hdXRoX3VzZXJfaWQiOiI3OSIsInJvb21zIjpbNzkxMzZdfQ==','2017-06-07 18:34:17.593217'),
	('chna381e7eaa3832930f0eb422d06fff','NzEwNGUxY2FkOWY2NmNlMDAyYzc3MzdmNDk1NzRlNTVlNWU4Y2IwNjp7fQ==','2017-06-06 15:05:54.907212'),
	('chna3b601885573dcffe955e3d8c671d','NTBlZTczNjMxMTQ1NzY4NmNmNTM2YTFlNGU4MWQxZjYzOWY1MTA0NDp7Il9hdXRoX3VzZXJfaGFzaCI6IjEyMmVhYzJhMWUwNmE3ZjZiNmJiMTM0NWZkOGYyZDk1NWYyMmQyZjQiLCJfYXV0aF91c2VyX2lkIjoiNzkiLCJfYXV0aF91c2VyX2JhY2tlbmQiOiJkamFuZ28uY29udHJpYi5hdXRoLmJhY2tlbmRzLk1vZGVsQmFja2VuZCIsInJvb21zIjpbXX0=','2017-06-06 10:41:43.021043'),
	('chna3bfc65272dbbb387046929613431','NTBlZTczNjMxMTQ1NzY4NmNmNTM2YTFlNGU4MWQxZjYzOWY1MTA0NDp7Il9hdXRoX3VzZXJfaGFzaCI6IjEyMmVhYzJhMWUwNmE3ZjZiNmJiMTM0NWZkOGYyZDk1NWYyMmQyZjQiLCJfYXV0aF91c2VyX2lkIjoiNzkiLCJfYXV0aF91c2VyX2JhY2tlbmQiOiJkamFuZ28uY29udHJpYi5hdXRoLmJhY2tlbmRzLk1vZGVsQmFja2VuZCIsInJvb21zIjpbXX0=','2017-06-02 14:09:01.731002'),
	('chna432acb3d9957a90bbe5d9e238b8c','Yzg1NzcyZjFiNmRjMGEyZWQ3NDdlYWI0NDNhZWY3OTkyMTIyYTc4YTp7Il9hdXRoX3VzZXJfaGFzaCI6IjEyMmVhYzJhMWUwNmE3ZjZiNmJiMTM0NWZkOGYyZDk1NWYyMmQyZjQiLCJfYXV0aF91c2VyX2JhY2tlbmQiOiJkamFuZ28uY29udHJpYi5hdXRoLmJhY2tlbmRzLk1vZGVsQmFja2VuZCIsIl9hdXRoX3VzZXJfaWQiOiI3OSIsInJvb21zIjpbMTM2NzldfQ==','2017-06-05 11:55:50.643590'),
	('chna48123d1ffbc5e381f13e556110fb','ZmI0YzQwYzNiMmM1MDYwYjdiY2NiNjAyZWRlYzlhNTQ1NTc3NGRhZjp7Il9hdXRoX3VzZXJfaGFzaCI6IjEyMmVhYzJhMWUwNmE3ZjZiNmJiMTM0NWZkOGYyZDk1NWYyMmQyZjQiLCJfYXV0aF91c2VyX2JhY2tlbmQiOiJkamFuZ28uY29udHJpYi5hdXRoLmJhY2tlbmRzLk1vZGVsQmFja2VuZCIsIl9hdXRoX3VzZXJfaWQiOiI3OSIsInJvb21zIjpbNzk3OV19','2017-06-08 14:02:26.165309'),
	('chna489306419edb4bbe0b4468980bb9','ZWQ1Nzc0YjUyMzA4NDQ2Njk5N2UzMjFhNWNiZmY3YjllYTNkOTAzODp7Il9hdXRoX3VzZXJfaGFzaCI6IjEyMmVhYzJhMWUwNmE3ZjZiNmJiMTM0NWZkOGYyZDk1NWYyMmQyZjQiLCJfYXV0aF91c2VyX2JhY2tlbmQiOiJkamFuZ28uY29udHJpYi5hdXRoLmJhY2tlbmRzLk1vZGVsQmFja2VuZCIsIl9hdXRoX3VzZXJfaWQiOiI3OSIsInJvb21zIjpbMTM2ODBdfQ==','2017-06-02 15:03:28.242199'),
	('chna48eaad01fca51cc3f10cd8c1a00a','NzEwNGUxY2FkOWY2NmNlMDAyYzc3MzdmNDk1NzRlNTVlNWU4Y2IwNjp7fQ==','2017-06-06 13:55:41.013876'),
	('chna4e7341c9ea097f9b1508d5696574','YmEwZWE5MjNhNGQyMmI2N2MzOTAwMjdhYzc2MjZlYWZjNDFmNTk2ZTp7Il9hdXRoX3VzZXJfaGFzaCI6IjljMjRiZDc3NzYwZmNjMDFhN2E0YmMyMGM3OGI3NzFlZWRmYjg5OWUiLCJfYXV0aF91c2VyX2JhY2tlbmQiOiJkamFuZ28uY29udHJpYi5hdXRoLmJhY2tlbmRzLk1vZGVsQmFja2VuZCIsIl9hdXRoX3VzZXJfaWQiOiIxMzYiLCJyb29tcyI6WzEzNjc5XX0=','2017-06-04 23:49:36.588666'),
	('chna58e5c8fe93df3bc1eee50f77533c','YmEwZWE5MjNhNGQyMmI2N2MzOTAwMjdhYzc2MjZlYWZjNDFmNTk2ZTp7Il9hdXRoX3VzZXJfaGFzaCI6IjljMjRiZDc3NzYwZmNjMDFhN2E0YmMyMGM3OGI3NzFlZWRmYjg5OWUiLCJfYXV0aF91c2VyX2JhY2tlbmQiOiJkamFuZ28uY29udHJpYi5hdXRoLmJhY2tlbmRzLk1vZGVsQmFja2VuZCIsIl9hdXRoX3VzZXJfaWQiOiIxMzYiLCJyb29tcyI6WzEzNjc5XX0=','2017-06-05 11:01:22.901508'),
	('chna5b2223520276916e65923e17a9e8','NzEwNGUxY2FkOWY2NmNlMDAyYzc3MzdmNDk1NzRlNTVlNWU4Y2IwNjp7fQ==','2017-06-05 23:05:32.015143'),
	('chna5c266c303c00be4af0738e554a3c','MWE0Y2E0NGFmMGM2YTBkNjJlY2ZmNGY0MzY5MzJlOGI3ZWE2NDc5YTp7Il9hdXRoX3VzZXJfaGFzaCI6IjEyMmVhYzJhMWUwNmE3ZjZiNmJiMTM0NWZkOGYyZDk1NWYyMmQyZjQiLCJfYXV0aF91c2VyX2JhY2tlbmQiOiJkamFuZ28uY29udHJpYi5hdXRoLmJhY2tlbmRzLk1vZGVsQmFja2VuZCIsIl9hdXRoX3VzZXJfaWQiOiI3OSIsInJvb21zIjpbNzk4M119','2017-06-07 19:08:55.339920'),
	('chna6b62b8b819f8301431a4d578f457','NTBlZTczNjMxMTQ1NzY4NmNmNTM2YTFlNGU4MWQxZjYzOWY1MTA0NDp7Il9hdXRoX3VzZXJfaGFzaCI6IjEyMmVhYzJhMWUwNmE3ZjZiNmJiMTM0NWZkOGYyZDk1NWYyMmQyZjQiLCJfYXV0aF91c2VyX2lkIjoiNzkiLCJfYXV0aF91c2VyX2JhY2tlbmQiOiJkamFuZ28uY29udHJpYi5hdXRoLmJhY2tlbmRzLk1vZGVsQmFja2VuZCIsInJvb21zIjpbXX0=','2017-06-03 14:57:50.875826'),
	('chna6eed61c8af54f9ed0e778944c3c8','YmEwZWE5MjNhNGQyMmI2N2MzOTAwMjdhYzc2MjZlYWZjNDFmNTk2ZTp7Il9hdXRoX3VzZXJfaGFzaCI6IjljMjRiZDc3NzYwZmNjMDFhN2E0YmMyMGM3OGI3NzFlZWRmYjg5OWUiLCJfYXV0aF91c2VyX2JhY2tlbmQiOiJkamFuZ28uY29udHJpYi5hdXRoLmJhY2tlbmRzLk1vZGVsQmFja2VuZCIsIl9hdXRoX3VzZXJfaWQiOiIxMzYiLCJyb29tcyI6WzEzNjc5XX0=','2017-06-04 15:28:59.717298'),
	('chna7214ccafd1b0922fd1f3ca2dc9bc','ODdiYTU2MGI3Y2JjN2MyNzE0Mjk5OGM3M2M5MmFhYmM3ZDgzMWIxMjp7Il9hdXRoX3VzZXJfaGFzaCI6IjljMjRiZDc3NzYwZmNjMDFhN2E0YmMyMGM3OGI3NzFlZWRmYjg5OWUiLCJfYXV0aF91c2VyX2JhY2tlbmQiOiJkamFuZ28uY29udHJpYi5hdXRoLmJhY2tlbmRzLk1vZGVsQmFja2VuZCIsIl9hdXRoX3VzZXJfaWQiOiIxMzYiLCJyb29tcyI6Wzc5MTM2XX0=','2017-06-07 18:17:08.732399'),
	('chna85467bcf8dd6c2751106a5994792','ODI2NWFhM2Q5OGI3YjllODJhZTM0ZTFkMWJjYTA5MGIyOTgzMmUwMTp7Il9hdXRoX3VzZXJfaGFzaCI6IjEyMmVhYzJhMWUwNmE3ZjZiNmJiMTM0NWZkOGYyZDk1NWYyMmQyZjQiLCJfYXV0aF91c2VyX2JhY2tlbmQiOiJkamFuZ28uY29udHJpYi5hdXRoLmJhY2tlbmRzLk1vZGVsQmFja2VuZCIsIl9hdXRoX3VzZXJfaWQiOiI3OSIsInJvb21zIjpbNzkxMzZdfQ==','2017-06-07 18:05:31.522729'),
	('chna85d6d1425bfb556108fe84655557','ODdiYTU2MGI3Y2JjN2MyNzE0Mjk5OGM3M2M5MmFhYmM3ZDgzMWIxMjp7Il9hdXRoX3VzZXJfaGFzaCI6IjljMjRiZDc3NzYwZmNjMDFhN2E0YmMyMGM3OGI3NzFlZWRmYjg5OWUiLCJfYXV0aF91c2VyX2JhY2tlbmQiOiJkamFuZ28uY29udHJpYi5hdXRoLmJhY2tlbmRzLk1vZGVsQmFja2VuZCIsIl9hdXRoX3VzZXJfaWQiOiIxMzYiLCJyb29tcyI6Wzc5MTM2XX0=','2017-06-07 18:34:13.566499'),
	('chna872c10f7f9c33f36e74d43666c91','Yzg1NzcyZjFiNmRjMGEyZWQ3NDdlYWI0NDNhZWY3OTkyMTIyYTc4YTp7Il9hdXRoX3VzZXJfaGFzaCI6IjEyMmVhYzJhMWUwNmE3ZjZiNmJiMTM0NWZkOGYyZDk1NWYyMmQyZjQiLCJfYXV0aF91c2VyX2JhY2tlbmQiOiJkamFuZ28uY29udHJpYi5hdXRoLmJhY2tlbmRzLk1vZGVsQmFja2VuZCIsIl9hdXRoX3VzZXJfaWQiOiI3OSIsInJvb21zIjpbMTM2NzldfQ==','2017-06-05 11:52:09.554107'),
	('chna8a4d9460650d6419de10d14e20a0','NTBlZTczNjMxMTQ1NzY4NmNmNTM2YTFlNGU4MWQxZjYzOWY1MTA0NDp7Il9hdXRoX3VzZXJfaGFzaCI6IjEyMmVhYzJhMWUwNmE3ZjZiNmJiMTM0NWZkOGYyZDk1NWYyMmQyZjQiLCJfYXV0aF91c2VyX2lkIjoiNzkiLCJfYXV0aF91c2VyX2JhY2tlbmQiOiJkamFuZ28uY29udHJpYi5hdXRoLmJhY2tlbmRzLk1vZGVsQmFja2VuZCIsInJvb21zIjpbXX0=','2017-06-06 10:41:43.020526'),
	('chna941b5b682cfa2bf67f95c161482a','Yzg1NzcyZjFiNmRjMGEyZWQ3NDdlYWI0NDNhZWY3OTkyMTIyYTc4YTp7Il9hdXRoX3VzZXJfaGFzaCI6IjEyMmVhYzJhMWUwNmE3ZjZiNmJiMTM0NWZkOGYyZDk1NWYyMmQyZjQiLCJfYXV0aF91c2VyX2JhY2tlbmQiOiJkamFuZ28uY29udHJpYi5hdXRoLmJhY2tlbmRzLk1vZGVsQmFja2VuZCIsIl9hdXRoX3VzZXJfaWQiOiI3OSIsInJvb21zIjpbMTM2NzldfQ==','2017-06-04 12:48:04.421567'),
	('chna94d48cde496ae4ff329136216708','MWE0Y2E0NGFmMGM2YTBkNjJlY2ZmNGY0MzY5MzJlOGI3ZWE2NDc5YTp7Il9hdXRoX3VzZXJfaGFzaCI6IjEyMmVhYzJhMWUwNmE3ZjZiNmJiMTM0NWZkOGYyZDk1NWYyMmQyZjQiLCJfYXV0aF91c2VyX2JhY2tlbmQiOiJkamFuZ28uY29udHJpYi5hdXRoLmJhY2tlbmRzLk1vZGVsQmFja2VuZCIsIl9hdXRoX3VzZXJfaWQiOiI3OSIsInJvb21zIjpbNzk4M119','2017-06-08 12:57:02.680661'),
	('chna9ae25401291ede42bf4a7d75e41d','ZWQ1Nzc0YjUyMzA4NDQ2Njk5N2UzMjFhNWNiZmY3YjllYTNkOTAzODp7Il9hdXRoX3VzZXJfaGFzaCI6IjEyMmVhYzJhMWUwNmE3ZjZiNmJiMTM0NWZkOGYyZDk1NWYyMmQyZjQiLCJfYXV0aF91c2VyX2JhY2tlbmQiOiJkamFuZ28uY29udHJpYi5hdXRoLmJhY2tlbmRzLk1vZGVsQmFja2VuZCIsIl9hdXRoX3VzZXJfaWQiOiI3OSIsInJvb21zIjpbMTM2ODBdfQ==','2017-06-02 15:07:17.638378'),
	('chna9cc89f5f0a9f6d84b489f512cb72','ZjY2OGY3MDdmNTI4ODk5Nzg5Y2VkNjhkOWM4ODJlMmVhZjUzMDk3Mzp7Il9hdXRoX3VzZXJfaGFzaCI6IjJhNDUyZDYwZDRjMGFkMzg2YjFiNjczYmQ5YTNiNzYzMDY0NWJkNGQiLCJfYXV0aF91c2VyX2lkIjoiMSIsIl9hdXRoX3VzZXJfYmFja2VuZCI6ImRqYW5nby5jb250cmliLmF1dGguYmFja2VuZHMuTW9kZWxCYWNrZW5kIiwicm9vbXMiOltdfQ==','2017-05-27 16:24:12.882014'),
	('chnaa046d88fd6c8d8adea179946e230','ZWQ1Nzc0YjUyMzA4NDQ2Njk5N2UzMjFhNWNiZmY3YjllYTNkOTAzODp7Il9hdXRoX3VzZXJfaGFzaCI6IjEyMmVhYzJhMWUwNmE3ZjZiNmJiMTM0NWZkOGYyZDk1NWYyMmQyZjQiLCJfYXV0aF91c2VyX2JhY2tlbmQiOiJkamFuZ28uY29udHJpYi5hdXRoLmJhY2tlbmRzLk1vZGVsQmFja2VuZCIsIl9hdXRoX3VzZXJfaWQiOiI3OSIsInJvb21zIjpbMTM2ODBdfQ==','2017-06-04 10:37:20.032264'),
	('chnaa219f95f151ffd9816b6872ed3b7','YmEwZWE5MjNhNGQyMmI2N2MzOTAwMjdhYzc2MjZlYWZjNDFmNTk2ZTp7Il9hdXRoX3VzZXJfaGFzaCI6IjljMjRiZDc3NzYwZmNjMDFhN2E0YmMyMGM3OGI3NzFlZWRmYjg5OWUiLCJfYXV0aF91c2VyX2JhY2tlbmQiOiJkamFuZ28uY29udHJpYi5hdXRoLmJhY2tlbmRzLk1vZGVsQmFja2VuZCIsIl9hdXRoX3VzZXJfaWQiOiIxMzYiLCJyb29tcyI6WzEzNjc5XX0=','2017-06-05 18:29:29.037390'),
	('chnaa67df82b3adb2bda3ae007dcc922','NTBlZTczNjMxMTQ1NzY4NmNmNTM2YTFlNGU4MWQxZjYzOWY1MTA0NDp7Il9hdXRoX3VzZXJfaGFzaCI6IjEyMmVhYzJhMWUwNmE3ZjZiNmJiMTM0NWZkOGYyZDk1NWYyMmQyZjQiLCJfYXV0aF91c2VyX2lkIjoiNzkiLCJfYXV0aF91c2VyX2JhY2tlbmQiOiJkamFuZ28uY29udHJpYi5hdXRoLmJhY2tlbmRzLk1vZGVsQmFja2VuZCIsInJvb21zIjpbXX0=','2017-06-03 14:59:34.983236'),
	('chnaa70d26a14dc79907ffd1999fe59d','NzEwNGUxY2FkOWY2NmNlMDAyYzc3MzdmNDk1NzRlNTVlNWU4Y2IwNjp7fQ==','2017-06-06 15:14:39.937741'),
	('chnaa92fd9cfb7cf87702e267392c4df','Yzg1NzcyZjFiNmRjMGEyZWQ3NDdlYWI0NDNhZWY3OTkyMTIyYTc4YTp7Il9hdXRoX3VzZXJfaGFzaCI6IjEyMmVhYzJhMWUwNmE3ZjZiNmJiMTM0NWZkOGYyZDk1NWYyMmQyZjQiLCJfYXV0aF91c2VyX2JhY2tlbmQiOiJkamFuZ28uY29udHJpYi5hdXRoLmJhY2tlbmRzLk1vZGVsQmFja2VuZCIsIl9hdXRoX3VzZXJfaWQiOiI3OSIsInJvb21zIjpbMTM2NzldfQ==','2017-06-04 15:43:33.667292'),
	('chnaab181b770232a9c83e92574fc4e8','YmEwZWE5MjNhNGQyMmI2N2MzOTAwMjdhYzc2MjZlYWZjNDFmNTk2ZTp7Il9hdXRoX3VzZXJfaGFzaCI6IjljMjRiZDc3NzYwZmNjMDFhN2E0YmMyMGM3OGI3NzFlZWRmYjg5OWUiLCJfYXV0aF91c2VyX2JhY2tlbmQiOiJkamFuZ28uY29udHJpYi5hdXRoLmJhY2tlbmRzLk1vZGVsQmFja2VuZCIsIl9hdXRoX3VzZXJfaWQiOiIxMzYiLCJyb29tcyI6WzEzNjc5XX0=','2017-06-04 23:50:58.536639'),
	('chnaadf663ad9312cb4bca2f61a62c81','ODI2NWFhM2Q5OGI3YjllODJhZTM0ZTFkMWJjYTA5MGIyOTgzMmUwMTp7Il9hdXRoX3VzZXJfaGFzaCI6IjEyMmVhYzJhMWUwNmE3ZjZiNmJiMTM0NWZkOGYyZDk1NWYyMmQyZjQiLCJfYXV0aF91c2VyX2JhY2tlbmQiOiJkamFuZ28uY29udHJpYi5hdXRoLmJhY2tlbmRzLk1vZGVsQmFja2VuZCIsIl9hdXRoX3VzZXJfaWQiOiI3OSIsInJvb21zIjpbNzkxMzZdfQ==','2017-06-07 16:48:02.151434'),
	('chnab53be61b699cea20e4ee91e586ee','YmEwZWE5MjNhNGQyMmI2N2MzOTAwMjdhYzc2MjZlYWZjNDFmNTk2ZTp7Il9hdXRoX3VzZXJfaGFzaCI6IjljMjRiZDc3NzYwZmNjMDFhN2E0YmMyMGM3OGI3NzFlZWRmYjg5OWUiLCJfYXV0aF91c2VyX2JhY2tlbmQiOiJkamFuZ28uY29udHJpYi5hdXRoLmJhY2tlbmRzLk1vZGVsQmFja2VuZCIsIl9hdXRoX3VzZXJfaWQiOiIxMzYiLCJyb29tcyI6WzEzNjc5XX0=','2017-06-04 22:55:32.347225'),
	('chnab818d95ff58c5cffb25d9e2c2de5','YmEwZWE5MjNhNGQyMmI2N2MzOTAwMjdhYzc2MjZlYWZjNDFmNTk2ZTp7Il9hdXRoX3VzZXJfaGFzaCI6IjljMjRiZDc3NzYwZmNjMDFhN2E0YmMyMGM3OGI3NzFlZWRmYjg5OWUiLCJfYXV0aF91c2VyX2JhY2tlbmQiOiJkamFuZ28uY29udHJpYi5hdXRoLmJhY2tlbmRzLk1vZGVsQmFja2VuZCIsIl9hdXRoX3VzZXJfaWQiOiIxMzYiLCJyb29tcyI6WzEzNjc5XX0=','2017-06-05 15:23:53.505642'),
	('chnac7b49eedb4df54d9222d2d9f2259','ZjhlYTUwMzA3ZWEyMjE5MTA2YzJkZDk2YTc4YmMxMDFlMWI5YWJjNTp7Il9hdXRoX3VzZXJfaGFzaCI6IjEyMmVhYzJhMWUwNmE3ZjZiNmJiMTM0NWZkOGYyZDk1NWYyMmQyZjQiLCJfYXV0aF91c2VyX2JhY2tlbmQiOiJkamFuZ28uY29udHJpYi5hdXRoLmJhY2tlbmRzLk1vZGVsQmFja2VuZCIsIl9hdXRoX3VzZXJfaWQiOiI3OSIsInJvb21zIjpbMV19','2017-06-08 17:15:11.595933'),
	('chnac935d547494faa0bd66bac723717','YmEwZWE5MjNhNGQyMmI2N2MzOTAwMjdhYzc2MjZlYWZjNDFmNTk2ZTp7Il9hdXRoX3VzZXJfaGFzaCI6IjljMjRiZDc3NzYwZmNjMDFhN2E0YmMyMGM3OGI3NzFlZWRmYjg5OWUiLCJfYXV0aF91c2VyX2JhY2tlbmQiOiJkamFuZ28uY29udHJpYi5hdXRoLmJhY2tlbmRzLk1vZGVsQmFja2VuZCIsIl9hdXRoX3VzZXJfaWQiOiIxMzYiLCJyb29tcyI6WzEzNjc5XX0=','2017-06-04 13:09:05.062542'),
	('chnaccf6a75cf160cafa1e885a6e7a57','ZWQ1Nzc0YjUyMzA4NDQ2Njk5N2UzMjFhNWNiZmY3YjllYTNkOTAzODp7Il9hdXRoX3VzZXJfaGFzaCI6IjEyMmVhYzJhMWUwNmE3ZjZiNmJiMTM0NWZkOGYyZDk1NWYyMmQyZjQiLCJfYXV0aF91c2VyX2JhY2tlbmQiOiJkamFuZ28uY29udHJpYi5hdXRoLmJhY2tlbmRzLk1vZGVsQmFja2VuZCIsIl9hdXRoX3VzZXJfaWQiOiI3OSIsInJvb21zIjpbMTM2ODBdfQ==','2017-06-02 15:10:46.434531'),
	('chnaddebda1cdc7eca051c6148d45f4f','Yzg1NzcyZjFiNmRjMGEyZWQ3NDdlYWI0NDNhZWY3OTkyMTIyYTc4YTp7Il9hdXRoX3VzZXJfaGFzaCI6IjEyMmVhYzJhMWUwNmE3ZjZiNmJiMTM0NWZkOGYyZDk1NWYyMmQyZjQiLCJfYXV0aF91c2VyX2JhY2tlbmQiOiJkamFuZ28uY29udHJpYi5hdXRoLmJhY2tlbmRzLk1vZGVsQmFja2VuZCIsIl9hdXRoX3VzZXJfaWQiOiI3OSIsInJvb21zIjpbMTM2NzldfQ==','2017-06-04 12:45:59.093528'),
	('chnadf46d36f197b8ed12e3f0debb6a7','YmEwZWE5MjNhNGQyMmI2N2MzOTAwMjdhYzc2MjZlYWZjNDFmNTk2ZTp7Il9hdXRoX3VzZXJfaGFzaCI6IjljMjRiZDc3NzYwZmNjMDFhN2E0YmMyMGM3OGI3NzFlZWRmYjg5OWUiLCJfYXV0aF91c2VyX2JhY2tlbmQiOiJkamFuZ28uY29udHJpYi5hdXRoLmJhY2tlbmRzLk1vZGVsQmFja2VuZCIsIl9hdXRoX3VzZXJfaWQiOiIxMzYiLCJyb29tcyI6WzEzNjc5XX0=','2017-06-04 22:55:34.760847'),
	('chnae32b82e7f290bb2efd9173449cbf','ZWQ1Nzc0YjUyMzA4NDQ2Njk5N2UzMjFhNWNiZmY3YjllYTNkOTAzODp7Il9hdXRoX3VzZXJfaGFzaCI6IjEyMmVhYzJhMWUwNmE3ZjZiNmJiMTM0NWZkOGYyZDk1NWYyMmQyZjQiLCJfYXV0aF91c2VyX2JhY2tlbmQiOiJkamFuZ28uY29udHJpYi5hdXRoLmJhY2tlbmRzLk1vZGVsQmFja2VuZCIsIl9hdXRoX3VzZXJfaWQiOiI3OSIsInJvb21zIjpbMTM2ODBdfQ==','2017-06-03 15:40:15.657075'),
	('chnae768426c9c556f4bd636a5aa2cf2','NTBlZTczNjMxMTQ1NzY4NmNmNTM2YTFlNGU4MWQxZjYzOWY1MTA0NDp7Il9hdXRoX3VzZXJfaGFzaCI6IjEyMmVhYzJhMWUwNmE3ZjZiNmJiMTM0NWZkOGYyZDk1NWYyMmQyZjQiLCJfYXV0aF91c2VyX2lkIjoiNzkiLCJfYXV0aF91c2VyX2JhY2tlbmQiOiJkamFuZ28uY29udHJpYi5hdXRoLmJhY2tlbmRzLk1vZGVsQmFja2VuZCIsInJvb21zIjpbXX0=','2017-06-02 10:01:03.551282'),
	('chnaebac33116163e476df9ce1de675b','Yzg1NzcyZjFiNmRjMGEyZWQ3NDdlYWI0NDNhZWY3OTkyMTIyYTc4YTp7Il9hdXRoX3VzZXJfaGFzaCI6IjEyMmVhYzJhMWUwNmE3ZjZiNmJiMTM0NWZkOGYyZDk1NWYyMmQyZjQiLCJfYXV0aF91c2VyX2JhY2tlbmQiOiJkamFuZ28uY29udHJpYi5hdXRoLmJhY2tlbmRzLk1vZGVsQmFja2VuZCIsIl9hdXRoX3VzZXJfaWQiOiI3OSIsInJvb21zIjpbMTM2NzldfQ==','2017-06-04 12:19:48.866840'),
	('chnaed1e2cc57215d5a6d2da19859d6d','ODM1NzVjNmQzMDNhNWU3NzNkYjZhYzNjOThjOTYzZGJiYWQ0OTAyMTp7Il9hdXRoX3VzZXJfaGFzaCI6IjEyMmVhYzJhMWUwNmE3ZjZiNmJiMTM0NWZkOGYyZDk1NWYyMmQyZjQiLCJfYXV0aF91c2VyX2lkIjoiNzkiLCJfYXV0aF91c2VyX2JhY2tlbmQiOiJkamFuZ28uY29udHJpYi5hdXRoLmJhY2tlbmRzLk1vZGVsQmFja2VuZCJ9','2017-06-04 10:32:23.062335'),
	('chnaefd5162620703dacaf139ce49ede','Yzg1NzcyZjFiNmRjMGEyZWQ3NDdlYWI0NDNhZWY3OTkyMTIyYTc4YTp7Il9hdXRoX3VzZXJfaGFzaCI6IjEyMmVhYzJhMWUwNmE3ZjZiNmJiMTM0NWZkOGYyZDk1NWYyMmQyZjQiLCJfYXV0aF91c2VyX2JhY2tlbmQiOiJkamFuZ28uY29udHJpYi5hdXRoLmJhY2tlbmRzLk1vZGVsQmFja2VuZCIsIl9hdXRoX3VzZXJfaWQiOiI3OSIsInJvb21zIjpbMTM2NzldfQ==','2017-06-04 12:43:09.405219'),
	('chnaf46d1089af9313bccd77574b8fc1','NzEwNGUxY2FkOWY2NmNlMDAyYzc3MzdmNDk1NzRlNTVlNWU4Y2IwNjp7fQ==','2017-06-06 11:36:35.016356'),
	('chnb0382cc12a97cb95fdcca7919f871','ODI2NWFhM2Q5OGI3YjllODJhZTM0ZTFkMWJjYTA5MGIyOTgzMmUwMTp7Il9hdXRoX3VzZXJfaGFzaCI6IjEyMmVhYzJhMWUwNmE3ZjZiNmJiMTM0NWZkOGYyZDk1NWYyMmQyZjQiLCJfYXV0aF91c2VyX2JhY2tlbmQiOiJkamFuZ28uY29udHJpYi5hdXRoLmJhY2tlbmRzLk1vZGVsQmFja2VuZCIsIl9hdXRoX3VzZXJfaWQiOiI3OSIsInJvb21zIjpbNzkxMzZdfQ==','2017-06-07 18:30:56.388385'),
	('chnb12b1868314c4bbd50d0e9b0700bb','ZWQ1Nzc0YjUyMzA4NDQ2Njk5N2UzMjFhNWNiZmY3YjllYTNkOTAzODp7Il9hdXRoX3VzZXJfaGFzaCI6IjEyMmVhYzJhMWUwNmE3ZjZiNmJiMTM0NWZkOGYyZDk1NWYyMmQyZjQiLCJfYXV0aF91c2VyX2JhY2tlbmQiOiJkamFuZ28uY29udHJpYi5hdXRoLmJhY2tlbmRzLk1vZGVsQmFja2VuZCIsIl9hdXRoX3VzZXJfaWQiOiI3OSIsInJvb21zIjpbMTM2ODBdfQ==','2017-06-03 15:45:07.810050'),
	('chnb198298f8b090dc2396de10ddfc95','YmEwZWE5MjNhNGQyMmI2N2MzOTAwMjdhYzc2MjZlYWZjNDFmNTk2ZTp7Il9hdXRoX3VzZXJfaGFzaCI6IjljMjRiZDc3NzYwZmNjMDFhN2E0YmMyMGM3OGI3NzFlZWRmYjg5OWUiLCJfYXV0aF91c2VyX2JhY2tlbmQiOiJkamFuZ28uY29udHJpYi5hdXRoLmJhY2tlbmRzLk1vZGVsQmFja2VuZCIsIl9hdXRoX3VzZXJfaWQiOiIxMzYiLCJyb29tcyI6WzEzNjc5XX0=','2017-06-04 12:32:25.139216'),
	('chnb1ad006a6bd917f27094af1ec81d4','NzEwNGUxY2FkOWY2NmNlMDAyYzc3MzdmNDk1NzRlNTVlNWU4Y2IwNjp7fQ==','2017-06-06 15:05:42.176381'),
	('chnb1c713754072773e2bff8cf7aa240','NzEwNGUxY2FkOWY2NmNlMDAyYzc3MzdmNDk1NzRlNTVlNWU4Y2IwNjp7fQ==','2017-06-05 23:05:15.014119'),
	('chnb1f7f28dfa80898eb4dda5371b66e','ODI2NWFhM2Q5OGI3YjllODJhZTM0ZTFkMWJjYTA5MGIyOTgzMmUwMTp7Il9hdXRoX3VzZXJfaGFzaCI6IjEyMmVhYzJhMWUwNmE3ZjZiNmJiMTM0NWZkOGYyZDk1NWYyMmQyZjQiLCJfYXV0aF91c2VyX2JhY2tlbmQiOiJkamFuZ28uY29udHJpYi5hdXRoLmJhY2tlbmRzLk1vZGVsQmFja2VuZCIsIl9hdXRoX3VzZXJfaWQiOiI3OSIsInJvb21zIjpbNzkxMzZdfQ==','2017-06-07 17:41:30.794512'),
	('chnb24a6799dbdc4a5aef0e77ab5955b','ZjhlYTUwMzA3ZWEyMjE5MTA2YzJkZDk2YTc4YmMxMDFlMWI5YWJjNTp7Il9hdXRoX3VzZXJfaGFzaCI6IjEyMmVhYzJhMWUwNmE3ZjZiNmJiMTM0NWZkOGYyZDk1NWYyMmQyZjQiLCJfYXV0aF91c2VyX2JhY2tlbmQiOiJkamFuZ28uY29udHJpYi5hdXRoLmJhY2tlbmRzLk1vZGVsQmFja2VuZCIsIl9hdXRoX3VzZXJfaWQiOiI3OSIsInJvb21zIjpbMV19','2017-06-08 12:56:24.217220'),
	('chnb30c2d6f90baaa31c634640e98d99','YmEwZWE5MjNhNGQyMmI2N2MzOTAwMjdhYzc2MjZlYWZjNDFmNTk2ZTp7Il9hdXRoX3VzZXJfaGFzaCI6IjljMjRiZDc3NzYwZmNjMDFhN2E0YmMyMGM3OGI3NzFlZWRmYjg5OWUiLCJfYXV0aF91c2VyX2JhY2tlbmQiOiJkamFuZ28uY29udHJpYi5hdXRoLmJhY2tlbmRzLk1vZGVsQmFja2VuZCIsIl9hdXRoX3VzZXJfaWQiOiIxMzYiLCJyb29tcyI6WzEzNjc5XX0=','2017-06-04 23:35:45.733293'),
	('chnb460484e6efe9be23d834970e8092','OWZmZTRlZDNmYjdmNjk1ODhmYjAxYjIyODYxZDI5M2Y4MGNkMTYzZjp7Il9hdXRoX3VzZXJfaGFzaCI6IjBkOWVlNGEyNmRjNmNjOWNmNGM3NDg3ZTQ1NzczZTFiYmZlYWVkODMiLCJfYXV0aF91c2VyX2JhY2tlbmQiOiJkamFuZ28uY29udHJpYi5hdXRoLmJhY2tlbmRzLk1vZGVsQmFja2VuZCIsIl9hdXRoX3VzZXJfaWQiOiIxMjkiLCJyb29tcyI6WzEzNjEyOV19','2017-06-05 11:48:30.117210'),
	('chnb488fdfdd5259082c2af949bc6129','NTBlZTczNjMxMTQ1NzY4NmNmNTM2YTFlNGU4MWQxZjYzOWY1MTA0NDp7Il9hdXRoX3VzZXJfaGFzaCI6IjEyMmVhYzJhMWUwNmE3ZjZiNmJiMTM0NWZkOGYyZDk1NWYyMmQyZjQiLCJfYXV0aF91c2VyX2lkIjoiNzkiLCJfYXV0aF91c2VyX2JhY2tlbmQiOiJkamFuZ28uY29udHJpYi5hdXRoLmJhY2tlbmRzLk1vZGVsQmFja2VuZCIsInJvb21zIjpbXX0=','2017-06-02 14:01:17.250414'),
	('chnb4cd444db5d29b4f5ca04970670b6','ZjNiYmY3M2MzODMwMzczYWMxNWZlNGQ1ZDNiM2RhYWY1OGNiYTM0NTp7Il9hdXRoX3VzZXJfaGFzaCI6IjljMjRiZDc3NzYwZmNjMDFhN2E0YmMyMGM3OGI3NzFlZWRmYjg5OWUiLCJfYXV0aF91c2VyX2JhY2tlbmQiOiJkamFuZ28uY29udHJpYi5hdXRoLmJhY2tlbmRzLk1vZGVsQmFja2VuZCIsIl9hdXRoX3VzZXJfaWQiOiIxMzYiLCJyb29tcyI6WzFdfQ==','2017-06-04 16:14:06.394843'),
	('chnb4f6be3313b0244d9293a079331eb','NTA2MmFmOGY0M2FmYzg4MWE2YmVkMDNkNmRhM2YwMWQ0ZTMxNWI0Mjp7Il9hdXRoX3VzZXJfaGFzaCI6Ijc5ZTFmNjA3YjYwOGU1ZDljY2FkNjUyYzFmOWE3ZDM5NDcyYjU3NmMiLCJfYXV0aF91c2VyX2JhY2tlbmQiOiJkamFuZ28uY29udHJpYi5hdXRoLmJhY2tlbmRzLk1vZGVsQmFja2VuZCIsIl9hdXRoX3VzZXJfaWQiOiI3OSIsInJvb21zIjpbNzkxMzZdfQ==','2017-06-11 12:55:58.028199'),
	('chnb56685340ffb858bc2845d398b715','NWE1ZDkyOGJkYTE4MWQ5ZTk2ZTYwMzM2OGMxNDllZWI5NWQ5NGFiNDp7Il9hdXRoX3VzZXJfaGFzaCI6IjljMjRiZDc3NzYwZmNjMDFhN2E0YmMyMGM3OGI3NzFlZWRmYjg5OWUiLCJfYXV0aF91c2VyX2lkIjoiMTM2IiwiX2F1dGhfdXNlcl9iYWNrZW5kIjoiZGphbmdvLmNvbnRyaWIuYXV0aC5iYWNrZW5kcy5Nb2RlbEJhY2tlbmQiLCJyb29tcyI6W119','2017-06-04 12:10:13.630703'),
	('chnb5b7b2fe382f83e98af92012c3af8','YmEwZWE5MjNhNGQyMmI2N2MzOTAwMjdhYzc2MjZlYWZjNDFmNTk2ZTp7Il9hdXRoX3VzZXJfaGFzaCI6IjljMjRiZDc3NzYwZmNjMDFhN2E0YmMyMGM3OGI3NzFlZWRmYjg5OWUiLCJfYXV0aF91c2VyX2JhY2tlbmQiOiJkamFuZ28uY29udHJpYi5hdXRoLmJhY2tlbmRzLk1vZGVsQmFja2VuZCIsIl9hdXRoX3VzZXJfaWQiOiIxMzYiLCJyb29tcyI6WzEzNjc5XX0=','2017-06-04 23:29:18.050970'),
	('chnb5b9731479e3263550b1c0d107c9e','YmEwZWE5MjNhNGQyMmI2N2MzOTAwMjdhYzc2MjZlYWZjNDFmNTk2ZTp7Il9hdXRoX3VzZXJfaGFzaCI6IjljMjRiZDc3NzYwZmNjMDFhN2E0YmMyMGM3OGI3NzFlZWRmYjg5OWUiLCJfYXV0aF91c2VyX2JhY2tlbmQiOiJkamFuZ28uY29udHJpYi5hdXRoLmJhY2tlbmRzLk1vZGVsQmFja2VuZCIsIl9hdXRoX3VzZXJfaWQiOiIxMzYiLCJyb29tcyI6WzEzNjc5XX0=','2017-06-04 22:54:20.131879'),
	('chnb61e222b8358cf4ae2153a725ed89','ZjhlYTUwMzA3ZWEyMjE5MTA2YzJkZDk2YTc4YmMxMDFlMWI5YWJjNTp7Il9hdXRoX3VzZXJfaGFzaCI6IjEyMmVhYzJhMWUwNmE3ZjZiNmJiMTM0NWZkOGYyZDk1NWYyMmQyZjQiLCJfYXV0aF91c2VyX2JhY2tlbmQiOiJkamFuZ28uY29udHJpYi5hdXRoLmJhY2tlbmRzLk1vZGVsQmFja2VuZCIsIl9hdXRoX3VzZXJfaWQiOiI3OSIsInJvb21zIjpbMV19','2017-06-08 17:01:32.457320'),
	('chnb62f5e733e693653e6b9a53fc37f6','ZmZmNDljZmY3NWM3NjVhODNjMTM3YmExYTkwZTcyZTkyZDU5OTIxNDp7Il9hdXRoX3VzZXJfaGFzaCI6IjEyMmVhYzJhMWUwNmE3ZjZiNmJiMTM0NWZkOGYyZDk1NWYyMmQyZjQiLCJfYXV0aF91c2VyX2JhY2tlbmQiOiJkamFuZ28uY29udHJpYi5hdXRoLmJhY2tlbmRzLk1vZGVsQmFja2VuZCIsIl9hdXRoX3VzZXJfaWQiOiI3OSIsInJvb21zIjpbNzk5MF19','2017-06-08 13:07:18.143024'),
	('chnb66dac88b142b11b1b0c12f00320f','YmEwZWE5MjNhNGQyMmI2N2MzOTAwMjdhYzc2MjZlYWZjNDFmNTk2ZTp7Il9hdXRoX3VzZXJfaGFzaCI6IjljMjRiZDc3NzYwZmNjMDFhN2E0YmMyMGM3OGI3NzFlZWRmYjg5OWUiLCJfYXV0aF91c2VyX2JhY2tlbmQiOiJkamFuZ28uY29udHJpYi5hdXRoLmJhY2tlbmRzLk1vZGVsQmFja2VuZCIsIl9hdXRoX3VzZXJfaWQiOiIxMzYiLCJyb29tcyI6WzEzNjc5XX0=','2017-06-04 12:34:49.418700'),
	('chnb67ddecff43157d82b6c6e9af164d','YmEwZWE5MjNhNGQyMmI2N2MzOTAwMjdhYzc2MjZlYWZjNDFmNTk2ZTp7Il9hdXRoX3VzZXJfaGFzaCI6IjljMjRiZDc3NzYwZmNjMDFhN2E0YmMyMGM3OGI3NzFlZWRmYjg5OWUiLCJfYXV0aF91c2VyX2JhY2tlbmQiOiJkamFuZ28uY29udHJpYi5hdXRoLmJhY2tlbmRzLk1vZGVsQmFja2VuZCIsIl9hdXRoX3VzZXJfaWQiOiIxMzYiLCJyb29tcyI6WzEzNjc5XX0=','2017-06-04 23:56:21.050133'),
	('chnb6c94e71930489579b00bb5452297','YmEwZWE5MjNhNGQyMmI2N2MzOTAwMjdhYzc2MjZlYWZjNDFmNTk2ZTp7Il9hdXRoX3VzZXJfaGFzaCI6IjljMjRiZDc3NzYwZmNjMDFhN2E0YmMyMGM3OGI3NzFlZWRmYjg5OWUiLCJfYXV0aF91c2VyX2JhY2tlbmQiOiJkamFuZ28uY29udHJpYi5hdXRoLmJhY2tlbmRzLk1vZGVsQmFja2VuZCIsIl9hdXRoX3VzZXJfaWQiOiIxMzYiLCJyb29tcyI6WzEzNjc5XX0=','2017-06-04 23:55:30.590380'),
	('chnb6de54bcc417408063784b9ce852c','ODdiYTU2MGI3Y2JjN2MyNzE0Mjk5OGM3M2M5MmFhYmM3ZDgzMWIxMjp7Il9hdXRoX3VzZXJfaGFzaCI6IjljMjRiZDc3NzYwZmNjMDFhN2E0YmMyMGM3OGI3NzFlZWRmYjg5OWUiLCJfYXV0aF91c2VyX2JhY2tlbmQiOiJkamFuZ28uY29udHJpYi5hdXRoLmJhY2tlbmRzLk1vZGVsQmFja2VuZCIsIl9hdXRoX3VzZXJfaWQiOiIxMzYiLCJyb29tcyI6Wzc5MTM2XX0=','2017-06-07 16:31:13.040614'),
	('chnb732db6e03c72751eadabc875cad4','ZThhZWMyNjE3ZDUyYWJhOTVkZDc0ZTdmNDFiYzg2MDEwYzk5Y2Y1Yjp7Il9hdXRoX3VzZXJfaGFzaCI6IjkzZmM3ZmE1ZTgwNTNiODRjOTIxOWZmOWM2ZThiNTllYzNjZGI5MDgiLCJfYXV0aF91c2VyX2JhY2tlbmQiOiJkamFuZ28uY29udHJpYi5hdXRoLmJhY2tlbmRzLk1vZGVsQmFja2VuZCIsIl9hdXRoX3VzZXJfaWQiOiI3OSIsInJvb21zIjpbMTc5XX0=','2017-05-27 20:07:17.471277'),
	('chnb7d395338b65036e7f2370ba4e0a0','NzEwNGUxY2FkOWY2NmNlMDAyYzc3MzdmNDk1NzRlNTVlNWU4Y2IwNjp7fQ==','2017-06-06 09:52:04.031636'),
	('chnb80713ed5757cd2679a0d0040b4ee','ZmI0YzQwYzNiMmM1MDYwYjdiY2NiNjAyZWRlYzlhNTQ1NTc3NGRhZjp7Il9hdXRoX3VzZXJfaGFzaCI6IjEyMmVhYzJhMWUwNmE3ZjZiNmJiMTM0NWZkOGYyZDk1NWYyMmQyZjQiLCJfYXV0aF91c2VyX2JhY2tlbmQiOiJkamFuZ28uY29udHJpYi5hdXRoLmJhY2tlbmRzLk1vZGVsQmFja2VuZCIsIl9hdXRoX3VzZXJfaWQiOiI3OSIsInJvb21zIjpbNzk3OV19','2017-06-06 10:42:24.085591'),
	('chnb88af0669415bae4fe35410dd374f','Mjg1ODZmNzZmOWQyYjFmYzkyNGMyOWZhZGU3OTAwNzgyOTM5ZWQ5Yjp7Il9hdXRoX3VzZXJfaGFzaCI6Ijc5ZTFmNjA3YjYwOGU1ZDljY2FkNjUyYzFmOWE3ZDM5NDcyYjU3NmMiLCJfYXV0aF91c2VyX2JhY2tlbmQiOiJkamFuZ28uY29udHJpYi5hdXRoLmJhY2tlbmRzLk1vZGVsQmFja2VuZCIsIl9hdXRoX3VzZXJfaWQiOiI3OSIsInJvb21zIjpbMV19','2017-06-13 10:20:36.137133'),
	('chnb8cee5c1454ff81a7ac814617c59f','ZWQ1Nzc0YjUyMzA4NDQ2Njk5N2UzMjFhNWNiZmY3YjllYTNkOTAzODp7Il9hdXRoX3VzZXJfaGFzaCI6IjEyMmVhYzJhMWUwNmE3ZjZiNmJiMTM0NWZkOGYyZDk1NWYyMmQyZjQiLCJfYXV0aF91c2VyX2JhY2tlbmQiOiJkamFuZ28uY29udHJpYi5hdXRoLmJhY2tlbmRzLk1vZGVsQmFja2VuZCIsIl9hdXRoX3VzZXJfaWQiOiI3OSIsInJvb21zIjpbMTM2ODBdfQ==','2017-06-03 15:36:24.382962'),
	('chnb93df7bf408b672c901525786de37','ZjY2OGY3MDdmNTI4ODk5Nzg5Y2VkNjhkOWM4ODJlMmVhZjUzMDk3Mzp7Il9hdXRoX3VzZXJfaGFzaCI6IjJhNDUyZDYwZDRjMGFkMzg2YjFiNjczYmQ5YTNiNzYzMDY0NWJkNGQiLCJfYXV0aF91c2VyX2lkIjoiMSIsIl9hdXRoX3VzZXJfYmFja2VuZCI6ImRqYW5nby5jb250cmliLmF1dGguYmFja2VuZHMuTW9kZWxCYWNrZW5kIiwicm9vbXMiOltdfQ==','2017-05-27 16:28:42.847933'),
	('chnb96273515863f50eecccd5187b235','NTBlZTczNjMxMTQ1NzY4NmNmNTM2YTFlNGU4MWQxZjYzOWY1MTA0NDp7Il9hdXRoX3VzZXJfaGFzaCI6IjEyMmVhYzJhMWUwNmE3ZjZiNmJiMTM0NWZkOGYyZDk1NWYyMmQyZjQiLCJfYXV0aF91c2VyX2lkIjoiNzkiLCJfYXV0aF91c2VyX2JhY2tlbmQiOiJkamFuZ28uY29udHJpYi5hdXRoLmJhY2tlbmRzLk1vZGVsQmFja2VuZCIsInJvb21zIjpbXX0=','2017-06-02 14:41:32.430169'),
	('chnb9d8971ce42d813d6d0ae8f5634b4','YTk3ZTQ0NzQ3NTY2YzI4MWJlMzJiMGFhMzdjNWYzOTI5MGYyMzg0Zjp7InJvb21zIjpbXX0=','2017-05-27 13:54:07.657883'),
	('chnba207bd88a8dc783583bf25cc9c8b','NTBlZTczNjMxMTQ1NzY4NmNmNTM2YTFlNGU4MWQxZjYzOWY1MTA0NDp7Il9hdXRoX3VzZXJfaGFzaCI6IjEyMmVhYzJhMWUwNmE3ZjZiNmJiMTM0NWZkOGYyZDk1NWYyMmQyZjQiLCJfYXV0aF91c2VyX2lkIjoiNzkiLCJfYXV0aF91c2VyX2JhY2tlbmQiOiJkamFuZ28uY29udHJpYi5hdXRoLmJhY2tlbmRzLk1vZGVsQmFja2VuZCIsInJvb21zIjpbXX0=','2017-06-02 13:52:37.135323'),
	('chnba829abe9a16d1addc3e966a19ff2','ZWQ1Nzc0YjUyMzA4NDQ2Njk5N2UzMjFhNWNiZmY3YjllYTNkOTAzODp7Il9hdXRoX3VzZXJfaGFzaCI6IjEyMmVhYzJhMWUwNmE3ZjZiNmJiMTM0NWZkOGYyZDk1NWYyMmQyZjQiLCJfYXV0aF91c2VyX2JhY2tlbmQiOiJkamFuZ28uY29udHJpYi5hdXRoLmJhY2tlbmRzLk1vZGVsQmFja2VuZCIsIl9hdXRoX3VzZXJfaWQiOiI3OSIsInJvb21zIjpbMTM2ODBdfQ==','2017-06-02 22:31:40.365177'),
	('chnbacd68b6bf9550dcdd8a190316589','ZjNiYmY3M2MzODMwMzczYWMxNWZlNGQ1ZDNiM2RhYWY1OGNiYTM0NTp7Il9hdXRoX3VzZXJfaGFzaCI6IjljMjRiZDc3NzYwZmNjMDFhN2E0YmMyMGM3OGI3NzFlZWRmYjg5OWUiLCJfYXV0aF91c2VyX2JhY2tlbmQiOiJkamFuZ28uY29udHJpYi5hdXRoLmJhY2tlbmRzLk1vZGVsQmFja2VuZCIsIl9hdXRoX3VzZXJfaWQiOiIxMzYiLCJyb29tcyI6WzFdfQ==','2017-06-05 12:24:11.979752'),
	('chnbae329c107c892dd4b28cf23c9351','ODdiYTU2MGI3Y2JjN2MyNzE0Mjk5OGM3M2M5MmFhYmM3ZDgzMWIxMjp7Il9hdXRoX3VzZXJfaGFzaCI6IjljMjRiZDc3NzYwZmNjMDFhN2E0YmMyMGM3OGI3NzFlZWRmYjg5OWUiLCJfYXV0aF91c2VyX2JhY2tlbmQiOiJkamFuZ28uY29udHJpYi5hdXRoLmJhY2tlbmRzLk1vZGVsQmFja2VuZCIsIl9hdXRoX3VzZXJfaWQiOiIxMzYiLCJyb29tcyI6Wzc5MTM2XX0=','2017-06-07 17:40:07.117405'),
	('chnbb002eb49d770be6e33b456f0500e','YmEwZWE5MjNhNGQyMmI2N2MzOTAwMjdhYzc2MjZlYWZjNDFmNTk2ZTp7Il9hdXRoX3VzZXJfaGFzaCI6IjljMjRiZDc3NzYwZmNjMDFhN2E0YmMyMGM3OGI3NzFlZWRmYjg5OWUiLCJfYXV0aF91c2VyX2JhY2tlbmQiOiJkamFuZ28uY29udHJpYi5hdXRoLmJhY2tlbmRzLk1vZGVsQmFja2VuZCIsIl9hdXRoX3VzZXJfaWQiOiIxMzYiLCJyb29tcyI6WzEzNjc5XX0=','2017-06-05 00:00:13.043928'),
	('chnbb68933285550d9297249d6fe7fa9','ZWQ1Nzc0YjUyMzA4NDQ2Njk5N2UzMjFhNWNiZmY3YjllYTNkOTAzODp7Il9hdXRoX3VzZXJfaGFzaCI6IjEyMmVhYzJhMWUwNmE3ZjZiNmJiMTM0NWZkOGYyZDk1NWYyMmQyZjQiLCJfYXV0aF91c2VyX2JhY2tlbmQiOiJkamFuZ28uY29udHJpYi5hdXRoLmJhY2tlbmRzLk1vZGVsQmFja2VuZCIsIl9hdXRoX3VzZXJfaWQiOiI3OSIsInJvb21zIjpbMTM2ODBdfQ==','2017-06-03 19:08:52.027575'),
	('chnbbaebe5d16c20645a09c392d937e5','ZjhlYTUwMzA3ZWEyMjE5MTA2YzJkZDk2YTc4YmMxMDFlMWI5YWJjNTp7Il9hdXRoX3VzZXJfaGFzaCI6IjEyMmVhYzJhMWUwNmE3ZjZiNmJiMTM0NWZkOGYyZDk1NWYyMmQyZjQiLCJfYXV0aF91c2VyX2JhY2tlbmQiOiJkamFuZ28uY29udHJpYi5hdXRoLmJhY2tlbmRzLk1vZGVsQmFja2VuZCIsIl9hdXRoX3VzZXJfaWQiOiI3OSIsInJvb21zIjpbMV19','2017-06-08 22:11:56.219807'),
	('chnbbbbcac49af848e015f13d6903a36','YmEwZWE5MjNhNGQyMmI2N2MzOTAwMjdhYzc2MjZlYWZjNDFmNTk2ZTp7Il9hdXRoX3VzZXJfaGFzaCI6IjljMjRiZDc3NzYwZmNjMDFhN2E0YmMyMGM3OGI3NzFlZWRmYjg5OWUiLCJfYXV0aF91c2VyX2JhY2tlbmQiOiJkamFuZ28uY29udHJpYi5hdXRoLmJhY2tlbmRzLk1vZGVsQmFja2VuZCIsIl9hdXRoX3VzZXJfaWQiOiIxMzYiLCJyb29tcyI6WzEzNjc5XX0=','2017-06-04 15:30:35.544753'),
	('chnbc662fbbbaf98f5d6ad64ef52a53e','NTBlZTczNjMxMTQ1NzY4NmNmNTM2YTFlNGU4MWQxZjYzOWY1MTA0NDp7Il9hdXRoX3VzZXJfaGFzaCI6IjEyMmVhYzJhMWUwNmE3ZjZiNmJiMTM0NWZkOGYyZDk1NWYyMmQyZjQiLCJfYXV0aF91c2VyX2lkIjoiNzkiLCJfYXV0aF91c2VyX2JhY2tlbmQiOiJkamFuZ28uY29udHJpYi5hdXRoLmJhY2tlbmRzLk1vZGVsQmFja2VuZCIsInJvb21zIjpbXX0=','2017-06-02 22:37:47.490811'),
	('chnbca3ff620299f504cef1d7eacbe68','ODdiYTU2MGI3Y2JjN2MyNzE0Mjk5OGM3M2M5MmFhYmM3ZDgzMWIxMjp7Il9hdXRoX3VzZXJfaGFzaCI6IjljMjRiZDc3NzYwZmNjMDFhN2E0YmMyMGM3OGI3NzFlZWRmYjg5OWUiLCJfYXV0aF91c2VyX2JhY2tlbmQiOiJkamFuZ28uY29udHJpYi5hdXRoLmJhY2tlbmRzLk1vZGVsQmFja2VuZCIsIl9hdXRoX3VzZXJfaWQiOiIxMzYiLCJyb29tcyI6Wzc5MTM2XX0=','2017-06-07 18:35:21.153088'),
	('chnbcd3169cb4a5af8783689fa4c8240','NzEwNGUxY2FkOWY2NmNlMDAyYzc3MzdmNDk1NzRlNTVlNWU4Y2IwNjp7fQ==','2017-06-06 15:08:29.263432'),
	('chnbcfd5e0d9d1b06612fbd099f27edc','ODM1NzVjNmQzMDNhNWU3NzNkYjZhYzNjOThjOTYzZGJiYWQ0OTAyMTp7Il9hdXRoX3VzZXJfaGFzaCI6IjEyMmVhYzJhMWUwNmE3ZjZiNmJiMTM0NWZkOGYyZDk1NWYyMmQyZjQiLCJfYXV0aF91c2VyX2lkIjoiNzkiLCJfYXV0aF91c2VyX2JhY2tlbmQiOiJkamFuZ28uY29udHJpYi5hdXRoLmJhY2tlbmRzLk1vZGVsQmFja2VuZCJ9','2017-06-04 10:33:19.069580'),
	('chnbe3c0fb8b9ef06feb8a65a4771dc6','ODdiYTU2MGI3Y2JjN2MyNzE0Mjk5OGM3M2M5MmFhYmM3ZDgzMWIxMjp7Il9hdXRoX3VzZXJfaGFzaCI6IjljMjRiZDc3NzYwZmNjMDFhN2E0YmMyMGM3OGI3NzFlZWRmYjg5OWUiLCJfYXV0aF91c2VyX2JhY2tlbmQiOiJkamFuZ28uY29udHJpYi5hdXRoLmJhY2tlbmRzLk1vZGVsQmFja2VuZCIsIl9hdXRoX3VzZXJfaWQiOiIxMzYiLCJyb29tcyI6Wzc5MTM2XX0=','2017-06-07 17:41:31.176456'),
	('chnbed5ba688e54770471fb7d98f8974','NzEwNGUxY2FkOWY2NmNlMDAyYzc3MzdmNDk1NzRlNTVlNWU4Y2IwNjp7fQ==','2017-06-06 15:02:35.263757'),
	('chnbf0d92673c6b09131b37555e76277','NTBlZTczNjMxMTQ1NzY4NmNmNTM2YTFlNGU4MWQxZjYzOWY1MTA0NDp7Il9hdXRoX3VzZXJfaGFzaCI6IjEyMmVhYzJhMWUwNmE3ZjZiNmJiMTM0NWZkOGYyZDk1NWYyMmQyZjQiLCJfYXV0aF91c2VyX2lkIjoiNzkiLCJfYXV0aF91c2VyX2JhY2tlbmQiOiJkamFuZ28uY29udHJpYi5hdXRoLmJhY2tlbmRzLk1vZGVsQmFja2VuZCIsInJvb21zIjpbXX0=','2017-06-03 14:57:44.555945'),
	('chnbf45195f2aaeef2d5e7602e10da31','Yzg1NzcyZjFiNmRjMGEyZWQ3NDdlYWI0NDNhZWY3OTkyMTIyYTc4YTp7Il9hdXRoX3VzZXJfaGFzaCI6IjEyMmVhYzJhMWUwNmE3ZjZiNmJiMTM0NWZkOGYyZDk1NWYyMmQyZjQiLCJfYXV0aF91c2VyX2JhY2tlbmQiOiJkamFuZ28uY29udHJpYi5hdXRoLmJhY2tlbmRzLk1vZGVsQmFja2VuZCIsIl9hdXRoX3VzZXJfaWQiOiI3OSIsInJvb21zIjpbMTM2NzldfQ==','2017-06-06 10:42:31.829598'),
	('chnbf4e4522fe9ec02f4cb4134144a43','ODI2NWFhM2Q5OGI3YjllODJhZTM0ZTFkMWJjYTA5MGIyOTgzMmUwMTp7Il9hdXRoX3VzZXJfaGFzaCI6IjEyMmVhYzJhMWUwNmE3ZjZiNmJiMTM0NWZkOGYyZDk1NWYyMmQyZjQiLCJfYXV0aF91c2VyX2JhY2tlbmQiOiJkamFuZ28uY29udHJpYi5hdXRoLmJhY2tlbmRzLk1vZGVsQmFja2VuZCIsIl9hdXRoX3VzZXJfaWQiOiI3OSIsInJvb21zIjpbNzkxMzZdfQ==','2017-06-07 13:54:27.496458'),
	('chnbf9d1297cc3dc9b724e659a9a51bd','YmEwZWE5MjNhNGQyMmI2N2MzOTAwMjdhYzc2MjZlYWZjNDFmNTk2ZTp7Il9hdXRoX3VzZXJfaGFzaCI6IjljMjRiZDc3NzYwZmNjMDFhN2E0YmMyMGM3OGI3NzFlZWRmYjg5OWUiLCJfYXV0aF91c2VyX2JhY2tlbmQiOiJkamFuZ28uY29udHJpYi5hdXRoLmJhY2tlbmRzLk1vZGVsQmFja2VuZCIsIl9hdXRoX3VzZXJfaWQiOiIxMzYiLCJyb29tcyI6WzEzNjc5XX0=','2017-06-04 23:24:05.779876'),
	('chnc055276ef4f91f70ad547027f46c5','NzEwNGUxY2FkOWY2NmNlMDAyYzc3MzdmNDk1NzRlNTVlNWU4Y2IwNjp7fQ==','2017-06-06 10:51:38.058466'),
	('chnc07c8bb58698c8fe844f6d6ce9ada','NTBlZTczNjMxMTQ1NzY4NmNmNTM2YTFlNGU4MWQxZjYzOWY1MTA0NDp7Il9hdXRoX3VzZXJfaGFzaCI6IjEyMmVhYzJhMWUwNmE3ZjZiNmJiMTM0NWZkOGYyZDk1NWYyMmQyZjQiLCJfYXV0aF91c2VyX2lkIjoiNzkiLCJfYXV0aF91c2VyX2JhY2tlbmQiOiJkamFuZ28uY29udHJpYi5hdXRoLmJhY2tlbmRzLk1vZGVsQmFja2VuZCIsInJvb21zIjpbXX0=','2017-06-02 10:43:08.868720'),
	('chnc08e2e95ea818ecb17c42cd063f3b','YmEwZWE5MjNhNGQyMmI2N2MzOTAwMjdhYzc2MjZlYWZjNDFmNTk2ZTp7Il9hdXRoX3VzZXJfaGFzaCI6IjljMjRiZDc3NzYwZmNjMDFhN2E0YmMyMGM3OGI3NzFlZWRmYjg5OWUiLCJfYXV0aF91c2VyX2JhY2tlbmQiOiJkamFuZ28uY29udHJpYi5hdXRoLmJhY2tlbmRzLk1vZGVsQmFja2VuZCIsIl9hdXRoX3VzZXJfaWQiOiIxMzYiLCJyb29tcyI6WzEzNjc5XX0=','2017-06-05 11:00:13.493430'),
	('chnc0fd218584436f68e101b4c81676b','YmEwZWE5MjNhNGQyMmI2N2MzOTAwMjdhYzc2MjZlYWZjNDFmNTk2ZTp7Il9hdXRoX3VzZXJfaGFzaCI6IjljMjRiZDc3NzYwZmNjMDFhN2E0YmMyMGM3OGI3NzFlZWRmYjg5OWUiLCJfYXV0aF91c2VyX2JhY2tlbmQiOiJkamFuZ28uY29udHJpYi5hdXRoLmJhY2tlbmRzLk1vZGVsQmFja2VuZCIsIl9hdXRoX3VzZXJfaWQiOiIxMzYiLCJyb29tcyI6WzEzNjc5XX0=','2017-06-05 12:03:50.425754'),
	('chnc12cc87c3ed36d8132350eb6e5a97','ZmZmNDljZmY3NWM3NjVhODNjMTM3YmExYTkwZTcyZTkyZDU5OTIxNDp7Il9hdXRoX3VzZXJfaGFzaCI6IjEyMmVhYzJhMWUwNmE3ZjZiNmJiMTM0NWZkOGYyZDk1NWYyMmQyZjQiLCJfYXV0aF91c2VyX2JhY2tlbmQiOiJkamFuZ28uY29udHJpYi5hdXRoLmJhY2tlbmRzLk1vZGVsQmFja2VuZCIsIl9hdXRoX3VzZXJfaWQiOiI3OSIsInJvb21zIjpbNzk5MF19','2017-06-08 13:18:07.713462'),
	('chnc151e50368e46b0151fa770b53256','OTk5ZDM2MzgwMzBkZDhmMTg1MzBhMDk3NTE2NGYzMzMyYzJlMGE2NTp7Il9hdXRoX3VzZXJfaGFzaCI6IjVkMmM5YWIzMDc3MzM3NzNiOTI3NTIwZGExNjJhNzhlMWYwOTM2OWUiLCJfYXV0aF91c2VyX2lkIjoiODMiLCJfYXV0aF91c2VyX2JhY2tlbmQiOiJkamFuZ28uY29udHJpYi5hdXRoLmJhY2tlbmRzLk1vZGVsQmFja2VuZCIsInJvb21zIjpbXX0=','2017-06-02 13:41:41.412744'),
	('chnc16ca1f73cf6b8dc2e79cae16f60e','ODdiYTU2MGI3Y2JjN2MyNzE0Mjk5OGM3M2M5MmFhYmM3ZDgzMWIxMjp7Il9hdXRoX3VzZXJfaGFzaCI6IjljMjRiZDc3NzYwZmNjMDFhN2E0YmMyMGM3OGI3NzFlZWRmYjg5OWUiLCJfYXV0aF91c2VyX2JhY2tlbmQiOiJkamFuZ28uY29udHJpYi5hdXRoLmJhY2tlbmRzLk1vZGVsQmFja2VuZCIsIl9hdXRoX3VzZXJfaWQiOiIxMzYiLCJyb29tcyI6Wzc5MTM2XX0=','2017-06-07 16:27:22.542620'),
	('chnc17559be21639435f5cfb094163c2','NTA2MmFmOGY0M2FmYzg4MWE2YmVkMDNkNmRhM2YwMWQ0ZTMxNWI0Mjp7Il9hdXRoX3VzZXJfaGFzaCI6Ijc5ZTFmNjA3YjYwOGU1ZDljY2FkNjUyYzFmOWE3ZDM5NDcyYjU3NmMiLCJfYXV0aF91c2VyX2JhY2tlbmQiOiJkamFuZ28uY29udHJpYi5hdXRoLmJhY2tlbmRzLk1vZGVsQmFja2VuZCIsIl9hdXRoX3VzZXJfaWQiOiI3OSIsInJvb21zIjpbNzkxMzZdfQ==','2017-06-13 10:20:03.595825'),
	('chnc19021870e35009304a8c5984fbc3','ZmZmNDljZmY3NWM3NjVhODNjMTM3YmExYTkwZTcyZTkyZDU5OTIxNDp7Il9hdXRoX3VzZXJfaGFzaCI6IjEyMmVhYzJhMWUwNmE3ZjZiNmJiMTM0NWZkOGYyZDk1NWYyMmQyZjQiLCJfYXV0aF91c2VyX2JhY2tlbmQiOiJkamFuZ28uY29udHJpYi5hdXRoLmJhY2tlbmRzLk1vZGVsQmFja2VuZCIsIl9hdXRoX3VzZXJfaWQiOiI3OSIsInJvb21zIjpbNzk5MF19','2017-06-08 17:01:29.363333'),
	('chnc2274e2a0c328ef831a2d698d9905','MWE0Y2E0NGFmMGM2YTBkNjJlY2ZmNGY0MzY5MzJlOGI3ZWE2NDc5YTp7Il9hdXRoX3VzZXJfaGFzaCI6IjEyMmVhYzJhMWUwNmE3ZjZiNmJiMTM0NWZkOGYyZDk1NWYyMmQyZjQiLCJfYXV0aF91c2VyX2JhY2tlbmQiOiJkamFuZ28uY29udHJpYi5hdXRoLmJhY2tlbmRzLk1vZGVsQmFja2VuZCIsIl9hdXRoX3VzZXJfaWQiOiI3OSIsInJvb21zIjpbNzk4M119','2017-06-08 12:57:17.946917'),
	('chnc234fe120ca65ea085bc0c3635d9b','NTBlZTczNjMxMTQ1NzY4NmNmNTM2YTFlNGU4MWQxZjYzOWY1MTA0NDp7Il9hdXRoX3VzZXJfaGFzaCI6IjEyMmVhYzJhMWUwNmE3ZjZiNmJiMTM0NWZkOGYyZDk1NWYyMmQyZjQiLCJfYXV0aF91c2VyX2lkIjoiNzkiLCJfYXV0aF91c2VyX2JhY2tlbmQiOiJkamFuZ28uY29udHJpYi5hdXRoLmJhY2tlbmRzLk1vZGVsQmFja2VuZCIsInJvb21zIjpbXX0=','2017-06-06 10:41:33.337917'),
	('chnc3906a5bd3a2df3506f830d04ff37','YTc0ZTczNDAxNmYyOTZmYWJjNzAyOTY1MWRhM2Q3NzIxMzI2ZDQxNDp7Il9hdXRoX3VzZXJfaGFzaCI6IjVkMmM5YWIzMDc3MzM3NzNiOTI3NTIwZGExNjJhNzhlMWYwOTM2OWUiLCJfYXV0aF91c2VyX2JhY2tlbmQiOiJkamFuZ28uY29udHJpYi5hdXRoLmJhY2tlbmRzLk1vZGVsQmFja2VuZCIsIl9hdXRoX3VzZXJfaWQiOiI4MyIsInJvb21zIjpbMTM2ODBdfQ==','2017-06-02 14:54:55.307649'),
	('chnc3c7c4dc39af6a579ce43fb7f9ea8','NzEwNGUxY2FkOWY2NmNlMDAyYzc3MzdmNDk1NzRlNTVlNWU4Y2IwNjp7fQ==','2017-06-06 14:12:47.020540'),
	('chnc3f133adf666ef1d446e887cf573f','Yzg1NzcyZjFiNmRjMGEyZWQ3NDdlYWI0NDNhZWY3OTkyMTIyYTc4YTp7Il9hdXRoX3VzZXJfaGFzaCI6IjEyMmVhYzJhMWUwNmE3ZjZiNmJiMTM0NWZkOGYyZDk1NWYyMmQyZjQiLCJfYXV0aF91c2VyX2JhY2tlbmQiOiJkamFuZ28uY29udHJpYi5hdXRoLmJhY2tlbmRzLk1vZGVsQmFja2VuZCIsIl9hdXRoX3VzZXJfaWQiOiI3OSIsInJvb21zIjpbMTM2NzldfQ==','2017-06-04 15:40:50.642922'),
	('chnc4667bf8fe5bd3ebda8f2f2e82c5a','YmEwZWE5MjNhNGQyMmI2N2MzOTAwMjdhYzc2MjZlYWZjNDFmNTk2ZTp7Il9hdXRoX3VzZXJfaGFzaCI6IjljMjRiZDc3NzYwZmNjMDFhN2E0YmMyMGM3OGI3NzFlZWRmYjg5OWUiLCJfYXV0aF91c2VyX2JhY2tlbmQiOiJkamFuZ28uY29udHJpYi5hdXRoLmJhY2tlbmRzLk1vZGVsQmFja2VuZCIsIl9hdXRoX3VzZXJfaWQiOiIxMzYiLCJyb29tcyI6WzEzNjc5XX0=','2017-06-05 11:31:15.328963'),
	('chnc4ff894d00e0fcbaaa99a05ebe883','NzEwNGUxY2FkOWY2NmNlMDAyYzc3MzdmNDk1NzRlNTVlNWU4Y2IwNjp7fQ==','2017-06-06 11:46:33.048504'),
	('chnc50e91f74ec6ccf274ea29c1b824b','YmEwZWE5MjNhNGQyMmI2N2MzOTAwMjdhYzc2MjZlYWZjNDFmNTk2ZTp7Il9hdXRoX3VzZXJfaGFzaCI6IjljMjRiZDc3NzYwZmNjMDFhN2E0YmMyMGM3OGI3NzFlZWRmYjg5OWUiLCJfYXV0aF91c2VyX2JhY2tlbmQiOiJkamFuZ28uY29udHJpYi5hdXRoLmJhY2tlbmRzLk1vZGVsQmFja2VuZCIsIl9hdXRoX3VzZXJfaWQiOiIxMzYiLCJyb29tcyI6WzEzNjc5XX0=','2017-06-05 11:18:26.796870'),
	('chnc65fba0f5458490a80e170a2551fb','NTBlZTczNjMxMTQ1NzY4NmNmNTM2YTFlNGU4MWQxZjYzOWY1MTA0NDp7Il9hdXRoX3VzZXJfaGFzaCI6IjEyMmVhYzJhMWUwNmE3ZjZiNmJiMTM0NWZkOGYyZDk1NWYyMmQyZjQiLCJfYXV0aF91c2VyX2lkIjoiNzkiLCJfYXV0aF91c2VyX2JhY2tlbmQiOiJkamFuZ28uY29udHJpYi5hdXRoLmJhY2tlbmRzLk1vZGVsQmFja2VuZCIsInJvb21zIjpbXX0=','2017-06-04 12:24:16.445769'),
	('chnc6a372333cab370251aba3c854439','YmEwZWE5MjNhNGQyMmI2N2MzOTAwMjdhYzc2MjZlYWZjNDFmNTk2ZTp7Il9hdXRoX3VzZXJfaGFzaCI6IjljMjRiZDc3NzYwZmNjMDFhN2E0YmMyMGM3OGI3NzFlZWRmYjg5OWUiLCJfYXV0aF91c2VyX2JhY2tlbmQiOiJkamFuZ28uY29udHJpYi5hdXRoLmJhY2tlbmRzLk1vZGVsQmFja2VuZCIsIl9hdXRoX3VzZXJfaWQiOiIxMzYiLCJyb29tcyI6WzEzNjc5XX0=','2017-06-04 23:29:41.803549'),
	('chnc73b426ec5895d83d3a8c8858850c','MWE0Y2E0NGFmMGM2YTBkNjJlY2ZmNGY0MzY5MzJlOGI3ZWE2NDc5YTp7Il9hdXRoX3VzZXJfaGFzaCI6IjEyMmVhYzJhMWUwNmE3ZjZiNmJiMTM0NWZkOGYyZDk1NWYyMmQyZjQiLCJfYXV0aF91c2VyX2JhY2tlbmQiOiJkamFuZ28uY29udHJpYi5hdXRoLmJhY2tlbmRzLk1vZGVsQmFja2VuZCIsIl9hdXRoX3VzZXJfaWQiOiI3OSIsInJvb21zIjpbNzk4M119','2017-06-08 12:57:13.593057'),
	('chnc77666fd65a4867f0853b6e0a260a','ZWQ1Nzc0YjUyMzA4NDQ2Njk5N2UzMjFhNWNiZmY3YjllYTNkOTAzODp7Il9hdXRoX3VzZXJfaGFzaCI6IjEyMmVhYzJhMWUwNmE3ZjZiNmJiMTM0NWZkOGYyZDk1NWYyMmQyZjQiLCJfYXV0aF91c2VyX2JhY2tlbmQiOiJkamFuZ28uY29udHJpYi5hdXRoLmJhY2tlbmRzLk1vZGVsQmFja2VuZCIsIl9hdXRoX3VzZXJfaWQiOiI3OSIsInJvb21zIjpbMTM2ODBdfQ==','2017-06-03 16:13:35.153585'),
	('chnc7885455406a548531f3c44237e8c','YmEwZWE5MjNhNGQyMmI2N2MzOTAwMjdhYzc2MjZlYWZjNDFmNTk2ZTp7Il9hdXRoX3VzZXJfaGFzaCI6IjljMjRiZDc3NzYwZmNjMDFhN2E0YmMyMGM3OGI3NzFlZWRmYjg5OWUiLCJfYXV0aF91c2VyX2JhY2tlbmQiOiJkamFuZ28uY29udHJpYi5hdXRoLmJhY2tlbmRzLk1vZGVsQmFja2VuZCIsIl9hdXRoX3VzZXJfaWQiOiIxMzYiLCJyb29tcyI6WzEzNjc5XX0=','2017-06-04 23:39:01.809830'),
	('chnc78bd99b6453efccc0194f006c98e','ODI2NWFhM2Q5OGI3YjllODJhZTM0ZTFkMWJjYTA5MGIyOTgzMmUwMTp7Il9hdXRoX3VzZXJfaGFzaCI6IjEyMmVhYzJhMWUwNmE3ZjZiNmJiMTM0NWZkOGYyZDk1NWYyMmQyZjQiLCJfYXV0aF91c2VyX2JhY2tlbmQiOiJkamFuZ28uY29udHJpYi5hdXRoLmJhY2tlbmRzLk1vZGVsQmFja2VuZCIsIl9hdXRoX3VzZXJfaWQiOiI3OSIsInJvb21zIjpbNzkxMzZdfQ==','2017-06-08 13:32:20.130260'),
	('chnc7d085ca1d99642756d41911e40bc','ZmZmNDljZmY3NWM3NjVhODNjMTM3YmExYTkwZTcyZTkyZDU5OTIxNDp7Il9hdXRoX3VzZXJfaGFzaCI6IjEyMmVhYzJhMWUwNmE3ZjZiNmJiMTM0NWZkOGYyZDk1NWYyMmQyZjQiLCJfYXV0aF91c2VyX2JhY2tlbmQiOiJkamFuZ28uY29udHJpYi5hdXRoLmJhY2tlbmRzLk1vZGVsQmFja2VuZCIsIl9hdXRoX3VzZXJfaWQiOiI3OSIsInJvb21zIjpbNzk5MF19','2017-06-08 22:12:01.522675'),
	('chnc814ad2de623588f371d6d8734f60','Yzg1NzcyZjFiNmRjMGEyZWQ3NDdlYWI0NDNhZWY3OTkyMTIyYTc4YTp7Il9hdXRoX3VzZXJfaGFzaCI6IjEyMmVhYzJhMWUwNmE3ZjZiNmJiMTM0NWZkOGYyZDk1NWYyMmQyZjQiLCJfYXV0aF91c2VyX2JhY2tlbmQiOiJkamFuZ28uY29udHJpYi5hdXRoLmJhY2tlbmRzLk1vZGVsQmFja2VuZCIsIl9hdXRoX3VzZXJfaWQiOiI3OSIsInJvb21zIjpbMTM2NzldfQ==','2017-06-05 11:54:50.912291'),
	('chnc824c33926d2e9bcd9c74559867c7','YmEwZWE5MjNhNGQyMmI2N2MzOTAwMjdhYzc2MjZlYWZjNDFmNTk2ZTp7Il9hdXRoX3VzZXJfaGFzaCI6IjljMjRiZDc3NzYwZmNjMDFhN2E0YmMyMGM3OGI3NzFlZWRmYjg5OWUiLCJfYXV0aF91c2VyX2JhY2tlbmQiOiJkamFuZ28uY29udHJpYi5hdXRoLmJhY2tlbmRzLk1vZGVsQmFja2VuZCIsIl9hdXRoX3VzZXJfaWQiOiIxMzYiLCJyb29tcyI6WzEzNjc5XX0=','2017-06-04 23:43:02.746176'),
	('chnc8aa44a2cad42dcf76a195a8b4fc1','Yzg1NzcyZjFiNmRjMGEyZWQ3NDdlYWI0NDNhZWY3OTkyMTIyYTc4YTp7Il9hdXRoX3VzZXJfaGFzaCI6IjEyMmVhYzJhMWUwNmE3ZjZiNmJiMTM0NWZkOGYyZDk1NWYyMmQyZjQiLCJfYXV0aF91c2VyX2JhY2tlbmQiOiJkamFuZ28uY29udHJpYi5hdXRoLmJhY2tlbmRzLk1vZGVsQmFja2VuZCIsIl9hdXRoX3VzZXJfaWQiOiI3OSIsInJvb21zIjpbMTM2NzldfQ==','2017-06-06 17:52:58.875066'),
	('chnc9246af1f0e3285dfe4f93ea327a6','Yzg1NzcyZjFiNmRjMGEyZWQ3NDdlYWI0NDNhZWY3OTkyMTIyYTc4YTp7Il9hdXRoX3VzZXJfaGFzaCI6IjEyMmVhYzJhMWUwNmE3ZjZiNmJiMTM0NWZkOGYyZDk1NWYyMmQyZjQiLCJfYXV0aF91c2VyX2JhY2tlbmQiOiJkamFuZ28uY29udHJpYi5hdXRoLmJhY2tlbmRzLk1vZGVsQmFja2VuZCIsIl9hdXRoX3VzZXJfaWQiOiI3OSIsInJvb21zIjpbMTM2NzldfQ==','2017-06-04 15:45:41.231834'),
	('chnc98b136211ea6865a07a2d3bc5965','ZmZmNDljZmY3NWM3NjVhODNjMTM3YmExYTkwZTcyZTkyZDU5OTIxNDp7Il9hdXRoX3VzZXJfaGFzaCI6IjEyMmVhYzJhMWUwNmE3ZjZiNmJiMTM0NWZkOGYyZDk1NWYyMmQyZjQiLCJfYXV0aF91c2VyX2JhY2tlbmQiOiJkamFuZ28uY29udHJpYi5hdXRoLmJhY2tlbmRzLk1vZGVsQmFja2VuZCIsIl9hdXRoX3VzZXJfaWQiOiI3OSIsInJvb21zIjpbNzk5MF19','2017-06-08 13:08:40.626637'),
	('chnca139b0340774488e3116007a32e4','YmEwZWE5MjNhNGQyMmI2N2MzOTAwMjdhYzc2MjZlYWZjNDFmNTk2ZTp7Il9hdXRoX3VzZXJfaGFzaCI6IjljMjRiZDc3NzYwZmNjMDFhN2E0YmMyMGM3OGI3NzFlZWRmYjg5OWUiLCJfYXV0aF91c2VyX2JhY2tlbmQiOiJkamFuZ28uY29udHJpYi5hdXRoLmJhY2tlbmRzLk1vZGVsQmFja2VuZCIsIl9hdXRoX3VzZXJfaWQiOiIxMzYiLCJyb29tcyI6WzEzNjc5XX0=','2017-06-04 23:01:12.474469'),
	('chnca6c079ce31634ee75e8c89730d3b','ZjNiYmY3M2MzODMwMzczYWMxNWZlNGQ1ZDNiM2RhYWY1OGNiYTM0NTp7Il9hdXRoX3VzZXJfaGFzaCI6IjljMjRiZDc3NzYwZmNjMDFhN2E0YmMyMGM3OGI3NzFlZWRmYjg5OWUiLCJfYXV0aF91c2VyX2JhY2tlbmQiOiJkamFuZ28uY29udHJpYi5hdXRoLmJhY2tlbmRzLk1vZGVsQmFja2VuZCIsIl9hdXRoX3VzZXJfaWQiOiIxMzYiLCJyb29tcyI6WzFdfQ==','2017-06-04 16:17:10.651708'),
	('chncb7e4d1ca400927b6f8dee03d117c','Yzg1NzcyZjFiNmRjMGEyZWQ3NDdlYWI0NDNhZWY3OTkyMTIyYTc4YTp7Il9hdXRoX3VzZXJfaGFzaCI6IjEyMmVhYzJhMWUwNmE3ZjZiNmJiMTM0NWZkOGYyZDk1NWYyMmQyZjQiLCJfYXV0aF91c2VyX2JhY2tlbmQiOiJkamFuZ28uY29udHJpYi5hdXRoLmJhY2tlbmRzLk1vZGVsQmFja2VuZCIsIl9hdXRoX3VzZXJfaWQiOiI3OSIsInJvb21zIjpbMTM2NzldfQ==','2017-06-05 11:56:33.996925'),
	('chncbc3c85ee55f5a296659c78f923e1','Yzg1NzcyZjFiNmRjMGEyZWQ3NDdlYWI0NDNhZWY3OTkyMTIyYTc4YTp7Il9hdXRoX3VzZXJfaGFzaCI6IjEyMmVhYzJhMWUwNmE3ZjZiNmJiMTM0NWZkOGYyZDk1NWYyMmQyZjQiLCJfYXV0aF91c2VyX2JhY2tlbmQiOiJkamFuZ28uY29udHJpYi5hdXRoLmJhY2tlbmRzLk1vZGVsQmFja2VuZCIsIl9hdXRoX3VzZXJfaWQiOiI3OSIsInJvb21zIjpbMTM2NzldfQ==','2017-06-04 15:33:44.825263'),
	('chncbea448dfefbf5ec4694add2b02d1','ODdiYTU2MGI3Y2JjN2MyNzE0Mjk5OGM3M2M5MmFhYmM3ZDgzMWIxMjp7Il9hdXRoX3VzZXJfaGFzaCI6IjljMjRiZDc3NzYwZmNjMDFhN2E0YmMyMGM3OGI3NzFlZWRmYjg5OWUiLCJfYXV0aF91c2VyX2JhY2tlbmQiOiJkamFuZ28uY29udHJpYi5hdXRoLmJhY2tlbmRzLk1vZGVsQmFja2VuZCIsIl9hdXRoX3VzZXJfaWQiOiIxMzYiLCJyb29tcyI6Wzc5MTM2XX0=','2017-06-07 18:30:21.506937'),
	('chncc04e635aab759e444a05f429dfe4','ZjNiYmY3M2MzODMwMzczYWMxNWZlNGQ1ZDNiM2RhYWY1OGNiYTM0NTp7Il9hdXRoX3VzZXJfaGFzaCI6IjljMjRiZDc3NzYwZmNjMDFhN2E0YmMyMGM3OGI3NzFlZWRmYjg5OWUiLCJfYXV0aF91c2VyX2JhY2tlbmQiOiJkamFuZ28uY29udHJpYi5hdXRoLmJhY2tlbmRzLk1vZGVsQmFja2VuZCIsIl9hdXRoX3VzZXJfaWQiOiIxMzYiLCJyb29tcyI6WzFdfQ==','2017-06-04 22:51:12.512859'),
	('chncc5cb0aa32e68d555656e13005d5f','Yzg1NzcyZjFiNmRjMGEyZWQ3NDdlYWI0NDNhZWY3OTkyMTIyYTc4YTp7Il9hdXRoX3VzZXJfaGFzaCI6IjEyMmVhYzJhMWUwNmE3ZjZiNmJiMTM0NWZkOGYyZDk1NWYyMmQyZjQiLCJfYXV0aF91c2VyX2JhY2tlbmQiOiJkamFuZ28uY29udHJpYi5hdXRoLmJhY2tlbmRzLk1vZGVsQmFja2VuZCIsIl9hdXRoX3VzZXJfaWQiOiI3OSIsInJvb21zIjpbMTM2NzldfQ==','2017-06-04 12:24:21.181309'),
	('chncc6a903eb6e9d9a96e205b3c82f74','ZjY2OGY3MDdmNTI4ODk5Nzg5Y2VkNjhkOWM4ODJlMmVhZjUzMDk3Mzp7Il9hdXRoX3VzZXJfaGFzaCI6IjJhNDUyZDYwZDRjMGFkMzg2YjFiNjczYmQ5YTNiNzYzMDY0NWJkNGQiLCJfYXV0aF91c2VyX2lkIjoiMSIsIl9hdXRoX3VzZXJfYmFja2VuZCI6ImRqYW5nby5jb250cmliLmF1dGguYmFja2VuZHMuTW9kZWxCYWNrZW5kIiwicm9vbXMiOltdfQ==','2017-05-27 16:30:16.495485'),
	('chncc9c89300bff4dcad305691441d73','NzEwNGUxY2FkOWY2NmNlMDAyYzc3MzdmNDk1NzRlNTVlNWU4Y2IwNjp7fQ==','2017-06-06 15:04:54.092491'),
	('chncca9bf7b4ef900e8a7e35643526ce','NTBlZTczNjMxMTQ1NzY4NmNmNTM2YTFlNGU4MWQxZjYzOWY1MTA0NDp7Il9hdXRoX3VzZXJfaGFzaCI6IjEyMmVhYzJhMWUwNmE3ZjZiNmJiMTM0NWZkOGYyZDk1NWYyMmQyZjQiLCJfYXV0aF91c2VyX2lkIjoiNzkiLCJfYXV0aF91c2VyX2JhY2tlbmQiOiJkamFuZ28uY29udHJpYi5hdXRoLmJhY2tlbmRzLk1vZGVsQmFja2VuZCIsInJvb21zIjpbXX0=','2017-06-07 13:51:29.905225'),
	('chncce5b3837fdc0b2845a3291b73d1b','YmEwZWE5MjNhNGQyMmI2N2MzOTAwMjdhYzc2MjZlYWZjNDFmNTk2ZTp7Il9hdXRoX3VzZXJfaGFzaCI6IjljMjRiZDc3NzYwZmNjMDFhN2E0YmMyMGM3OGI3NzFlZWRmYjg5OWUiLCJfYXV0aF91c2VyX2JhY2tlbmQiOiJkamFuZ28uY29udHJpYi5hdXRoLmJhY2tlbmRzLk1vZGVsQmFja2VuZCIsIl9hdXRoX3VzZXJfaWQiOiIxMzYiLCJyb29tcyI6WzEzNjc5XX0=','2017-06-05 12:46:56.289010'),
	('chnce0bd0e2b98c6bd74efde724be872','NTBlZTczNjMxMTQ1NzY4NmNmNTM2YTFlNGU4MWQxZjYzOWY1MTA0NDp7Il9hdXRoX3VzZXJfaGFzaCI6IjEyMmVhYzJhMWUwNmE3ZjZiNmJiMTM0NWZkOGYyZDk1NWYyMmQyZjQiLCJfYXV0aF91c2VyX2lkIjoiNzkiLCJfYXV0aF91c2VyX2JhY2tlbmQiOiJkamFuZ28uY29udHJpYi5hdXRoLmJhY2tlbmRzLk1vZGVsQmFja2VuZCIsInJvb21zIjpbXX0=','2017-06-02 13:50:01.029602'),
	('chncf6e053d6d61438f523bbb2d5dc53','Yzg1NzcyZjFiNmRjMGEyZWQ3NDdlYWI0NDNhZWY3OTkyMTIyYTc4YTp7Il9hdXRoX3VzZXJfaGFzaCI6IjEyMmVhYzJhMWUwNmE3ZjZiNmJiMTM0NWZkOGYyZDk1NWYyMmQyZjQiLCJfYXV0aF91c2VyX2JhY2tlbmQiOiJkamFuZ28uY29udHJpYi5hdXRoLmJhY2tlbmRzLk1vZGVsQmFja2VuZCIsIl9hdXRoX3VzZXJfaWQiOiI3OSIsInJvb21zIjpbMTM2NzldfQ==','2017-06-04 12:34:51.718139'),
	('chncf78f6b81650c021c9fb36d6b61a4','NzEwNGUxY2FkOWY2NmNlMDAyYzc3MzdmNDk1NzRlNTVlNWU4Y2IwNjp7fQ==','2017-06-06 13:58:32.014446'),
	('chncfb848de0aff3a184afdaf8084025','ODI2NWFhM2Q5OGI3YjllODJhZTM0ZTFkMWJjYTA5MGIyOTgzMmUwMTp7Il9hdXRoX3VzZXJfaGFzaCI6IjEyMmVhYzJhMWUwNmE3ZjZiNmJiMTM0NWZkOGYyZDk1NWYyMmQyZjQiLCJfYXV0aF91c2VyX2JhY2tlbmQiOiJkamFuZ28uY29udHJpYi5hdXRoLmJhY2tlbmRzLk1vZGVsQmFja2VuZCIsIl9hdXRoX3VzZXJfaWQiOiI3OSIsInJvb21zIjpbNzkxMzZdfQ==','2017-06-07 19:06:49.359416'),
	('chnd06f4a2bd05dc1d982e93a9ad76b4','YmEwZWE5MjNhNGQyMmI2N2MzOTAwMjdhYzc2MjZlYWZjNDFmNTk2ZTp7Il9hdXRoX3VzZXJfaGFzaCI6IjljMjRiZDc3NzYwZmNjMDFhN2E0YmMyMGM3OGI3NzFlZWRmYjg5OWUiLCJfYXV0aF91c2VyX2JhY2tlbmQiOiJkamFuZ28uY29udHJpYi5hdXRoLmJhY2tlbmRzLk1vZGVsQmFja2VuZCIsIl9hdXRoX3VzZXJfaWQiOiIxMzYiLCJyb29tcyI6WzEzNjc5XX0=','2017-06-05 00:00:17.808014'),
	('chnd0c433ff0c656b8f27628f2842423','YmEwZWE5MjNhNGQyMmI2N2MzOTAwMjdhYzc2MjZlYWZjNDFmNTk2ZTp7Il9hdXRoX3VzZXJfaGFzaCI6IjljMjRiZDc3NzYwZmNjMDFhN2E0YmMyMGM3OGI3NzFlZWRmYjg5OWUiLCJfYXV0aF91c2VyX2JhY2tlbmQiOiJkamFuZ28uY29udHJpYi5hdXRoLmJhY2tlbmRzLk1vZGVsQmFja2VuZCIsIl9hdXRoX3VzZXJfaWQiOiIxMzYiLCJyb29tcyI6WzEzNjc5XX0=','2017-06-05 17:55:40.847379'),
	('chnd11fa8ee17a1fc3c9740639c77676','YmEwZWE5MjNhNGQyMmI2N2MzOTAwMjdhYzc2MjZlYWZjNDFmNTk2ZTp7Il9hdXRoX3VzZXJfaGFzaCI6IjljMjRiZDc3NzYwZmNjMDFhN2E0YmMyMGM3OGI3NzFlZWRmYjg5OWUiLCJfYXV0aF91c2VyX2JhY2tlbmQiOiJkamFuZ28uY29udHJpYi5hdXRoLmJhY2tlbmRzLk1vZGVsQmFja2VuZCIsIl9hdXRoX3VzZXJfaWQiOiIxMzYiLCJyb29tcyI6WzEzNjc5XX0=','2017-06-04 23:25:33.949163'),
	('chnd14f59350ff2a41be8f55d9212588','Yzg1NzcyZjFiNmRjMGEyZWQ3NDdlYWI0NDNhZWY3OTkyMTIyYTc4YTp7Il9hdXRoX3VzZXJfaGFzaCI6IjEyMmVhYzJhMWUwNmE3ZjZiNmJiMTM0NWZkOGYyZDk1NWYyMmQyZjQiLCJfYXV0aF91c2VyX2JhY2tlbmQiOiJkamFuZ28uY29udHJpYi5hdXRoLmJhY2tlbmRzLk1vZGVsQmFja2VuZCIsIl9hdXRoX3VzZXJfaWQiOiI3OSIsInJvb21zIjpbMTM2NzldfQ==','2017-06-04 12:41:57.725258'),
	('chnd15ac26e1d9e735c099e057f9e920','ODI2NWFhM2Q5OGI3YjllODJhZTM0ZTFkMWJjYTA5MGIyOTgzMmUwMTp7Il9hdXRoX3VzZXJfaGFzaCI6IjEyMmVhYzJhMWUwNmE3ZjZiNmJiMTM0NWZkOGYyZDk1NWYyMmQyZjQiLCJfYXV0aF91c2VyX2JhY2tlbmQiOiJkamFuZ28uY29udHJpYi5hdXRoLmJhY2tlbmRzLk1vZGVsQmFja2VuZCIsIl9hdXRoX3VzZXJfaWQiOiI3OSIsInJvb21zIjpbNzkxMzZdfQ==','2017-06-08 13:32:59.293224'),
	('chnd1a813a4d313fb013ba969c821a83','YmEwZWE5MjNhNGQyMmI2N2MzOTAwMjdhYzc2MjZlYWZjNDFmNTk2ZTp7Il9hdXRoX3VzZXJfaGFzaCI6IjljMjRiZDc3NzYwZmNjMDFhN2E0YmMyMGM3OGI3NzFlZWRmYjg5OWUiLCJfYXV0aF91c2VyX2JhY2tlbmQiOiJkamFuZ28uY29udHJpYi5hdXRoLmJhY2tlbmRzLk1vZGVsQmFja2VuZCIsIl9hdXRoX3VzZXJfaWQiOiIxMzYiLCJyb29tcyI6WzEzNjc5XX0=','2017-06-04 23:16:30.934888'),
	('chnd1e90a8c98ae224d7213dc230c058','YTc0ZTczNDAxNmYyOTZmYWJjNzAyOTY1MWRhM2Q3NzIxMzI2ZDQxNDp7Il9hdXRoX3VzZXJfaGFzaCI6IjVkMmM5YWIzMDc3MzM3NzNiOTI3NTIwZGExNjJhNzhlMWYwOTM2OWUiLCJfYXV0aF91c2VyX2JhY2tlbmQiOiJkamFuZ28uY29udHJpYi5hdXRoLmJhY2tlbmRzLk1vZGVsQmFja2VuZCIsIl9hdXRoX3VzZXJfaWQiOiI4MyIsInJvb21zIjpbMTM2ODBdfQ==','2017-06-02 14:59:54.091232'),
	('chnd24c3006f5935e60969b4a3b7cee8','Mjg1ODZmNzZmOWQyYjFmYzkyNGMyOWZhZGU3OTAwNzgyOTM5ZWQ5Yjp7Il9hdXRoX3VzZXJfaGFzaCI6Ijc5ZTFmNjA3YjYwOGU1ZDljY2FkNjUyYzFmOWE3ZDM5NDcyYjU3NmMiLCJfYXV0aF91c2VyX2JhY2tlbmQiOiJkamFuZ28uY29udHJpYi5hdXRoLmJhY2tlbmRzLk1vZGVsQmFja2VuZCIsIl9hdXRoX3VzZXJfaWQiOiI3OSIsInJvb21zIjpbMV19','2017-06-09 13:45:48.667461'),
	('chnd287ad463801a460d8f0241475323','ZmI0YzQwYzNiMmM1MDYwYjdiY2NiNjAyZWRlYzlhNTQ1NTc3NGRhZjp7Il9hdXRoX3VzZXJfaGFzaCI6IjEyMmVhYzJhMWUwNmE3ZjZiNmJiMTM0NWZkOGYyZDk1NWYyMmQyZjQiLCJfYXV0aF91c2VyX2JhY2tlbmQiOiJkamFuZ28uY29udHJpYi5hdXRoLmJhY2tlbmRzLk1vZGVsQmFja2VuZCIsIl9hdXRoX3VzZXJfaWQiOiI3OSIsInJvb21zIjpbNzk3OV19','2017-06-06 10:41:50.115690'),
	('chnd2906f075d483d0e442f1748db7ba','ODI2NWFhM2Q5OGI3YjllODJhZTM0ZTFkMWJjYTA5MGIyOTgzMmUwMTp7Il9hdXRoX3VzZXJfaGFzaCI6IjEyMmVhYzJhMWUwNmE3ZjZiNmJiMTM0NWZkOGYyZDk1NWYyMmQyZjQiLCJfYXV0aF91c2VyX2JhY2tlbmQiOiJkamFuZ28uY29udHJpYi5hdXRoLmJhY2tlbmRzLk1vZGVsQmFja2VuZCIsIl9hdXRoX3VzZXJfaWQiOiI3OSIsInJvb21zIjpbNzkxMzZdfQ==','2017-06-08 13:33:48.323497'),
	('chnd2bc8144be3f284bbc02a5dfab72d','YmEwZWE5MjNhNGQyMmI2N2MzOTAwMjdhYzc2MjZlYWZjNDFmNTk2ZTp7Il9hdXRoX3VzZXJfaGFzaCI6IjljMjRiZDc3NzYwZmNjMDFhN2E0YmMyMGM3OGI3NzFlZWRmYjg5OWUiLCJfYXV0aF91c2VyX2JhY2tlbmQiOiJkamFuZ28uY29udHJpYi5hdXRoLmJhY2tlbmRzLk1vZGVsQmFja2VuZCIsIl9hdXRoX3VzZXJfaWQiOiIxMzYiLCJyb29tcyI6WzEzNjc5XX0=','2017-06-05 22:40:47.571893'),
	('chnd329700be61b767c2f4df3dcac5e3','ZWQ1Nzc0YjUyMzA4NDQ2Njk5N2UzMjFhNWNiZmY3YjllYTNkOTAzODp7Il9hdXRoX3VzZXJfaGFzaCI6IjEyMmVhYzJhMWUwNmE3ZjZiNmJiMTM0NWZkOGYyZDk1NWYyMmQyZjQiLCJfYXV0aF91c2VyX2JhY2tlbmQiOiJkamFuZ28uY29udHJpYi5hdXRoLmJhY2tlbmRzLk1vZGVsQmFja2VuZCIsIl9hdXRoX3VzZXJfaWQiOiI3OSIsInJvb21zIjpbMTM2ODBdfQ==','2017-06-03 15:49:37.171168'),
	('chnd359f920feaf9898590bf70a0d531','Yzg1NzcyZjFiNmRjMGEyZWQ3NDdlYWI0NDNhZWY3OTkyMTIyYTc4YTp7Il9hdXRoX3VzZXJfaGFzaCI6IjEyMmVhYzJhMWUwNmE3ZjZiNmJiMTM0NWZkOGYyZDk1NWYyMmQyZjQiLCJfYXV0aF91c2VyX2JhY2tlbmQiOiJkamFuZ28uY29udHJpYi5hdXRoLmJhY2tlbmRzLk1vZGVsQmFja2VuZCIsIl9hdXRoX3VzZXJfaWQiOiI3OSIsInJvb21zIjpbMTM2NzldfQ==','2017-06-04 15:31:49.595357'),
	('chnd36537cdf9d3545d2192c836d4959','NTBlZTczNjMxMTQ1NzY4NmNmNTM2YTFlNGU4MWQxZjYzOWY1MTA0NDp7Il9hdXRoX3VzZXJfaGFzaCI6IjEyMmVhYzJhMWUwNmE3ZjZiNmJiMTM0NWZkOGYyZDk1NWYyMmQyZjQiLCJfYXV0aF91c2VyX2lkIjoiNzkiLCJfYXV0aF91c2VyX2JhY2tlbmQiOiJkamFuZ28uY29udHJpYi5hdXRoLmJhY2tlbmRzLk1vZGVsQmFja2VuZCIsInJvb21zIjpbXX0=','2017-06-02 14:22:33.378224'),
	('chnd375c1c050c13ad2a54f87e97b776','NzEwNGUxY2FkOWY2NmNlMDAyYzc3MzdmNDk1NzRlNTVlNWU4Y2IwNjp7fQ==','2017-06-06 15:05:45.269054'),
	('chnd4700a29787145cf545baa2c6ab9f','YmEwZWE5MjNhNGQyMmI2N2MzOTAwMjdhYzc2MjZlYWZjNDFmNTk2ZTp7Il9hdXRoX3VzZXJfaGFzaCI6IjljMjRiZDc3NzYwZmNjMDFhN2E0YmMyMGM3OGI3NzFlZWRmYjg5OWUiLCJfYXV0aF91c2VyX2JhY2tlbmQiOiJkamFuZ28uY29udHJpYi5hdXRoLmJhY2tlbmRzLk1vZGVsQmFja2VuZCIsIl9hdXRoX3VzZXJfaWQiOiIxMzYiLCJyb29tcyI6WzEzNjc5XX0=','2017-06-04 23:44:40.413812'),
	('chnd4edfac7faa5e7c1bcbdbd5ebddb4','Yzg1NzcyZjFiNmRjMGEyZWQ3NDdlYWI0NDNhZWY3OTkyMTIyYTc4YTp7Il9hdXRoX3VzZXJfaGFzaCI6IjEyMmVhYzJhMWUwNmE3ZjZiNmJiMTM0NWZkOGYyZDk1NWYyMmQyZjQiLCJfYXV0aF91c2VyX2JhY2tlbmQiOiJkamFuZ28uY29udHJpYi5hdXRoLmJhY2tlbmRzLk1vZGVsQmFja2VuZCIsIl9hdXRoX3VzZXJfaWQiOiI3OSIsInJvb21zIjpbMTM2NzldfQ==','2017-06-04 12:47:23.256037'),
	('chnd53d0598bd5b50829cc6214056662','YmEwZWE5MjNhNGQyMmI2N2MzOTAwMjdhYzc2MjZlYWZjNDFmNTk2ZTp7Il9hdXRoX3VzZXJfaGFzaCI6IjljMjRiZDc3NzYwZmNjMDFhN2E0YmMyMGM3OGI3NzFlZWRmYjg5OWUiLCJfYXV0aF91c2VyX2JhY2tlbmQiOiJkamFuZ28uY29udHJpYi5hdXRoLmJhY2tlbmRzLk1vZGVsQmFja2VuZCIsIl9hdXRoX3VzZXJfaWQiOiIxMzYiLCJyb29tcyI6WzEzNjc5XX0=','2017-06-04 23:41:30.186890'),
	('chnd57074891403af4ef5714234cda05','NTBlZTczNjMxMTQ1NzY4NmNmNTM2YTFlNGU4MWQxZjYzOWY1MTA0NDp7Il9hdXRoX3VzZXJfaGFzaCI6IjEyMmVhYzJhMWUwNmE3ZjZiNmJiMTM0NWZkOGYyZDk1NWYyMmQyZjQiLCJfYXV0aF91c2VyX2lkIjoiNzkiLCJfYXV0aF91c2VyX2JhY2tlbmQiOiJkamFuZ28uY29udHJpYi5hdXRoLmJhY2tlbmRzLk1vZGVsQmFja2VuZCIsInJvb21zIjpbXX0=','2017-06-03 14:54:10.010654'),
	('chnd5d043a3e765bb170a9fc589b1beb','ZWQ1Nzc0YjUyMzA4NDQ2Njk5N2UzMjFhNWNiZmY3YjllYTNkOTAzODp7Il9hdXRoX3VzZXJfaGFzaCI6IjEyMmVhYzJhMWUwNmE3ZjZiNmJiMTM0NWZkOGYyZDk1NWYyMmQyZjQiLCJfYXV0aF91c2VyX2JhY2tlbmQiOiJkamFuZ28uY29udHJpYi5hdXRoLmJhY2tlbmRzLk1vZGVsQmFja2VuZCIsIl9hdXRoX3VzZXJfaWQiOiI3OSIsInJvb21zIjpbMTM2ODBdfQ==','2017-06-02 13:35:10.647537'),
	('chnd5ecc00535d4f79bcc13e01279e50','YmEwZWE5MjNhNGQyMmI2N2MzOTAwMjdhYzc2MjZlYWZjNDFmNTk2ZTp7Il9hdXRoX3VzZXJfaGFzaCI6IjljMjRiZDc3NzYwZmNjMDFhN2E0YmMyMGM3OGI3NzFlZWRmYjg5OWUiLCJfYXV0aF91c2VyX2JhY2tlbmQiOiJkamFuZ28uY29udHJpYi5hdXRoLmJhY2tlbmRzLk1vZGVsQmFja2VuZCIsIl9hdXRoX3VzZXJfaWQiOiIxMzYiLCJyb29tcyI6WzEzNjc5XX0=','2017-06-04 23:31:15.040645'),
	('chnd5ffd2baa3564a02667605e13ab60','YmEwZWE5MjNhNGQyMmI2N2MzOTAwMjdhYzc2MjZlYWZjNDFmNTk2ZTp7Il9hdXRoX3VzZXJfaGFzaCI6IjljMjRiZDc3NzYwZmNjMDFhN2E0YmMyMGM3OGI3NzFlZWRmYjg5OWUiLCJfYXV0aF91c2VyX2JhY2tlbmQiOiJkamFuZ28uY29udHJpYi5hdXRoLmJhY2tlbmRzLk1vZGVsQmFja2VuZCIsIl9hdXRoX3VzZXJfaWQiOiIxMzYiLCJyb29tcyI6WzEzNjc5XX0=','2017-06-04 23:29:15.253193'),
	('chnd6b297cbad930e93e55facaa68d44','ODI2NWFhM2Q5OGI3YjllODJhZTM0ZTFkMWJjYTA5MGIyOTgzMmUwMTp7Il9hdXRoX3VzZXJfaGFzaCI6IjEyMmVhYzJhMWUwNmE3ZjZiNmJiMTM0NWZkOGYyZDk1NWYyMmQyZjQiLCJfYXV0aF91c2VyX2JhY2tlbmQiOiJkamFuZ28uY29udHJpYi5hdXRoLmJhY2tlbmRzLk1vZGVsQmFja2VuZCIsIl9hdXRoX3VzZXJfaWQiOiI3OSIsInJvb21zIjpbNzkxMzZdfQ==','2017-06-07 13:53:48.512163'),
	('chnd7cce6f23ca34ad49488d761a38d2','ODUwMDZlYTAwYjA3MDBjNzk2MzI2MjlkMWQzMzExZjFlZDVkYThmYTp7Il9hdXRoX3VzZXJfaGFzaCI6IjJhNDUyZDYwZDRjMGFkMzg2YjFiNjczYmQ5YTNiNzYzMDY0NWJkNGQiLCJfYXV0aF91c2VyX2JhY2tlbmQiOiJkamFuZ28uY29udHJpYi5hdXRoLmJhY2tlbmRzLk1vZGVsQmFja2VuZCIsIl9hdXRoX3VzZXJfaWQiOiIxIiwicm9vbXMiOlsxNzldfQ==','2017-05-27 16:37:48.042387'),
	('chnd7ce3e194bddee7236d59b93821ff','OGRkOTFkZGFlMjI2ZTk1ZDc1MWJhMjk2MTQxZTJhZmU3ZWM2OTgxYjp7Il9hdXRoX3VzZXJfaGFzaCI6IjkzZmM3ZmE1ZTgwNTNiODRjOTIxOWZmOWM2ZThiNTllYzNjZGI5MDgiLCJfYXV0aF91c2VyX2lkIjoiNzkiLCJfYXV0aF91c2VyX2JhY2tlbmQiOiJkamFuZ28uY29udHJpYi5hdXRoLmJhY2tlbmRzLk1vZGVsQmFja2VuZCIsInJvb21zIjpbXX0=','2017-05-27 16:40:40.727457'),
	('chnd96838dfd3e691d007f9a017407d6','YmEwZWE5MjNhNGQyMmI2N2MzOTAwMjdhYzc2MjZlYWZjNDFmNTk2ZTp7Il9hdXRoX3VzZXJfaGFzaCI6IjljMjRiZDc3NzYwZmNjMDFhN2E0YmMyMGM3OGI3NzFlZWRmYjg5OWUiLCJfYXV0aF91c2VyX2JhY2tlbmQiOiJkamFuZ28uY29udHJpYi5hdXRoLmJhY2tlbmRzLk1vZGVsQmFja2VuZCIsIl9hdXRoX3VzZXJfaWQiOiIxMzYiLCJyb29tcyI6WzEzNjc5XX0=','2017-06-04 23:31:10.529349'),
	('chnd99003982a1caf3db539bea0e7fef','MWE0Y2E0NGFmMGM2YTBkNjJlY2ZmNGY0MzY5MzJlOGI3ZWE2NDc5YTp7Il9hdXRoX3VzZXJfaGFzaCI6IjEyMmVhYzJhMWUwNmE3ZjZiNmJiMTM0NWZkOGYyZDk1NWYyMmQyZjQiLCJfYXV0aF91c2VyX2JhY2tlbmQiOiJkamFuZ28uY29udHJpYi5hdXRoLmJhY2tlbmRzLk1vZGVsQmFja2VuZCIsIl9hdXRoX3VzZXJfaWQiOiI3OSIsInJvb21zIjpbNzk4M119','2017-06-08 14:03:20.325121'),
	('chnda5c7920f342e920640c9d5bfa8f4','YmEwZWE5MjNhNGQyMmI2N2MzOTAwMjdhYzc2MjZlYWZjNDFmNTk2ZTp7Il9hdXRoX3VzZXJfaGFzaCI6IjljMjRiZDc3NzYwZmNjMDFhN2E0YmMyMGM3OGI3NzFlZWRmYjg5OWUiLCJfYXV0aF91c2VyX2JhY2tlbmQiOiJkamFuZ28uY29udHJpYi5hdXRoLmJhY2tlbmRzLk1vZGVsQmFja2VuZCIsIl9hdXRoX3VzZXJfaWQiOiIxMzYiLCJyb29tcyI6WzEzNjc5XX0=','2017-06-04 22:54:15.835431'),
	('chnda69031544ff6a80f7bdb3ddd61f1','YmEwZWE5MjNhNGQyMmI2N2MzOTAwMjdhYzc2MjZlYWZjNDFmNTk2ZTp7Il9hdXRoX3VzZXJfaGFzaCI6IjljMjRiZDc3NzYwZmNjMDFhN2E0YmMyMGM3OGI3NzFlZWRmYjg5OWUiLCJfYXV0aF91c2VyX2JhY2tlbmQiOiJkamFuZ28uY29udHJpYi5hdXRoLmJhY2tlbmRzLk1vZGVsQmFja2VuZCIsIl9hdXRoX3VzZXJfaWQiOiIxMzYiLCJyb29tcyI6WzEzNjc5XX0=','2017-06-05 11:32:24.250535'),
	('chndae0de515b12649833c610e783b0e','ZjNiYmY3M2MzODMwMzczYWMxNWZlNGQ1ZDNiM2RhYWY1OGNiYTM0NTp7Il9hdXRoX3VzZXJfaGFzaCI6IjljMjRiZDc3NzYwZmNjMDFhN2E0YmMyMGM3OGI3NzFlZWRmYjg5OWUiLCJfYXV0aF91c2VyX2JhY2tlbmQiOiJkamFuZ28uY29udHJpYi5hdXRoLmJhY2tlbmRzLk1vZGVsQmFja2VuZCIsIl9hdXRoX3VzZXJfaWQiOiIxMzYiLCJyb29tcyI6WzFdfQ==','2017-06-05 12:25:37.098231'),
	('chndb1f4d64ea716e303f4b2c00eb25d','NTBlZTczNjMxMTQ1NzY4NmNmNTM2YTFlNGU4MWQxZjYzOWY1MTA0NDp7Il9hdXRoX3VzZXJfaGFzaCI6IjEyMmVhYzJhMWUwNmE3ZjZiNmJiMTM0NWZkOGYyZDk1NWYyMmQyZjQiLCJfYXV0aF91c2VyX2lkIjoiNzkiLCJfYXV0aF91c2VyX2JhY2tlbmQiOiJkamFuZ28uY29udHJpYi5hdXRoLmJhY2tlbmRzLk1vZGVsQmFja2VuZCIsInJvb21zIjpbXX0=','2017-06-02 14:34:50.858164'),
	('chndb571953e202f39a1f7e939080aac','Yzg1NzcyZjFiNmRjMGEyZWQ3NDdlYWI0NDNhZWY3OTkyMTIyYTc4YTp7Il9hdXRoX3VzZXJfaGFzaCI6IjEyMmVhYzJhMWUwNmE3ZjZiNmJiMTM0NWZkOGYyZDk1NWYyMmQyZjQiLCJfYXV0aF91c2VyX2JhY2tlbmQiOiJkamFuZ28uY29udHJpYi5hdXRoLmJhY2tlbmRzLk1vZGVsQmFja2VuZCIsIl9hdXRoX3VzZXJfaWQiOiI3OSIsInJvb21zIjpbMTM2NzldfQ==','2017-06-04 15:40:31.102739'),
	('chndc3b12d1022bd5417243a7030f0f9','ZjY2OGY3MDdmNTI4ODk5Nzg5Y2VkNjhkOWM4ODJlMmVhZjUzMDk3Mzp7Il9hdXRoX3VzZXJfaGFzaCI6IjJhNDUyZDYwZDRjMGFkMzg2YjFiNjczYmQ5YTNiNzYzMDY0NWJkNGQiLCJfYXV0aF91c2VyX2lkIjoiMSIsIl9hdXRoX3VzZXJfYmFja2VuZCI6ImRqYW5nby5jb250cmliLmF1dGguYmFja2VuZHMuTW9kZWxCYWNrZW5kIiwicm9vbXMiOltdfQ==','2017-05-27 16:24:45.158638'),
	('chndc463e7da3d4375ab15ece66fa9b7','ZWQ1Nzc0YjUyMzA4NDQ2Njk5N2UzMjFhNWNiZmY3YjllYTNkOTAzODp7Il9hdXRoX3VzZXJfaGFzaCI6IjEyMmVhYzJhMWUwNmE3ZjZiNmJiMTM0NWZkOGYyZDk1NWYyMmQyZjQiLCJfYXV0aF91c2VyX2JhY2tlbmQiOiJkamFuZ28uY29udHJpYi5hdXRoLmJhY2tlbmRzLk1vZGVsQmFja2VuZCIsIl9hdXRoX3VzZXJfaWQiOiI3OSIsInJvb21zIjpbMTM2ODBdfQ==','2017-06-03 15:39:55.130557'),
	('chndcbe138bf72347336b503cb390c11','ZWQ1Nzc0YjUyMzA4NDQ2Njk5N2UzMjFhNWNiZmY3YjllYTNkOTAzODp7Il9hdXRoX3VzZXJfaGFzaCI6IjEyMmVhYzJhMWUwNmE3ZjZiNmJiMTM0NWZkOGYyZDk1NWYyMmQyZjQiLCJfYXV0aF91c2VyX2JhY2tlbmQiOiJkamFuZ28uY29udHJpYi5hdXRoLmJhY2tlbmRzLk1vZGVsQmFja2VuZCIsIl9hdXRoX3VzZXJfaWQiOiI3OSIsInJvb21zIjpbMTM2ODBdfQ==','2017-06-03 16:18:14.473376'),
	('chndcf07429e756d4228f9265dfbd3a4','ZWQ1Nzc0YjUyMzA4NDQ2Njk5N2UzMjFhNWNiZmY3YjllYTNkOTAzODp7Il9hdXRoX3VzZXJfaGFzaCI6IjEyMmVhYzJhMWUwNmE3ZjZiNmJiMTM0NWZkOGYyZDk1NWYyMmQyZjQiLCJfYXV0aF91c2VyX2JhY2tlbmQiOiJkamFuZ28uY29udHJpYi5hdXRoLmJhY2tlbmRzLk1vZGVsQmFja2VuZCIsIl9hdXRoX3VzZXJfaWQiOiI3OSIsInJvb21zIjpbMTM2ODBdfQ==','2017-06-03 16:18:56.120512'),
	('chndd210ac697cdf95ead510712e0bd4','ZWQ1Nzc0YjUyMzA4NDQ2Njk5N2UzMjFhNWNiZmY3YjllYTNkOTAzODp7Il9hdXRoX3VzZXJfaGFzaCI6IjEyMmVhYzJhMWUwNmE3ZjZiNmJiMTM0NWZkOGYyZDk1NWYyMmQyZjQiLCJfYXV0aF91c2VyX2JhY2tlbmQiOiJkamFuZ28uY29udHJpYi5hdXRoLmJhY2tlbmRzLk1vZGVsQmFja2VuZCIsIl9hdXRoX3VzZXJfaWQiOiI3OSIsInJvb21zIjpbMTM2ODBdfQ==','2017-06-04 10:37:19.298853'),
	('chndda4b7667b9ffa4277b9518d8e170','ODdiYTU2MGI3Y2JjN2MyNzE0Mjk5OGM3M2M5MmFhYmM3ZDgzMWIxMjp7Il9hdXRoX3VzZXJfaGFzaCI6IjljMjRiZDc3NzYwZmNjMDFhN2E0YmMyMGM3OGI3NzFlZWRmYjg5OWUiLCJfYXV0aF91c2VyX2JhY2tlbmQiOiJkamFuZ28uY29udHJpYi5hdXRoLmJhY2tlbmRzLk1vZGVsQmFja2VuZCIsIl9hdXRoX3VzZXJfaWQiOiIxMzYiLCJyb29tcyI6Wzc5MTM2XX0=','2017-06-07 18:33:55.513523'),
	('chnddc1050082ca7f144b71bd3b578b1','YmEwZWE5MjNhNGQyMmI2N2MzOTAwMjdhYzc2MjZlYWZjNDFmNTk2ZTp7Il9hdXRoX3VzZXJfaGFzaCI6IjljMjRiZDc3NzYwZmNjMDFhN2E0YmMyMGM3OGI3NzFlZWRmYjg5OWUiLCJfYXV0aF91c2VyX2JhY2tlbmQiOiJkamFuZ28uY29udHJpYi5hdXRoLmJhY2tlbmRzLk1vZGVsQmFja2VuZCIsIl9hdXRoX3VzZXJfaWQiOiIxMzYiLCJyb29tcyI6WzEzNjc5XX0=','2017-06-04 23:53:45.832678'),
	('chnde17ea285343869acb1c3d4591d25','Mzk1NzQyODNmNGY1MWFmMTQyOWY4NmYyODMwYTU2MGQ5M2JjZWExYzp7Il9hdXRoX3VzZXJfaGFzaCI6Ijc5ZTFmNjA3YjYwOGU1ZDljY2FkNjUyYzFmOWE3ZDM5NDcyYjU3NmMiLCJfYXV0aF91c2VyX2JhY2tlbmQiOiJkamFuZ28uY29udHJpYi5hdXRoLmJhY2tlbmRzLk1vZGVsQmFja2VuZCIsIl9hdXRoX3VzZXJfaWQiOiI3OSIsInJvb21zIjpbNzk5MF19','2017-06-09 13:45:24.185378'),
	('chndef0ca36abf4c76c9cc4171d3b324','Yzg1NzcyZjFiNmRjMGEyZWQ3NDdlYWI0NDNhZWY3OTkyMTIyYTc4YTp7Il9hdXRoX3VzZXJfaGFzaCI6IjEyMmVhYzJhMWUwNmE3ZjZiNmJiMTM0NWZkOGYyZDk1NWYyMmQyZjQiLCJfYXV0aF91c2VyX2JhY2tlbmQiOiJkamFuZ28uY29udHJpYi5hdXRoLmJhY2tlbmRzLk1vZGVsQmFja2VuZCIsIl9hdXRoX3VzZXJfaWQiOiI3OSIsInJvb21zIjpbMTM2NzldfQ==','2017-06-04 15:42:12.382012'),
	('chndf15040377bf480cea693e2895ea0','NzEwNGUxY2FkOWY2NmNlMDAyYzc3MzdmNDk1NzRlNTVlNWU4Y2IwNjp7fQ==','2017-06-06 15:07:46.015033'),
	('chndf618dc50e05835ea2a971837defc','NzEwNGUxY2FkOWY2NmNlMDAyYzc3MzdmNDk1NzRlNTVlNWU4Y2IwNjp7fQ==','2017-06-06 15:08:04.030914'),
	('chndfa94d9dcc73142bf5bcd1efbd48f','YTk3ZTQ0NzQ3NTY2YzI4MWJlMzJiMGFhMzdjNWYzOTI5MGYyMzg0Zjp7InJvb21zIjpbXX0=','2017-05-27 13:52:45.633199'),
	('chne048dec878a4038f52c22463a0487','ZjY2OGY3MDdmNTI4ODk5Nzg5Y2VkNjhkOWM4ODJlMmVhZjUzMDk3Mzp7Il9hdXRoX3VzZXJfaGFzaCI6IjJhNDUyZDYwZDRjMGFkMzg2YjFiNjczYmQ5YTNiNzYzMDY0NWJkNGQiLCJfYXV0aF91c2VyX2lkIjoiMSIsIl9hdXRoX3VzZXJfYmFja2VuZCI6ImRqYW5nby5jb250cmliLmF1dGguYmFja2VuZHMuTW9kZWxCYWNrZW5kIiwicm9vbXMiOltdfQ==','2017-05-27 16:17:05.903837'),
	('chne08a17b9b550383bf0ef395d033d7','YTk3ZTQ0NzQ3NTY2YzI4MWJlMzJiMGFhMzdjNWYzOTI5MGYyMzg0Zjp7InJvb21zIjpbXX0=','2017-05-27 14:22:19.032440'),
	('chne0a57923dfe7c96bbfa7f2f21bd0a','YmEwZWE5MjNhNGQyMmI2N2MzOTAwMjdhYzc2MjZlYWZjNDFmNTk2ZTp7Il9hdXRoX3VzZXJfaGFzaCI6IjljMjRiZDc3NzYwZmNjMDFhN2E0YmMyMGM3OGI3NzFlZWRmYjg5OWUiLCJfYXV0aF91c2VyX2JhY2tlbmQiOiJkamFuZ28uY29udHJpYi5hdXRoLmJhY2tlbmRzLk1vZGVsQmFja2VuZCIsIl9hdXRoX3VzZXJfaWQiOiIxMzYiLCJyb29tcyI6WzEzNjc5XX0=','2017-06-04 22:59:43.063001'),
	('chne19d93575cfc7c3be50704a7f9e76','ZjNiYmY3M2MzODMwMzczYWMxNWZlNGQ1ZDNiM2RhYWY1OGNiYTM0NTp7Il9hdXRoX3VzZXJfaGFzaCI6IjljMjRiZDc3NzYwZmNjMDFhN2E0YmMyMGM3OGI3NzFlZWRmYjg5OWUiLCJfYXV0aF91c2VyX2JhY2tlbmQiOiJkamFuZ28uY29udHJpYi5hdXRoLmJhY2tlbmRzLk1vZGVsQmFja2VuZCIsIl9hdXRoX3VzZXJfaWQiOiIxMzYiLCJyb29tcyI6WzFdfQ==','2017-06-04 16:16:52.303782'),
	('chne25388be163d22db912226d3f065e','Yzg1NzcyZjFiNmRjMGEyZWQ3NDdlYWI0NDNhZWY3OTkyMTIyYTc4YTp7Il9hdXRoX3VzZXJfaGFzaCI6IjEyMmVhYzJhMWUwNmE3ZjZiNmJiMTM0NWZkOGYyZDk1NWYyMmQyZjQiLCJfYXV0aF91c2VyX2JhY2tlbmQiOiJkamFuZ28uY29udHJpYi5hdXRoLmJhY2tlbmRzLk1vZGVsQmFja2VuZCIsIl9hdXRoX3VzZXJfaWQiOiI3OSIsInJvb21zIjpbMTM2NzldfQ==','2017-06-05 12:04:42.586542'),
	('chne2c83525a00da572456fcf97e2f41','YmEwZWE5MjNhNGQyMmI2N2MzOTAwMjdhYzc2MjZlYWZjNDFmNTk2ZTp7Il9hdXRoX3VzZXJfaGFzaCI6IjljMjRiZDc3NzYwZmNjMDFhN2E0YmMyMGM3OGI3NzFlZWRmYjg5OWUiLCJfYXV0aF91c2VyX2JhY2tlbmQiOiJkamFuZ28uY29udHJpYi5hdXRoLmJhY2tlbmRzLk1vZGVsQmFja2VuZCIsIl9hdXRoX3VzZXJfaWQiOiIxMzYiLCJyb29tcyI6WzEzNjc5XX0=','2017-06-05 18:20:47.470051'),
	('chne322195e18ebb5b252ab34c155404','NWE1ZDkyOGJkYTE4MWQ5ZTk2ZTYwMzM2OGMxNDllZWI5NWQ5NGFiNDp7Il9hdXRoX3VzZXJfaGFzaCI6IjljMjRiZDc3NzYwZmNjMDFhN2E0YmMyMGM3OGI3NzFlZWRmYjg5OWUiLCJfYXV0aF91c2VyX2lkIjoiMTM2IiwiX2F1dGhfdXNlcl9iYWNrZW5kIjoiZGphbmdvLmNvbnRyaWIuYXV0aC5iYWNrZW5kcy5Nb2RlbEJhY2tlbmQiLCJyb29tcyI6W119','2017-06-05 22:40:42.146109'),
	('chne33c918a99dde1a0555c41eb9a298','NTBlZTczNjMxMTQ1NzY4NmNmNTM2YTFlNGU4MWQxZjYzOWY1MTA0NDp7Il9hdXRoX3VzZXJfaGFzaCI6IjEyMmVhYzJhMWUwNmE3ZjZiNmJiMTM0NWZkOGYyZDk1NWYyMmQyZjQiLCJfYXV0aF91c2VyX2lkIjoiNzkiLCJfYXV0aF91c2VyX2JhY2tlbmQiOiJkamFuZ28uY29udHJpYi5hdXRoLmJhY2tlbmRzLk1vZGVsQmFja2VuZCIsInJvb21zIjpbXX0=','2017-06-02 13:53:02.991160'),
	('chne35d023f84af77b46de5a417fd8a0','NTBlZTczNjMxMTQ1NzY4NmNmNTM2YTFlNGU4MWQxZjYzOWY1MTA0NDp7Il9hdXRoX3VzZXJfaGFzaCI6IjEyMmVhYzJhMWUwNmE3ZjZiNmJiMTM0NWZkOGYyZDk1NWYyMmQyZjQiLCJfYXV0aF91c2VyX2lkIjoiNzkiLCJfYXV0aF91c2VyX2JhY2tlbmQiOiJkamFuZ28uY29udHJpYi5hdXRoLmJhY2tlbmRzLk1vZGVsQmFja2VuZCIsInJvb21zIjpbXX0=','2017-06-02 14:43:06.886472'),
	('chne36f6caaf782baa0a46d3d71477ae','ZjNiYmY3M2MzODMwMzczYWMxNWZlNGQ1ZDNiM2RhYWY1OGNiYTM0NTp7Il9hdXRoX3VzZXJfaGFzaCI6IjljMjRiZDc3NzYwZmNjMDFhN2E0YmMyMGM3OGI3NzFlZWRmYjg5OWUiLCJfYXV0aF91c2VyX2JhY2tlbmQiOiJkamFuZ28uY29udHJpYi5hdXRoLmJhY2tlbmRzLk1vZGVsQmFja2VuZCIsIl9hdXRoX3VzZXJfaWQiOiIxMzYiLCJyb29tcyI6WzFdfQ==','2017-06-05 12:44:17.249408'),
	('chne3b464de0d5e311738a6416aef6ec','ODdiYTU2MGI3Y2JjN2MyNzE0Mjk5OGM3M2M5MmFhYmM3ZDgzMWIxMjp7Il9hdXRoX3VzZXJfaGFzaCI6IjljMjRiZDc3NzYwZmNjMDFhN2E0YmMyMGM3OGI3NzFlZWRmYjg5OWUiLCJfYXV0aF91c2VyX2JhY2tlbmQiOiJkamFuZ28uY29udHJpYi5hdXRoLmJhY2tlbmRzLk1vZGVsQmFja2VuZCIsIl9hdXRoX3VzZXJfaWQiOiIxMzYiLCJyb29tcyI6Wzc5MTM2XX0=','2017-06-07 18:40:55.166779'),
	('chne3c9127e349805dd42b34abbaf34d','YmEwZWE5MjNhNGQyMmI2N2MzOTAwMjdhYzc2MjZlYWZjNDFmNTk2ZTp7Il9hdXRoX3VzZXJfaGFzaCI6IjljMjRiZDc3NzYwZmNjMDFhN2E0YmMyMGM3OGI3NzFlZWRmYjg5OWUiLCJfYXV0aF91c2VyX2JhY2tlbmQiOiJkamFuZ28uY29udHJpYi5hdXRoLmJhY2tlbmRzLk1vZGVsQmFja2VuZCIsIl9hdXRoX3VzZXJfaWQiOiIxMzYiLCJyb29tcyI6WzEzNjc5XX0=','2017-06-04 12:33:21.207478'),
	('chne4048b6084edb18a834db5f798314','YmEwZWE5MjNhNGQyMmI2N2MzOTAwMjdhYzc2MjZlYWZjNDFmNTk2ZTp7Il9hdXRoX3VzZXJfaGFzaCI6IjljMjRiZDc3NzYwZmNjMDFhN2E0YmMyMGM3OGI3NzFlZWRmYjg5OWUiLCJfYXV0aF91c2VyX2JhY2tlbmQiOiJkamFuZ28uY29udHJpYi5hdXRoLmJhY2tlbmRzLk1vZGVsQmFja2VuZCIsIl9hdXRoX3VzZXJfaWQiOiIxMzYiLCJyb29tcyI6WzEzNjc5XX0=','2017-06-04 23:00:46.040396'),
	('chne4692c1c8dfa74d0de3b97678f6d9','OTk5ZDM2MzgwMzBkZDhmMTg1MzBhMDk3NTE2NGYzMzMyYzJlMGE2NTp7Il9hdXRoX3VzZXJfaGFzaCI6IjVkMmM5YWIzMDc3MzM3NzNiOTI3NTIwZGExNjJhNzhlMWYwOTM2OWUiLCJfYXV0aF91c2VyX2lkIjoiODMiLCJfYXV0aF91c2VyX2JhY2tlbmQiOiJkamFuZ28uY29udHJpYi5hdXRoLmJhY2tlbmRzLk1vZGVsQmFja2VuZCIsInJvb21zIjpbXX0=','2017-06-02 13:43:54.273474'),
	('chne46bc615435156feddeefbe059da7','ODdiYTU2MGI3Y2JjN2MyNzE0Mjk5OGM3M2M5MmFhYmM3ZDgzMWIxMjp7Il9hdXRoX3VzZXJfaGFzaCI6IjljMjRiZDc3NzYwZmNjMDFhN2E0YmMyMGM3OGI3NzFlZWRmYjg5OWUiLCJfYXV0aF91c2VyX2JhY2tlbmQiOiJkamFuZ28uY29udHJpYi5hdXRoLmJhY2tlbmRzLk1vZGVsQmFja2VuZCIsIl9hdXRoX3VzZXJfaWQiOiIxMzYiLCJyb29tcyI6Wzc5MTM2XX0=','2017-06-07 18:00:12.732469'),
	('chne47e21f662e66fe5e5eed25b631cc','ODUwMDZlYTAwYjA3MDBjNzk2MzI2MjlkMWQzMzExZjFlZDVkYThmYTp7Il9hdXRoX3VzZXJfaGFzaCI6IjJhNDUyZDYwZDRjMGFkMzg2YjFiNjczYmQ5YTNiNzYzMDY0NWJkNGQiLCJfYXV0aF91c2VyX2JhY2tlbmQiOiJkamFuZ28uY29udHJpYi5hdXRoLmJhY2tlbmRzLk1vZGVsQmFja2VuZCIsIl9hdXRoX3VzZXJfaWQiOiIxIiwicm9vbXMiOlsxNzldfQ==','2017-05-27 16:41:19.629800'),
	('chne4d12effe2e4a2612e062fb31ef6b','YmEwZWE5MjNhNGQyMmI2N2MzOTAwMjdhYzc2MjZlYWZjNDFmNTk2ZTp7Il9hdXRoX3VzZXJfaGFzaCI6IjljMjRiZDc3NzYwZmNjMDFhN2E0YmMyMGM3OGI3NzFlZWRmYjg5OWUiLCJfYXV0aF91c2VyX2JhY2tlbmQiOiJkamFuZ28uY29udHJpYi5hdXRoLmJhY2tlbmRzLk1vZGVsQmFja2VuZCIsIl9hdXRoX3VzZXJfaWQiOiIxMzYiLCJyb29tcyI6WzEzNjc5XX0=','2017-06-05 11:26:48.298685'),
	('chne523275df16b742669862f678308a','NTBlZTczNjMxMTQ1NzY4NmNmNTM2YTFlNGU4MWQxZjYzOWY1MTA0NDp7Il9hdXRoX3VzZXJfaGFzaCI6IjEyMmVhYzJhMWUwNmE3ZjZiNmJiMTM0NWZkOGYyZDk1NWYyMmQyZjQiLCJfYXV0aF91c2VyX2lkIjoiNzkiLCJfYXV0aF91c2VyX2JhY2tlbmQiOiJkamFuZ28uY29udHJpYi5hdXRoLmJhY2tlbmRzLk1vZGVsQmFja2VuZCIsInJvb21zIjpbXX0=','2017-06-06 10:41:33.323349'),
	('chne53dfceee58a369b7eeecbf9624ac','YmEwZWE5MjNhNGQyMmI2N2MzOTAwMjdhYzc2MjZlYWZjNDFmNTk2ZTp7Il9hdXRoX3VzZXJfaGFzaCI6IjljMjRiZDc3NzYwZmNjMDFhN2E0YmMyMGM3OGI3NzFlZWRmYjg5OWUiLCJfYXV0aF91c2VyX2JhY2tlbmQiOiJkamFuZ28uY29udHJpYi5hdXRoLmJhY2tlbmRzLk1vZGVsQmFja2VuZCIsIl9hdXRoX3VzZXJfaWQiOiIxMzYiLCJyb29tcyI6WzEzNjc5XX0=','2017-06-04 15:42:10.107722'),
	('chne594bdc981255b9483133cb4d908e','ZWQ1Nzc0YjUyMzA4NDQ2Njk5N2UzMjFhNWNiZmY3YjllYTNkOTAzODp7Il9hdXRoX3VzZXJfaGFzaCI6IjEyMmVhYzJhMWUwNmE3ZjZiNmJiMTM0NWZkOGYyZDk1NWYyMmQyZjQiLCJfYXV0aF91c2VyX2JhY2tlbmQiOiJkamFuZ28uY29udHJpYi5hdXRoLmJhY2tlbmRzLk1vZGVsQmFja2VuZCIsIl9hdXRoX3VzZXJfaWQiOiI3OSIsInJvb21zIjpbMTM2ODBdfQ==','2017-06-03 16:31:36.088675'),
	('chne5d0fa7c8eaeb311a82c33a9dd0fb','ZjNiYmY3M2MzODMwMzczYWMxNWZlNGQ1ZDNiM2RhYWY1OGNiYTM0NTp7Il9hdXRoX3VzZXJfaGFzaCI6IjljMjRiZDc3NzYwZmNjMDFhN2E0YmMyMGM3OGI3NzFlZWRmYjg5OWUiLCJfYXV0aF91c2VyX2JhY2tlbmQiOiJkamFuZ28uY29udHJpYi5hdXRoLmJhY2tlbmRzLk1vZGVsQmFja2VuZCIsIl9hdXRoX3VzZXJfaWQiOiIxMzYiLCJyb29tcyI6WzFdfQ==','2017-06-05 12:21:37.168841'),
	('chne5fac133888505e3e5d7ffd5d3157','Yzg1NzcyZjFiNmRjMGEyZWQ3NDdlYWI0NDNhZWY3OTkyMTIyYTc4YTp7Il9hdXRoX3VzZXJfaGFzaCI6IjEyMmVhYzJhMWUwNmE3ZjZiNmJiMTM0NWZkOGYyZDk1NWYyMmQyZjQiLCJfYXV0aF91c2VyX2JhY2tlbmQiOiJkamFuZ28uY29udHJpYi5hdXRoLmJhY2tlbmRzLk1vZGVsQmFja2VuZCIsIl9hdXRoX3VzZXJfaWQiOiI3OSIsInJvb21zIjpbMTM2NzldfQ==','2017-06-04 12:29:30.809168'),
	('chne6474cb911d4639222d20d898c873','YmEwZWE5MjNhNGQyMmI2N2MzOTAwMjdhYzc2MjZlYWZjNDFmNTk2ZTp7Il9hdXRoX3VzZXJfaGFzaCI6IjljMjRiZDc3NzYwZmNjMDFhN2E0YmMyMGM3OGI3NzFlZWRmYjg5OWUiLCJfYXV0aF91c2VyX2JhY2tlbmQiOiJkamFuZ28uY29udHJpYi5hdXRoLmJhY2tlbmRzLk1vZGVsQmFja2VuZCIsIl9hdXRoX3VzZXJfaWQiOiIxMzYiLCJyb29tcyI6WzEzNjc5XX0=','2017-06-04 23:15:01.762484'),
	('chne6d64da0401173e8edba0f278f3b0','OWZmZTRlZDNmYjdmNjk1ODhmYjAxYjIyODYxZDI5M2Y4MGNkMTYzZjp7Il9hdXRoX3VzZXJfaGFzaCI6IjBkOWVlNGEyNmRjNmNjOWNmNGM3NDg3ZTQ1NzczZTFiYmZlYWVkODMiLCJfYXV0aF91c2VyX2JhY2tlbmQiOiJkamFuZ28uY29udHJpYi5hdXRoLmJhY2tlbmRzLk1vZGVsQmFja2VuZCIsIl9hdXRoX3VzZXJfaWQiOiIxMjkiLCJyb29tcyI6WzEzNjEyOV19','2017-06-04 15:53:07.885499'),
	('chne74ef5b9d9cc8043712f0caf926e1','ODI2NWFhM2Q5OGI3YjllODJhZTM0ZTFkMWJjYTA5MGIyOTgzMmUwMTp7Il9hdXRoX3VzZXJfaGFzaCI6IjEyMmVhYzJhMWUwNmE3ZjZiNmJiMTM0NWZkOGYyZDk1NWYyMmQyZjQiLCJfYXV0aF91c2VyX2JhY2tlbmQiOiJkamFuZ28uY29udHJpYi5hdXRoLmJhY2tlbmRzLk1vZGVsQmFja2VuZCIsIl9hdXRoX3VzZXJfaWQiOiI3OSIsInJvb21zIjpbNzkxMzZdfQ==','2017-06-07 13:55:38.328023'),
	('chne7727384b75fd1a0efc5412d6055a','NzEwNGUxY2FkOWY2NmNlMDAyYzc3MzdmNDk1NzRlNTVlNWU4Y2IwNjp7fQ==','2017-06-06 15:06:23.026631'),
	('chne776a27ceb81a89e136c592036217','Yzg1NzcyZjFiNmRjMGEyZWQ3NDdlYWI0NDNhZWY3OTkyMTIyYTc4YTp7Il9hdXRoX3VzZXJfaGFzaCI6IjEyMmVhYzJhMWUwNmE3ZjZiNmJiMTM0NWZkOGYyZDk1NWYyMmQyZjQiLCJfYXV0aF91c2VyX2JhY2tlbmQiOiJkamFuZ28uY29udHJpYi5hdXRoLmJhY2tlbmRzLk1vZGVsQmFja2VuZCIsIl9hdXRoX3VzZXJfaWQiOiI3OSIsInJvb21zIjpbMTM2NzldfQ==','2017-06-04 15:32:00.534614'),
	('chne811b6b183f48b8b93139fa6a9ea2','ODI2NWFhM2Q5OGI3YjllODJhZTM0ZTFkMWJjYTA5MGIyOTgzMmUwMTp7Il9hdXRoX3VzZXJfaGFzaCI6IjEyMmVhYzJhMWUwNmE3ZjZiNmJiMTM0NWZkOGYyZDk1NWYyMmQyZjQiLCJfYXV0aF91c2VyX2JhY2tlbmQiOiJkamFuZ28uY29udHJpYi5hdXRoLmJhY2tlbmRzLk1vZGVsQmFja2VuZCIsIl9hdXRoX3VzZXJfaWQiOiI3OSIsInJvb21zIjpbNzkxMzZdfQ==','2017-06-07 18:42:23.842425'),
	('chne857f7950b13696f19af95e89c3d5','NzEwNGUxY2FkOWY2NmNlMDAyYzc3MzdmNDk1NzRlNTVlNWU4Y2IwNjp7fQ==','2017-06-06 15:16:49.965135'),
	('chne922b6d3eb9e9f51d60e7b3316b5e','YmEwZWE5MjNhNGQyMmI2N2MzOTAwMjdhYzc2MjZlYWZjNDFmNTk2ZTp7Il9hdXRoX3VzZXJfaGFzaCI6IjljMjRiZDc3NzYwZmNjMDFhN2E0YmMyMGM3OGI3NzFlZWRmYjg5OWUiLCJfYXV0aF91c2VyX2JhY2tlbmQiOiJkamFuZ28uY29udHJpYi5hdXRoLmJhY2tlbmRzLk1vZGVsQmFja2VuZCIsIl9hdXRoX3VzZXJfaWQiOiIxMzYiLCJyb29tcyI6WzEzNjc5XX0=','2017-06-04 23:40:09.839290'),
	('chne92eb87a87e8fe7fd75f8f6d25a48','NzEwNGUxY2FkOWY2NmNlMDAyYzc3MzdmNDk1NzRlNTVlNWU4Y2IwNjp7fQ==','2017-06-06 09:45:04.042982'),
	('chne9c08f98cec794003c3f3a13467be','ZjNiYmY3M2MzODMwMzczYWMxNWZlNGQ1ZDNiM2RhYWY1OGNiYTM0NTp7Il9hdXRoX3VzZXJfaGFzaCI6IjljMjRiZDc3NzYwZmNjMDFhN2E0YmMyMGM3OGI3NzFlZWRmYjg5OWUiLCJfYXV0aF91c2VyX2JhY2tlbmQiOiJkamFuZ28uY29udHJpYi5hdXRoLmJhY2tlbmRzLk1vZGVsQmFja2VuZCIsIl9hdXRoX3VzZXJfaWQiOiIxMzYiLCJyb29tcyI6WzFdfQ==','2017-06-04 22:52:27.885255'),
	('chne9d7eecdbc00587ea3e0424ed2b4d','NzEwNGUxY2FkOWY2NmNlMDAyYzc3MzdmNDk1NzRlNTVlNWU4Y2IwNjp7fQ==','2017-06-06 15:11:32.021906'),
	('chnea3126e1b12e14b119171b2c43bb8','ODdiYTU2MGI3Y2JjN2MyNzE0Mjk5OGM3M2M5MmFhYmM3ZDgzMWIxMjp7Il9hdXRoX3VzZXJfaGFzaCI6IjljMjRiZDc3NzYwZmNjMDFhN2E0YmMyMGM3OGI3NzFlZWRmYjg5OWUiLCJfYXV0aF91c2VyX2JhY2tlbmQiOiJkamFuZ28uY29udHJpYi5hdXRoLmJhY2tlbmRzLk1vZGVsQmFja2VuZCIsIl9hdXRoX3VzZXJfaWQiOiIxMzYiLCJyb29tcyI6Wzc5MTM2XX0=','2017-06-07 16:29:55.195995'),
	('chneab33ed3f321e9a81c6b89c95b3dd','ODUwMDZlYTAwYjA3MDBjNzk2MzI2MjlkMWQzMzExZjFlZDVkYThmYTp7Il9hdXRoX3VzZXJfaGFzaCI6IjJhNDUyZDYwZDRjMGFkMzg2YjFiNjczYmQ5YTNiNzYzMDY0NWJkNGQiLCJfYXV0aF91c2VyX2JhY2tlbmQiOiJkamFuZ28uY29udHJpYi5hdXRoLmJhY2tlbmRzLk1vZGVsQmFja2VuZCIsIl9hdXRoX3VzZXJfaWQiOiIxIiwicm9vbXMiOlsxNzldfQ==','2017-05-27 20:08:28.575454'),
	('chneb843e704c068748b88f396deb6bb','ODI2NWFhM2Q5OGI3YjllODJhZTM0ZTFkMWJjYTA5MGIyOTgzMmUwMTp7Il9hdXRoX3VzZXJfaGFzaCI6IjEyMmVhYzJhMWUwNmE3ZjZiNmJiMTM0NWZkOGYyZDk1NWYyMmQyZjQiLCJfYXV0aF91c2VyX2JhY2tlbmQiOiJkamFuZ28uY29udHJpYi5hdXRoLmJhY2tlbmRzLk1vZGVsQmFja2VuZCIsIl9hdXRoX3VzZXJfaWQiOiI3OSIsInJvb21zIjpbNzkxMzZdfQ==','2017-06-07 13:53:39.161112'),
	('chnebb186b5d17425735a6846c53026e','ZmI0YzQwYzNiMmM1MDYwYjdiY2NiNjAyZWRlYzlhNTQ1NTc3NGRhZjp7Il9hdXRoX3VzZXJfaGFzaCI6IjEyMmVhYzJhMWUwNmE3ZjZiNmJiMTM0NWZkOGYyZDk1NWYyMmQyZjQiLCJfYXV0aF91c2VyX2JhY2tlbmQiOiJkamFuZ28uY29udHJpYi5hdXRoLmJhY2tlbmRzLk1vZGVsQmFja2VuZCIsIl9hdXRoX3VzZXJfaWQiOiI3OSIsInJvb21zIjpbNzk3OV19','2017-06-08 12:59:09.687167'),
	('chnebbfa1c8dfcc4c153f9e94e89a341','NzEwNGUxY2FkOWY2NmNlMDAyYzc3MzdmNDk1NzRlNTVlNWU4Y2IwNjp7fQ==','2017-06-06 15:05:16.012043'),
	('chnec8b1af8f68ab517169ebb3512719','ZjhlYTUwMzA3ZWEyMjE5MTA2YzJkZDk2YTc4YmMxMDFlMWI5YWJjNTp7Il9hdXRoX3VzZXJfaGFzaCI6IjEyMmVhYzJhMWUwNmE3ZjZiNmJiMTM0NWZkOGYyZDk1NWYyMmQyZjQiLCJfYXV0aF91c2VyX2JhY2tlbmQiOiJkamFuZ28uY29udHJpYi5hdXRoLmJhY2tlbmRzLk1vZGVsQmFja2VuZCIsIl9hdXRoX3VzZXJfaWQiOiI3OSIsInJvb21zIjpbMV19','2017-06-08 17:01:14.139309'),
	('chnecc12b82b746592f7d39c14d26b24','ZjNiYmY3M2MzODMwMzczYWMxNWZlNGQ1ZDNiM2RhYWY1OGNiYTM0NTp7Il9hdXRoX3VzZXJfaGFzaCI6IjljMjRiZDc3NzYwZmNjMDFhN2E0YmMyMGM3OGI3NzFlZWRmYjg5OWUiLCJfYXV0aF91c2VyX2JhY2tlbmQiOiJkamFuZ28uY29udHJpYi5hdXRoLmJhY2tlbmRzLk1vZGVsQmFja2VuZCIsIl9hdXRoX3VzZXJfaWQiOiIxMzYiLCJyb29tcyI6WzFdfQ==','2017-06-04 22:51:44.962136'),
	('chnecef82eb2b16f4e0806f0639ac13a','NzEwNGUxY2FkOWY2NmNlMDAyYzc3MzdmNDk1NzRlNTVlNWU4Y2IwNjp7fQ==','2017-06-06 11:37:28.421821'),
	('chned1d06cadeacc615a2ccfd21302c2','ZWQ1Nzc0YjUyMzA4NDQ2Njk5N2UzMjFhNWNiZmY3YjllYTNkOTAzODp7Il9hdXRoX3VzZXJfaGFzaCI6IjEyMmVhYzJhMWUwNmE3ZjZiNmJiMTM0NWZkOGYyZDk1NWYyMmQyZjQiLCJfYXV0aF91c2VyX2JhY2tlbmQiOiJkamFuZ28uY29udHJpYi5hdXRoLmJhY2tlbmRzLk1vZGVsQmFja2VuZCIsIl9hdXRoX3VzZXJfaWQiOiI3OSIsInJvb21zIjpbMTM2ODBdfQ==','2017-06-02 14:51:19.235602'),
	('chneda8f9839e521fb5869baa6681996','Yzg1NzcyZjFiNmRjMGEyZWQ3NDdlYWI0NDNhZWY3OTkyMTIyYTc4YTp7Il9hdXRoX3VzZXJfaGFzaCI6IjEyMmVhYzJhMWUwNmE3ZjZiNmJiMTM0NWZkOGYyZDk1NWYyMmQyZjQiLCJfYXV0aF91c2VyX2JhY2tlbmQiOiJkamFuZ28uY29udHJpYi5hdXRoLmJhY2tlbmRzLk1vZGVsQmFja2VuZCIsIl9hdXRoX3VzZXJfaWQiOiI3OSIsInJvb21zIjpbMTM2NzldfQ==','2017-06-04 15:42:08.818023'),
	('chnee1b41b7acdfd1cc2b8ae43369062','NzEwNGUxY2FkOWY2NmNlMDAyYzc3MzdmNDk1NzRlNTVlNWU4Y2IwNjp7fQ==','2017-06-06 15:14:21.015569'),
	('chneeb0a2bd8018dac3a237a6ea31d42','YmEwZWE5MjNhNGQyMmI2N2MzOTAwMjdhYzc2MjZlYWZjNDFmNTk2ZTp7Il9hdXRoX3VzZXJfaGFzaCI6IjljMjRiZDc3NzYwZmNjMDFhN2E0YmMyMGM3OGI3NzFlZWRmYjg5OWUiLCJfYXV0aF91c2VyX2JhY2tlbmQiOiJkamFuZ28uY29udHJpYi5hdXRoLmJhY2tlbmRzLk1vZGVsQmFja2VuZCIsIl9hdXRoX3VzZXJfaWQiOiIxMzYiLCJyb29tcyI6WzEzNjc5XX0=','2017-06-05 10:55:27.382218'),
	('chneeedd1c880eacfc9b11678ac85611','ZmZmNDljZmY3NWM3NjVhODNjMTM3YmExYTkwZTcyZTkyZDU5OTIxNDp7Il9hdXRoX3VzZXJfaGFzaCI6IjEyMmVhYzJhMWUwNmE3ZjZiNmJiMTM0NWZkOGYyZDk1NWYyMmQyZjQiLCJfYXV0aF91c2VyX2JhY2tlbmQiOiJkamFuZ28uY29udHJpYi5hdXRoLmJhY2tlbmRzLk1vZGVsQmFja2VuZCIsIl9hdXRoX3VzZXJfaWQiOiI3OSIsInJvb21zIjpbNzk5MF19','2017-06-08 13:06:37.395219'),
	('chnef677523e183cac077b6a4f744e89','ODdiYTU2MGI3Y2JjN2MyNzE0Mjk5OGM3M2M5MmFhYmM3ZDgzMWIxMjp7Il9hdXRoX3VzZXJfaGFzaCI6IjljMjRiZDc3NzYwZmNjMDFhN2E0YmMyMGM3OGI3NzFlZWRmYjg5OWUiLCJfYXV0aF91c2VyX2JhY2tlbmQiOiJkamFuZ28uY29udHJpYi5hdXRoLmJhY2tlbmRzLk1vZGVsQmFja2VuZCIsIl9hdXRoX3VzZXJfaWQiOiIxMzYiLCJyb29tcyI6Wzc5MTM2XX0=','2017-06-07 16:47:53.307128'),
	('chnefa1fbd21bd4dc34f1dcec8ae4644','YmEwZWE5MjNhNGQyMmI2N2MzOTAwMjdhYzc2MjZlYWZjNDFmNTk2ZTp7Il9hdXRoX3VzZXJfaGFzaCI6IjljMjRiZDc3NzYwZmNjMDFhN2E0YmMyMGM3OGI3NzFlZWRmYjg5OWUiLCJfYXV0aF91c2VyX2JhY2tlbmQiOiJkamFuZ28uY29udHJpYi5hdXRoLmJhY2tlbmRzLk1vZGVsQmFja2VuZCIsIl9hdXRoX3VzZXJfaWQiOiIxMzYiLCJyb29tcyI6WzEzNjc5XX0=','2017-06-05 12:04:41.159775'),
	('chnf0d8331d5e81b5fe68713b38cccc4','NzEwNGUxY2FkOWY2NmNlMDAyYzc3MzdmNDk1NzRlNTVlNWU4Y2IwNjp7fQ==','2017-06-05 22:45:30.477953'),
	('chnf0dffdfe88263ef58381168b19fea','ODI2NWFhM2Q5OGI3YjllODJhZTM0ZTFkMWJjYTA5MGIyOTgzMmUwMTp7Il9hdXRoX3VzZXJfaGFzaCI6IjEyMmVhYzJhMWUwNmE3ZjZiNmJiMTM0NWZkOGYyZDk1NWYyMmQyZjQiLCJfYXV0aF91c2VyX2JhY2tlbmQiOiJkamFuZ28uY29udHJpYi5hdXRoLmJhY2tlbmRzLk1vZGVsQmFja2VuZCIsIl9hdXRoX3VzZXJfaWQiOiI3OSIsInJvb21zIjpbNzkxMzZdfQ==','2017-06-07 13:54:33.024973'),
	('chnf0e92ac6a35f2bad0a59d4dc46857','YTk3ZTQ0NzQ3NTY2YzI4MWJlMzJiMGFhMzdjNWYzOTI5MGYyMzg0Zjp7InJvb21zIjpbXX0=','2017-06-05 18:22:51.151451'),
	('chnf0ed5b5949a6b46b98dcd5d4c48af','YmEwZWE5MjNhNGQyMmI2N2MzOTAwMjdhYzc2MjZlYWZjNDFmNTk2ZTp7Il9hdXRoX3VzZXJfaGFzaCI6IjljMjRiZDc3NzYwZmNjMDFhN2E0YmMyMGM3OGI3NzFlZWRmYjg5OWUiLCJfYXV0aF91c2VyX2JhY2tlbmQiOiJkamFuZ28uY29udHJpYi5hdXRoLmJhY2tlbmRzLk1vZGVsQmFja2VuZCIsIl9hdXRoX3VzZXJfaWQiOiIxMzYiLCJyb29tcyI6WzEzNjc5XX0=','2017-06-04 15:40:31.250334'),
	('chnf1763f6a25d74d083d33811cd0903','YmEwZWE5MjNhNGQyMmI2N2MzOTAwMjdhYzc2MjZlYWZjNDFmNTk2ZTp7Il9hdXRoX3VzZXJfaGFzaCI6IjljMjRiZDc3NzYwZmNjMDFhN2E0YmMyMGM3OGI3NzFlZWRmYjg5OWUiLCJfYXV0aF91c2VyX2JhY2tlbmQiOiJkamFuZ28uY29udHJpYi5hdXRoLmJhY2tlbmRzLk1vZGVsQmFja2VuZCIsIl9hdXRoX3VzZXJfaWQiOiIxMzYiLCJyb29tcyI6WzEzNjc5XX0=','2017-06-04 23:39:50.233374'),
	('chnf20a38ebc797fa132a68e18ff8631','YmEwZWE5MjNhNGQyMmI2N2MzOTAwMjdhYzc2MjZlYWZjNDFmNTk2ZTp7Il9hdXRoX3VzZXJfaGFzaCI6IjljMjRiZDc3NzYwZmNjMDFhN2E0YmMyMGM3OGI3NzFlZWRmYjg5OWUiLCJfYXV0aF91c2VyX2JhY2tlbmQiOiJkamFuZ28uY29udHJpYi5hdXRoLmJhY2tlbmRzLk1vZGVsQmFja2VuZCIsIl9hdXRoX3VzZXJfaWQiOiIxMzYiLCJyb29tcyI6WzEzNjc5XX0=','2017-06-05 11:59:24.518315'),
	('chnf2a191a8d9a694261af9337cb6802','ZmZmNDljZmY3NWM3NjVhODNjMTM3YmExYTkwZTcyZTkyZDU5OTIxNDp7Il9hdXRoX3VzZXJfaGFzaCI6IjEyMmVhYzJhMWUwNmE3ZjZiNmJiMTM0NWZkOGYyZDk1NWYyMmQyZjQiLCJfYXV0aF91c2VyX2JhY2tlbmQiOiJkamFuZ28uY29udHJpYi5hdXRoLmJhY2tlbmRzLk1vZGVsQmFja2VuZCIsIl9hdXRoX3VzZXJfaWQiOiI3OSIsInJvb21zIjpbNzk5MF19','2017-06-08 13:10:38.545940'),
	('chnf32de344b61099faf56ab9162ecdc','ZWQ1Nzc0YjUyMzA4NDQ2Njk5N2UzMjFhNWNiZmY3YjllYTNkOTAzODp7Il9hdXRoX3VzZXJfaGFzaCI6IjEyMmVhYzJhMWUwNmE3ZjZiNmJiMTM0NWZkOGYyZDk1NWYyMmQyZjQiLCJfYXV0aF91c2VyX2JhY2tlbmQiOiJkamFuZ28uY29udHJpYi5hdXRoLmJhY2tlbmRzLk1vZGVsQmFja2VuZCIsIl9hdXRoX3VzZXJfaWQiOiI3OSIsInJvb21zIjpbMTM2ODBdfQ==','2017-06-03 19:00:11.748311'),
	('chnf34fe1bbef2fd9bccdaa5e55767f7','YmEwZWE5MjNhNGQyMmI2N2MzOTAwMjdhYzc2MjZlYWZjNDFmNTk2ZTp7Il9hdXRoX3VzZXJfaGFzaCI6IjljMjRiZDc3NzYwZmNjMDFhN2E0YmMyMGM3OGI3NzFlZWRmYjg5OWUiLCJfYXV0aF91c2VyX2JhY2tlbmQiOiJkamFuZ28uY29udHJpYi5hdXRoLmJhY2tlbmRzLk1vZGVsQmFja2VuZCIsIl9hdXRoX3VzZXJfaWQiOiIxMzYiLCJyb29tcyI6WzEzNjc5XX0=','2017-06-05 11:17:01.710226'),
	('chnf35db029ba019f860563d8a01dd81','ODI2NWFhM2Q5OGI3YjllODJhZTM0ZTFkMWJjYTA5MGIyOTgzMmUwMTp7Il9hdXRoX3VzZXJfaGFzaCI6IjEyMmVhYzJhMWUwNmE3ZjZiNmJiMTM0NWZkOGYyZDk1NWYyMmQyZjQiLCJfYXV0aF91c2VyX2JhY2tlbmQiOiJkamFuZ28uY29udHJpYi5hdXRoLmJhY2tlbmRzLk1vZGVsQmFja2VuZCIsIl9hdXRoX3VzZXJfaWQiOiI3OSIsInJvb21zIjpbNzkxMzZdfQ==','2017-06-07 18:01:21.608805'),
	('chnf3abf62ea6ae3e8e75ea363285168','ZWQ1Nzc0YjUyMzA4NDQ2Njk5N2UzMjFhNWNiZmY3YjllYTNkOTAzODp7Il9hdXRoX3VzZXJfaGFzaCI6IjEyMmVhYzJhMWUwNmE3ZjZiNmJiMTM0NWZkOGYyZDk1NWYyMmQyZjQiLCJfYXV0aF91c2VyX2JhY2tlbmQiOiJkamFuZ28uY29udHJpYi5hdXRoLmJhY2tlbmRzLk1vZGVsQmFja2VuZCIsIl9hdXRoX3VzZXJfaWQiOiI3OSIsInJvb21zIjpbMTM2ODBdfQ==','2017-06-03 14:43:57.951350'),
	('chnf3cb6a4a73f88542f5f16c5b803af','YmEwZWE5MjNhNGQyMmI2N2MzOTAwMjdhYzc2MjZlYWZjNDFmNTk2ZTp7Il9hdXRoX3VzZXJfaGFzaCI6IjljMjRiZDc3NzYwZmNjMDFhN2E0YmMyMGM3OGI3NzFlZWRmYjg5OWUiLCJfYXV0aF91c2VyX2JhY2tlbmQiOiJkamFuZ28uY29udHJpYi5hdXRoLmJhY2tlbmRzLk1vZGVsQmFja2VuZCIsIl9hdXRoX3VzZXJfaWQiOiIxMzYiLCJyb29tcyI6WzEzNjc5XX0=','2017-06-04 12:32:27.817745'),
	('chnf3cdf88671fcb26344c12ae9a5a38','ZWQ1Nzc0YjUyMzA4NDQ2Njk5N2UzMjFhNWNiZmY3YjllYTNkOTAzODp7Il9hdXRoX3VzZXJfaGFzaCI6IjEyMmVhYzJhMWUwNmE3ZjZiNmJiMTM0NWZkOGYyZDk1NWYyMmQyZjQiLCJfYXV0aF91c2VyX2JhY2tlbmQiOiJkamFuZ28uY29udHJpYi5hdXRoLmJhY2tlbmRzLk1vZGVsQmFja2VuZCIsIl9hdXRoX3VzZXJfaWQiOiI3OSIsInJvb21zIjpbMTM2ODBdfQ==','2017-06-03 19:00:12.306926'),
	('chnf3e21c39f0faac22ee876e11131bc','YmEwZWE5MjNhNGQyMmI2N2MzOTAwMjdhYzc2MjZlYWZjNDFmNTk2ZTp7Il9hdXRoX3VzZXJfaGFzaCI6IjljMjRiZDc3NzYwZmNjMDFhN2E0YmMyMGM3OGI3NzFlZWRmYjg5OWUiLCJfYXV0aF91c2VyX2JhY2tlbmQiOiJkamFuZ28uY29udHJpYi5hdXRoLmJhY2tlbmRzLk1vZGVsQmFja2VuZCIsIl9hdXRoX3VzZXJfaWQiOiIxMzYiLCJyb29tcyI6WzEzNjc5XX0=','2017-06-05 15:24:25.548080'),
	('chnf42fe0814c488cc4b0e32fe0735b1','YmEwZWE5MjNhNGQyMmI2N2MzOTAwMjdhYzc2MjZlYWZjNDFmNTk2ZTp7Il9hdXRoX3VzZXJfaGFzaCI6IjljMjRiZDc3NzYwZmNjMDFhN2E0YmMyMGM3OGI3NzFlZWRmYjg5OWUiLCJfYXV0aF91c2VyX2JhY2tlbmQiOiJkamFuZ28uY29udHJpYi5hdXRoLmJhY2tlbmRzLk1vZGVsQmFja2VuZCIsIl9hdXRoX3VzZXJfaWQiOiIxMzYiLCJyb29tcyI6WzEzNjc5XX0=','2017-06-04 23:00:05.918860'),
	('chnf455e06b37e83d737efb92265d6a6','MWE0Y2E0NGFmMGM2YTBkNjJlY2ZmNGY0MzY5MzJlOGI3ZWE2NDc5YTp7Il9hdXRoX3VzZXJfaGFzaCI6IjEyMmVhYzJhMWUwNmE3ZjZiNmJiMTM0NWZkOGYyZDk1NWYyMmQyZjQiLCJfYXV0aF91c2VyX2JhY2tlbmQiOiJkamFuZ28uY29udHJpYi5hdXRoLmJhY2tlbmRzLk1vZGVsQmFja2VuZCIsIl9hdXRoX3VzZXJfaWQiOiI3OSIsInJvb21zIjpbNzk4M119','2017-06-07 19:07:17.902466'),
	('chnf51ff7d56387d129af0dcaa3c259c','ZWQ1Nzc0YjUyMzA4NDQ2Njk5N2UzMjFhNWNiZmY3YjllYTNkOTAzODp7Il9hdXRoX3VzZXJfaGFzaCI6IjEyMmVhYzJhMWUwNmE3ZjZiNmJiMTM0NWZkOGYyZDk1NWYyMmQyZjQiLCJfYXV0aF91c2VyX2JhY2tlbmQiOiJkamFuZ28uY29udHJpYi5hdXRoLmJhY2tlbmRzLk1vZGVsQmFja2VuZCIsIl9hdXRoX3VzZXJfaWQiOiI3OSIsInJvb21zIjpbMTM2ODBdfQ==','2017-06-03 16:20:43.447352'),
	('chnf5251abbff4f78a42cdf621015fc1','YmEwZWE5MjNhNGQyMmI2N2MzOTAwMjdhYzc2MjZlYWZjNDFmNTk2ZTp7Il9hdXRoX3VzZXJfaGFzaCI6IjljMjRiZDc3NzYwZmNjMDFhN2E0YmMyMGM3OGI3NzFlZWRmYjg5OWUiLCJfYXV0aF91c2VyX2JhY2tlbmQiOiJkamFuZ28uY29udHJpYi5hdXRoLmJhY2tlbmRzLk1vZGVsQmFja2VuZCIsIl9hdXRoX3VzZXJfaWQiOiIxMzYiLCJyb29tcyI6WzEzNjc5XX0=','2017-06-04 23:36:29.992455'),
	('chnf58d890f46c03442a1e7026f7036a','NTBlZTczNjMxMTQ1NzY4NmNmNTM2YTFlNGU4MWQxZjYzOWY1MTA0NDp7Il9hdXRoX3VzZXJfaGFzaCI6IjEyMmVhYzJhMWUwNmE3ZjZiNmJiMTM0NWZkOGYyZDk1NWYyMmQyZjQiLCJfYXV0aF91c2VyX2lkIjoiNzkiLCJfYXV0aF91c2VyX2JhY2tlbmQiOiJkamFuZ28uY29udHJpYi5hdXRoLmJhY2tlbmRzLk1vZGVsQmFja2VuZCIsInJvb21zIjpbXX0=','2017-06-06 17:42:18.229973'),
	('chnf5cb1d303c93aa7259ecdc97c8307','YmEwZWE5MjNhNGQyMmI2N2MzOTAwMjdhYzc2MjZlYWZjNDFmNTk2ZTp7Il9hdXRoX3VzZXJfaGFzaCI6IjljMjRiZDc3NzYwZmNjMDFhN2E0YmMyMGM3OGI3NzFlZWRmYjg5OWUiLCJfYXV0aF91c2VyX2JhY2tlbmQiOiJkamFuZ28uY29udHJpYi5hdXRoLmJhY2tlbmRzLk1vZGVsQmFja2VuZCIsIl9hdXRoX3VzZXJfaWQiOiIxMzYiLCJyb29tcyI6WzEzNjc5XX0=','2017-06-04 12:24:19.323042'),
	('chnf5e73762f89ee1ea66ac3af57852d','YmEwZWE5MjNhNGQyMmI2N2MzOTAwMjdhYzc2MjZlYWZjNDFmNTk2ZTp7Il9hdXRoX3VzZXJfaGFzaCI6IjljMjRiZDc3NzYwZmNjMDFhN2E0YmMyMGM3OGI3NzFlZWRmYjg5OWUiLCJfYXV0aF91c2VyX2JhY2tlbmQiOiJkamFuZ28uY29udHJpYi5hdXRoLmJhY2tlbmRzLk1vZGVsQmFja2VuZCIsIl9hdXRoX3VzZXJfaWQiOiIxMzYiLCJyb29tcyI6WzEzNjc5XX0=','2017-06-04 15:44:49.113889'),
	('chnf618f48126e4e30c7a798b1cbac50','YmEwZWE5MjNhNGQyMmI2N2MzOTAwMjdhYzc2MjZlYWZjNDFmNTk2ZTp7Il9hdXRoX3VzZXJfaGFzaCI6IjljMjRiZDc3NzYwZmNjMDFhN2E0YmMyMGM3OGI3NzFlZWRmYjg5OWUiLCJfYXV0aF91c2VyX2JhY2tlbmQiOiJkamFuZ28uY29udHJpYi5hdXRoLmJhY2tlbmRzLk1vZGVsQmFja2VuZCIsIl9hdXRoX3VzZXJfaWQiOiIxMzYiLCJyb29tcyI6WzEzNjc5XX0=','2017-06-04 22:53:37.165310'),
	('chnf6348b423f9c012a3767e4dadde80','YTk3ZTQ0NzQ3NTY2YzI4MWJlMzJiMGFhMzdjNWYzOTI5MGYyMzg0Zjp7InJvb21zIjpbXX0=','2017-06-05 18:04:29.868401'),
	('chnf6e2ad2cd6879ca70a408455b9137','ZWQ1Nzc0YjUyMzA4NDQ2Njk5N2UzMjFhNWNiZmY3YjllYTNkOTAzODp7Il9hdXRoX3VzZXJfaGFzaCI6IjEyMmVhYzJhMWUwNmE3ZjZiNmJiMTM0NWZkOGYyZDk1NWYyMmQyZjQiLCJfYXV0aF91c2VyX2JhY2tlbmQiOiJkamFuZ28uY29udHJpYi5hdXRoLmJhY2tlbmRzLk1vZGVsQmFja2VuZCIsIl9hdXRoX3VzZXJfaWQiOiI3OSIsInJvb21zIjpbMTM2ODBdfQ==','2017-06-03 13:01:47.264616'),
	('chnf7091b7cc888a5d8baedddfe03797','ZjNiYmY3M2MzODMwMzczYWMxNWZlNGQ1ZDNiM2RhYWY1OGNiYTM0NTp7Il9hdXRoX3VzZXJfaGFzaCI6IjljMjRiZDc3NzYwZmNjMDFhN2E0YmMyMGM3OGI3NzFlZWRmYjg5OWUiLCJfYXV0aF91c2VyX2JhY2tlbmQiOiJkamFuZ28uY29udHJpYi5hdXRoLmJhY2tlbmRzLk1vZGVsQmFja2VuZCIsIl9hdXRoX3VzZXJfaWQiOiIxMzYiLCJyb29tcyI6WzFdfQ==','2017-06-05 12:22:10.416813'),
	('chnf7878743a65740c650c0e7d40f590','ODI2NWFhM2Q5OGI3YjllODJhZTM0ZTFkMWJjYTA5MGIyOTgzMmUwMTp7Il9hdXRoX3VzZXJfaGFzaCI6IjEyMmVhYzJhMWUwNmE3ZjZiNmJiMTM0NWZkOGYyZDk1NWYyMmQyZjQiLCJfYXV0aF91c2VyX2JhY2tlbmQiOiJkamFuZ28uY29udHJpYi5hdXRoLmJhY2tlbmRzLk1vZGVsQmFja2VuZCIsIl9hdXRoX3VzZXJfaWQiOiI3OSIsInJvb21zIjpbNzkxMzZdfQ==','2017-06-08 13:34:23.453860'),
	('chnf7e1d0072aeed46498ec480e8e55a','ZWQ1Nzc0YjUyMzA4NDQ2Njk5N2UzMjFhNWNiZmY3YjllYTNkOTAzODp7Il9hdXRoX3VzZXJfaGFzaCI6IjEyMmVhYzJhMWUwNmE3ZjZiNmJiMTM0NWZkOGYyZDk1NWYyMmQyZjQiLCJfYXV0aF91c2VyX2JhY2tlbmQiOiJkamFuZ28uY29udHJpYi5hdXRoLmJhY2tlbmRzLk1vZGVsQmFja2VuZCIsIl9hdXRoX3VzZXJfaWQiOiI3OSIsInJvb21zIjpbMTM2ODBdfQ==','2017-06-03 15:54:35.643895'),
	('chnf7ea2d76fa424c9853ca2e1a1559f','ZWQ1Nzc0YjUyMzA4NDQ2Njk5N2UzMjFhNWNiZmY3YjllYTNkOTAzODp7Il9hdXRoX3VzZXJfaGFzaCI6IjEyMmVhYzJhMWUwNmE3ZjZiNmJiMTM0NWZkOGYyZDk1NWYyMmQyZjQiLCJfYXV0aF91c2VyX2JhY2tlbmQiOiJkamFuZ28uY29udHJpYi5hdXRoLmJhY2tlbmRzLk1vZGVsQmFja2VuZCIsIl9hdXRoX3VzZXJfaWQiOiI3OSIsInJvb21zIjpbMTM2ODBdfQ==','2017-06-03 16:25:14.968495'),
	('chnf7edde960aa5ff915d53eb5e9898b','YmEwZWE5MjNhNGQyMmI2N2MzOTAwMjdhYzc2MjZlYWZjNDFmNTk2ZTp7Il9hdXRoX3VzZXJfaGFzaCI6IjljMjRiZDc3NzYwZmNjMDFhN2E0YmMyMGM3OGI3NzFlZWRmYjg5OWUiLCJfYXV0aF91c2VyX2JhY2tlbmQiOiJkamFuZ28uY29udHJpYi5hdXRoLmJhY2tlbmRzLk1vZGVsQmFja2VuZCIsIl9hdXRoX3VzZXJfaWQiOiIxMzYiLCJyb29tcyI6WzEzNjc5XX0=','2017-06-05 00:01:15.788789'),
	('chnf8792027da9a8ea644d60838ccb07','YmEwZWE5MjNhNGQyMmI2N2MzOTAwMjdhYzc2MjZlYWZjNDFmNTk2ZTp7Il9hdXRoX3VzZXJfaGFzaCI6IjljMjRiZDc3NzYwZmNjMDFhN2E0YmMyMGM3OGI3NzFlZWRmYjg5OWUiLCJfYXV0aF91c2VyX2JhY2tlbmQiOiJkamFuZ28uY29udHJpYi5hdXRoLmJhY2tlbmRzLk1vZGVsQmFja2VuZCIsIl9hdXRoX3VzZXJfaWQiOiIxMzYiLCJyb29tcyI6WzEzNjc5XX0=','2017-06-05 11:44:05.221043'),
	('chnf8adb200331b77a0f4ce3af1fe5c4','YTk3ZTQ0NzQ3NTY2YzI4MWJlMzJiMGFhMzdjNWYzOTI5MGYyMzg0Zjp7InJvb21zIjpbXX0=','2017-05-27 13:50:22.562477'),
	('chnf8b34c5356622b9b1438c2af0084a','YmEwZWE5MjNhNGQyMmI2N2MzOTAwMjdhYzc2MjZlYWZjNDFmNTk2ZTp7Il9hdXRoX3VzZXJfaGFzaCI6IjljMjRiZDc3NzYwZmNjMDFhN2E0YmMyMGM3OGI3NzFlZWRmYjg5OWUiLCJfYXV0aF91c2VyX2JhY2tlbmQiOiJkamFuZ28uY29udHJpYi5hdXRoLmJhY2tlbmRzLk1vZGVsQmFja2VuZCIsIl9hdXRoX3VzZXJfaWQiOiIxMzYiLCJyb29tcyI6WzEzNjc5XX0=','2017-06-04 23:23:02.419266'),
	('chnf8c5c3b2cb8b344a49d110b9d4f4c','NzEwNGUxY2FkOWY2NmNlMDAyYzc3MzdmNDk1NzRlNTVlNWU4Y2IwNjp7fQ==','2017-06-05 22:52:24.910580'),
	('chnf905a9ff5e0dbb69e3d02817b96ed','ZmZmNDljZmY3NWM3NjVhODNjMTM3YmExYTkwZTcyZTkyZDU5OTIxNDp7Il9hdXRoX3VzZXJfaGFzaCI6IjEyMmVhYzJhMWUwNmE3ZjZiNmJiMTM0NWZkOGYyZDk1NWYyMmQyZjQiLCJfYXV0aF91c2VyX2JhY2tlbmQiOiJkamFuZ28uY29udHJpYi5hdXRoLmJhY2tlbmRzLk1vZGVsQmFja2VuZCIsIl9hdXRoX3VzZXJfaWQiOiI3OSIsInJvb21zIjpbNzk5MF19','2017-06-08 17:22:19.942869'),
	('chnf912181643498815e7e29a768f0a6','NTBlZTczNjMxMTQ1NzY4NmNmNTM2YTFlNGU4MWQxZjYzOWY1MTA0NDp7Il9hdXRoX3VzZXJfaGFzaCI6IjEyMmVhYzJhMWUwNmE3ZjZiNmJiMTM0NWZkOGYyZDk1NWYyMmQyZjQiLCJfYXV0aF91c2VyX2lkIjoiNzkiLCJfYXV0aF91c2VyX2JhY2tlbmQiOiJkamFuZ28uY29udHJpYi5hdXRoLmJhY2tlbmRzLk1vZGVsQmFja2VuZCIsInJvb21zIjpbXX0=','2017-06-02 10:02:57.698690'),
	('chnf957409d24ec13b484c211f2ee497','MWE0Y2E0NGFmMGM2YTBkNjJlY2ZmNGY0MzY5MzJlOGI3ZWE2NDc5YTp7Il9hdXRoX3VzZXJfaGFzaCI6IjEyMmVhYzJhMWUwNmE3ZjZiNmJiMTM0NWZkOGYyZDk1NWYyMmQyZjQiLCJfYXV0aF91c2VyX2JhY2tlbmQiOiJkamFuZ28uY29udHJpYi5hdXRoLmJhY2tlbmRzLk1vZGVsQmFja2VuZCIsIl9hdXRoX3VzZXJfaWQiOiI3OSIsInJvb21zIjpbNzk4M119','2017-06-08 13:10:32.444696'),
	('chnf9b8f63aeccc1151f7fad7ecdc692','ZmI0YzQwYzNiMmM1MDYwYjdiY2NiNjAyZWRlYzlhNTQ1NTc3NGRhZjp7Il9hdXRoX3VzZXJfaGFzaCI6IjEyMmVhYzJhMWUwNmE3ZjZiNmJiMTM0NWZkOGYyZDk1NWYyMmQyZjQiLCJfYXV0aF91c2VyX2JhY2tlbmQiOiJkamFuZ28uY29udHJpYi5hdXRoLmJhY2tlbmRzLk1vZGVsQmFja2VuZCIsIl9hdXRoX3VzZXJfaWQiOiI3OSIsInJvb21zIjpbNzk3OV19','2017-06-06 10:42:09.686770'),
	('chnf9e59c31e9566cc2442d2bd9c4365','YmEwZWE5MjNhNGQyMmI2N2MzOTAwMjdhYzc2MjZlYWZjNDFmNTk2ZTp7Il9hdXRoX3VzZXJfaGFzaCI6IjljMjRiZDc3NzYwZmNjMDFhN2E0YmMyMGM3OGI3NzFlZWRmYjg5OWUiLCJfYXV0aF91c2VyX2JhY2tlbmQiOiJkamFuZ28uY29udHJpYi5hdXRoLmJhY2tlbmRzLk1vZGVsQmFja2VuZCIsIl9hdXRoX3VzZXJfaWQiOiIxMzYiLCJyb29tcyI6WzEzNjc5XX0=','2017-06-04 23:18:28.147697'),
	('chnfa8bb8c8b90d92a6e1324b8b56285','NzEwNGUxY2FkOWY2NmNlMDAyYzc3MzdmNDk1NzRlNTVlNWU4Y2IwNjp7fQ==','2017-06-06 10:50:08.025146'),
	('chnfabd310b9ca57ce0ea91645d50496','YmEwZWE5MjNhNGQyMmI2N2MzOTAwMjdhYzc2MjZlYWZjNDFmNTk2ZTp7Il9hdXRoX3VzZXJfaGFzaCI6IjljMjRiZDc3NzYwZmNjMDFhN2E0YmMyMGM3OGI3NzFlZWRmYjg5OWUiLCJfYXV0aF91c2VyX2JhY2tlbmQiOiJkamFuZ28uY29udHJpYi5hdXRoLmJhY2tlbmRzLk1vZGVsQmFja2VuZCIsIl9hdXRoX3VzZXJfaWQiOiIxMzYiLCJyb29tcyI6WzEzNjc5XX0=','2017-06-04 23:32:40.998759'),
	('chnfb1eda930f8220d5210bc391f5699','ZWQ1Nzc0YjUyMzA4NDQ2Njk5N2UzMjFhNWNiZmY3YjllYTNkOTAzODp7Il9hdXRoX3VzZXJfaGFzaCI6IjEyMmVhYzJhMWUwNmE3ZjZiNmJiMTM0NWZkOGYyZDk1NWYyMmQyZjQiLCJfYXV0aF91c2VyX2JhY2tlbmQiOiJkamFuZ28uY29udHJpYi5hdXRoLmJhY2tlbmRzLk1vZGVsQmFja2VuZCIsIl9hdXRoX3VzZXJfaWQiOiI3OSIsInJvb21zIjpbMTM2ODBdfQ==','2017-06-02 14:51:32.851072'),
	('chnfb31774d55fdc5b020191ef7c625a','YmEwZWE5MjNhNGQyMmI2N2MzOTAwMjdhYzc2MjZlYWZjNDFmNTk2ZTp7Il9hdXRoX3VzZXJfaGFzaCI6IjljMjRiZDc3NzYwZmNjMDFhN2E0YmMyMGM3OGI3NzFlZWRmYjg5OWUiLCJfYXV0aF91c2VyX2JhY2tlbmQiOiJkamFuZ28uY29udHJpYi5hdXRoLmJhY2tlbmRzLk1vZGVsQmFja2VuZCIsIl9hdXRoX3VzZXJfaWQiOiIxMzYiLCJyb29tcyI6WzEzNjc5XX0=','2017-06-05 11:54:25.472580'),
	('chnfb6b397716a55198a2eba2cbaae5c','ZmZmNDljZmY3NWM3NjVhODNjMTM3YmExYTkwZTcyZTkyZDU5OTIxNDp7Il9hdXRoX3VzZXJfaGFzaCI6IjEyMmVhYzJhMWUwNmE3ZjZiNmJiMTM0NWZkOGYyZDk1NWYyMmQyZjQiLCJfYXV0aF91c2VyX2JhY2tlbmQiOiJkamFuZ28uY29udHJpYi5hdXRoLmJhY2tlbmRzLk1vZGVsQmFja2VuZCIsIl9hdXRoX3VzZXJfaWQiOiI3OSIsInJvb21zIjpbNzk5MF19','2017-06-08 13:08:48.757418'),
	('chnfbd38330d79b464a68d7ff94db566','YmEwZWE5MjNhNGQyMmI2N2MzOTAwMjdhYzc2MjZlYWZjNDFmNTk2ZTp7Il9hdXRoX3VzZXJfaGFzaCI6IjljMjRiZDc3NzYwZmNjMDFhN2E0YmMyMGM3OGI3NzFlZWRmYjg5OWUiLCJfYXV0aF91c2VyX2JhY2tlbmQiOiJkamFuZ28uY29udHJpYi5hdXRoLmJhY2tlbmRzLk1vZGVsQmFja2VuZCIsIl9hdXRoX3VzZXJfaWQiOiIxMzYiLCJyb29tcyI6WzEzNjc5XX0=','2017-06-05 11:03:38.853955'),
	('chnfc923beb8016ca0b625f224db2b97','ZWQ1Nzc0YjUyMzA4NDQ2Njk5N2UzMjFhNWNiZmY3YjllYTNkOTAzODp7Il9hdXRoX3VzZXJfaGFzaCI6IjEyMmVhYzJhMWUwNmE3ZjZiNmJiMTM0NWZkOGYyZDk1NWYyMmQyZjQiLCJfYXV0aF91c2VyX2JhY2tlbmQiOiJkamFuZ28uY29udHJpYi5hdXRoLmJhY2tlbmRzLk1vZGVsQmFja2VuZCIsIl9hdXRoX3VzZXJfaWQiOiI3OSIsInJvb21zIjpbMTM2ODBdfQ==','2017-06-02 14:51:10.787369'),
	('chnfd133de5ea96dcdb857114a9a34c2','NzEwNGUxY2FkOWY2NmNlMDAyYzc3MzdmNDk1NzRlNTVlNWU4Y2IwNjp7fQ==','2017-06-06 11:47:03.018354'),
	('chnfd19c412ec1289381d09e82976e5e','ZWQ1Nzc0YjUyMzA4NDQ2Njk5N2UzMjFhNWNiZmY3YjllYTNkOTAzODp7Il9hdXRoX3VzZXJfaGFzaCI6IjEyMmVhYzJhMWUwNmE3ZjZiNmJiMTM0NWZkOGYyZDk1NWYyMmQyZjQiLCJfYXV0aF91c2VyX2JhY2tlbmQiOiJkamFuZ28uY29udHJpYi5hdXRoLmJhY2tlbmRzLk1vZGVsQmFja2VuZCIsIl9hdXRoX3VzZXJfaWQiOiI3OSIsInJvb21zIjpbMTM2ODBdfQ==','2017-06-02 14:57:00.081875'),
	('chnfd633de8c6f8444d247c65ac2876b','YmEwZWE5MjNhNGQyMmI2N2MzOTAwMjdhYzc2MjZlYWZjNDFmNTk2ZTp7Il9hdXRoX3VzZXJfaGFzaCI6IjljMjRiZDc3NzYwZmNjMDFhN2E0YmMyMGM3OGI3NzFlZWRmYjg5OWUiLCJfYXV0aF91c2VyX2JhY2tlbmQiOiJkamFuZ28uY29udHJpYi5hdXRoLmJhY2tlbmRzLk1vZGVsQmFja2VuZCIsIl9hdXRoX3VzZXJfaWQiOiIxMzYiLCJyb29tcyI6WzEzNjc5XX0=','2017-06-05 11:51:58.533277'),
	('chnfd9331648955016106a283ba3a872','YmEwZWE5MjNhNGQyMmI2N2MzOTAwMjdhYzc2MjZlYWZjNDFmNTk2ZTp7Il9hdXRoX3VzZXJfaGFzaCI6IjljMjRiZDc3NzYwZmNjMDFhN2E0YmMyMGM3OGI3NzFlZWRmYjg5OWUiLCJfYXV0aF91c2VyX2JhY2tlbmQiOiJkamFuZ28uY29udHJpYi5hdXRoLmJhY2tlbmRzLk1vZGVsQmFja2VuZCIsIl9hdXRoX3VzZXJfaWQiOiIxMzYiLCJyb29tcyI6WzEzNjc5XX0=','2017-06-04 23:16:58.174597'),
	('chnfdc567bfa1d7f029174862f89f9fc','NTBlZTczNjMxMTQ1NzY4NmNmNTM2YTFlNGU4MWQxZjYzOWY1MTA0NDp7Il9hdXRoX3VzZXJfaGFzaCI6IjEyMmVhYzJhMWUwNmE3ZjZiNmJiMTM0NWZkOGYyZDk1NWYyMmQyZjQiLCJfYXV0aF91c2VyX2lkIjoiNzkiLCJfYXV0aF91c2VyX2JhY2tlbmQiOiJkamFuZ28uY29udHJpYi5hdXRoLmJhY2tlbmRzLk1vZGVsQmFja2VuZCIsInJvb21zIjpbXX0=','2017-06-02 22:37:42.432603'),
	('chnfdd2767699fcf964207b0474a0c9e','ZjY2OGY3MDdmNTI4ODk5Nzg5Y2VkNjhkOWM4ODJlMmVhZjUzMDk3Mzp7Il9hdXRoX3VzZXJfaGFzaCI6IjJhNDUyZDYwZDRjMGFkMzg2YjFiNjczYmQ5YTNiNzYzMDY0NWJkNGQiLCJfYXV0aF91c2VyX2lkIjoiMSIsIl9hdXRoX3VzZXJfYmFja2VuZCI6ImRqYW5nby5jb250cmliLmF1dGguYmFja2VuZHMuTW9kZWxCYWNrZW5kIiwicm9vbXMiOltdfQ==','2017-05-27 20:06:00.815260'),
	('chnfdfdf9a7f1f1808c100a41a374749','YmEwZWE5MjNhNGQyMmI2N2MzOTAwMjdhYzc2MjZlYWZjNDFmNTk2ZTp7Il9hdXRoX3VzZXJfaGFzaCI6IjljMjRiZDc3NzYwZmNjMDFhN2E0YmMyMGM3OGI3NzFlZWRmYjg5OWUiLCJfYXV0aF91c2VyX2JhY2tlbmQiOiJkamFuZ28uY29udHJpYi5hdXRoLmJhY2tlbmRzLk1vZGVsQmFja2VuZCIsIl9hdXRoX3VzZXJfaWQiOiIxMzYiLCJyb29tcyI6WzEzNjc5XX0=','2017-06-04 15:30:14.549505'),
	('chnfe32e64a52238e35f32759656ac42','ODdiYTU2MGI3Y2JjN2MyNzE0Mjk5OGM3M2M5MmFhYmM3ZDgzMWIxMjp7Il9hdXRoX3VzZXJfaGFzaCI6IjljMjRiZDc3NzYwZmNjMDFhN2E0YmMyMGM3OGI3NzFlZWRmYjg5OWUiLCJfYXV0aF91c2VyX2JhY2tlbmQiOiJkamFuZ28uY29udHJpYi5hdXRoLmJhY2tlbmRzLk1vZGVsQmFja2VuZCIsIl9hdXRoX3VzZXJfaWQiOiIxMzYiLCJyb29tcyI6Wzc5MTM2XX0=','2017-06-07 18:33:51.501356'),
	('chnfe6f6fa5267fb3ed2b449683961d2','NWE1ZDkyOGJkYTE4MWQ5ZTk2ZTYwMzM2OGMxNDllZWI5NWQ5NGFiNDp7Il9hdXRoX3VzZXJfaGFzaCI6IjljMjRiZDc3NzYwZmNjMDFhN2E0YmMyMGM3OGI3NzFlZWRmYjg5OWUiLCJfYXV0aF91c2VyX2lkIjoiMTM2IiwiX2F1dGhfdXNlcl9iYWNrZW5kIjoiZGphbmdvLmNvbnRyaWIuYXV0aC5iYWNrZW5kcy5Nb2RlbEJhY2tlbmQiLCJyb29tcyI6W119','2017-06-04 12:05:20.724251'),
	('chnfea9c7eeef059560e3ddb64b6f3bb','ZWQ1Nzc0YjUyMzA4NDQ2Njk5N2UzMjFhNWNiZmY3YjllYTNkOTAzODp7Il9hdXRoX3VzZXJfaGFzaCI6IjEyMmVhYzJhMWUwNmE3ZjZiNmJiMTM0NWZkOGYyZDk1NWYyMmQyZjQiLCJfYXV0aF91c2VyX2JhY2tlbmQiOiJkamFuZ28uY29udHJpYi5hdXRoLmJhY2tlbmRzLk1vZGVsQmFja2VuZCIsIl9hdXRoX3VzZXJfaWQiOiI3OSIsInJvb21zIjpbMTM2ODBdfQ==','2017-06-03 16:13:09.439816'),
	('chnff64060785baa7e2e46b6d90272f4','ODdiYTU2MGI3Y2JjN2MyNzE0Mjk5OGM3M2M5MmFhYmM3ZDgzMWIxMjp7Il9hdXRoX3VzZXJfaGFzaCI6IjljMjRiZDc3NzYwZmNjMDFhN2E0YmMyMGM3OGI3NzFlZWRmYjg5OWUiLCJfYXV0aF91c2VyX2JhY2tlbmQiOiJkamFuZ28uY29udHJpYi5hdXRoLmJhY2tlbmRzLk1vZGVsQmFja2VuZCIsIl9hdXRoX3VzZXJfaWQiOiIxMzYiLCJyb29tcyI6Wzc5MTM2XX0=','2017-06-07 16:27:20.001373'),
	('chnffb5b206c67d66331e6d13136b8af','YmEwZWE5MjNhNGQyMmI2N2MzOTAwMjdhYzc2MjZlYWZjNDFmNTk2ZTp7Il9hdXRoX3VzZXJfaGFzaCI6IjljMjRiZDc3NzYwZmNjMDFhN2E0YmMyMGM3OGI3NzFlZWRmYjg5OWUiLCJfYXV0aF91c2VyX2JhY2tlbmQiOiJkamFuZ28uY29udHJpYi5hdXRoLmJhY2tlbmRzLk1vZGVsQmFja2VuZCIsIl9hdXRoX3VzZXJfaWQiOiIxMzYiLCJyb29tcyI6WzEzNjc5XX0=','2017-06-04 23:51:09.698891'),
	('chnfffbc857950456ba58794105f5599','Yzg1NzcyZjFiNmRjMGEyZWQ3NDdlYWI0NDNhZWY3OTkyMTIyYTc4YTp7Il9hdXRoX3VzZXJfaGFzaCI6IjEyMmVhYzJhMWUwNmE3ZjZiNmJiMTM0NWZkOGYyZDk1NWYyMmQyZjQiLCJfYXV0aF91c2VyX2JhY2tlbmQiOiJkamFuZ28uY29udHJpYi5hdXRoLmJhY2tlbmRzLk1vZGVsQmFja2VuZCIsIl9hdXRoX3VzZXJfaWQiOiI3OSIsInJvb21zIjpbMTM2NzldfQ==','2017-06-06 18:02:36.789307'),
	('d7exoh405hjf33tadb936g75u7eqnvpt','Y2QxMmI0MWI2NzNlZTg3NmFhZmE0YTU2YjQ3YmRjMjQ0YjdkNTI4Zjp7Il9hbm9ueW1vdXNfZm9ydW1fa2V5IjoiNzAyYzUzNjUyMmI4NGU1MDhiMGYzM2IzNzQxNTc2YmEifQ==','2017-05-28 16:49:38.499321'),
	('dchk46yodl0zayk4c17o1fw0fev4uhu1','YjQxOTFlNzVlZmFlNWVhOGI1NmZmZTBiYWNiN2NmMDNmZTEzMzJiOTp7Il9hbm9ueW1vdXNfZm9ydW1fa2V5IjoiNjI3MjRjZmRmODc4NDk1OGJlY2I5Zjk4ODMyNzk4ZTgifQ==','2017-06-06 14:44:19.817490'),
	('fg6xn33ar50hfodfnfnswfxznm78xlx2','Zjg5NzMwNGI5ZDNiYTY4NGYxZjRmNmQ2YTliZTgxZTYwNDZlOGY2OTp7Il9hdXRoX3VzZXJfaGFzaCI6IjJhNDUyZDYwZDRjMGFkMzg2YjFiNjczYmQ5YTNiNzYzMDY0NWJkNGQiLCJfYW5vbnltb3VzX2ZvcnVtX2tleSI6ImQ5MTlhMGI5ZjQ2MjQ4MDc5ZGFmMzJjODE0MjQ2MmFhIiwiX2F1dGhfdXNlcl9iYWNrZW5kIjoiZGphbmdvLmNvbnRyaWIuYXV0aC5iYWNrZW5kcy5Nb2RlbEJhY2tlbmQiLCJfYXV0aF91c2VyX2lkIjoiMSJ9','2017-05-27 15:16:51.431670'),
	('ha41hg23waq13t7icrf2n1s21yfocsr4','NzA5MjFlMDYxZjU3NmNkOTM1ZjgxM2I1ODJkNzA4NWYwZmVmMmU1ODp7Il9hbm9ueW1vdXNfZm9ydW1fa2V5IjoiYjkxMGY3NzdiNjBiNDMxNmE2OWUwYjU1YmZiNDU4ZWMifQ==','2017-06-06 15:02:15.303295'),
	('ibd703pxoet8994scx080ih0e14lvpv9','ZjBmOTcyMWRhYzE3ZTgyZjRmMGFjMjI3YmNmNjVmZTAyMjI1OWRjZjp7Il9hbm9ueW1vdXNfZm9ydW1fa2V5IjoiZDdjMzM4ZmY5ZTUyNDIzMThiMTFlYmM5ODQwZThhMTkifQ==','2017-05-28 15:44:12.317292'),
	('lcwxth0dnwp87h1u4i0787j23oklg06f','YWZjODMxNzZhZGZiNDZhZDNlZmFiMmVlOTFjZDQ4Y2I2YzBmOWQ4NTp7Il9hbm9ueW1vdXNfZm9ydW1fa2V5IjoiMDAxZmQzZTNlNGZmNGYxN2JhZDA3NDAxMDA1MzdiMmYifQ==','2017-06-06 14:55:38.905250'),
	('ort0wswudkrqubwavxy3lov7b4910my3','MDg4ZjA2OTg1MjUyNWM5NjZiYWMxN2YxNGViZTQ1YTM5YzM5ZmE0ZDp7Il9hdXRoX3VzZXJfaGFzaCI6IjJhNDUyZDYwZDRjMGFkMzg2YjFiNjczYmQ5YTNiNzYzMDY0NWJkNGQiLCJfYXV0aF91c2VyX2JhY2tlbmQiOiJkamFuZ28uY29udHJpYi5hdXRoLmJhY2tlbmRzLk1vZGVsQmFja2VuZCIsIl9hdXRoX3VzZXJfaWQiOiIxIn0=','2017-06-13 11:10:53.107748'),
	('p0os0pxqjk0w5thc145hb3gt1j9wupxq','ZTNlMTI5MjdjNTllY2VmY2YxMzNhMmFmMTE5OTQyYzg2NGQzNGNiODp7Il9hbm9ueW1vdXNfZm9ydW1fa2V5IjoiOTQ1NDY3MzdkOTEyNDdkOGI5YzRjOTg5NmU3ZTNlODgifQ==','2017-06-06 14:38:09.148400'),
	('p9q77tli6e166da21n817oswf5l7ahhx','NTA3YjY4ZWE5YzY2MDEyNDE1OTIzNzBmMzUxMWZhMjA2ODJmYTg0NDp7Il9hbm9ueW1vdXNfZm9ydW1fa2V5IjoiNjM0OWMwZWY4ZGQ4NDljZGIyYTc1NzM1OTQ3MGRhYjIifQ==','2017-06-06 14:35:33.473415'),
	('prqipawty3rlrfkthiphb49ntjay8uzv','NmI5OTNhNjA3ZjIwZTRjZmZmNjA0ODY2NTE5N2E1MTNkZmJiZTEyZTp7Il9hdXRoX3VzZXJfaGFzaCI6Ijc5ZTFmNjA3YjYwOGU1ZDljY2FkNjUyYzFmOWE3ZDM5NDcyYjU3NmMiLCJfYW5vbnltb3VzX2ZvcnVtX2tleSI6ImFmNTRkZWMxNmI5MDRmYTM4YTg5NDU2ZDQwNmUwY2M3IiwiX2F1dGhfdXNlcl9iYWNrZW5kIjoiZGphbmdvLmNvbnRyaWIuYXV0aC5iYWNrZW5kcy5Nb2RlbEJhY2tlbmQiLCJfYXV0aF91c2VyX2lkIjoiNzkifQ==','2017-06-09 13:45:48.433303'),
	('qk7rx19q3mehu0m4to2sd8qqxg3085pa','MWNiZjk4ZGYxNzhiNGEyYmJjYzAwYWIxZTI3N2EzMmY1ZjhjMmZkMzp7Il9hbm9ueW1vdXNfZm9ydW1fa2V5IjoiNGJjYmRiMzljZGI0NDI0ODkyOWI3MjJlMTMwMzQzZWQifQ==','2017-06-06 14:57:14.308186'),
	('qv2ns641mrrpxk1gwfyff2gch2lrgs3i','YTU4OTA4OWM2MjQ2YmUyMjBkNDZlMjlmMGJhNTliYzE5Y2VjY2UxZjp7Il9hdXRoX3VzZXJfaGFzaCI6IjEyMmVhYzJhMWUwNmE3ZjZiNmJiMTM0NWZkOGYyZDk1NWYyMmQyZjQiLCJfYW5vbnltb3VzX2ZvcnVtX2tleSI6ImFmYTg3NDYwYjBlNjQ1OTdhZmJkMjMzMjE1Yjg2M2ZjIiwiX2F1dGhfdXNlcl9iYWNrZW5kIjoiZGphbmdvLmNvbnRyaWIuYXV0aC5iYWNrZW5kcy5Nb2RlbEJhY2tlbmQiLCJfYXV0aF91c2VyX2lkIjoiNzkifQ==','2017-06-05 18:29:19.493705'),
	('s9fw9hnnm4ywdee0g1nspz83usul28hp','OThjY2I5Zjk1NDFhZWQ1OWZmZjBkZjlmNzdjMTJjMjkyZmFhNGQ5YTp7Il9hdXRoX3VzZXJfaGFzaCI6IjljMjRiZDc3NzYwZmNjMDFhN2E0YmMyMGM3OGI3NzFlZWRmYjg5OWUiLCJfYW5vbnltb3VzX2ZvcnVtX2tleSI6IjljYzljMDBmMzlkMTRiMzRhZTFmMjBmZDFjOWIxMTc5IiwiX2F1dGhfdXNlcl9iYWNrZW5kIjoiZGphbmdvLmNvbnRyaWIuYXV0aC5iYWNrZW5kcy5Nb2RlbEJhY2tlbmQiLCJfYXV0aF91c2VyX2lkIjoiMTM2In0=','2017-06-07 15:58:56.642714');

/*!40000 ALTER TABLE `django_session` ENABLE KEYS */;
UNLOCK TABLES;


DROP TABLE IF EXISTS `django_site`;

CREATE TABLE `django_site` (
  `id` int(11) NOT NULL AUTO_INCREMENT,
  `domain` varchar(100) NOT NULL,
  `name` varchar(50) NOT NULL,
  PRIMARY KEY (`id`),
  UNIQUE KEY `django_site_domain_a2e37b91_uniq` (`domain`)
) ENGINE=InnoDB DEFAULT CHARSET=latin1;

LOCK TABLES `django_site` WRITE;
/*!40000 ALTER TABLE `django_site` DISABLE KEYS */;

INSERT INTO `django_site` (`id`, `domain`, `name`)
VALUES
	(1,'127.0.0.1','example.com');

/*!40000 ALTER TABLE `django_site` ENABLE KEYS */;
UNLOCK TABLES;


DROP TABLE IF EXISTS `forum_attachments_attachment`;

CREATE TABLE `forum_attachments_attachment` (
  `id` int(11) NOT NULL AUTO_INCREMENT,
  `file` varchar(100) NOT NULL,
  `comment` varchar(255) DEFAULT NULL,
  `post_id` int(11) NOT NULL,
  PRIMARY KEY (`id`),
  KEY `forum_attachments_post_id_0476a843_fk_forum_conversation_post_id` (`post_id`),
  CONSTRAINT `forum_attachments_post_id_0476a843_fk_forum_conversation_post_id` FOREIGN KEY (`post_id`) REFERENCES `forum_conversation_post` (`id`)
) ENGINE=InnoDB DEFAULT CHARSET=latin1;



DROP TABLE IF EXISTS `forum_conversation_post`;

CREATE TABLE `forum_conversation_post` (
  `id` int(11) NOT NULL AUTO_INCREMENT,
  `created` datetime(6) NOT NULL,
  `updated` datetime(6) NOT NULL,
  `poster_ip` char(39) DEFAULT NULL,
  `subject` varchar(255) NOT NULL,
  `content` longtext NOT NULL,
  `username` varchar(155) DEFAULT NULL,
  `approved` tinyint(1) NOT NULL,
  `update_reason` varchar(255) DEFAULT NULL,
  `updates_count` int(10) unsigned NOT NULL,
  `_content_rendered` longtext,
  `poster_id` int(11) DEFAULT NULL,
  `topic_id` int(11) NOT NULL,
  `updated_by_id` int(11),
  `anonymous_key` varchar(100),
  `enable_signature` tinyint(1) NOT NULL,
  PRIMARY KEY (`id`),
  KEY `forum_conversation_post_poster_id_19c4e995_fk_auth_user_id` (`poster_id`),
  KEY `forum_conversation_post_19b4d727` (`topic_id`),
  KEY `forum_conversation_post_9ccf0ba6` (`updated_by_id`),
  KEY `forum_conversation_post_approved_a1090910_uniq` (`approved`),
  KEY `forum_conversation_post_96dc5783` (`enable_signature`),
  CONSTRAINT `forum_conversat_topic_id_f6aaa418_fk_forum_conversation_topic_id` FOREIGN KEY (`topic_id`) REFERENCES `forum_conversation_topic` (`id`),
  CONSTRAINT `forum_conversation_post_poster_id_19c4e995_fk_auth_user_id` FOREIGN KEY (`poster_id`) REFERENCES `auth_user` (`id`),
  CONSTRAINT `forum_conversation_post_updated_by_id_86093355_fk_auth_user_id` FOREIGN KEY (`updated_by_id`) REFERENCES `auth_user` (`id`)
) ENGINE=InnoDB DEFAULT CHARSET=latin1;

LOCK TABLES `forum_conversation_post` WRITE;
/*!40000 ALTER TABLE `forum_conversation_post` DISABLE KEYS */;

INSERT INTO `forum_conversation_post` (`id`, `created`, `updated`, `poster_ip`, `subject`, `content`, `username`, `approved`, `update_reason`, `updates_count`, `_content_rendered`, `poster_id`, `topic_id`, `updated_by_id`, `anonymous_key`, `enable_signature`)
VALUES
	(1,'2017-05-13 15:07:56.029973','2017-05-13 15:07:56.030079','127.0.0.1','qwe','vxx',NULL,1,NULL,0,'<p>vxx</p>',1,2,NULL,NULL,1);

/*!40000 ALTER TABLE `forum_conversation_post` ENABLE KEYS */;
UNLOCK TABLES;


DROP TABLE IF EXISTS `forum_conversation_topic`;

CREATE TABLE `forum_conversation_topic` (
  `id` int(11) NOT NULL AUTO_INCREMENT,
  `created` datetime(6) NOT NULL,
  `updated` datetime(6) NOT NULL,
  `subject` varchar(255) NOT NULL,
  `slug` varchar(255) NOT NULL,
  `type` smallint(5) unsigned NOT NULL,
  `status` int(10) unsigned NOT NULL,
  `approved` tinyint(1) NOT NULL,
  `posts_count` int(10) unsigned NOT NULL,
  `views_count` int(10) unsigned NOT NULL,
  `last_post_on` datetime(6) DEFAULT NULL,
  `forum_id` int(11) NOT NULL,
  `poster_id` int(11) DEFAULT NULL,
  `first_post_id` int(11),
  `last_post_id` int(11),
  PRIMARY KEY (`id`),
  KEY `forum_conversation_topic_forum_id_e9cfe592_fk_forum_forum_id` (`forum_id`),
  KEY `forum_conversation_topic_poster_id_0dd4fa07_fk_auth_user_id` (`poster_id`),
  KEY `forum_conversation_topic_2dbcba41` (`slug`),
  KEY `forum_conversation_topic_599dcce2` (`type`),
  KEY `forum_conversation_topic_9acb4454` (`status`),
  KEY `forum_conversation_topic_approved_ad3fcbf9_uniq` (`approved`),
  KEY `forum_conversation_topic_e5e00675` (`first_post_id`),
  KEY `forum_conversation_topic_f9927d59` (`last_post_id`),
  CONSTRAINT `forum_conve_first_post_id_ca473bd1_fk_forum_conversation_post_id` FOREIGN KEY (`first_post_id`) REFERENCES `forum_conversation_post` (`id`),
  CONSTRAINT `forum_conver_last_post_id_e14396a2_fk_forum_conversation_post_id` FOREIGN KEY (`last_post_id`) REFERENCES `forum_conversation_post` (`id`),
  CONSTRAINT `forum_conversation_topic_forum_id_e9cfe592_fk_forum_forum_id` FOREIGN KEY (`forum_id`) REFERENCES `forum_forum` (`id`),
  CONSTRAINT `forum_conversation_topic_poster_id_0dd4fa07_fk_auth_user_id` FOREIGN KEY (`poster_id`) REFERENCES `auth_user` (`id`)
) ENGINE=InnoDB DEFAULT CHARSET=latin1;

LOCK TABLES `forum_conversation_topic` WRITE;
/*!40000 ALTER TABLE `forum_conversation_topic` DISABLE KEYS */;

INSERT INTO `forum_conversation_topic` (`id`, `created`, `updated`, `subject`, `slug`, `type`, `status`, `approved`, `posts_count`, `views_count`, `last_post_on`, `forum_id`, `poster_id`, `first_post_id`, `last_post_id`)
VALUES
	(2,'2017-05-13 15:07:56.015204','2017-05-13 15:49:44.325821','qwe','qwe',0,0,1,3,5,'2017-05-13 15:49:44.307523',1,1,1,NULL);

/*!40000 ALTER TABLE `forum_conversation_topic` ENABLE KEYS */;
UNLOCK TABLES;


DROP TABLE IF EXISTS `forum_conversation_topic_subscribers`;

CREATE TABLE `forum_conversation_topic_subscribers` (
  `id` int(11) NOT NULL AUTO_INCREMENT,
  `topic_id` int(11) NOT NULL,
  `user_id` int(11) NOT NULL,
  PRIMARY KEY (`id`),
  UNIQUE KEY `forum_conversation_topic_subscribers_topic_id_b2c961d5_uniq` (`topic_id`,`user_id`),
  KEY `forum_conversation_topic_subscr_user_id_7e386a79_fk_auth_user_id` (`user_id`),
  CONSTRAINT `forum_conversat_topic_id_34ebca87_fk_forum_conversation_topic_id` FOREIGN KEY (`topic_id`) REFERENCES `forum_conversation_topic` (`id`),
  CONSTRAINT `forum_conversation_topic_subscr_user_id_7e386a79_fk_auth_user_id` FOREIGN KEY (`user_id`) REFERENCES `auth_user` (`id`)
) ENGINE=InnoDB DEFAULT CHARSET=latin1;



DROP TABLE IF EXISTS `forum_forum`;

CREATE TABLE `forum_forum` (
  `id` int(11) NOT NULL AUTO_INCREMENT,
  `created` datetime(6) NOT NULL,
  `updated` datetime(6) NOT NULL,
  `name` varchar(100) NOT NULL,
  `slug` varchar(255) NOT NULL,
  `description` longtext,
  `image` varchar(100) DEFAULT NULL,
  `link` varchar(200) DEFAULT NULL,
  `link_redirects` tinyint(1) NOT NULL,
  `type` smallint(5) unsigned NOT NULL,
  `posts_count` int(10) unsigned NOT NULL,
  `topics_count` int(10) unsigned NOT NULL,
  `link_redirects_count` int(10) unsigned NOT NULL,
  `last_post_on` datetime(6) DEFAULT NULL,
  `display_sub_forum_list` tinyint(1) NOT NULL,
  `_description_rendered` longtext,
  `lft` int(10) unsigned NOT NULL,
  `rght` int(10) unsigned NOT NULL,
  `tree_id` int(10) unsigned NOT NULL,
  `level` int(10) unsigned NOT NULL,
  `parent_id` int(11) DEFAULT NULL,
  PRIMARY KEY (`id`),
  KEY `forum_forum_2dbcba41` (`slug`),
  KEY `forum_forum_599dcce2` (`type`),
  KEY `forum_forum_caf7cc51` (`lft`),
  KEY `forum_forum_3cfbd988` (`rght`),
  KEY `forum_forum_656442a0` (`tree_id`),
  KEY `forum_forum_c9e9a848` (`level`),
  KEY `forum_forum_6be37982` (`parent_id`),
  CONSTRAINT `forum_forum_parent_id_22edea05_fk_forum_forum_id` FOREIGN KEY (`parent_id`) REFERENCES `forum_forum` (`id`)
) ENGINE=InnoDB DEFAULT CHARSET=latin1;

LOCK TABLES `forum_forum` WRITE;
/*!40000 ALTER TABLE `forum_forum` DISABLE KEYS */;

INSERT INTO `forum_forum` (`id`, `created`, `updated`, `name`, `slug`, `description`, `image`, `link`, `link_redirects`, `type`, `posts_count`, `topics_count`, `link_redirects_count`, `last_post_on`, `display_sub_forum_list`, `_description_rendered`, `lft`, `rght`, `tree_id`, `level`, `parent_id`)
VALUES
	(1,'2017-05-13 15:00:18.680182','2017-05-13 15:49:44.346985','xcv','xcv','','','',0,0,3,1,0,'2017-05-13 15:49:44.307523',1,'<p></p>',1,2,1,0,NULL);

/*!40000 ALTER TABLE `forum_forum` ENABLE KEYS */;
UNLOCK TABLES;


DROP TABLE IF EXISTS `forum_member_forumprofile`;

CREATE TABLE `forum_member_forumprofile` (
  `id` int(11) NOT NULL AUTO_INCREMENT,
  `avatar` varchar(100) DEFAULT NULL,
  `signature` longtext,
  `posts_count` int(10) unsigned NOT NULL,
  `_signature_rendered` longtext,
  `user_id` int(11) NOT NULL,
  PRIMARY KEY (`id`),
  UNIQUE KEY `user_id` (`user_id`),
  CONSTRAINT `forum_member_forumprofile_user_id_9d6b9b6b_fk_auth_user_id` FOREIGN KEY (`user_id`) REFERENCES `auth_user` (`id`)
) ENGINE=InnoDB DEFAULT CHARSET=latin1;

LOCK TABLES `forum_member_forumprofile` WRITE;
/*!40000 ALTER TABLE `forum_member_forumprofile` DISABLE KEYS */;

INSERT INTO `forum_member_forumprofile` (`id`, `avatar`, `signature`, `posts_count`, `_signature_rendered`, `user_id`)
VALUES
	(1,'',NULL,1,NULL,1);

/*!40000 ALTER TABLE `forum_member_forumprofile` ENABLE KEYS */;
UNLOCK TABLES;


DROP TABLE IF EXISTS `forum_permission_forumpermission`;

CREATE TABLE `forum_permission_forumpermission` (
  `id` int(11) NOT NULL AUTO_INCREMENT,
  `codename` varchar(150) NOT NULL,
  `name` varchar(255) DEFAULT NULL,
  `is_global` tinyint(1) NOT NULL,
  `is_local` tinyint(1) NOT NULL,
  PRIMARY KEY (`id`),
  UNIQUE KEY `codename` (`codename`),
  KEY `forum_permission_forumpermission_is_global_5772ce17_uniq` (`is_global`),
  KEY `forum_permission_forumpermission_is_local_92cef3ca_uniq` (`is_local`)
) ENGINE=InnoDB DEFAULT CHARSET=latin1;

LOCK TABLES `forum_permission_forumpermission` WRITE;
/*!40000 ALTER TABLE `forum_permission_forumpermission` DISABLE KEYS */;

INSERT INTO `forum_permission_forumpermission` (`id`, `codename`, `name`, `is_global`, `is_local`)
VALUES
	(1,'can_see_forum','Can see forum',1,1),
	(2,'can_read_forum','Can read forum',1,1),
	(3,'can_start_new_topics','Can start new topics',1,1),
	(4,'can_reply_to_topics','Can reply to topics',1,1),
	(5,'can_post_announcements','Can post announcements',1,1),
	(6,'can_post_stickies','Can post stickies',1,1),
	(7,'can_delete_own_posts','Can delete own posts',1,1),
	(8,'can_edit_own_posts','Can edit own posts',1,1),
	(9,'can_post_without_approval','Can post without approval',1,1),
	(10,'can_create_polls','Can create polls',1,1),
	(11,'can_vote_in_polls','Can vote in polls',1,1),
	(12,'can_attach_file','Can attach file',1,1),
	(13,'can_download_file','Can download file',1,1),
	(14,'can_lock_topics','Can lock topics',0,1),
	(15,'can_move_topics','Can move topics',0,1),
	(16,'can_edit_posts','Can edit posts',0,1),
	(17,'can_delete_posts','Can delete posts',0,1),
	(18,'can_approve_posts','Can approve posts',0,1),
	(19,'can_reply_to_locked_topics','Can add posts in locked topics',0,1);

/*!40000 ALTER TABLE `forum_permission_forumpermission` ENABLE KEYS */;
UNLOCK TABLES;


DROP TABLE IF EXISTS `forum_permission_groupforumpermission`;

CREATE TABLE `forum_permission_groupforumpermission` (
  `id` int(11) NOT NULL AUTO_INCREMENT,
  `has_perm` tinyint(1) NOT NULL,
  `forum_id` int(11) DEFAULT NULL,
  `group_id` int(11) NOT NULL,
  `permission_id` int(11) NOT NULL,
  PRIMARY KEY (`id`),
  UNIQUE KEY `forum_permission_groupforumpermissio_permission_id_a1e477c8_uniq` (`permission_id`,`forum_id`,`group_id`),
  KEY `forum_permission_groupforump_forum_id_d59d5cac_fk_forum_forum_id` (`forum_id`),
  KEY `forum_permission_groupforumpe_group_id_b515635b_fk_auth_group_id` (`group_id`),
  KEY `forum_permission_groupforumpermission_has_perm_48cae01d_uniq` (`has_perm`),
  CONSTRAINT `fo_permission_id_2475fe70_fk_forum_permission_forumpermission_id` FOREIGN KEY (`permission_id`) REFERENCES `forum_permission_forumpermission` (`id`),
  CONSTRAINT `forum_permission_groupforump_forum_id_d59d5cac_fk_forum_forum_id` FOREIGN KEY (`forum_id`) REFERENCES `forum_forum` (`id`),
  CONSTRAINT `forum_permission_groupforumpe_group_id_b515635b_fk_auth_group_id` FOREIGN KEY (`group_id`) REFERENCES `auth_group` (`id`)
) ENGINE=InnoDB DEFAULT CHARSET=latin1;



DROP TABLE IF EXISTS `forum_permission_userforumpermission`;

CREATE TABLE `forum_permission_userforumpermission` (
  `id` int(11) NOT NULL AUTO_INCREMENT,
  `has_perm` tinyint(1) NOT NULL,
  `anonymous_user` tinyint(1) NOT NULL,
  `forum_id` int(11) DEFAULT NULL,
  `permission_id` int(11) NOT NULL,
  `user_id` int(11) DEFAULT NULL,
  PRIMARY KEY (`id`),
  UNIQUE KEY `forum_permission_userforumpermission_permission_id_024a3693_uniq` (`permission_id`,`forum_id`,`user_id`),
  KEY `forum_permission_userforumpe_forum_id_f781f4d6_fk_forum_forum_id` (`forum_id`),
  KEY `forum_permission_userforumpermi_user_id_8106d02d_fk_auth_user_id` (`user_id`),
  KEY `forum_permission_userforumpermissio_anonymous_user_8aabbd9d_uniq` (`anonymous_user`),
  KEY `forum_permission_userforumpermission_has_perm_1b5ee7ac_uniq` (`has_perm`),
  CONSTRAINT `fo_permission_id_9090e930_fk_forum_permission_forumpermission_id` FOREIGN KEY (`permission_id`) REFERENCES `forum_permission_forumpermission` (`id`),
  CONSTRAINT `forum_permission_userforumpe_forum_id_f781f4d6_fk_forum_forum_id` FOREIGN KEY (`forum_id`) REFERENCES `forum_forum` (`id`),
  CONSTRAINT `forum_permission_userforumpermi_user_id_8106d02d_fk_auth_user_id` FOREIGN KEY (`user_id`) REFERENCES `auth_user` (`id`)
) ENGINE=InnoDB DEFAULT CHARSET=latin1;



DROP TABLE IF EXISTS `forum_polls_topicpoll`;

CREATE TABLE `forum_polls_topicpoll` (
  `id` int(11) NOT NULL AUTO_INCREMENT,
  `created` datetime(6) NOT NULL,
  `updated` datetime(6) NOT NULL,
  `question` varchar(255) NOT NULL,
  `duration` int(10) unsigned DEFAULT NULL,
  `max_options` smallint(5) unsigned NOT NULL,
  `user_changes` tinyint(1) NOT NULL,
  `topic_id` int(11) NOT NULL,
  PRIMARY KEY (`id`),
  UNIQUE KEY `topic_id` (`topic_id`),
  CONSTRAINT `forum_polls_top_topic_id_1b827b83_fk_forum_conversation_topic_id` FOREIGN KEY (`topic_id`) REFERENCES `forum_conversation_topic` (`id`)
) ENGINE=InnoDB DEFAULT CHARSET=latin1;

LOCK TABLES `forum_polls_topicpoll` WRITE;
/*!40000 ALTER TABLE `forum_polls_topicpoll` DISABLE KEYS */;

INSERT INTO `forum_polls_topicpoll` (`id`, `created`, `updated`, `question`, `duration`, `max_options`, `user_changes`, `topic_id`)
VALUES
	(1,'2017-05-13 15:07:56.070309','2017-05-13 15:07:56.073060','',0,1,0,2);

/*!40000 ALTER TABLE `forum_polls_topicpoll` ENABLE KEYS */;
UNLOCK TABLES;


DROP TABLE IF EXISTS `forum_polls_topicpolloption`;

CREATE TABLE `forum_polls_topicpolloption` (
  `id` int(11) NOT NULL AUTO_INCREMENT,
  `text` varchar(255) NOT NULL,
  `poll_id` int(11) NOT NULL,
  PRIMARY KEY (`id`),
  KEY `forum_polls_topicpo_poll_id_a54cbd58_fk_forum_polls_topicpoll_id` (`poll_id`),
  CONSTRAINT `forum_polls_topicpo_poll_id_a54cbd58_fk_forum_polls_topicpoll_id` FOREIGN KEY (`poll_id`) REFERENCES `forum_polls_topicpoll` (`id`)
) ENGINE=InnoDB DEFAULT CHARSET=latin1;



DROP TABLE IF EXISTS `forum_polls_topicpollvote`;

CREATE TABLE `forum_polls_topicpollvote` (
  `id` int(11) NOT NULL AUTO_INCREMENT,
  `timestamp` datetime(6) NOT NULL,
  `poll_option_id` int(11) NOT NULL,
  `voter_id` int(11) DEFAULT NULL,
  `anonymous_key` varchar(100),
  PRIMARY KEY (`id`),
  KEY `forum__poll_option_id_a075b665_fk_forum_polls_topicpolloption_id` (`poll_option_id`),
  KEY `forum_polls_topicpollvote_voter_id_0a287559_fk_auth_user_id` (`voter_id`),
  CONSTRAINT `forum__poll_option_id_a075b665_fk_forum_polls_topicpolloption_id` FOREIGN KEY (`poll_option_id`) REFERENCES `forum_polls_topicpolloption` (`id`),
  CONSTRAINT `forum_polls_topicpollvote_voter_id_0a287559_fk_auth_user_id` FOREIGN KEY (`voter_id`) REFERENCES `auth_user` (`id`)
) ENGINE=InnoDB DEFAULT CHARSET=latin1;



DROP TABLE IF EXISTS `forum_tracking_forumreadtrack`;

CREATE TABLE `forum_tracking_forumreadtrack` (
  `id` int(11) NOT NULL AUTO_INCREMENT,
  `mark_time` datetime(6) NOT NULL,
  `forum_id` int(11) NOT NULL,
  `user_id` int(11) NOT NULL,
  PRIMARY KEY (`id`),
  UNIQUE KEY `forum_tracking_forumreadtrack_user_id_3e64777a_uniq` (`user_id`,`forum_id`),
  KEY `forum_tracking_forumreadtrac_forum_id_bbd3fb47_fk_forum_forum_id` (`forum_id`),
  KEY `forum_tracking_forumreadtrack_mark_time_72eec39e_uniq` (`mark_time`),
  CONSTRAINT `forum_tracking_forumreadtrac_forum_id_bbd3fb47_fk_forum_forum_id` FOREIGN KEY (`forum_id`) REFERENCES `forum_forum` (`id`),
  CONSTRAINT `forum_tracking_forumreadtrack_user_id_932d4605_fk_auth_user_id` FOREIGN KEY (`user_id`) REFERENCES `auth_user` (`id`)
) ENGINE=InnoDB DEFAULT CHARSET=latin1;

LOCK TABLES `forum_tracking_forumreadtrack` WRITE;
/*!40000 ALTER TABLE `forum_tracking_forumreadtrack` DISABLE KEYS */;

INSERT INTO `forum_tracking_forumreadtrack` (`id`, `mark_time`, `forum_id`, `user_id`)
VALUES
	(1,'2017-05-13 15:07:56.202271',1,1);

/*!40000 ALTER TABLE `forum_tracking_forumreadtrack` ENABLE KEYS */;
UNLOCK TABLES;


DROP TABLE IF EXISTS `forum_tracking_topicreadtrack`;

CREATE TABLE `forum_tracking_topicreadtrack` (
  `id` int(11) NOT NULL AUTO_INCREMENT,
  `mark_time` datetime(6) NOT NULL,
  `topic_id` int(11) NOT NULL,
  `user_id` int(11) NOT NULL,
  PRIMARY KEY (`id`),
  UNIQUE KEY `forum_tracking_topicreadtrack_user_id_6fe3e105_uniq` (`user_id`,`topic_id`),
  KEY `forum_tracking__topic_id_9a53bd45_fk_forum_conversation_topic_id` (`topic_id`),
  KEY `forum_tracking_topicreadtrack_mark_time_7dafc483_uniq` (`mark_time`),
  CONSTRAINT `forum_tracking__topic_id_9a53bd45_fk_forum_conversation_topic_id` FOREIGN KEY (`topic_id`) REFERENCES `forum_conversation_topic` (`id`),
  CONSTRAINT `forum_tracking_topicreadtrack_user_id_2762562b_fk_auth_user_id` FOREIGN KEY (`user_id`) REFERENCES `auth_user` (`id`)
) ENGINE=InnoDB DEFAULT CHARSET=latin1;



DROP TABLE IF EXISTS `news_news_paragraph`;

CREATE TABLE `news_news_paragraph` (
  `id` int(11) NOT NULL AUTO_INCREMENT,
  `title` varchar(30) NOT NULL,
  `image` varchar(100) NOT NULL,
  `text` longtext NOT NULL,
  `date` datetime(6) NOT NULL,
  PRIMARY KEY (`id`)
) ENGINE=InnoDB DEFAULT CHARSET=latin1;

LOCK TABLES `news_news_paragraph` WRITE;
/*!40000 ALTER TABLE `news_news_paragraph` DISABLE KEYS */;

INSERT INTO `news_news_paragraph` (`id`, `title`, `image`, `text`, `date`)
VALUES
	(1,'BLA','images/1_8ubStB5.jpg','<p>Lorem ipsum dolor sit amet, consectetur adipiscing elit, sed do eiusmod tempor incididunt ut labore et dolore magna aliqua. Ut enim ad minim veniam, quis nostrud exercitation ullamco laboris nisi ut aliquip ex ea commodo consequat. Duis aute irure dolor in reprehenderit in voluptate velit esse cillum dolore eu fugiat nulla pariatur. Excepteur sint occaecat cupidatat non proident, sunt in culpa qui officia deserunt mollit anim id est laborum.</p>\r\n\r\n<p><img alt=\"\" src=\"/media/uploads/admin/2017/04/25/i1c-kcgqog8.jpg\" style=\"height:65px; width:100px\" /></p>\r\n\r\n<p>You can find some shit <a href=\"https://www.dropbox.com/home/Mekhedov_Yevhen_Volodymyrovych\">here</a></p>','2017-05-14 16:54:39.000000'),
	(2,'Lorem','images/2_iQm3ZZo.jpg','<p>Lorem ipsum dolor sit amet, consectetur adipiscing elit, sed do eiusmod tempor incididunt ut labore et dolore magna aliqua. Ut enim ad minim veniam, quis nostrud exercitation ullamco laboris nisi ut aliquip ex ea commodo consequat. Duis aute irure dolor in reprehenderit in voluptate velit esse cillum dolore eu fugiat nulla pariatur. Excepteur sint occaecat cupidatat non proident, sunt in culpa qui officia deserunt mollit anim id est laborum.</p>','2017-05-15 12:56:52.000000');

/*!40000 ALTER TABLE `news_news_paragraph` ENABLE KEYS */;
UNLOCK TABLES;


DROP TABLE IF EXISTS `projectsTestsQuestions_markforeachproject`;

CREATE TABLE `projectsTestsQuestions_markforeachproject` (
  `id` int(11) NOT NULL AUTO_INCREMENT,
  `mark` int(11) NOT NULL,
  `project_id_id` int(11) NOT NULL,
  `subject_id_id` int(11) NOT NULL,
  PRIMARY KEY (`id`),
  KEY `projectsTestsQuestions_markforeachproject_bfec2ef8` (`project_id_id`),
  KEY `projectsTestsQuestions_markforeachproject_4a83a6b6` (`subject_id_id`),
  CONSTRAINT `proj_project_id_id_122611db_fk_projectsTestsQuestions_project_id` FOREIGN KEY (`project_id_id`) REFERENCES `projectsTestsQuestions_project` (`id`),
  CONSTRAINT `proj_subject_id_id_9b523f12_fk_projectsTestsQuestions_subject_id` FOREIGN KEY (`subject_id_id`) REFERENCES `projectsTestsQuestions_subject` (`id`)
) ENGINE=InnoDB DEFAULT CHARSET=latin1;

LOCK TABLES `projectsTestsQuestions_markforeachproject` WRITE;
/*!40000 ALTER TABLE `projectsTestsQuestions_markforeachproject` DISABLE KEYS */;

INSERT INTO `projectsTestsQuestions_markforeachproject` (`id`, `mark`, `project_id_id`, `subject_id_id`)
VALUES
	(14,2,3,1),
	(15,3,3,2),
	(16,4,3,3),
	(17,3,3,4),
	(18,3,3,5),
	(19,3,2,1),
	(20,3,2,2),
	(21,3,2,3),
	(22,3,2,4),
	(23,3,2,5),
	(24,3,1,1),
	(25,2,1,2),
	(26,3,1,3),
	(27,3,1,4),
	(28,2,1,5);

/*!40000 ALTER TABLE `projectsTestsQuestions_markforeachproject` ENABLE KEYS */;
UNLOCK TABLES;


DROP TABLE IF EXISTS `projectsTestsQuestions_project`;

CREATE TABLE `projectsTestsQuestions_project` (
  `id` int(11) NOT NULL AUTO_INCREMENT,
  `project_name` varchar(300) NOT NULL,
  `image` varchar(100) NOT NULL,
  `description` longtext NOT NULL,
  `mentor_image` varchar(100) NOT NULL,
  `mentor_description` longtext NOT NULL,
  `minMembers` int(11) NOT NULL,
  `maxMembers` int(11) NOT NULL,
  `mentor_id_id` int(11) DEFAULT NULL,
  PRIMARY KEY (`id`),
  KEY `projectsTestsQuestions_pro_mentor_id_id_2ee710cb_fk_auth_user_id` (`mentor_id_id`),
  CONSTRAINT `projectsTestsQuestions_pro_mentor_id_id_2ee710cb_fk_auth_user_id` FOREIGN KEY (`mentor_id_id`) REFERENCES `auth_user` (`id`)
) ENGINE=InnoDB DEFAULT CHARSET=latin1;

LOCK TABLES `projectsTestsQuestions_project` WRITE;
/*!40000 ALTER TABLE `projectsTestsQuestions_project` DISABLE KEYS */;

INSERT INTO `projectsTestsQuestions_project` (`id`, `project_name`, `image`, `description`, `mentor_image`, `mentor_description`, `minMembers`, `maxMembers`, `mentor_id_id`)
VALUES
	(1,'Using Neural Networks for Diabetic Retinopathy Detection in Eye Images','projectImages/P1.jpg','<p>Abstract: Currently, detecting DR is a time-consuming and manual process that requires a trained clinician to examine and evaluate digital color fundus photographs of the retina. By the time human readers submit their reviews, often a day or two later, the delayed results lead to lost follow up, miscommunication, and delayed treatment (from http://www.kaggle.com/c/diabetic-retinopathy-detection). Project prerequisites: Matrix/vector arithmetics Introduction to machine learning: Classification/regression (hands on some basic classifiers) Cost function optimization (gradient descent) Cross validation techniques (leave-one-out cross validation, ten-fold cross validation) Overfitting/underfitting Parameters tuning (grid search/random search) Model evaluation Programming language: Python Introduction to Neural Networks Associated topics: Image classification, neural networks, cost function optimization, parameters tuning, comparing models</p>','projectMentorImages/Fishman.jpg','<table align=\"center\" border=\"0\" cellpadding=\"1\" cellspacing=\"1\">\r\n	<tbody>\r\n		<tr>\r\n			<td><img alt=\"\" src=\"/media/uploads/admin/2017/05/13/fishman.jpg\" style=\"height:150px; width:150px\" /></td>\r\n			<td>\r\n			<p style=\"margin-left:40px\">Mr. Dmytro Fishman, PhD student, junior researcher at the University of Tartu.</p>\r\n			</td>\r\n		</tr>\r\n	</tbody>\r\n</table>\r\n\r\n<p style=\"margin-left:40px\">&nbsp;</p>',3,10,137),
	(2,'Smart Career Planning and Skill Development via Personal Analytics','projectImages/P2.jpg','<p>Abstract The project aims to develop a personal analytics platform for career planning and development. Each person at early stages of her or his career need to make a decision about in which skills to invest time or money in order to be successfull in the future and have an interested and well-paid profession. The platform would help an individual to make a decision which courses to take, which soft skills to develop, how to choose a university program, when and where to look for a new job. The data for analytics can be gathered from social networks, e.g., LinkedIn profile of an individual, open data sources to projects number of future jobs in each profession, from university web-sites, from MOOC web-portals, job search web-sites, etc. The project goal is to develop a web-portal that aggregates user-specific information via LinkedIn API and based on other open data makes personalized recommendations about career choices. By the end of the summer school we would try to form a team for a startup company to develop the project further and create a self-contained prototype. The ultimate goal is to turn this project into the startup. Project prerequisites : Linear algebra, matrix computations Introduction to business analytics (basic statistics, machine learning, simulation, optimization) Programming language: Python (numerical computations in Python, LinkedIn and Facebook Python API) Basics of web-development (front-end to the portal via one of existing CMS, back-end of the portal in Python) Enterpreneural skills and marketing skills Web-platform for testing and experimentation: https://datascientistworkbench.com</p>','projectMentorImages/Romanko.jpg','<table align=\"center\" border=\"0\" cellpadding=\"1\" cellspacing=\"1\">\r\n	<tbody>\r\n		<tr>\r\n			<td><img alt=\"\" src=\"/media/uploads/admin/2017/05/13/romanko.jpg\" style=\"height:150px; width:150px\" /></td>\r\n			<td>\r\n			<p style=\"margin-left:40px\">Dr. Oleksandr Romanko, Ph.D., Senior Research Analyst at IBM Canada and Adjunct Professor at University of Toronto.</p>\r\n			</td>\r\n		</tr>\r\n	</tbody>\r\n</table>\r\n\r\n<p>&nbsp;</p>',3,10,141),
	(3,'Plasticity of Neural Circuits and Neurobiology of Learning','projectImages/P3.jpg','<p>Abstract: An essential fundamental capability of a biological nervous system is its ability to learn from experience, improving the behavior of the organism and adapting it to demands of the environment to gain maximal benefit and avoid harm. Strong evidence has been collected for the hypothesis that learning is implemented in the brain via modification of different properties of its distributed neural networks. This ability of the brain to modify its own organization is termed plasticity. To achieve plasticity, the brain makes use of different mechanisms that are able to change the organization of its neural networks, e.g. synaptic plasticity that changes the strength of the connections between the neurons, somatic plasticity that tunes the neurophysiological response properties of single neurons or neurogenesis, which adds or deletes new cells in specific brain areas. Different plasticity processes also posess different time scales, ranging from milliseconds to hours and days. Fundamental question arises how all this richness in forms of plasticity leads to functional implementation of learning that is observed on the system level of the whole organism. In our series of lectures followed by the project session we will treat both biological phenomena of plasticity and computations and objectives of learning as of an optimization procedure that seeks to improve organism&#39;s wellfare. We elaborate on the link between plasticity mechanisms and certain types of computations that are required for the learning process to be successful. Understanding this link, which is an active topic of ongoing research, will ultimatively provide detailed insight into learning as an information processing routine that utilizes certain kind of generic computations implemented with certain kind of plasticity mechanisms in the neural substrate of the brain. We put special focus on learning from rewarding or punishing consequences of self-generated behavior - reinforcement learning. In reinforcement learning, only sparse outcome feedback about success or failure of its own actions is provided to the organism, which constitutes a much harder learning problem than usual supervised learning setting that is often employed in machine learning. In the project, we will work on implementing different neural circuits that are able to perform reinforcement learning with spiking neurons. As a demonstration, we target a spiking neural network that can learn a classical arcade pong game just by experiencing ball hits and misses without providing any further prior knowledge how to control the game. Project prerequisites: Basic Linear Algebra, Basic Probability Theory, Basics in Differential Equations, Basic programming skills in Python. Installation of open source (GPL) spiking neural network simulator is required for the project part. Associated topics: Biological Neural Networks, Spiking Neural Networks, Plasticity, Unsupervised Learning, Reinforcement Learning, Neural Network Modeling, Self-Organization.</p>','projectMentorImages/Jitsev.jpg','<table align=\"center\" border=\"0\" cellpadding=\"1\" cellspacing=\"1\">\r\n	<tbody>\r\n		<tr>\r\n			<td style=\"text-align:center\"><img alt=\"\" src=\"/media/uploads/admin/2017/05/13/jitsev.jpg\" style=\"height:150px; width:150px\" /></td>\r\n			<td>\r\n			<p style=\"margin-left:40px\">Dr. Jenia Jitsev, Computation in Neural Circuits Lab, Institute for Neuroscience and Medicine (INM-6), Research Center J&uuml;lich, J&uuml;lich, Germany</p>\r\n			</td>\r\n		</tr>\r\n	</tbody>\r\n</table>\r\n\r\n<p>&nbsp;</p>',3,10,139);

/*!40000 ALTER TABLE `projectsTestsQuestions_project` ENABLE KEYS */;
UNLOCK TABLES;


DROP TABLE IF EXISTS `projectsTestsQuestions_project_members`;

CREATE TABLE `projectsTestsQuestions_project_members` (
  `id` int(11) NOT NULL AUTO_INCREMENT,
  `project_id` int(11) NOT NULL,
  `user_id` int(11) NOT NULL,
  PRIMARY KEY (`id`),
  UNIQUE KEY `projectsTestsQuestions_project_members_project_id_384ba9e5_uniq` (`project_id`,`user_id`),
  KEY `projectsTestsQuestions_project__user_id_3615ab47_fk_auth_user_id` (`user_id`),
  CONSTRAINT `project_project_id_6cc36346_fk_projectsTestsQuestions_project_id` FOREIGN KEY (`project_id`) REFERENCES `projectsTestsQuestions_project` (`id`),
  CONSTRAINT `projectsTestsQuestions_project__user_id_3615ab47_fk_auth_user_id` FOREIGN KEY (`user_id`) REFERENCES `auth_user` (`id`)
) ENGINE=InnoDB DEFAULT CHARSET=latin1;



DROP TABLE IF EXISTS `projectsTestsQuestions_project_news`;

CREATE TABLE `projectsTestsQuestions_project_news` (
  `id` int(11) NOT NULL AUTO_INCREMENT,
  `title` varchar(300) NOT NULL,
  `image` varchar(100) NOT NULL,
  `text` longtext NOT NULL,
  `project_id_id` int(11) NOT NULL,
  `date` datetime(6) NOT NULL,
  PRIMARY KEY (`id`),
  KEY `proj_project_id_id_7d2bad7c_fk_projectsTestsQuestions_project_id` (`project_id_id`),
  CONSTRAINT `proj_project_id_id_7d2bad7c_fk_projectsTestsQuestions_project_id` FOREIGN KEY (`project_id_id`) REFERENCES `projectsTestsQuestions_project` (`id`)
) ENGINE=InnoDB DEFAULT CHARSET=latin1;

LOCK TABLES `projectsTestsQuestions_project_news` WRITE;
/*!40000 ALTER TABLE `projectsTestsQuestions_project_news` DISABLE KEYS */;

INSERT INTO `projectsTestsQuestions_project_news` (`id`, `title`, `image`, `text`, `project_id_id`, `date`)
VALUES
	(1,'Lorem','newsForCurrentProjectImages/maxresdefault.jpg','<p>Lorem ipsum dolor sit amet, consectetur adipiscing elit. Ut pellentesque mi sed libero laoreet commodo. Donec tincidunt maximus lacus non auctor. Maecenas quam arcu, feugiat eu nunc luctus, feugiat porta dolor. Vestibulum ante ipsum primis in faucibus orci luctus et ultrices posuere cubilia Curae; Proin id aliquam tellus, id luctus neque. Donec congue lorem quis nisi facilisis, eget venenatis velit posuere. Phasellus pellentesque sem vel massa finibus consectetur. Quisque nec tincidunt diam, vel egestas metus. Maecenas maximus mattis mi, id iaculis nisl aliquet id. Integer pretium magna dui, dapibus molestie massa aliquam eu. Nunc vel tincidunt velit. Ut volutpat faucibus dapibus.</p>\r\n\r\n<p>In eu est ut lectus rhoncus vulputate nec sed odio. Quisque malesuada, sapien non tempor consequat, magna quam placerat massa, nec sagittis ligula lorem sed sem. Integer et quam sit amet nisl posuere commodo sit amet auctor magna. Quisque velit leo, suscipit eget elit a, blandit luctus massa. Quisque vehicula nisi eu congue tincidunt. Suspendisse volutpat placerat dui quis iaculis. Donec et molestie augue. Vestibulum varius congue quam ut euismod. Integer hendrerit quis est sit amet cursus. Aliquam ultricies varius odio sed volutpat. Vivamus dignissim eget libero sed dictum.</p>',1,'2017-05-18 17:45:28.320144');

/*!40000 ALTER TABLE `projectsTestsQuestions_project_news` ENABLE KEYS */;
UNLOCK TABLES;


DROP TABLE IF EXISTS `projectsTestsQuestions_subject`;

CREATE TABLE `projectsTestsQuestions_subject` (
  `id` int(11) NOT NULL AUTO_INCREMENT,
  `subject_name` varchar(30) NOT NULL,
  PRIMARY KEY (`id`)
) ENGINE=InnoDB DEFAULT CHARSET=latin1;

LOCK TABLES `projectsTestsQuestions_subject` WRITE;
/*!40000 ALTER TABLE `projectsTestsQuestions_subject` DISABLE KEYS */;

INSERT INTO `projectsTestsQuestions_subject` (`id`, `subject_name`)
VALUES
	(1,'English'),
	(2,'Math skills'),
	(3,'Logic'),
	(4,'Programming skills'),
	(5,'Operation research background');

/*!40000 ALTER TABLE `projectsTestsQuestions_subject` ENABLE KEYS */;
UNLOCK TABLES;


DROP TABLE IF EXISTS `projectsTestsQuestions_test`;

CREATE TABLE `projectsTestsQuestions_test` (
  `id` int(11) NOT NULL AUTO_INCREMENT,
  `question` varchar(200) NOT NULL,
  `right_answer` varchar(50) NOT NULL,
  `wrong_answer1` varchar(50) NOT NULL,
  `wrong_answer2` varchar(50) NOT NULL,
  `wrong_answer3` varchar(50) NOT NULL,
  `subject_id` int(11) NOT NULL,
  PRIMARY KEY (`id`),
  KEY `project_subject_id_18bf9c10_fk_projectsTestsQuestions_subject_id` (`subject_id`),
  CONSTRAINT `project_subject_id_18bf9c10_fk_projectsTestsQuestions_subject_id` FOREIGN KEY (`subject_id`) REFERENCES `projectsTestsQuestions_subject` (`id`)
) ENGINE=InnoDB DEFAULT CHARSET=latin1;

LOCK TABLES `projectsTestsQuestions_test` WRITE;
/*!40000 ALTER TABLE `projectsTestsQuestions_test` DISABLE KEYS */;

INSERT INTO `projectsTestsQuestions_test` (`id`, `question`, `right_answer`, `wrong_answer1`, `wrong_answer2`, `wrong_answer3`, `subject_id`)
VALUES
	(7,'Lorem ipsum dolor sit amet, consectetur adipiscing elit?','right math','wrong Math 1','wrong Math 2','wrong Math 3',2),
	(8,'Lorem ipsum dolor sit amet, consectetur adipiscing elit?','right operation','wrong operation 1','wrong operation 2','wrong operation 3',5),
	(9,'Lorem ipsum dolor sit amet, consectetur adipiscing elit?','right English','wrong english 1','wrong english 2','wrong english 3',1),
	(10,'Lorem ipsum dolor sit amet, consectetur adipiscing elit?','right logic','wrong logic 1','wrong logic 2','wrong logic 3',3),
	(11,'Lorem ipsum dolor sit amet, consectetur adipiscing elit?','right math 2','wrong math 2_1','wrong math 2_2','wrong math 2_3',2),
	(12,'Lorem ipsum dolor sit amet, consectetur adipiscing elit?','right progr','wrong progr 1','wrong progr 2','wrong progr 3',4),
	(13,'Lorem ipsum dolor sit amet, consectetur adipiscing elit?','sdlkfj','eruigh','wieuhgf','dskvn',1),
	(14,'ways of\' is not used befor nouns. Use \'means of\' instead.','was being made','had made','made','about to make',1),
	(15,'It was important for her _____ seen as a threat.','not to be','to not be','not being','she wasn\'t',1),
	(16,'Passengers are advised ________ their belongings with them at all times.','to keep','to mind','if they could mind','if they could keep',1),
	(17,'If you drove at average speed of 66 miles per hour, what distance, in miles, did you drive in 99 minutes?','108.9','1,5','0,7','65.34',2),
	(18,'What are the values of a and b, if any, where - a|b + 4| > 0?','a < 0 and b <> -4','a > 0 and b <> -4','a > 0 and b <> 4','a < 0 and b >= -4',2),
	(19,'There are 15 balls in a box: 8 balls are green, 4 are blue and 3 are white. Then 1 green and 1 blue balls are taken from the box and put away. What is the probability that a blue ball is selected at r','3/13','4/15','3/15','4/13',2),
	(20,'Look at this series: 22, 21, 23, 22, 24, 23, ... What number should come next?','25','24','22','26',3),
	(21,'An Informal Gathering occurs when a group of people get together in a casual, relaxed manner. Which situation below is the best example of an Informal Gathering?','After finding out about his promotion, Jeremy and','The book club meets on the first Thursday evening','Mary sends out 25 invitations for the bridal showe','Whenever she eats at the Mexican restaurant, Clara',3),
	(22,'Look at this series: 70, 71, 76, __, 81, 86, 70, 91, ... What number should fill the blank?','70','71','80','96',3),
	(23,'Lorem ipsum dolor sit amet, consectetur adipiscing elit?','dsvj','oivdj','oijv','oij',3),
	(24,'Lorem ipsum dolor sit amet, consectetur adipiscing elit?','dosivj','wogidjv','cvopj','3qrh',4),
	(25,'Which of the following factors supports the statement that reusability is a desirable feature of a language?','Both A and B.','It decreases the testing time.','It lowers the maintenance cost','It reduces the compilation time.',4),
	(26,'Which of the following concepts means determining at runtime what method to invoke?','Dynamic binding','Data hiding','Dynamic Typing','Dynamic loading',4),
	(27,'Which of the following type of class allows only one object of it to be created?','Singleton class','Virtual class','Abstract class','Friend class',4),
	(28,'Lorem ipsum dolor sit amet, consectetur adipiscing elit?','odifu','oidsuv','lk','kl',5),
	(29,'Lorem ipsum dolor sit amet, consectetur adipiscing elit?','oidfsu','weoigu','oitu','qoieru',5),
	(30,'In a departmental store customers arrive at a rate of 20 customers per hour. the average number of customers that can be handled by cashier is 24 per hour. What is arrival rate in this problem?','20','3','24','10',5),
	(31,'Which of the following assertations is true of an optimal solution to an Linear Programming Problem?','Every LP has an optimal solution','The optimal solution always occur at extreme point','If an optimal solution exists, there will always b','All of the given',5),
	(32,'The scientific method in O.R. study generally involves','Judgement Phase','Research Phase','Action Phase','All of the given',5);

/*!40000 ALTER TABLE `projectsTestsQuestions_test` ENABLE KEYS */;
UNLOCK TABLES;



/*!40111 SET SQL_NOTES=@OLD_SQL_NOTES */;
/*!40101 SET SQL_MODE=@OLD_SQL_MODE */;
/*!40014 SET FOREIGN_KEY_CHECKS=@OLD_FOREIGN_KEY_CHECKS */;
/*!40101 SET CHARACTER_SET_CLIENT=@OLD_CHARACTER_SET_CLIENT */;
/*!40101 SET CHARACTER_SET_RESULTS=@OLD_CHARACTER_SET_RESULTS */;
/*!40101 SET COLLATION_CONNECTION=@OLD_COLLATION_CONNECTION */;
