DROP TABLE IF EXISTS `aboutus_aboutus`;

CREATE TABLE `aboutus_aboutus` (
  `id` int(11) NOT NULL AUTO_INCREMENT,
  `image` varchar(100) NOT NULL,
  `description` longtext NOT NULL,
  PRIMARY KEY (`id`)
) ENGINE=InnoDB DEFAULT CHARSET=latin1;



DROP TABLE IF EXISTS `afterSchool_reportcomments`;

CREATE TABLE `afterSchool_reportcomments` (
  `id` int(11) NOT NULL AUTO_INCREMENT,
  `comment` longtext NOT NULL,
  `date` datetime(6) NOT NULL,
  `applyApp_id` int(11) NOT NULL,
  `user_id` int(11) NOT NULL,
  PRIMARY KEY (`id`),
  KEY `afterSchool_re_applyApp_id_b4ef6a47_fk_apply_applyapplication_id` (`applyApp_id`),
  KEY `afterSchool_reportcomments_user_id_6dbce43c_fk_auth_user_id` (`user_id`),
  CONSTRAINT `afterSchool_re_applyApp_id_b4ef6a47_fk_apply_applyapplication_id` FOREIGN KEY (`applyApp_id`) REFERENCES `apply_applyapplication` (`id`),
  CONSTRAINT `afterSchool_reportcomments_user_id_6dbce43c_fk_auth_user_id` FOREIGN KEY (`user_id`) REFERENCES `auth_user` (`id`)
) ENGINE=InnoDB DEFAULT CHARSET=latin1;



DROP TABLE IF EXISTS `afterSchool_reportproject`;

CREATE TABLE `afterSchool_reportproject` (
  `id` int(11) NOT NULL AUTO_INCREMENT,
  `text` longtext NOT NULL,
  `image` varchar(100) CHARACTER SET utf8mb4 NOT NULL DEFAULT '',
  `project_id` int(11) NOT NULL,
  `title` varchar(500) NOT NULL,
  PRIMARY KEY (`id`),
  KEY `afterSchool_reportproject_b098ad43` (`project_id`),
  CONSTRAINT `afterSc_project_id_27a0773a_fk_projectsTestsQuestions_project_id` FOREIGN KEY (`project_id`) REFERENCES `projectsTestsQuestions_project` (`id`)
) ENGINE=InnoDB DEFAULT CHARSET=latin1;

LOCK TABLES `afterSchool_reportproject` WRITE;
/*!40000 ALTER TABLE `afterSchool_reportproject` DISABLE KEYS */;

INSERT INTO `afterSchool_reportproject` (`id`, `text`, `image`, `project_id`, `title`)
VALUES
	(1,'<p>sldkjflk jslfdj lsjf lsdjf lsj fsd</p>\r\n\r\n<p>f&nbsp;</p>\r\n\r\n<p>sf jsdfkj slkdfj lskdjf lksdjf lksdjf lksjflk sjkl</p>','images/Снимок_экрана_2017-05-27_в_17.01.46_KhMGnRJ.png',1,'abba');

/*!40000 ALTER TABLE `afterSchool_reportproject` ENABLE KEYS */;
UNLOCK TABLES;


DROP TABLE IF EXISTS `afterSchool_reportproject_comment`;

CREATE TABLE `afterSchool_reportproject_comment` (
  `id` int(11) NOT NULL AUTO_INCREMENT,
  `reportproject_id` int(11) NOT NULL,
  `reportcomments_id` int(11) NOT NULL,
  PRIMARY KEY (`id`),
  UNIQUE KEY `afterSchool_reportproject_comment_reportproject_id_70617391_uniq` (`reportproject_id`,`reportcomments_id`),
  KEY `afte_reportcomments_id_41990e8a_fk_afterSchool_reportcomments_id` (`reportcomments_id`),
  CONSTRAINT `afte_reportcomments_id_41990e8a_fk_afterSchool_reportcomments_id` FOREIGN KEY (`reportcomments_id`) REFERENCES `afterSchool_reportcomments` (`id`),
  CONSTRAINT `afterS_reportproject_id_16dd7d54_fk_afterSchool_reportproject_id` FOREIGN KEY (`reportproject_id`) REFERENCES `afterSchool_reportproject` (`id`)
) ENGINE=InnoDB DEFAULT CHARSET=latin1;



DROP TABLE IF EXISTS `apply_applyapplication`;

CREATE TABLE `apply_applyapplication` (
  `id` int(11) NOT NULL AUTO_INCREMENT,
  `name` varchar(50) NOT NULL,
  `surname` varchar(50) NOT NULL,
  `image` varchar(100) DEFAULT NULL,
  `gender` varchar(5) NOT NULL,
  `dateOfBirth` date NOT NULL,
  `country` varchar(50) NOT NULL,
  `city` varchar(50) NOT NULL,
  `email` varchar(254) NOT NULL,
  `placeOfWorkOrStudy` varchar(100) NOT NULL,
  `speciality` varchar(50) NOT NULL,
  `motivationMessage` longtext NOT NULL,
  `behanceLink` varchar(250),
  `faceBookLink` varchar(250),
  `googlePlusLink` varchar(250),
  `instagrammLink` varchar(250),
  `linkedInLink` varchar(250),
  `skypeLink` varchar(250),
  `telegrammLink` varchar(250),
  `twitterLink` varchar(250),
  PRIMARY KEY (`id`)
) ENGINE=InnoDB DEFAULT CHARSET=latin1;

LOCK TABLES `apply_applyapplication` WRITE;
/*!40000 ALTER TABLE `apply_applyapplication` DISABLE KEYS */;

INSERT INTO `apply_applyapplication` (`id`, `name`, `surname`, `image`, `gender`, `dateOfBirth`, `country`, `city`, `email`, `placeOfWorkOrStudy`, `speciality`, `motivationMessage`, `behanceLink`, `faceBookLink`, `googlePlusLink`, `instagrammLink`, `linkedInLink`, `skypeLink`, `telegrammLink`, `twitterLink`)
VALUES
	(79,'dfgh','gjdh','','f','1995-01-01','fgk','lkj','lksjdf@sdfj.ru','dslfkj','lkdfjasdasd','lkjg','','','','','','','',''),
	(80,'dlfkj','lkgj','','m','1995-01-01','fdlkj','klj','lksjdf@sdfj.ru','slfkj','lkj','lkj','','','','','','','',''),
	(81,'lkj','lkj','','m','1995-01-01','lkbj','lkj','lksjdf@sdfj.ru','ldkjg','lkgj','ehf','','','','','','','',''),
	(82,'dfklj','hb','','f','1995-01-01','gf','dhvj','xvkjlksjdf@sdfj.ru','lkj','lkjg','dhfg','','','','','','','',''),
	(83,'dkflj','lkgj','avatarImages/banner2_9FET8Lv.jpg','f','1995-01-01','rtio','voj','lksjdf@sdfj.ru','fbkj2','rgjh','jkh','','','','','','','',''),
	(84,'egjk','lkg','','m','1995-01-01','reoiytu','vk','lksjdf@sdfj.ru','gkjh','gh','oidv','','','','','','','',''),
	(85,'fhljkgqlkjg','kdjh','','m','1995-01-01','gfkj','clvj','lksjdf@sdfj.ru','dgklj','lkdj','lkhv','','','','','','','',''),
	(86,'dglkj','lkfh','','m','1995-01-01','dlkgj','j','lksjdf@sdfj.ru','dlvkj','lkj','jlkj','','','','','','','',''),
	(87,'dgu','lkvh','','f','1995-01-01','elfj','cvh','lksjdf@sdfj.ru','dlgkj','bjlk','jn','','','','','','','',''),
	(88,'dlgkj','lvkj','','f','1995-01-01','dlkgj','vlj','lksjdf@sdfj.ru','dklhv','oihgk','jhkfj','','','','','','','',''),
	(89,'sdgbjv','kvclj','','f','1995-01-01','lgkj','lcvk','lksjdf@sdfj.ru','dglkj','lkg','lkj','','','','','','','',''),
	(90,'eglkj','kvcn','','m','1995-01-01','dlgkj',',mncv','lksjdf@sdfj.ru','dlkj','lkhg','kljh','','','','','','','',''),
	(91,'egklhj','m,nvc','','f','1995-01-01','gpojv','lck n','lksjdf@sdfj.ru','dlkjv','njlkj','dlkv','','','','','','','',''),
	(92,'dglhv','nlkj','','f','1995-01-01','iodghv','lcn','lksjdf@sdfj.ru','dlkv','lkvk','hhklj','','','','','','','',''),
	(93,'fpdobjl','lvknc','','m','1995-01-01','dglhkv','lckvn','lksjdf@sdfj.ru','lkfdgj','ljgwkl','lkkjbhj','','','','','','','',''),
	(94,'dfpbu','lcjvkn','','f','1995-01-01','dogihv','lhv','lksjdf@sdfj.ru','ldkhv','lkhkjl','hkjh','','','','','','','',''),
	(95,'fdpobjl','lvkn','','f','1995-01-01','fdboi','lkjv','hlksjdf@sdfj.ru','dlkjv','ljlk','jfbh','','','','','','','',''),
	(96,'fdiblvk','qlkvn','','f','1995-01-01','fgiohv','ljckn','lksjdf@sdfj.ru','dlkv','jlgdlkqoihj','odnvc i;lk','','','','','','','',''),
	(97,'fdbk','kjhcv','','m','1995-01-01','piov','cpovi','lksjdf@sdfj.ru','dlkv','jlkgdvn','iohdvjkc','','','','','','','',''),
	(98,'pdovj','cjlkv','','m','1995-01-01','dgpvui','cp oh','lksjdf@sdfj.ru','dvj','dvklh','iohbckv','','','','','','','',''),
	(124,'aaa','sdlfkh','','f','1995-01-01','lkvj','fdlkjbv','kvj@dslkfn.ru','wlfkj','ljkgn','fdjkn','','','','','','','',''),
	(125,'Liudmyla','Pavlenko','','f','1995-01-07','Ukraine','Kyiv','Liudmila.pavlenko@gmail.com','KPI','Manager','Becouse I want','','','','','','','',''),
	(126,'Avac','Projk','','m','1995-01-01','Uvnj','jkgn','kgjn@dskgj.rm','ldkng','lkdgn','lkn','','','','','','','',''),
	(127,'fdkjbn','relkgn','','f','1995-01-01','kjgdn','kjgn','jnd@ekfn.ri','gkn','lkngl','lnv','','','','','','','',''),
	(128,'rgen','dvkn','','f','1995-01-01','wekgjn','dvkln','ksdng@elkfn.rk','dfkln','lkngd','lkn','','','','','','','',''),
	(129,'fgjk','kjdvn','','m','1995-01-01','dnjv','lknvd','lknv@nefk.rj','kdnv','jkng','kqnjfv','','','','','','','',''),
	(131,'ava','inc','avatarImages/pic01.jpg','m','1995-01-01','dkjv','kfjnv','fkbjn@dkjnf.ri','dfkgjn','fknjg','dlfkbj','','','','','','','',''),
	(132,'knfgd','kfdnb','','m','1995-01-01','kdgfn','kngfd','kfdgn@dsnf.ru','lkn','lkn','n;lm','','','','','','','',''),
	(133,'ktrgn','erkjgnfd','','f','1995-01-01','erkjgnb','fdnsdf','kfdgn@dsnf.ru','dfbn','krjgnf','jkfdbn','','','','','','','',''),
	(134,'gdfkjn','fdkjbv','','m','1995-01-01','jkgb','efjb','kfdgn@dsnf.ru','kfgdn','fldjkbn','fkjldbn','','','','','','','',''),
	(136,'Donald','Trump','avatarImages/Donald_Trump_official_portrait_crop.jpg','m','1995-01-01','USA','Washington DC','donald.trump@gmail.com','White House','Businessman','Becouse I\'m the president of the USA!\r\nMake America great again!','','https://www.facebook.com/DonaldTrump/','','','','','','https://twitter.com/realdonaldtrump');

/*!40000 ALTER TABLE `apply_applyapplication` ENABLE KEYS */;
UNLOCK TABLES;


DROP TABLE IF EXISTS `apply_destribution`;

CREATE TABLE `apply_destribution` (
  `id` int(11) NOT NULL AUTO_INCREMENT,
  `CF_max` int(11) NOT NULL,
  `member_id_id` int(11) NOT NULL,
  `project_id_id` int(11) NOT NULL,
  PRIMARY KEY (`id`),
  KEY `apply_destrib_member_id_id_8b114f62_fk_apply_applyapplication_id` (`member_id_id`),
  KEY `appl_project_id_id_8daee9b5_fk_projectsTestsQuestions_project_id` (`project_id_id`),
  CONSTRAINT `appl_project_id_id_8daee9b5_fk_projectsTestsQuestions_project_id` FOREIGN KEY (`project_id_id`) REFERENCES `projectsTestsQuestions_project` (`id`),
  CONSTRAINT `apply_destrib_member_id_id_8b114f62_fk_apply_applyapplication_id` FOREIGN KEY (`member_id_id`) REFERENCES `apply_applyapplication` (`id`)
) ENGINE=InnoDB DEFAULT CHARSET=latin1;

LOCK TABLES `apply_destribution` WRITE;
/*!40000 ALTER TABLE `apply_destribution` DISABLE KEYS */;

INSERT INTO `apply_destribution` (`id`, `CF_max`, `member_id_id`, `project_id_id`)
VALUES
	(809,3,79,1),
	(810,3,83,1),
	(811,3,90,1),
	(812,3,96,1),
	(813,3,129,1),
	(814,3,136,1),
	(815,3,80,1),
	(816,3,92,2),
	(817,3,93,2),
	(818,3,98,2),
	(819,3,132,2),
	(820,3,86,2),
	(821,3,89,2),
	(822,3,94,2),
	(823,3,85,3),
	(824,3,88,3),
	(825,3,95,3),
	(826,3,126,3),
	(827,3,128,3),
	(828,3,133,3),
	(829,3,84,3),
	(830,3,82,5),
	(831,3,91,5),
	(832,3,124,5),
	(833,3,125,5),
	(834,3,127,5),
	(835,3,131,5),
	(836,3,134,5);

/*!40000 ALTER TABLE `apply_destribution` ENABLE KEYS */;
UNLOCK TABLES;


DROP TABLE IF EXISTS `apply_projectpriority`;

CREATE TABLE `apply_projectpriority` (
  `id` int(11) NOT NULL AUTO_INCREMENT,
  `priority` int(11) NOT NULL,
  `applyApp_id_id` int(11) NOT NULL,
  `project_id_id` int(11) NOT NULL,
  PRIMARY KEY (`id`),
  KEY `apply_proje_applyApp_id_id_e9d33e64_fk_apply_applyapplication_id` (`applyApp_id_id`),
  KEY `appl_project_id_id_9370a61f_fk_projectsTestsQuestions_project_id` (`project_id_id`),
  CONSTRAINT `appl_project_id_id_9370a61f_fk_projectsTestsQuestions_project_id` FOREIGN KEY (`project_id_id`) REFERENCES `projectsTestsQuestions_project` (`id`),
  CONSTRAINT `apply_proje_applyApp_id_id_e9d33e64_fk_apply_applyapplication_id` FOREIGN KEY (`applyApp_id_id`) REFERENCES `apply_applyapplication` (`id`)
) ENGINE=InnoDB DEFAULT CHARSET=latin1;

LOCK TABLES `apply_projectpriority` WRITE;
/*!40000 ALTER TABLE `apply_projectpriority` DISABLE KEYS */;

INSERT INTO `apply_projectpriority` (`id`, `priority`, `applyApp_id_id`, `project_id_id`)
VALUES
	(63,1,79,1),
	(64,2,79,2),
	(65,3,79,3),
	(66,4,79,5),
	(67,2,80,1),
	(68,3,80,2),
	(69,4,80,3),
	(70,1,80,5),
	(71,3,81,1),
	(72,4,81,2),
	(73,1,81,3),
	(74,2,81,5),
	(75,4,82,1),
	(76,3,82,2),
	(77,2,82,3),
	(78,1,82,5),
	(79,1,83,1),
	(80,4,83,2),
	(81,3,83,3),
	(82,2,83,5),
	(83,2,84,1),
	(84,4,84,2),
	(85,3,84,3),
	(86,1,84,5),
	(87,3,85,1),
	(88,4,85,2),
	(89,1,85,3),
	(90,2,85,5),
	(91,4,86,1),
	(92,2,86,2),
	(93,3,86,3),
	(94,1,86,5),
	(95,3,87,1),
	(96,4,87,2),
	(97,1,87,3),
	(98,2,87,5),
	(99,2,88,1),
	(100,3,88,2),
	(101,1,88,3),
	(102,4,88,5),
	(103,4,89,1),
	(104,2,89,2),
	(105,3,89,3),
	(106,1,89,5),
	(107,1,90,1),
	(108,4,90,2),
	(109,3,90,3),
	(110,2,90,5),
	(111,3,91,1),
	(112,2,91,2),
	(113,4,91,3),
	(114,1,91,5),
	(115,4,92,1),
	(116,1,92,2),
	(117,3,92,3),
	(118,2,92,5),
	(119,2,93,1),
	(120,1,93,2),
	(121,4,93,3),
	(122,3,93,5),
	(123,3,94,1),
	(124,2,94,2),
	(125,4,94,3),
	(126,1,94,5),
	(127,3,95,1),
	(128,4,95,2),
	(129,1,95,3),
	(130,2,95,5),
	(131,1,96,1),
	(132,3,96,2),
	(133,2,96,3),
	(134,4,96,5),
	(135,3,97,1),
	(136,2,97,2),
	(137,4,97,3),
	(138,1,97,5),
	(139,3,98,1),
	(140,1,98,2),
	(141,4,98,3),
	(142,2,98,5),
	(239,4,124,1),
	(240,2,124,2),
	(241,3,124,3),
	(242,1,124,5),
	(243,3,125,1),
	(244,4,125,2),
	(245,2,125,3),
	(246,1,125,5),
	(247,3,126,1),
	(248,2,126,2),
	(249,1,126,3),
	(250,4,126,5),
	(251,4,127,1),
	(252,2,127,2),
	(253,3,127,3),
	(254,1,127,5),
	(255,3,128,1),
	(256,2,128,2),
	(257,1,128,3),
	(258,4,128,5),
	(259,1,129,1),
	(260,2,129,2),
	(261,3,129,3),
	(262,4,129,5),
	(267,3,131,1),
	(268,2,131,2),
	(269,4,131,3),
	(270,1,131,5),
	(271,2,132,1),
	(272,1,132,2),
	(273,3,132,3),
	(274,4,132,5),
	(275,4,133,1),
	(276,2,133,2),
	(277,1,133,3),
	(278,3,133,5),
	(279,4,134,1),
	(280,3,134,2),
	(281,2,134,3),
	(282,1,134,5),
	(295,1,136,1),
	(296,2,136,2),
	(297,3,136,3),
	(298,4,136,5);

/*!40000 ALTER TABLE `apply_projectpriority` ENABLE KEYS */;
UNLOCK TABLES;


DROP TABLE IF EXISTS `apply_testsapply`;

CREATE TABLE `apply_testsapply` (
  `id` int(11) NOT NULL AUTO_INCREMENT,
  `answer` tinyint(1) NOT NULL,
  `applyApp_id_id` int(11) NOT NULL,
  `subject_id_id` int(11) NOT NULL,
  `tests_id_id` int(11) NOT NULL,
  PRIMARY KEY (`id`),
  KEY `apply_tests_applyApp_id_id_2ed4b924_fk_apply_applyapplication_id` (`applyApp_id_id`),
  KEY `appl_subject_id_id_61d2607c_fk_projectsTestsQuestions_subject_id` (`subject_id_id`),
  KEY `apply_tes_tests_id_id_83d6bd99_fk_projectsTestsQuestions_test_id` (`tests_id_id`),
  CONSTRAINT `appl_subject_id_id_61d2607c_fk_projectsTestsQuestions_subject_id` FOREIGN KEY (`subject_id_id`) REFERENCES `projectsTestsQuestions_subject` (`id`),
  CONSTRAINT `apply_tes_tests_id_id_83d6bd99_fk_projectsTestsQuestions_test_id` FOREIGN KEY (`tests_id_id`) REFERENCES `projectsTestsQuestions_test` (`id`),
  CONSTRAINT `apply_tests_applyApp_id_id_2ed4b924_fk_apply_applyapplication_id` FOREIGN KEY (`applyApp_id_id`) REFERENCES `apply_applyapplication` (`id`)
) ENGINE=InnoDB DEFAULT CHARSET=latin1;

LOCK TABLES `apply_testsapply` WRITE;
/*!40000 ALTER TABLE `apply_testsapply` DISABLE KEYS */;

INSERT INTO `apply_testsapply` (`id`, `answer`, `applyApp_id_id`, `subject_id_id`, `tests_id_id`)
VALUES
	(98,1,79,2,7),
	(99,1,79,5,8),
	(100,1,79,1,9),
	(101,1,79,3,10),
	(102,1,79,2,11),
	(103,0,79,4,12),
	(104,0,79,1,13),
	(105,1,79,1,14),
	(106,1,79,1,15),
	(107,1,79,1,16),
	(108,1,79,2,17),
	(109,1,79,2,18),
	(110,1,79,2,19),
	(111,1,79,3,20),
	(112,0,79,3,21),
	(113,1,79,3,22),
	(114,1,79,3,23),
	(115,1,79,4,24),
	(116,1,79,4,25),
	(117,1,79,4,26),
	(118,1,79,4,27),
	(119,1,79,5,29),
	(120,0,79,5,30),
	(121,1,79,5,31),
	(122,1,79,5,32),
	(123,1,80,2,7),
	(124,1,80,5,8),
	(125,1,80,1,9),
	(126,0,80,3,10),
	(127,1,80,2,11),
	(128,1,80,4,12),
	(129,1,80,1,13),
	(130,1,80,1,14),
	(131,1,80,1,15),
	(132,1,80,1,16),
	(133,1,80,2,17),
	(134,0,80,2,18),
	(135,1,80,2,19),
	(136,1,80,3,20),
	(137,1,80,3,21),
	(138,1,80,3,22),
	(139,1,80,3,23),
	(140,1,80,4,24),
	(141,1,80,4,25),
	(142,1,80,4,26),
	(143,1,80,4,27),
	(144,0,80,5,28),
	(145,1,80,5,29),
	(146,1,80,5,30),
	(147,1,80,5,32),
	(148,1,81,2,7),
	(149,0,81,5,8),
	(150,1,81,1,9),
	(151,1,81,3,10),
	(152,0,81,2,11),
	(153,0,81,4,12),
	(154,1,81,1,13),
	(155,0,81,1,14),
	(156,1,81,1,15),
	(157,1,81,1,16),
	(158,1,81,2,17),
	(159,1,81,2,18),
	(160,1,81,2,19),
	(161,1,81,3,20),
	(162,1,81,3,21),
	(163,1,81,3,22),
	(164,0,81,3,23),
	(165,1,81,4,24),
	(166,1,81,4,25),
	(167,1,81,4,26),
	(168,1,81,4,27),
	(169,1,81,5,28),
	(170,1,81,5,30),
	(171,1,81,5,31),
	(172,1,81,5,32),
	(173,1,82,2,7),
	(174,1,82,1,9),
	(175,1,82,3,10),
	(176,1,82,2,11),
	(177,1,82,4,12),
	(178,1,82,1,13),
	(179,1,82,1,14),
	(180,1,82,1,15),
	(181,1,82,1,16),
	(182,1,82,2,17),
	(183,1,82,2,18),
	(184,1,82,2,19),
	(185,1,82,3,20),
	(186,0,82,3,21),
	(187,1,82,3,22),
	(188,1,82,3,23),
	(189,0,82,4,24),
	(190,1,82,4,25),
	(191,1,82,4,26),
	(192,1,82,4,27),
	(193,1,82,5,28),
	(194,1,82,5,29),
	(195,0,82,5,30),
	(196,1,82,5,31),
	(197,1,82,5,32),
	(198,1,83,2,7),
	(199,1,83,5,8),
	(200,1,83,1,9),
	(201,1,83,3,10),
	(202,1,83,2,11),
	(203,1,83,4,12),
	(204,1,83,1,13),
	(205,0,83,1,14),
	(206,1,83,1,15),
	(207,1,83,1,16),
	(208,0,83,2,17),
	(209,1,83,2,18),
	(210,1,83,2,19),
	(211,1,83,3,20),
	(212,1,83,3,21),
	(213,1,83,3,22),
	(214,0,83,3,23),
	(215,1,83,4,24),
	(216,0,83,4,25),
	(217,1,83,4,26),
	(218,1,83,4,27),
	(219,1,83,5,28),
	(220,0,83,5,29),
	(221,1,83,5,30),
	(222,1,83,5,31),
	(223,1,84,2,7),
	(224,1,84,5,8),
	(225,0,84,1,9),
	(226,1,84,3,10),
	(227,1,84,2,11),
	(228,1,84,4,12),
	(229,1,84,1,13),
	(230,1,84,1,14),
	(231,1,84,1,15),
	(232,1,84,1,16),
	(233,1,84,2,17),
	(234,1,84,2,18),
	(235,0,84,2,19),
	(236,1,84,3,20),
	(237,0,84,3,21),
	(238,1,84,3,22),
	(239,1,84,3,23),
	(240,1,84,4,24),
	(241,1,84,4,25),
	(242,0,84,4,26),
	(243,1,84,4,27),
	(244,1,84,5,29),
	(245,0,84,5,30),
	(246,1,84,5,31),
	(247,1,84,5,32),
	(248,0,85,2,7),
	(249,1,85,5,8),
	(250,1,85,1,9),
	(251,1,85,3,10),
	(252,1,85,2,11),
	(253,1,85,4,12),
	(254,0,85,1,13),
	(255,1,85,1,14),
	(256,1,85,1,15),
	(257,1,85,1,16),
	(258,1,85,2,17),
	(259,1,85,2,18),
	(260,1,85,2,19),
	(261,1,85,3,20),
	(262,0,85,3,21),
	(263,1,85,3,22),
	(264,1,85,3,23),
	(265,1,85,4,24),
	(266,0,85,4,25),
	(267,1,85,4,26),
	(268,1,85,4,27),
	(269,1,85,5,29),
	(270,0,85,5,30),
	(271,1,85,5,31),
	(272,1,85,5,32),
	(273,1,86,2,7),
	(274,1,86,5,8),
	(275,1,86,1,9),
	(276,1,86,3,10),
	(277,1,86,2,11),
	(278,0,86,4,12),
	(279,1,86,1,13),
	(280,1,86,1,14),
	(281,0,86,1,15),
	(282,1,86,1,16),
	(283,1,86,2,17),
	(284,0,86,2,18),
	(285,1,86,2,19),
	(286,0,86,3,20),
	(287,1,86,3,21),
	(288,1,86,3,22),
	(289,1,86,3,23),
	(290,1,86,4,24),
	(291,1,86,4,25),
	(292,1,86,4,26),
	(293,1,86,4,27),
	(294,1,86,5,28),
	(295,0,86,5,29),
	(296,1,86,5,31),
	(297,1,86,5,32),
	(298,1,87,2,7),
	(299,0,87,5,8),
	(300,1,87,1,9),
	(301,0,87,3,10),
	(302,1,87,2,11),
	(303,0,87,4,12),
	(304,1,87,1,13),
	(305,1,87,1,14),
	(306,0,87,1,15),
	(307,1,87,1,16),
	(308,1,87,2,17),
	(309,0,87,2,18),
	(310,1,87,2,19),
	(311,1,87,3,20),
	(312,1,87,3,21),
	(313,1,87,3,22),
	(314,1,87,3,23),
	(315,1,87,4,24),
	(316,1,87,4,25),
	(317,1,87,4,26),
	(318,0,87,4,27),
	(319,1,87,5,28),
	(320,1,87,5,29),
	(321,1,87,5,30),
	(322,1,87,5,32),
	(323,1,88,2,7),
	(324,1,88,5,8),
	(325,1,88,1,9),
	(326,1,88,3,10),
	(327,0,88,2,11),
	(328,1,88,4,12),
	(329,1,88,1,13),
	(330,1,88,1,14),
	(331,1,88,1,15),
	(332,1,88,1,16),
	(333,1,88,2,17),
	(334,1,88,2,18),
	(335,1,88,2,19),
	(336,1,88,3,20),
	(337,1,88,3,21),
	(338,1,88,3,22),
	(339,0,88,3,23),
	(340,1,88,4,24),
	(341,1,88,4,25),
	(342,0,88,4,26),
	(343,1,88,4,27),
	(344,0,88,5,28),
	(345,1,88,5,29),
	(346,1,88,5,30),
	(347,1,88,5,31),
	(348,0,89,2,7),
	(349,1,89,1,9),
	(350,1,89,3,10),
	(351,1,89,2,11),
	(352,1,89,4,12),
	(353,0,89,1,13),
	(354,1,89,1,14),
	(355,1,89,1,15),
	(356,1,89,1,16),
	(357,1,89,2,17),
	(358,1,89,2,18),
	(359,1,89,2,19),
	(360,1,89,3,20),
	(361,0,89,3,21),
	(362,1,89,3,22),
	(363,1,89,3,23),
	(364,1,89,4,24),
	(365,1,89,4,25),
	(366,1,89,4,26),
	(367,0,89,4,27),
	(368,1,89,5,28),
	(369,1,89,5,29),
	(370,1,89,5,30),
	(371,1,89,5,31),
	(372,0,89,5,32),
	(373,1,90,2,7),
	(374,1,90,5,8),
	(375,1,90,1,9),
	(376,1,90,3,10),
	(377,1,90,2,11),
	(378,1,90,4,12),
	(379,0,90,1,13),
	(380,1,90,1,14),
	(381,1,90,1,15),
	(382,1,90,1,16),
	(383,1,90,2,17),
	(384,1,90,2,18),
	(385,0,90,2,19),
	(386,1,90,3,20),
	(387,1,90,3,21),
	(388,1,90,3,22),
	(389,1,90,3,23),
	(390,1,90,4,24),
	(391,0,90,4,25),
	(392,1,90,4,26),
	(393,1,90,4,27),
	(394,0,90,5,28),
	(395,1,90,5,29),
	(396,1,90,5,31),
	(397,1,90,5,32),
	(398,1,91,2,7),
	(399,1,91,5,8),
	(400,1,91,1,9),
	(401,0,91,3,10),
	(402,1,91,2,11),
	(403,1,91,4,12),
	(404,1,91,1,13),
	(405,1,91,1,14),
	(406,1,91,1,15),
	(407,1,91,1,16),
	(408,1,91,2,17),
	(409,1,91,2,18),
	(410,1,91,2,19),
	(411,1,91,3,20),
	(412,1,91,3,21),
	(413,1,91,3,22),
	(414,1,91,3,23),
	(415,0,91,4,24),
	(416,1,91,4,25),
	(417,1,91,4,26),
	(418,1,91,4,27),
	(419,1,91,5,29),
	(420,1,91,5,30),
	(421,1,91,5,31),
	(422,1,91,5,32),
	(423,1,92,2,7),
	(424,1,92,5,8),
	(425,1,92,1,9),
	(426,0,92,3,10),
	(427,1,92,2,11),
	(428,1,92,4,12),
	(429,1,92,1,13),
	(430,1,92,1,14),
	(431,1,92,1,15),
	(432,0,92,1,16),
	(433,1,92,2,17),
	(434,1,92,2,18),
	(435,0,92,2,19),
	(436,1,92,3,20),
	(437,1,92,3,21),
	(438,1,92,3,22),
	(439,1,92,3,23),
	(440,1,92,4,24),
	(441,0,92,4,25),
	(442,1,92,4,26),
	(443,1,92,4,27),
	(444,0,92,5,28),
	(445,1,92,5,29),
	(446,1,92,5,31),
	(447,1,92,5,32),
	(448,1,93,2,7),
	(449,1,93,5,8),
	(450,1,93,1,9),
	(451,0,93,3,10),
	(452,1,93,2,11),
	(453,1,93,4,12),
	(454,1,93,1,13),
	(455,0,93,1,14),
	(456,1,93,1,15),
	(457,1,93,1,16),
	(458,0,93,2,17),
	(459,1,93,2,18),
	(460,1,93,2,19),
	(461,1,93,3,20),
	(462,1,93,3,21),
	(463,1,93,3,22),
	(464,1,93,3,23),
	(465,1,93,4,24),
	(466,1,93,4,25),
	(467,0,93,4,26),
	(468,1,93,4,27),
	(469,0,93,5,29),
	(470,1,93,5,30),
	(471,1,93,5,31),
	(472,1,93,5,32),
	(473,1,94,2,7),
	(474,1,94,5,8),
	(475,0,94,1,9),
	(476,1,94,3,10),
	(477,0,94,2,11),
	(478,1,94,4,12),
	(479,1,94,1,13),
	(480,1,94,1,14),
	(481,1,94,1,15),
	(482,1,94,1,16),
	(483,1,94,2,17),
	(484,1,94,2,18),
	(485,1,94,2,19),
	(486,0,94,3,20),
	(487,1,94,3,21),
	(488,1,94,3,22),
	(489,1,94,3,23),
	(490,1,94,4,24),
	(491,0,94,4,25),
	(492,1,94,4,26),
	(493,1,94,4,27),
	(494,1,94,5,28),
	(495,0,94,5,29),
	(496,1,94,5,30),
	(497,1,94,5,31),
	(498,0,95,2,7),
	(499,1,95,5,8),
	(500,1,95,1,9),
	(501,1,95,3,10),
	(502,1,95,2,11),
	(503,0,95,4,12),
	(504,1,95,1,13),
	(505,1,95,1,14),
	(506,1,95,1,15),
	(507,0,95,1,16),
	(508,1,95,2,17),
	(509,1,95,2,18),
	(510,1,95,2,19),
	(511,1,95,3,20),
	(512,1,95,3,21),
	(513,1,95,3,22),
	(514,1,95,3,23),
	(515,1,95,4,24),
	(516,1,95,4,25),
	(517,1,95,4,26),
	(518,1,95,4,27),
	(519,1,95,5,28),
	(520,1,95,5,29),
	(521,0,95,5,31),
	(522,1,95,5,32),
	(523,0,96,2,7),
	(524,1,96,5,8),
	(525,1,96,1,9),
	(526,1,96,3,10),
	(527,1,96,2,11),
	(528,1,96,4,12),
	(529,1,96,1,13),
	(530,1,96,1,14),
	(531,0,96,1,15),
	(532,1,96,1,16),
	(533,1,96,2,17),
	(534,1,96,2,18),
	(535,1,96,2,19),
	(536,1,96,3,20),
	(537,1,96,3,21),
	(538,1,96,3,22),
	(539,1,96,3,23),
	(540,1,96,4,24),
	(541,1,96,4,25),
	(542,1,96,4,26),
	(543,0,96,4,27),
	(544,1,96,5,28),
	(545,1,96,5,29),
	(546,1,96,5,30),
	(547,1,96,5,31),
	(548,1,97,2,7),
	(549,0,97,5,8),
	(550,1,97,1,9),
	(551,0,97,3,10),
	(552,1,97,2,11),
	(553,1,97,4,12),
	(554,1,97,1,13),
	(555,1,97,1,14),
	(556,0,97,1,15),
	(557,1,97,1,16),
	(558,1,97,2,17),
	(559,1,97,2,18),
	(560,0,97,2,19),
	(561,1,97,3,20),
	(562,0,97,3,21),
	(563,1,97,3,22),
	(564,1,97,3,23),
	(565,1,97,4,24),
	(566,1,97,4,25),
	(567,1,97,4,26),
	(568,0,97,4,27),
	(569,1,97,5,28),
	(570,1,97,5,29),
	(571,1,97,5,30),
	(572,1,97,5,31),
	(573,1,98,2,7),
	(574,1,98,5,8),
	(575,1,98,1,9),
	(576,1,98,3,10),
	(577,1,98,2,11),
	(578,1,98,4,12),
	(579,0,98,1,13),
	(580,1,98,1,14),
	(581,1,98,1,15),
	(582,1,98,1,16),
	(583,1,98,2,17),
	(584,1,98,2,18),
	(585,1,98,2,19),
	(586,1,98,3,20),
	(587,1,98,3,21),
	(588,1,98,3,22),
	(589,1,98,3,23),
	(590,1,98,4,24),
	(591,1,98,4,25),
	(592,1,98,4,26),
	(593,1,98,4,27),
	(594,1,98,5,29),
	(595,1,98,5,30),
	(596,0,98,5,31),
	(597,1,98,5,32),
	(1087,0,124,2,7),
	(1088,1,124,5,8),
	(1089,0,124,1,9),
	(1090,1,124,3,10),
	(1091,1,124,2,11),
	(1092,0,124,4,12),
	(1093,1,124,1,13),
	(1094,1,124,1,14),
	(1095,1,124,1,15),
	(1096,1,124,1,16),
	(1097,1,124,2,17),
	(1098,1,124,2,18),
	(1099,1,124,2,19),
	(1100,1,124,3,20),
	(1101,1,124,3,21),
	(1102,1,124,3,22),
	(1103,1,124,3,23),
	(1104,1,124,4,24),
	(1105,1,124,4,25),
	(1106,1,124,4,26),
	(1107,1,124,4,27),
	(1108,1,124,5,28),
	(1109,1,124,5,29),
	(1110,1,124,5,30),
	(1111,1,124,5,32),
	(1112,0,125,2,7),
	(1113,1,125,1,9),
	(1114,1,125,3,10),
	(1115,1,125,2,11),
	(1116,1,125,4,12),
	(1117,1,125,1,13),
	(1118,1,125,1,14),
	(1119,0,125,1,15),
	(1120,1,125,1,16),
	(1121,1,125,2,17),
	(1122,1,125,2,18),
	(1123,1,125,2,19),
	(1124,1,125,3,20),
	(1125,1,125,3,21),
	(1126,1,125,3,22),
	(1127,1,125,3,23),
	(1128,1,125,4,24),
	(1129,0,125,4,25),
	(1130,1,125,4,26),
	(1131,1,125,4,27),
	(1132,0,125,5,28),
	(1133,1,125,5,29),
	(1134,1,125,5,30),
	(1135,1,125,5,31),
	(1136,1,125,5,32),
	(1137,1,126,2,7),
	(1138,1,126,1,9),
	(1139,1,126,3,10),
	(1140,1,126,2,11),
	(1141,1,126,4,12),
	(1142,1,126,1,13),
	(1143,1,126,1,14),
	(1144,1,126,1,15),
	(1145,1,126,1,16),
	(1146,1,126,2,17),
	(1147,1,126,2,18),
	(1148,1,126,2,19),
	(1149,1,126,3,20),
	(1150,1,126,3,21),
	(1151,1,126,3,22),
	(1152,0,126,3,23),
	(1153,1,126,4,24),
	(1154,0,126,4,25),
	(1155,1,126,4,26),
	(1156,1,126,4,27),
	(1157,1,126,5,28),
	(1158,1,126,5,29),
	(1159,1,126,5,30),
	(1160,1,126,5,31),
	(1161,1,126,5,32),
	(1162,1,127,2,7),
	(1163,1,127,5,8),
	(1164,1,127,1,9),
	(1165,1,127,3,10),
	(1166,1,127,2,11),
	(1167,1,127,4,12),
	(1168,1,127,1,13),
	(1169,1,127,1,14),
	(1170,1,127,1,15),
	(1171,1,127,1,16),
	(1172,1,127,2,17),
	(1173,1,127,2,18),
	(1174,1,127,2,19),
	(1175,1,127,3,20),
	(1176,1,127,3,21),
	(1177,1,127,3,22),
	(1178,1,127,3,23),
	(1179,1,127,4,24),
	(1180,1,127,4,25),
	(1181,1,127,4,26),
	(1182,1,127,4,27),
	(1183,1,127,5,28),
	(1184,1,127,5,29),
	(1185,1,127,5,30),
	(1186,1,127,5,32),
	(1187,1,128,2,7),
	(1188,1,128,1,9),
	(1189,1,128,3,10),
	(1190,1,128,2,11),
	(1191,1,128,4,12),
	(1192,1,128,1,13),
	(1193,1,128,1,14),
	(1194,1,128,1,15),
	(1195,1,128,1,16),
	(1196,1,128,2,17),
	(1197,1,128,2,18),
	(1198,1,128,2,19),
	(1199,1,128,3,20),
	(1200,1,128,3,21),
	(1201,1,128,3,22),
	(1202,1,128,3,23),
	(1203,1,128,4,24),
	(1204,1,128,4,25),
	(1205,1,128,4,26),
	(1206,1,128,4,27),
	(1207,1,128,5,28),
	(1208,1,128,5,29),
	(1209,1,128,5,30),
	(1210,1,128,5,31),
	(1211,1,128,5,32),
	(1212,0,129,2,7),
	(1213,1,129,1,9),
	(1214,1,129,3,10),
	(1215,1,129,2,11),
	(1216,1,129,4,12),
	(1217,1,129,1,13),
	(1218,1,129,1,14),
	(1219,1,129,1,15),
	(1220,1,129,1,16),
	(1221,1,129,2,17),
	(1222,1,129,2,18),
	(1223,1,129,2,19),
	(1224,1,129,3,20),
	(1225,1,129,3,21),
	(1226,1,129,3,22),
	(1227,1,129,3,23),
	(1228,1,129,4,24),
	(1229,0,129,4,25),
	(1230,1,129,4,26),
	(1231,1,129,4,27),
	(1232,1,129,5,28),
	(1233,0,129,5,29),
	(1234,1,129,5,30),
	(1235,1,129,5,31),
	(1236,1,129,5,32),
	(1262,0,131,2,7),
	(1263,1,131,5,8),
	(1264,1,131,1,9),
	(1265,1,131,3,10),
	(1266,1,131,2,11),
	(1267,0,131,4,12),
	(1268,1,131,1,13),
	(1269,1,131,1,14),
	(1270,1,131,1,15),
	(1271,1,131,1,16),
	(1272,1,131,2,17),
	(1273,1,131,2,18),
	(1274,1,131,2,19),
	(1275,1,131,3,20),
	(1276,1,131,3,21),
	(1277,1,131,3,22),
	(1278,0,131,3,23),
	(1279,1,131,4,24),
	(1280,1,131,4,25),
	(1281,1,131,4,26),
	(1282,1,131,4,27),
	(1283,1,131,5,28),
	(1284,1,131,5,30),
	(1285,1,131,5,31),
	(1286,1,131,5,32),
	(1287,1,132,2,7),
	(1288,1,132,5,8),
	(1289,1,132,1,9),
	(1290,1,132,3,10),
	(1291,1,132,2,11),
	(1292,0,132,4,12),
	(1293,1,132,1,13),
	(1294,1,132,1,14),
	(1295,1,132,1,15),
	(1296,1,132,1,16),
	(1297,1,132,2,17),
	(1298,1,132,2,18),
	(1299,1,132,2,19),
	(1300,1,132,3,20),
	(1301,1,132,3,21),
	(1302,1,132,3,22),
	(1303,1,132,3,23),
	(1304,1,132,4,24),
	(1305,1,132,4,25),
	(1306,1,132,4,26),
	(1307,1,132,4,27),
	(1308,1,132,5,28),
	(1309,1,132,5,29),
	(1310,1,132,5,30),
	(1311,1,132,5,31),
	(1312,1,133,2,7),
	(1313,1,133,5,8),
	(1314,1,133,1,9),
	(1315,1,133,3,10),
	(1316,1,133,2,11),
	(1317,1,133,4,12),
	(1318,1,133,1,13),
	(1319,1,133,1,14),
	(1320,1,133,1,15),
	(1321,1,133,1,16),
	(1322,1,133,2,17),
	(1323,1,133,2,18),
	(1324,1,133,2,19),
	(1325,1,133,3,20),
	(1326,1,133,3,21),
	(1327,1,133,3,22),
	(1328,1,133,3,23),
	(1329,1,133,4,24),
	(1330,1,133,4,25),
	(1331,0,133,4,26),
	(1332,1,133,4,27),
	(1333,1,133,5,28),
	(1334,1,133,5,29),
	(1335,1,133,5,31),
	(1336,1,133,5,32),
	(1337,1,134,2,7),
	(1338,1,134,5,8),
	(1339,1,134,1,9),
	(1340,1,134,3,10),
	(1341,1,134,2,11),
	(1342,1,134,4,12),
	(1343,1,134,1,13),
	(1344,1,134,1,14),
	(1345,1,134,1,15),
	(1346,1,134,1,16),
	(1347,0,134,2,17),
	(1348,1,134,2,18),
	(1349,1,134,2,19),
	(1350,1,134,3,20),
	(1351,0,134,3,21),
	(1352,1,134,3,22),
	(1353,1,134,3,23),
	(1354,1,134,4,24),
	(1355,1,134,4,25),
	(1356,1,134,4,26),
	(1357,0,134,4,27),
	(1358,1,134,5,28),
	(1359,1,134,5,29),
	(1360,1,134,5,30),
	(1361,1,134,5,31),
	(1387,1,136,2,7),
	(1388,1,136,5,8),
	(1389,1,136,1,9),
	(1390,1,136,3,10),
	(1391,1,136,2,11),
	(1392,1,136,4,12),
	(1393,1,136,1,13),
	(1394,1,136,1,14),
	(1395,1,136,1,15),
	(1396,1,136,1,16),
	(1397,1,136,2,17),
	(1398,1,136,2,18),
	(1399,1,136,2,19),
	(1400,1,136,3,20),
	(1401,1,136,3,21),
	(1402,1,136,3,22),
	(1403,1,136,3,23),
	(1404,1,136,4,24),
	(1405,1,136,4,25),
	(1406,1,136,4,26),
	(1407,1,136,4,27),
	(1408,1,136,5,28),
	(1409,1,136,5,30),
	(1410,1,136,5,31),
	(1411,1,136,5,32);

/*!40000 ALTER TABLE `apply_testsapply` ENABLE KEYS */;
UNLOCK TABLES;


DROP TABLE IF EXISTS `auth_group`;

CREATE TABLE `auth_group` (
  `id` int(11) NOT NULL AUTO_INCREMENT,
  `name` varchar(80) NOT NULL,
  PRIMARY KEY (`id`),
  UNIQUE KEY `name` (`name`)
) ENGINE=InnoDB DEFAULT CHARSET=latin1;

LOCK TABLES `auth_group` WRITE;
/*!40000 ALTER TABLE `auth_group` DISABLE KEYS */;

INSERT INTO `auth_group` (`id`, `name`)
VALUES
	(1,'mentorGroup');

/*!40000 ALTER TABLE `auth_group` ENABLE KEYS */;
UNLOCK TABLES;


DROP TABLE IF EXISTS `auth_group_permissions`;

CREATE TABLE `auth_group_permissions` (
  `id` int(11) NOT NULL AUTO_INCREMENT,
  `group_id` int(11) NOT NULL,
  `permission_id` int(11) NOT NULL,
  PRIMARY KEY (`id`),
  UNIQUE KEY `auth_group_permissions_group_id_0cd325b0_uniq` (`group_id`,`permission_id`),
  KEY `auth_group_permissi_permission_id_84c5c92e_fk_auth_permission_id` (`permission_id`),
  CONSTRAINT `auth_group_permissi_permission_id_84c5c92e_fk_auth_permission_id` FOREIGN KEY (`permission_id`) REFERENCES `auth_permission` (`id`),
  CONSTRAINT `auth_group_permissions_group_id_b120cbf9_fk_auth_group_id` FOREIGN KEY (`group_id`) REFERENCES `auth_group` (`id`)
) ENGINE=InnoDB DEFAULT CHARSET=latin1;

LOCK TABLES `auth_group_permissions` WRITE;
/*!40000 ALTER TABLE `auth_group_permissions` DISABLE KEYS */;

INSERT INTO `auth_group_permissions` (`id`, `group_id`, `permission_id`)
VALUES
	(1,1,25),
	(2,1,26),
	(3,1,27),
	(4,1,35);

/*!40000 ALTER TABLE `auth_group_permissions` ENABLE KEYS */;
UNLOCK TABLES;


DROP TABLE IF EXISTS `auth_permission`;

CREATE TABLE `auth_permission` (
  `id` int(11) NOT NULL AUTO_INCREMENT,
  `name` varchar(255) NOT NULL,
  `content_type_id` int(11) NOT NULL,
  `codename` varchar(100) NOT NULL,
  PRIMARY KEY (`id`),
  UNIQUE KEY `auth_permission_content_type_id_01ab375a_uniq` (`content_type_id`,`codename`),
  CONSTRAINT `auth_permissi_content_type_id_2f476e4b_fk_django_content_type_id` FOREIGN KEY (`content_type_id`) REFERENCES `django_content_type` (`id`)
) ENGINE=InnoDB DEFAULT CHARSET=latin1;

LOCK TABLES `auth_permission` WRITE;
/*!40000 ALTER TABLE `auth_permission` DISABLE KEYS */;

INSERT INTO `auth_permission` (`id`, `name`, `content_type_id`, `codename`)
VALUES
	(1,'Can add log entry',1,'add_logentry'),
	(2,'Can change log entry',1,'change_logentry'),
	(3,'Can delete log entry',1,'delete_logentry'),
	(4,'Can add group',2,'add_group'),
	(5,'Can change group',2,'change_group'),
	(6,'Can delete group',2,'delete_group'),
	(7,'Can add permission',3,'add_permission'),
	(8,'Can change permission',3,'change_permission'),
	(9,'Can delete permission',3,'delete_permission'),
	(10,'Can add user',4,'add_user'),
	(11,'Can change user',4,'change_user'),
	(12,'Can delete user',4,'delete_user'),
	(13,'Can add content type',5,'add_contenttype'),
	(14,'Can change content type',5,'change_contenttype'),
	(15,'Can delete content type',5,'delete_contenttype'),
	(16,'Can add session',6,'add_session'),
	(17,'Can change session',6,'change_session'),
	(18,'Can delete session',6,'delete_session'),
	(19,'Can add site',7,'add_site'),
	(20,'Can change site',7,'change_site'),
	(21,'Can delete site',7,'delete_site'),
	(22,'Can add news_ paragraph',8,'add_news_paragraph'),
	(23,'Can change news_ paragraph',8,'change_news_paragraph'),
	(24,'Can delete news_ paragraph',8,'delete_news_paragraph'),
	(25,'Can add project_news',9,'add_project_news'),
	(26,'Can change project_news',9,'change_project_news'),
	(27,'Can delete project_news',9,'delete_project_news'),
	(28,'Can add test',10,'add_test'),
	(29,'Can change test',10,'change_test'),
	(30,'Can delete test',10,'delete_test'),
	(31,'Can add subject',11,'add_subject'),
	(32,'Can change subject',11,'change_subject'),
	(33,'Can delete subject',11,'delete_subject'),
	(34,'Can add project',12,'add_project'),
	(35,'Can change project',12,'change_project'),
	(36,'Can delete project',12,'delete_project'),
	(37,'Can add mark for each project',13,'add_markforeachproject'),
	(38,'Can change mark for each project',13,'change_markforeachproject'),
	(39,'Can delete mark for each project',13,'delete_markforeachproject'),
	(40,'Can add destribution',14,'add_destribution'),
	(41,'Can change destribution',14,'change_destribution'),
	(42,'Can delete destribution',14,'delete_destribution'),
	(43,'Can add apply application',15,'add_applyapplication'),
	(44,'Can change apply application',15,'change_applyapplication'),
	(45,'Can delete apply application',15,'delete_applyapplication'),
	(46,'Can add tests apply',16,'add_testsapply'),
	(47,'Can change tests apply',16,'change_testsapply'),
	(48,'Can delete tests apply',16,'delete_testsapply'),
	(49,'Can add project priority',17,'add_projectpriority'),
	(50,'Can change project priority',17,'change_projectpriority'),
	(51,'Can delete project priority',17,'delete_projectpriority'),
	(52,'Can add Message',18,'add_message'),
	(53,'Can change Message',18,'change_message'),
	(54,'Can delete Message',18,'delete_message'),
	(55,'Can add message',19,'add_message'),
	(56,'Can change message',19,'change_message'),
	(57,'Can delete message',19,'delete_message'),
	(58,'Can add room',20,'add_room'),
	(59,'Can change room',20,'change_room'),
	(60,'Can delete room',20,'delete_room'),
	(61,'Can add Forum',21,'add_forum'),
	(62,'Can change Forum',21,'change_forum'),
	(63,'Can delete Forum',21,'delete_forum'),
	(64,'Can add Post',22,'add_post'),
	(65,'Can change Post',22,'change_post'),
	(66,'Can delete Post',22,'delete_post'),
	(67,'Can add Topic',23,'add_topic'),
	(68,'Can change Topic',23,'change_topic'),
	(69,'Can delete Topic',23,'delete_topic'),
	(70,'Can add Attachment',24,'add_attachment'),
	(71,'Can change Attachment',24,'change_attachment'),
	(72,'Can delete Attachment',24,'delete_attachment'),
	(73,'Can add Topic poll',25,'add_topicpoll'),
	(74,'Can change Topic poll',25,'change_topicpoll'),
	(75,'Can delete Topic poll',25,'delete_topicpoll'),
	(76,'Can add Topic poll vote',26,'add_topicpollvote'),
	(77,'Can change Topic poll vote',26,'change_topicpollvote'),
	(78,'Can delete Topic poll vote',26,'delete_topicpollvote'),
	(79,'Can add Topic poll option',27,'add_topicpolloption'),
	(80,'Can change Topic poll option',27,'change_topicpolloption'),
	(81,'Can delete Topic poll option',27,'delete_topicpolloption'),
	(82,'Can add Topic track',28,'add_topicreadtrack'),
	(83,'Can change Topic track',28,'change_topicreadtrack'),
	(84,'Can delete Topic track',28,'delete_topicreadtrack'),
	(85,'Can add Forum track',29,'add_forumreadtrack'),
	(86,'Can change Forum track',29,'change_forumreadtrack'),
	(87,'Can delete Forum track',29,'delete_forumreadtrack'),
	(88,'Can add Forum profile',30,'add_forumprofile'),
	(89,'Can change Forum profile',30,'change_forumprofile'),
	(90,'Can delete Forum profile',30,'delete_forumprofile'),
	(91,'Can add Group forum permission',31,'add_groupforumpermission'),
	(92,'Can change Group forum permission',31,'change_groupforumpermission'),
	(93,'Can delete Group forum permission',31,'delete_groupforumpermission'),
	(94,'Can add Forum permission',32,'add_forumpermission'),
	(95,'Can change Forum permission',32,'change_forumpermission'),
	(96,'Can delete Forum permission',32,'delete_forumpermission'),
	(97,'Can add User forum permission',33,'add_userforumpermission'),
	(98,'Can change User forum permission',33,'change_userforumpermission'),
	(99,'Can delete User forum permission',33,'delete_userforumpermission'),
	(100,'Can add about us',34,'add_aboutus'),
	(101,'Can change about us',34,'change_aboutus'),
	(102,'Can delete about us',34,'delete_aboutus'),
	(103,'Can add Token',35,'add_token'),
	(104,'Can change Token',35,'change_token'),
	(105,'Can delete Token',35,'delete_token'),
	(106,'Can add report project',36,'add_reportproject'),
	(107,'Can change report project',36,'change_reportproject'),
	(108,'Can delete report project',36,'delete_reportproject'),
	(109,'Can add report comments',37,'add_reportcomments'),
	(110,'Can change report comments',37,'change_reportcomments'),
	(111,'Can delete report comments',37,'delete_reportcomments');

/*!40000 ALTER TABLE `auth_permission` ENABLE KEYS */;
UNLOCK TABLES;


DROP TABLE IF EXISTS `auth_user`;

CREATE TABLE `auth_user` (
  `id` int(11) NOT NULL AUTO_INCREMENT,
  `password` varchar(128) NOT NULL,
  `last_login` datetime(6) DEFAULT NULL,
  `is_superuser` tinyint(1) NOT NULL,
  `username` varchar(150) NOT NULL,
  `first_name` varchar(30) NOT NULL,
  `last_name` varchar(30) NOT NULL,
  `email` varchar(254) NOT NULL,
  `is_staff` tinyint(1) NOT NULL,
  `is_active` tinyint(1) NOT NULL,
  `date_joined` datetime(6) NOT NULL,
  PRIMARY KEY (`id`),
  UNIQUE KEY `username` (`username`)
) ENGINE=InnoDB DEFAULT CHARSET=latin1;

LOCK TABLES `auth_user` WRITE;
/*!40000 ALTER TABLE `auth_user` DISABLE KEYS */;

INSERT INTO `auth_user` (`id`, `password`, `last_login`, `is_superuser`, `username`, `first_name`, `last_name`, `email`, `is_staff`, `is_active`, `date_joined`)
VALUES
	(1,'pbkdf2_sha256$30000$HoQWfTaB60UX$hmo5PVfG8olsx2qU9ysCcZUAg79iilOn5STayRK0bEU=','2017-05-30 11:10:53.102142',1,'admin','','','gek2395@mail.ru',1,1,'2017-05-13 13:53:53.375696'),
	(79,'pbkdf2_sha256$30000$FzPgflCG9rne$YLH2Tjjj9JHvo4F2wi1hCLmRfQgvNYmCPMiPlxRIUJc=',NULL,0,'dfgh','','','lksjdf@sdfj.ru',0,1,'2017-05-30 11:48:24.484399'),
	(80,'pbkdf2_sha256$30000$lUDKGQybcI90$pJpRZtTkX26hUCA0GmcPxRb0tlhtaCiOqxOlbcS0mqo=',NULL,0,'dlfkj','','','lksjdf@sdfj.ru',0,1,'2017-05-30 11:48:26.290174'),
	(82,'pbkdf2_sha256$30000$tYShTprSIMPM$g8UjG051ppv7G+IkVZXflMiNn7CHfwHjFTIEE2ZEWH8=',NULL,0,'dfklj','','','xvkjlksjdf@sdfj.ru',0,1,'2017-05-30 11:48:30.722179'),
	(83,'pbkdf2_sha256$30000$VLcp5b8SbT6t$1ec2EGoNKOMwMW3tSKGIio15+9I1y9GISmMUtgw5AnI=',NULL,0,'dkflj','','','lksjdf@sdfj.ru',0,1,'2017-05-30 11:48:24.784514'),
	(84,'pbkdf2_sha256$30000$JSmcCIuuxj1u$fGa8gtfcQtxcCt4D5WYoiy8e71mB+4IHm/PSHVC9Pks=',NULL,0,'egjk','','','lksjdf@sdfj.ru',0,1,'2017-05-30 11:48:30.427838'),
	(85,'pbkdf2_sha256$30000$vOBsMENKBkZt$D3vZmTeEA/F/vHpIRmE8fksQeiuz5jsPU1/qLd5DeDA=',NULL,0,'fhljkgqlkjg','','','lksjdf@sdfj.ru',0,1,'2017-05-30 11:48:28.663278'),
	(86,'pbkdf2_sha256$30000$c7pZ6p7Kg4UZ$L3GLn/k6xHrB4Pdxn/qpwYYMeuXo5/ZY2HqZBV72+v8=',NULL,0,'dglkj','','','lksjdf@sdfj.ru',0,1,'2017-05-30 11:48:27.783158'),
	(88,'pbkdf2_sha256$30000$S1ubUksA6QV7$EmU08Peaog4JmNzauXq4DoKPuIo9cdmj7JU67OyD9V0=',NULL,0,'dlgkj','','','lksjdf@sdfj.ru',0,1,'2017-05-30 11:48:28.959618'),
	(89,'pbkdf2_sha256$30000$Q9lU53NZSlPf$+2yp+Bx+oAjvAuk78Rj987Vc+oODG7eyF1C4Fo6tP9Y=',NULL,0,'sdgbjv','','','lksjdf@sdfj.ru',0,1,'2017-05-30 11:48:28.076877'),
	(90,'pbkdf2_sha256$30000$XwFfmbJtIm85$mSD3yV3Ul2eKgtjmrqrjpmhgW5zc57HpNohTH2CoF64=',NULL,0,'eglkj','','','lksjdf@sdfj.ru',0,1,'2017-05-30 11:48:25.088056'),
	(91,'pbkdf2_sha256$30000$YO7kWtgohIAm$tw5jkCtBIB6jBkwqEvfECehT0EfyPnkXUkQ0U/ZC1GQ=',NULL,0,'egklhj','','','lksjdf@sdfj.ru',0,1,'2017-05-30 11:48:31.017460'),
	(92,'pbkdf2_sha256$30000$zqJwKgcG3FIV$BhHEee9l1zaByDXd7JzoI03QgnG7le8mj0m8AVT3vxg=',NULL,0,'dglhv','','','lksjdf@sdfj.ru',0,1,'2017-05-30 11:48:26.584161'),
	(93,'pbkdf2_sha256$30000$AJzG2w4AuE7e$9Knm5aTPMR26YSrHRt4ROCUrq+GYCg7Ilu3sQgH/hbI=',NULL,0,'fpdobjl','','','lksjdf@sdfj.ru',0,1,'2017-05-30 11:48:26.879993'),
	(94,'pbkdf2_sha256$30000$SyFvOISXIQBL$gsVo9ovuoqzU2lBl8rMqcGk6kHLMpSpwymFO2wX0/iE=',NULL,0,'dfpbu','','','lksjdf@sdfj.ru',0,1,'2017-05-30 11:48:28.369286'),
	(95,'pbkdf2_sha256$30000$qB6LKJs32kEm$CvIO2t3qfvGOyvFS9V469ibd7KBe9nU9w/GYyOUv2vA=',NULL,0,'fdpobjl','','','hlksjdf@sdfj.ru',0,1,'2017-05-30 11:48:29.257223'),
	(96,'pbkdf2_sha256$30000$pm9ax2G6pGvq$m8+MgLQnNtrldwIyA60QLqxUNfzdFoo2LwO+EPeenQQ=',NULL,0,'fdiblvk','','','lksjdf@sdfj.ru',0,1,'2017-05-30 11:48:25.388803'),
	(98,'pbkdf2_sha256$30000$hZeGTAIACbF6$tVJ0YH4kAtT+wab4zcWJkI06bnQU45xbLqT5aLrhJSU=',NULL,0,'pdovj','','','lksjdf@sdfj.ru',0,1,'2017-05-30 11:48:27.180705'),
	(124,'pbkdf2_sha256$30000$EH6rVwmIYCGG$e+LDlRWkhV+JydeOTK3Krzznka9zAMj4Rjl6s+WI1Eg=',NULL,0,'aaa','','','kvj@dslkfn.ru',0,1,'2017-05-30 11:48:31.313497'),
	(125,'pbkdf2_sha256$30000$uqXbA5n1Mctk$ufy7YQPIT7zs86pdKT3VbyR+IS5bUFyYQrV1BypxoUk=',NULL,0,'Liudmyla','','','Liudmila.pavlenko@gmail.com',0,1,'2017-05-30 11:48:31.607484'),
	(126,'pbkdf2_sha256$30000$FfjlkgAQDk56$VQ/Jne3KkaxPNAgulucJi8tppe/6cwb3Fg+KdamkpfE=',NULL,0,'Avac','','','kgjn@dskgj.rm',0,1,'2017-05-30 11:48:29.550998'),
	(127,'pbkdf2_sha256$30000$FerjbpfgeQrE$KiJjaKCUNsEJ63skxLlZ68sio/HxjEzHGAFQnQGtssg=',NULL,0,'fdkjbn','','','jnd@ekfn.ri',0,1,'2017-05-30 11:48:31.901490'),
	(128,'pbkdf2_sha256$30000$hznpHOFEaweU$g1sbEj6xxzQJ0uz13ywp4kWhuTfpiyPm7tRhAg+8HMI=',NULL,0,'rgen','','','ksdng@elkfn.rk',0,1,'2017-05-30 11:48:29.844409'),
	(129,'pbkdf2_sha256$30000$RiBR6lAWMTEi$GmGiWxfA6zMtEG2pxEs0i66FczMCcs8gqPT1Khz6KOE=',NULL,0,'fgjk','','','lknv@nefk.rj',0,1,'2017-05-30 11:48:25.691281'),
	(131,'pbkdf2_sha256$30000$TrRRgBX6rK1I$ZcoEYfzt/yFlAy8emPQ3WqvYzloyb0n9lz5D2DjNPHQ=',NULL,0,'ava','','','fkbjn@dkjnf.ri',0,1,'2017-05-30 11:48:32.191804'),
	(132,'pbkdf2_sha256$30000$D1y5jkqfWp8Q$/Q2TzGeRlj9tdd0x0JZIiJN0tMXsbjIANrZHhA23KKA=',NULL,0,'knfgd','','','kfdgn@dsnf.ru',0,1,'2017-05-30 11:48:27.480305'),
	(133,'pbkdf2_sha256$30000$EBCY1XFKFmIg$1RfguCM3o2g3WI1wQOkRHGnVM40ATWid5+hpvS0jtEM=',NULL,0,'ktrgn','','','kfdgn@dsnf.ru',0,1,'2017-05-30 11:48:30.135687'),
	(134,'pbkdf2_sha256$30000$Z2wbtZsBrSp7$7FTQXh7+ynLMeegMLxEfyqjuF9wbpuuAJ0N94hSIbXY=',NULL,0,'gdfkjn','','','kfdgn@dsnf.ru',0,1,'2017-05-30 11:48:32.480153'),
	(136,'pbkdf2_sha256$30000$6vvTOMgq8W7G$qAUk5Qj5uuHeX/q0UhvCsdotZMR1uOnVxx3iNQwJUnY=',NULL,0,'Donald','','','donald.trump@gmail.com',0,1,'2017-05-30 11:48:25.992045'),
	(137,'pbkdf2_sha256$30000$280CVb4g6JQv$ELMXWMoo2jG8zFmhT9/LxBkPQUdZEJEn1mRmPnn7zd4=',NULL,0,'Dmytro','Dmytro','Fisherman','asd@sdf.fj',1,1,'2017-05-16 23:12:33.000000'),
	(138,'pbkdf2_sha256$30000$iaRidMxWqqMb$WQc34MHG8LnKQe8q6Amn/uKQdLRkLlAHsBAWJP+0MQA=',NULL,0,'Ivanna','Ivanna','Dyachuk','sf@sd.fi',1,1,'2017-05-16 23:14:02.000000'),
	(139,'pbkdf2_sha256$30000$ktGEe3Eyocko$yb+Hg8FHhWoWibk6rxS95DVE/1mWnIdvoW1y052Yfj0=',NULL,0,'Jenia','Jenia','Jitsev','qqew@sd.fj',1,1,'2017-05-16 23:15:02.000000'),
	(141,'pbkdf2_sha256$30000$4p4TAGQ9UnP1$nHIgNFnY8CSqIQMLWdnR/FdbtG5BjSPEKlwrlA5Gl/M=',NULL,0,'Oleksandr','Oleksandr','Romanko','sc@sf.fjk',1,1,'2017-05-18 10:45:58.000000');

/*!40000 ALTER TABLE `auth_user` ENABLE KEYS */;
UNLOCK TABLES;


DROP TABLE IF EXISTS `auth_user_groups`;

CREATE TABLE `auth_user_groups` (
  `id` int(11) NOT NULL AUTO_INCREMENT,
  `user_id` int(11) NOT NULL,
  `group_id` int(11) NOT NULL,
  PRIMARY KEY (`id`),
  UNIQUE KEY `auth_user_groups_user_id_94350c0c_uniq` (`user_id`,`group_id`),
  KEY `auth_user_groups_group_id_97559544_fk_auth_group_id` (`group_id`),
  CONSTRAINT `auth_user_groups_group_id_97559544_fk_auth_group_id` FOREIGN KEY (`group_id`) REFERENCES `auth_group` (`id`),
  CONSTRAINT `auth_user_groups_user_id_6a12ed8b_fk_auth_user_id` FOREIGN KEY (`user_id`) REFERENCES `auth_user` (`id`)
) ENGINE=InnoDB DEFAULT CHARSET=latin1;

LOCK TABLES `auth_user_groups` WRITE;
/*!40000 ALTER TABLE `auth_user_groups` DISABLE KEYS */;

INSERT INTO `auth_user_groups` (`id`, `user_id`, `group_id`)
VALUES
	(1,137,1),
	(2,138,1),
	(3,139,1),
	(5,141,1);

/*!40000 ALTER TABLE `auth_user_groups` ENABLE KEYS */;
UNLOCK TABLES;


DROP TABLE IF EXISTS `auth_user_user_permissions`;

CREATE TABLE `auth_user_user_permissions` (
  `id` int(11) NOT NULL AUTO_INCREMENT,
  `user_id` int(11) NOT NULL,
  `permission_id` int(11) NOT NULL,
  PRIMARY KEY (`id`),
  UNIQUE KEY `auth_user_user_permissions_user_id_14a6b632_uniq` (`user_id`,`permission_id`),
  KEY `auth_user_user_perm_permission_id_1fbb5f2c_fk_auth_permission_id` (`permission_id`),
  CONSTRAINT `auth_user_user_perm_permission_id_1fbb5f2c_fk_auth_permission_id` FOREIGN KEY (`permission_id`) REFERENCES `auth_permission` (`id`),
  CONSTRAINT `auth_user_user_permissions_user_id_a95ead1b_fk_auth_user_id` FOREIGN KEY (`user_id`) REFERENCES `auth_user` (`id`)
) ENGINE=InnoDB DEFAULT CHARSET=latin1;

LOCK TABLES `auth_user_user_permissions` WRITE;
/*!40000 ALTER TABLE `auth_user_user_permissions` DISABLE KEYS */;

INSERT INTO `auth_user_user_permissions` (`id`, `user_id`, `permission_id`)
VALUES
	(1,137,25),
	(2,137,26),
	(3,137,27),
	(4,138,25),
	(5,138,26),
	(6,138,27),
	(7,139,25),
	(8,139,26),
	(9,139,27);

/*!40000 ALTER TABLE `auth_user_user_permissions` ENABLE KEYS */;
UNLOCK TABLES;


DROP TABLE IF EXISTS `authtoken_token`;

CREATE TABLE `authtoken_token` (
  `key` varchar(40) NOT NULL,
  `created` datetime(6) NOT NULL,
  `user_id` int(11) NOT NULL,
  PRIMARY KEY (`key`),
  UNIQUE KEY `user_id` (`user_id`),
  CONSTRAINT `authtoken_token_user_id_35299eff_fk_auth_user_id` FOREIGN KEY (`user_id`) REFERENCES `auth_user` (`id`)
) ENGINE=InnoDB DEFAULT CHARSET=latin1;



DROP TABLE IF EXISTS `chat_message`;

CREATE TABLE `chat_message` (
  `id` int(11) NOT NULL AUTO_INCREMENT,
  `message` longtext NOT NULL,
  `date` datetime(6) NOT NULL,
  `room_id` int(11) NOT NULL,
  `user_id` int(11) NOT NULL,
  PRIMARY KEY (`id`),
  KEY `chat_message_8273f993` (`room_id`),
  KEY `chat_message_e8701ad4` (`user_id`),
  CONSTRAINT `chat_message_room_id_5e7d8d78_fk_chat_room_id` FOREIGN KEY (`room_id`) REFERENCES `chat_room` (`id`),
  CONSTRAINT `chat_message_user_id_a47c01bb_fk_auth_user_id` FOREIGN KEY (`user_id`) REFERENCES `auth_user` (`id`)
) ENGINE=InnoDB DEFAULT CHARSET=utf8mb4;



DROP TABLE IF EXISTS `chat_room`;

CREATE TABLE `chat_room` (
  `id` int(11) NOT NULL AUTO_INCREMENT,
  `title` varchar(255) NOT NULL,
  `staff_only` tinyint(1) NOT NULL,
  `project_id` int(11),
  `membersApplyApp_id` int(11),
  PRIMARY KEY (`id`),
  KEY `chat_room_b098ad43` (`project_id`),
  KEY `chat_room_94c50d62` (`membersApplyApp_id`),
  CONSTRAINT `chat_ro_membersApplyApp_id_bd7518f4_fk_apply_applyapplication_id` FOREIGN KEY (`membersApplyApp_id`) REFERENCES `apply_applyapplication` (`id`),
  CONSTRAINT `chat_ro_project_id_7a88c3e9_fk_projectsTestsQuestions_project_id` FOREIGN KEY (`project_id`) REFERENCES `projectsTestsQuestions_project` (`id`)
) ENGINE=InnoDB DEFAULT CHARSET=latin1;



DROP TABLE IF EXISTS `chat_room_members`;

CREATE TABLE `chat_room_members` (
  `id` int(11) NOT NULL AUTO_INCREMENT,
  `room_id` int(11) NOT NULL,
  `user_id` int(11) NOT NULL,
  PRIMARY KEY (`id`),
  UNIQUE KEY `chat_room_members_room_id_757937a9_uniq` (`room_id`,`user_id`),
  KEY `chat_room_members_user_id_78b43a81_fk_auth_user_id` (`user_id`),
  CONSTRAINT `chat_room_members_room_id_45721890_fk_chat_room_id` FOREIGN KEY (`room_id`) REFERENCES `chat_room` (`id`),
  CONSTRAINT `chat_room_members_user_id_78b43a81_fk_auth_user_id` FOREIGN KEY (`user_id`) REFERENCES `auth_user` (`id`)
) ENGINE=InnoDB DEFAULT CHARSET=latin1;



DROP TABLE IF EXISTS `django_admin_log`;

CREATE TABLE `django_admin_log` (
  `id` int(11) NOT NULL AUTO_INCREMENT,
  `action_time` datetime(6) NOT NULL,
  `object_id` longtext,
  `object_repr` varchar(200) NOT NULL,
  `action_flag` smallint(5) unsigned NOT NULL,
  `change_message` longtext NOT NULL,
  `content_type_id` int(11) DEFAULT NULL,
  `user_id` int(11) NOT NULL,
  PRIMARY KEY (`id`),
  KEY `django_admin__content_type_id_c4bce8eb_fk_django_content_type_id` (`content_type_id`),
  KEY `django_admin_log_user_id_c564eba6_fk_auth_user_id` (`user_id`),
  CONSTRAINT `django_admin__content_type_id_c4bce8eb_fk_django_content_type_id` FOREIGN KEY (`content_type_id`) REFERENCES `django_content_type` (`id`),
  CONSTRAINT `django_admin_log_user_id_c564eba6_fk_auth_user_id` FOREIGN KEY (`user_id`) REFERENCES `auth_user` (`id`)
) ENGINE=InnoDB DEFAULT CHARSET=latin1;

LOCK TABLES `django_admin_log` WRITE;
/*!40000 ALTER TABLE `django_admin_log` DISABLE KEYS */;

INSERT INTO `django_admin_log` (`id`, `action_time`, `object_id`, `object_repr`, `action_flag`, `change_message`, `content_type_id`, `user_id`)
VALUES
	(1,'2017-05-13 13:56:14.827233','1','mentorGroup',1,'[{\"added\": {}}]',2,1),
	(2,'2017-05-13 13:56:40.936639','79','dfgh',2,'[{\"changed\": {\"fields\": [\"date_joined\"]}}]',4,1),
	(3,'2017-05-13 13:59:20.001111','1','mentorGroup',2,'[]',2,1),
	(4,'2017-05-13 14:00:27.794630','79','dfgh',2,'[{\"changed\": {\"fields\": [\"is_staff\", \"last_login\", \"date_joined\"]}}]',4,1),
	(5,'2017-05-13 14:02:08.906057','1','mentorGroup',2,'[]',2,1),
	(7,'2017-05-13 14:06:21.185483','5','Creating a virtual reality object',2,'[{\"changed\": {\"fields\": [\"description\", \"mentor_description\"]}}]',12,1),
	(8,'2017-05-13 14:07:37.610590','3','Plasticity of Neural Circuits and Neurobiology of Learning',2,'[{\"changed\": {\"fields\": [\"description\", \"mentor_description\"]}}]',12,1),
	(9,'2017-05-13 14:08:36.102714','2','Smart Career Planning and Skill Development via Personal Analytics',2,'[{\"changed\": {\"fields\": [\"description\", \"mentor_description\"]}}]',12,1),
	(10,'2017-05-13 14:09:20.236714','1','Using Neural Networks for Diabetic Retinopathy Detection in Eye Images',2,'[{\"changed\": {\"fields\": [\"description\", \"mentor_description\"]}}]',12,1),
	(11,'2017-05-13 14:10:13.669448','3','Plasticity of Neural Circuits and Neurobiology of Learning',2,'[{\"changed\": {\"fields\": [\"mentor_description\"]}}]',12,1),
	(12,'2017-05-13 14:10:32.636998','3','Plasticity of Neural Circuits and Neurobiology of Learning',2,'[{\"changed\": {\"fields\": [\"mentor_description\"]}}]',12,1),
	(13,'2017-05-13 14:11:51.533151','3','Plasticity of Neural Circuits and Neurobiology of Learning',2,'[{\"changed\": {\"fields\": [\"mentor_description\"]}}]',12,1),
	(14,'2017-05-13 14:12:44.151238','2','Smart Career Planning and Skill Development via Personal Analytics',2,'[{\"changed\": {\"fields\": [\"mentor_description\"]}}]',12,1),
	(15,'2017-05-13 14:13:05.963926','3','Plasticity of Neural Circuits and Neurobiology of Learning',2,'[{\"changed\": {\"fields\": [\"mentor_description\"]}}]',12,1),
	(16,'2017-05-13 14:13:29.802419','1','Using Neural Networks for Diabetic Retinopathy Detection in Eye Images',2,'[{\"changed\": {\"fields\": [\"mentor_description\"]}}]',12,1),
	(17,'2017-05-13 15:00:18.682427','1','xcv',1,'[{\"added\": {}}]',21,1),
	(18,'2017-05-13 15:01:09.181415','2','cv',1,'[{\"added\": {}}]',21,1),
	(19,'2017-05-13 15:02:09.313994','2','cv',2,'[{\"changed\": {\"fields\": [\"parent\", \"description\"]}}]',21,1),
	(20,'2017-05-13 15:03:10.961175','1','1',1,'[{\"added\": {}}]',23,1),
	(21,'2017-05-13 15:03:47.053725','2','cv',2,'[{\"changed\": {\"fields\": [\"parent\", \"description\", \"link\"]}}]',21,1),
	(22,'2017-05-13 15:05:27.712679','2','cv',3,'',21,1),
	(23,'2017-05-13 15:05:51.586769','1','xcv',2,'[{\"changed\": {\"fields\": [\"type\", \"description\"]}}]',21,1),
	(24,'2017-05-13 15:06:39.939421','1','1',3,'',23,1),
	(25,'2017-05-13 15:06:56.259094','1','xcv',2,'[{\"changed\": {\"fields\": [\"type\", \"description\"]}}]',21,1),
	(26,'2017-05-13 15:19:09.299265','1','can_see_forum - Can see forum - None - xcv',1,'[{\"added\": {}}]',33,1),
	(27,'2017-05-13 15:19:21.731619','1','can_see_forum - Can see forum - None - xcv',3,'',33,1),
	(28,'2017-05-13 15:29:32.812658','124','aaa',3,'',4,1),
	(29,'2017-05-13 15:29:32.816117','131','ava',3,'',4,1),
	(30,'2017-05-13 15:29:32.818990','126','Avac',3,'',4,1),
	(31,'2017-05-13 15:29:32.822485','79','dfgh',3,'',4,1),
	(32,'2017-05-13 15:29:32.825733','82','dfklj',3,'',4,1),
	(33,'2017-05-13 15:29:32.828903','94','dfpbu',3,'',4,1),
	(34,'2017-05-13 15:29:32.832132','92','dglhv',3,'',4,1),
	(35,'2017-05-13 15:29:32.835409','86','dglkj',3,'',4,1),
	(36,'2017-05-13 15:29:32.838787','87','dgu',3,'',4,1),
	(37,'2017-05-13 15:29:32.842001','83','dkflj',3,'',4,1),
	(38,'2017-05-13 15:29:32.845258','80','dlfkj',3,'',4,1),
	(39,'2017-05-13 15:29:32.848515','88','dlgkj',3,'',4,1),
	(40,'2017-05-13 15:29:32.851898','84','egjk',3,'',4,1),
	(41,'2017-05-13 15:29:32.855599','91','egklhj',3,'',4,1),
	(42,'2017-05-13 15:29:32.859099','90','eglkj',3,'',4,1),
	(43,'2017-05-13 15:29:32.862481','96','fdiblvk',3,'',4,1),
	(44,'2017-05-13 15:29:32.866068','127','fdkjbn',3,'',4,1),
	(45,'2017-05-13 15:29:32.869286','95','fdpobjl',3,'',4,1),
	(46,'2017-05-13 15:29:32.872462','129','fgjk',3,'',4,1),
	(47,'2017-05-13 15:29:32.876023','85','fhljkgqlkjg',3,'',4,1),
	(48,'2017-05-13 15:29:32.879533','93','fpdobjl',3,'',4,1),
	(49,'2017-05-13 15:29:32.882850','134','gdfkjn',3,'',4,1),
	(50,'2017-05-13 15:29:32.886363','132','knfgd',3,'',4,1),
	(51,'2017-05-13 15:29:32.889723','133','ktrgn',3,'',4,1),
	(52,'2017-05-13 15:29:32.893244','125','Liudmyla',3,'',4,1),
	(53,'2017-05-13 15:29:32.896330','98','pdovj',3,'',4,1),
	(54,'2017-05-13 15:29:32.899570','128','rgen',3,'',4,1),
	(55,'2017-05-13 15:29:32.903433','89','sdgbjv',3,'',4,1),
	(56,'2017-05-13 15:29:44.291163','28','Destribution object',3,'',14,1),
	(57,'2017-05-13 15:29:44.294146','27','Destribution object',3,'',14,1),
	(58,'2017-05-13 15:29:44.297495','26','Destribution object',3,'',14,1),
	(59,'2017-05-13 15:29:44.300518','25','Destribution object',3,'',14,1),
	(60,'2017-05-13 15:29:44.304431','24','Destribution object',3,'',14,1),
	(61,'2017-05-13 15:29:44.307711','23','Destribution object',3,'',14,1),
	(62,'2017-05-13 15:29:44.311008','22','Destribution object',3,'',14,1),
	(63,'2017-05-13 15:29:44.314271','21','Destribution object',3,'',14,1),
	(64,'2017-05-13 15:29:44.317577','20','Destribution object',3,'',14,1),
	(65,'2017-05-13 15:29:44.321149','19','Destribution object',3,'',14,1),
	(66,'2017-05-13 15:29:44.324316','18','Destribution object',3,'',14,1),
	(67,'2017-05-13 15:29:44.327462','17','Destribution object',3,'',14,1),
	(68,'2017-05-13 15:29:44.330673','16','Destribution object',3,'',14,1),
	(69,'2017-05-13 15:29:44.333939','15','Destribution object',3,'',14,1),
	(70,'2017-05-13 15:29:44.337774','14','Destribution object',3,'',14,1),
	(71,'2017-05-13 15:29:44.341952','13','Destribution object',3,'',14,1),
	(72,'2017-05-13 15:29:44.345191','12','Destribution object',3,'',14,1),
	(73,'2017-05-13 15:29:44.348337','11','Destribution object',3,'',14,1),
	(74,'2017-05-13 15:29:44.351419','10','Destribution object',3,'',14,1),
	(75,'2017-05-13 15:29:44.354873','9','Destribution object',3,'',14,1),
	(76,'2017-05-13 15:29:44.358160','8','Destribution object',3,'',14,1),
	(77,'2017-05-13 15:29:44.361355','7','Destribution object',3,'',14,1),
	(78,'2017-05-13 15:29:44.364476','6','Destribution object',3,'',14,1),
	(79,'2017-05-13 15:29:44.367566','5','Destribution object',3,'',14,1),
	(80,'2017-05-13 15:29:44.371111','4','Destribution object',3,'',14,1),
	(81,'2017-05-13 15:29:44.374236','3','Destribution object',3,'',14,1),
	(82,'2017-05-13 15:29:44.377557','2','Destribution object',3,'',14,1),
	(83,'2017-05-13 15:29:44.380727','1','Destribution object',3,'',14,1),
	(84,'2017-05-13 15:31:40.108506','56','Destribution object',3,'',14,1),
	(85,'2017-05-13 15:31:40.113211','55','Destribution object',3,'',14,1),
	(86,'2017-05-13 15:31:40.116402','54','Destribution object',3,'',14,1),
	(87,'2017-05-13 15:31:40.119577','53','Destribution object',3,'',14,1),
	(88,'2017-05-13 15:31:40.122904','52','Destribution object',3,'',14,1),
	(89,'2017-05-13 15:31:40.126180','51','Destribution object',3,'',14,1),
	(90,'2017-05-13 15:31:40.129929','50','Destribution object',3,'',14,1),
	(91,'2017-05-13 15:31:40.133124','49','Destribution object',3,'',14,1),
	(92,'2017-05-13 15:31:40.136281','48','Destribution object',3,'',14,1),
	(93,'2017-05-13 15:31:40.139366','47','Destribution object',3,'',14,1),
	(94,'2017-05-13 15:31:40.142791','46','Destribution object',3,'',14,1),
	(95,'2017-05-13 15:31:40.145993','45','Destribution object',3,'',14,1),
	(96,'2017-05-13 15:31:40.149158','44','Destribution object',3,'',14,1),
	(97,'2017-05-13 15:31:40.152356','43','Destribution object',3,'',14,1),
	(98,'2017-05-13 15:31:40.155483','42','Destribution object',3,'',14,1),
	(99,'2017-05-13 15:31:40.158852','41','Destribution object',3,'',14,1),
	(100,'2017-05-13 15:31:40.162157','40','Destribution object',3,'',14,1),
	(101,'2017-05-13 15:31:40.165393','39','Destribution object',3,'',14,1),
	(102,'2017-05-13 15:31:40.168745','38','Destribution object',3,'',14,1),
	(103,'2017-05-13 15:31:40.171947','37','Destribution object',3,'',14,1),
	(104,'2017-05-13 15:31:40.175853','36','Destribution object',3,'',14,1),
	(105,'2017-05-13 15:31:40.178925','35','Destribution object',3,'',14,1),
	(106,'2017-05-13 15:31:40.181983','34','Destribution object',3,'',14,1),
	(107,'2017-05-13 15:31:40.184985','33','Destribution object',3,'',14,1),
	(108,'2017-05-13 15:31:40.188554','32','Destribution object',3,'',14,1),
	(109,'2017-05-13 15:31:40.192024','31','Destribution object',3,'',14,1),
	(110,'2017-05-13 15:31:40.195433','30','Destribution object',3,'',14,1),
	(111,'2017-05-13 15:31:40.198694','29','Destribution object',3,'',14,1),
	(112,'2017-05-13 15:34:31.481504','84','Destribution object',3,'',14,1),
	(113,'2017-05-13 15:34:31.484745','83','Destribution object',3,'',14,1),
	(114,'2017-05-13 15:34:31.488036','82','Destribution object',3,'',14,1),
	(115,'2017-05-13 15:34:31.490995','81','Destribution object',3,'',14,1),
	(116,'2017-05-13 15:34:31.493937','80','Destribution object',3,'',14,1),
	(117,'2017-05-13 15:34:31.496848','79','Destribution object',3,'',14,1),
	(118,'2017-05-13 15:34:31.500483','78','Destribution object',3,'',14,1),
	(119,'2017-05-13 15:34:31.503833','77','Destribution object',3,'',14,1),
	(120,'2017-05-13 15:34:31.507634','76','Destribution object',3,'',14,1),
	(121,'2017-05-13 15:34:31.510540','75','Destribution object',3,'',14,1),
	(122,'2017-05-13 15:34:31.513644','74','Destribution object',3,'',14,1),
	(123,'2017-05-13 15:34:31.516640','73','Destribution object',3,'',14,1),
	(124,'2017-05-13 15:34:31.519804','72','Destribution object',3,'',14,1),
	(125,'2017-05-13 15:34:31.523322','71','Destribution object',3,'',14,1),
	(126,'2017-05-13 15:34:31.526655','70','Destribution object',3,'',14,1),
	(127,'2017-05-13 15:34:31.529736','69','Destribution object',3,'',14,1),
	(128,'2017-05-13 15:34:31.532721','68','Destribution object',3,'',14,1),
	(129,'2017-05-13 15:34:31.535865','67','Destribution object',3,'',14,1),
	(130,'2017-05-13 15:34:31.539502','66','Destribution object',3,'',14,1),
	(131,'2017-05-13 15:34:31.542566','65','Destribution object',3,'',14,1),
	(132,'2017-05-13 15:34:31.545460','64','Destribution object',3,'',14,1),
	(133,'2017-05-13 15:34:31.548482','63','Destribution object',3,'',14,1),
	(134,'2017-05-13 15:34:31.551389','62','Destribution object',3,'',14,1),
	(135,'2017-05-13 15:34:31.554661','61','Destribution object',3,'',14,1),
	(136,'2017-05-13 15:34:31.558012','60','Destribution object',3,'',14,1),
	(137,'2017-05-13 15:34:31.561786','59','Destribution object',3,'',14,1),
	(138,'2017-05-13 15:34:31.565379','58','Destribution object',3,'',14,1),
	(139,'2017-05-13 15:34:31.568710','57','Destribution object',3,'',14,1),
	(140,'2017-05-13 15:38:37.404888','112','Destribution object',3,'',14,1),
	(141,'2017-05-13 15:38:37.410101','111','Destribution object',3,'',14,1),
	(142,'2017-05-13 15:38:37.413179','110','Destribution object',3,'',14,1),
	(143,'2017-05-13 15:38:37.416124','109','Destribution object',3,'',14,1),
	(144,'2017-05-13 15:38:37.419303','108','Destribution object',3,'',14,1),
	(145,'2017-05-13 15:38:37.422345','107','Destribution object',3,'',14,1),
	(146,'2017-05-13 15:38:37.425603','106','Destribution object',3,'',14,1),
	(147,'2017-05-13 15:38:37.428743','105','Destribution object',3,'',14,1),
	(148,'2017-05-13 15:38:37.431915','104','Destribution object',3,'',14,1),
	(149,'2017-05-13 15:38:37.435312','103','Destribution object',3,'',14,1),
	(150,'2017-05-13 15:38:37.438474','102','Destribution object',3,'',14,1),
	(151,'2017-05-13 15:38:37.441822','101','Destribution object',3,'',14,1),
	(152,'2017-05-13 15:38:37.444970','100','Destribution object',3,'',14,1),
	(153,'2017-05-13 15:38:37.448143','99','Destribution object',3,'',14,1),
	(154,'2017-05-13 15:38:37.451476','98','Destribution object',3,'',14,1),
	(155,'2017-05-13 15:38:37.454632','97','Destribution object',3,'',14,1),
	(156,'2017-05-13 15:38:37.457752','96','Destribution object',3,'',14,1),
	(157,'2017-05-13 15:38:37.460864','95','Destribution object',3,'',14,1),
	(158,'2017-05-13 15:38:37.464013','94','Destribution object',3,'',14,1),
	(159,'2017-05-13 15:38:37.467953','93','Destribution object',3,'',14,1),
	(160,'2017-05-13 15:38:37.471316','92','Destribution object',3,'',14,1),
	(161,'2017-05-13 15:38:37.474443','91','Destribution object',3,'',14,1),
	(162,'2017-05-13 15:38:37.477571','90','Destribution object',3,'',14,1),
	(163,'2017-05-13 15:38:37.480918','89','Destribution object',3,'',14,1),
	(164,'2017-05-13 15:38:37.484398','88','Destribution object',3,'',14,1),
	(165,'2017-05-13 15:38:37.487682','87','Destribution object',3,'',14,1),
	(166,'2017-05-13 15:38:37.491306','86','Destribution object',3,'',14,1),
	(167,'2017-05-13 15:38:37.494746','85','Destribution object',3,'',14,1),
	(168,'2017-05-13 15:42:38.962323','135','asd',1,'[{\"added\": {}}]',4,1),
	(169,'2017-05-13 15:42:57.340157','135','asd',2,'[{\"changed\": {\"fields\": [\"date_joined\"]}}]',4,1),
	(170,'2017-05-13 15:43:29.819869','140','Destribution object',3,'',14,1),
	(171,'2017-05-13 15:43:29.822658','139','Destribution object',3,'',14,1),
	(172,'2017-05-13 15:43:29.825772','138','Destribution object',3,'',14,1),
	(173,'2017-05-13 15:43:29.829611','137','Destribution object',3,'',14,1),
	(174,'2017-05-13 15:43:29.832833','136','Destribution object',3,'',14,1),
	(175,'2017-05-13 15:43:29.836028','135','Destribution object',3,'',14,1),
	(176,'2017-05-13 15:43:29.839511','134','Destribution object',3,'',14,1),
	(177,'2017-05-13 15:43:29.842709','133','Destribution object',3,'',14,1),
	(178,'2017-05-13 15:43:29.846185','132','Destribution object',3,'',14,1),
	(179,'2017-05-13 15:43:29.849277','131','Destribution object',3,'',14,1),
	(180,'2017-05-13 15:43:29.852744','130','Destribution object',3,'',14,1),
	(181,'2017-05-13 15:43:29.855844','129','Destribution object',3,'',14,1),
	(182,'2017-05-13 15:43:29.859095','128','Destribution object',3,'',14,1),
	(183,'2017-05-13 15:43:29.862426','127','Destribution object',3,'',14,1),
	(184,'2017-05-13 15:43:29.865732','126','Destribution object',3,'',14,1),
	(185,'2017-05-13 15:43:29.868913','125','Destribution object',3,'',14,1),
	(186,'2017-05-13 15:43:29.872358','124','Destribution object',3,'',14,1),
	(187,'2017-05-13 15:43:29.875467','123','Destribution object',3,'',14,1),
	(188,'2017-05-13 15:43:29.878804','122','Destribution object',3,'',14,1),
	(189,'2017-05-13 15:43:29.881763','121','Destribution object',3,'',14,1),
	(190,'2017-05-13 15:43:29.884916','120','Destribution object',3,'',14,1),
	(191,'2017-05-13 15:43:29.887973','119','Destribution object',3,'',14,1),
	(192,'2017-05-13 15:43:29.891069','118','Destribution object',3,'',14,1),
	(193,'2017-05-13 15:43:29.894409','117','Destribution object',3,'',14,1),
	(194,'2017-05-13 15:43:29.897871','116','Destribution object',3,'',14,1),
	(195,'2017-05-13 15:43:29.901030','115','Destribution object',3,'',14,1),
	(196,'2017-05-13 15:43:29.904041','114','Destribution object',3,'',14,1),
	(197,'2017-05-13 15:43:29.907097','113','Destribution object',3,'',14,1),
	(198,'2017-05-13 15:43:49.926330','124','aaa',3,'',4,1),
	(199,'2017-05-13 15:43:49.929485','135','asd',3,'',4,1),
	(200,'2017-05-13 15:43:49.932553','131','ava',3,'',4,1),
	(201,'2017-05-13 15:43:49.935600','126','Avac',3,'',4,1),
	(202,'2017-05-13 15:43:49.938575','79','dfgh',3,'',4,1),
	(203,'2017-05-13 15:43:49.942086','82','dfklj',3,'',4,1),
	(204,'2017-05-13 15:43:49.945425','94','dfpbu',3,'',4,1),
	(205,'2017-05-13 15:43:49.948421','92','dglhv',3,'',4,1),
	(206,'2017-05-13 15:43:49.951556','86','dglkj',3,'',4,1),
	(207,'2017-05-13 15:43:49.955492','87','dgu',3,'',4,1),
	(208,'2017-05-13 15:43:49.958733','83','dkflj',3,'',4,1),
	(209,'2017-05-13 15:43:49.962350','80','dlfkj',3,'',4,1),
	(210,'2017-05-13 15:43:49.965320','88','dlgkj',3,'',4,1),
	(211,'2017-05-13 15:43:49.968665','84','egjk',3,'',4,1),
	(212,'2017-05-13 15:43:49.972148','91','egklhj',3,'',4,1),
	(213,'2017-05-13 15:43:49.975484','90','eglkj',3,'',4,1),
	(214,'2017-05-13 15:43:49.978828','96','fdiblvk',3,'',4,1),
	(215,'2017-05-13 15:43:49.981917','127','fdkjbn',3,'',4,1),
	(216,'2017-05-13 15:43:49.984911','95','fdpobjl',3,'',4,1),
	(217,'2017-05-13 15:43:49.988044','129','fgjk',3,'',4,1),
	(218,'2017-05-13 15:43:49.991231','85','fhljkgqlkjg',3,'',4,1),
	(219,'2017-05-13 15:43:49.994389','93','fpdobjl',3,'',4,1),
	(220,'2017-05-13 15:43:49.997437','134','gdfkjn',3,'',4,1),
	(221,'2017-05-13 15:43:50.000473','132','knfgd',3,'',4,1),
	(222,'2017-05-13 15:43:50.003526','133','ktrgn',3,'',4,1),
	(223,'2017-05-13 15:43:50.006617','125','Liudmyla',3,'',4,1),
	(224,'2017-05-13 15:43:50.009724','98','pdovj',3,'',4,1),
	(225,'2017-05-13 15:43:50.012819','128','rgen',3,'',4,1),
	(226,'2017-05-13 15:43:50.015820','89','sdgbjv',3,'',4,1),
	(227,'2017-05-13 15:45:46.632460','79','dfgh',3,'',4,1),
	(228,'2017-05-13 15:45:46.635817','83','dkflj',3,'',4,1),
	(229,'2017-05-13 15:45:54.316832','143','Destribution object',3,'',14,1),
	(230,'2017-05-13 15:45:54.320580','142','Destribution object',3,'',14,1),
	(231,'2017-05-13 15:45:54.323600','141','Destribution object',3,'',14,1),
	(232,'2017-05-13 15:47:18.571248','124','aaa',3,'',4,1),
	(233,'2017-05-13 15:47:18.574464','131','ava',3,'',4,1),
	(234,'2017-05-13 15:47:18.577631','126','Avac',3,'',4,1),
	(235,'2017-05-13 15:47:18.580689','79','dfgh',3,'',4,1),
	(236,'2017-05-13 15:47:18.583558','82','dfklj',3,'',4,1),
	(237,'2017-05-13 15:47:18.586949','94','dfpbu',3,'',4,1),
	(238,'2017-05-13 15:47:18.590120','92','dglhv',3,'',4,1),
	(239,'2017-05-13 15:47:18.593450','86','dglkj',3,'',4,1),
	(240,'2017-05-13 15:47:18.596764','87','dgu',3,'',4,1),
	(241,'2017-05-13 15:47:18.599981','83','dkflj',3,'',4,1),
	(242,'2017-05-13 15:47:18.603526','80','dlfkj',3,'',4,1),
	(243,'2017-05-13 15:47:18.606951','88','dlgkj',3,'',4,1),
	(244,'2017-05-13 15:47:18.610371','84','egjk',3,'',4,1),
	(245,'2017-05-13 15:47:18.613385','91','egklhj',3,'',4,1),
	(246,'2017-05-13 15:47:18.616527','90','eglkj',3,'',4,1),
	(247,'2017-05-13 15:47:18.619888','96','fdiblvk',3,'',4,1),
	(248,'2017-05-13 15:47:18.623014','127','fdkjbn',3,'',4,1),
	(249,'2017-05-13 15:47:18.626942','95','fdpobjl',3,'',4,1),
	(250,'2017-05-13 15:47:18.630120','129','fgjk',3,'',4,1),
	(251,'2017-05-13 15:47:18.633346','85','fhljkgqlkjg',3,'',4,1),
	(252,'2017-05-13 15:47:18.637374','93','fpdobjl',3,'',4,1),
	(253,'2017-05-13 15:47:18.640574','134','gdfkjn',3,'',4,1),
	(254,'2017-05-13 15:47:18.644431','132','knfgd',3,'',4,1),
	(255,'2017-05-13 15:47:18.647463','133','ktrgn',3,'',4,1),
	(256,'2017-05-13 15:47:18.651332','125','Liudmyla',3,'',4,1),
	(257,'2017-05-13 15:47:18.654731','98','pdovj',3,'',4,1),
	(258,'2017-05-13 15:47:18.658154','128','rgen',3,'',4,1),
	(259,'2017-05-13 15:47:18.661620','89','sdgbjv',3,'',4,1),
	(260,'2017-05-13 15:47:28.299063','171','Destribution object',3,'',14,1),
	(261,'2017-05-13 15:47:28.301986','170','Destribution object',3,'',14,1),
	(262,'2017-05-13 15:47:28.305235','169','Destribution object',3,'',14,1),
	(263,'2017-05-13 15:47:28.308338','168','Destribution object',3,'',14,1),
	(264,'2017-05-13 15:47:28.311386','167','Destribution object',3,'',14,1),
	(265,'2017-05-13 15:47:28.314575','166','Destribution object',3,'',14,1),
	(266,'2017-05-13 15:47:28.318043','165','Destribution object',3,'',14,1),
	(267,'2017-05-13 15:47:28.321145','164','Destribution object',3,'',14,1),
	(268,'2017-05-13 15:47:28.324500','163','Destribution object',3,'',14,1),
	(269,'2017-05-13 15:47:28.327525','162','Destribution object',3,'',14,1),
	(270,'2017-05-13 15:47:28.330706','161','Destribution object',3,'',14,1),
	(271,'2017-05-13 15:47:28.334103','160','Destribution object',3,'',14,1),
	(272,'2017-05-13 15:47:28.337308','159','Destribution object',3,'',14,1),
	(273,'2017-05-13 15:47:28.340668','158','Destribution object',3,'',14,1),
	(274,'2017-05-13 15:47:28.343664','157','Destribution object',3,'',14,1),
	(275,'2017-05-13 15:47:28.346845','156','Destribution object',3,'',14,1),
	(276,'2017-05-13 15:47:28.350255','155','Destribution object',3,'',14,1),
	(277,'2017-05-13 15:47:28.353314','154','Destribution object',3,'',14,1),
	(278,'2017-05-13 15:47:28.356576','153','Destribution object',3,'',14,1),
	(279,'2017-05-13 15:47:28.359897','152','Destribution object',3,'',14,1),
	(280,'2017-05-13 15:47:28.363114','151','Destribution object',3,'',14,1),
	(281,'2017-05-13 15:47:28.366992','150','Destribution object',3,'',14,1),
	(282,'2017-05-13 15:47:28.370791','149','Destribution object',3,'',14,1),
	(283,'2017-05-13 15:47:28.373919','148','Destribution object',3,'',14,1),
	(284,'2017-05-13 15:47:28.377036','147','Destribution object',3,'',14,1),
	(285,'2017-05-13 15:47:28.380410','146','Destribution object',3,'',14,1),
	(286,'2017-05-13 15:47:28.383390','145','Destribution object',3,'',14,1),
	(287,'2017-05-13 15:47:28.386603','144','Destribution object',3,'',14,1),
	(288,'2017-05-14 16:54:40.814842','1','BLA',1,'[{\"added\": {}}]',8,1),
	(289,'2017-05-14 17:16:05.946514','1','BLA',2,'[{\"changed\": {\"fields\": [\"text\", \"date\"]}}]',8,1),
	(290,'2017-05-14 17:21:19.592898','1','BLA',2,'[{\"changed\": {\"fields\": [\"image\", \"date\"]}}]',8,1),
	(291,'2017-05-15 12:56:38.156075','1','BLA',2,'[{\"changed\": {\"fields\": [\"text\", \"date\"]}}]',8,1),
	(292,'2017-05-15 12:56:53.446527','2','Lorem',1,'[{\"added\": {}}]',8,1),
	(293,'2017-05-15 15:41:59.335517','5','Creating a virtual reality object',2,'[{\"changed\": {\"fields\": [\"mentor_id\"]}}]',12,1),
	(294,'2017-05-15 15:42:11.668881','3','Plasticity of Neural Circuits and Neurobiology of Learning',2,'[{\"changed\": {\"fields\": [\"mentor_id\"]}}]',12,1),
	(295,'2017-05-15 15:42:25.289558','2','Smart Career Planning and Skill Development via Personal Analytics',2,'[{\"changed\": {\"fields\": [\"mentor_id\"]}}]',12,1),
	(296,'2017-05-15 15:42:44.275245','1','Using Neural Networks for Diabetic Retinopathy Detection in Eye Images',2,'[{\"changed\": {\"fields\": [\"mentor_id\"]}}]',12,1),
	(297,'2017-05-16 22:15:18.130910','199','Destribution object',3,'',14,1),
	(298,'2017-05-16 22:15:18.134242','198','Destribution object',3,'',14,1),
	(299,'2017-05-16 22:15:18.137349','197','Destribution object',3,'',14,1),
	(300,'2017-05-16 22:15:18.140372','196','Destribution object',3,'',14,1),
	(301,'2017-05-16 22:15:18.143200','195','Destribution object',3,'',14,1),
	(302,'2017-05-16 22:15:18.145952','194','Destribution object',3,'',14,1),
	(303,'2017-05-16 22:15:18.149571','193','Destribution object',3,'',14,1),
	(304,'2017-05-16 22:15:18.152824','192','Destribution object',3,'',14,1),
	(305,'2017-05-16 22:15:18.155830','191','Destribution object',3,'',14,1),
	(306,'2017-05-16 22:15:18.158493','190','Destribution object',3,'',14,1),
	(307,'2017-05-16 22:15:18.161403','189','Destribution object',3,'',14,1),
	(308,'2017-05-16 22:15:18.164156','188','Destribution object',3,'',14,1),
	(309,'2017-05-16 22:15:18.167397','187','Destribution object',3,'',14,1),
	(310,'2017-05-16 22:15:18.170826','186','Destribution object',3,'',14,1),
	(311,'2017-05-16 22:15:18.173758','185','Destribution object',3,'',14,1),
	(312,'2017-05-16 22:15:18.176547','184','Destribution object',3,'',14,1),
	(313,'2017-05-16 22:15:18.179348','183','Destribution object',3,'',14,1),
	(314,'2017-05-16 22:15:18.182314','182','Destribution object',3,'',14,1),
	(315,'2017-05-16 22:15:18.185218','181','Destribution object',3,'',14,1),
	(316,'2017-05-16 22:15:18.188181','180','Destribution object',3,'',14,1),
	(317,'2017-05-16 22:15:18.191066','179','Destribution object',3,'',14,1),
	(318,'2017-05-16 22:15:18.193845','178','Destribution object',3,'',14,1),
	(319,'2017-05-16 22:15:18.196707','177','Destribution object',3,'',14,1),
	(320,'2017-05-16 22:15:18.200145','176','Destribution object',3,'',14,1),
	(321,'2017-05-16 22:15:18.205277','175','Destribution object',3,'',14,1),
	(322,'2017-05-16 22:15:18.208199','174','Destribution object',3,'',14,1),
	(323,'2017-05-16 22:15:18.211224','173','Destribution object',3,'',14,1),
	(324,'2017-05-16 22:15:18.214312','172','Destribution object',3,'',14,1),
	(325,'2017-05-16 22:15:31.176085','124','aaa',3,'',4,1),
	(326,'2017-05-16 22:15:31.178918','131','ava',3,'',4,1),
	(327,'2017-05-16 22:15:31.181700','126','Avac',3,'',4,1),
	(328,'2017-05-16 22:15:31.184360','79','dfgh',3,'',4,1),
	(329,'2017-05-16 22:15:31.187392','82','dfklj',3,'',4,1),
	(330,'2017-05-16 22:15:31.190334','94','dfpbu',3,'',4,1),
	(331,'2017-05-16 22:15:31.193180','92','dglhv',3,'',4,1),
	(332,'2017-05-16 22:15:31.196224','86','dglkj',3,'',4,1),
	(333,'2017-05-16 22:15:31.199245','87','dgu',3,'',4,1),
	(334,'2017-05-16 22:15:31.202275','83','dkflj',3,'',4,1),
	(335,'2017-05-16 22:15:31.205139','80','dlfkj',3,'',4,1),
	(336,'2017-05-16 22:15:31.207980','88','dlgkj',3,'',4,1),
	(337,'2017-05-16 22:15:31.211692','84','egjk',3,'',4,1),
	(338,'2017-05-16 22:15:31.214847','91','egklhj',3,'',4,1),
	(339,'2017-05-16 22:15:31.217874','90','eglkj',3,'',4,1),
	(340,'2017-05-16 22:15:31.220763','96','fdiblvk',3,'',4,1),
	(341,'2017-05-16 22:15:31.223739','127','fdkjbn',3,'',4,1),
	(342,'2017-05-16 22:15:31.226891','95','fdpobjl',3,'',4,1),
	(343,'2017-05-16 22:15:31.230670','129','fgjk',3,'',4,1),
	(344,'2017-05-16 22:15:31.233828','85','fhljkgqlkjg',3,'',4,1),
	(345,'2017-05-16 22:15:31.236778','93','fpdobjl',3,'',4,1),
	(346,'2017-05-16 22:15:31.239610','134','gdfkjn',3,'',4,1),
	(347,'2017-05-16 22:15:31.242447','132','knfgd',3,'',4,1),
	(348,'2017-05-16 22:15:31.245247','133','ktrgn',3,'',4,1),
	(349,'2017-05-16 22:15:31.248225','125','Liudmyla',3,'',4,1),
	(350,'2017-05-16 22:15:31.251276','98','pdovj',3,'',4,1),
	(351,'2017-05-16 22:15:31.254795','128','rgen',3,'',4,1),
	(352,'2017-05-16 22:15:31.257911','89','sdgbjv',3,'',4,1),
	(353,'2017-05-16 22:29:30.743183','124','aaa',3,'',4,1),
	(354,'2017-05-16 22:29:30.745909','136','Donald',3,'',4,1),
	(355,'2017-05-16 22:29:30.748956','96','fdiblvk',3,'',4,1),
	(356,'2017-05-16 22:29:30.751743','127','fdkjbn',3,'',4,1),
	(357,'2017-05-16 22:29:30.754760','134','gdfkjn',3,'',4,1),
	(358,'2017-05-16 22:29:30.759097','132','knfgd',3,'',4,1),
	(359,'2017-05-16 22:29:30.762023','128','rgen',3,'',4,1),
	(360,'2017-05-16 22:36:32.073316','213','Destribution object',3,'',14,1),
	(361,'2017-05-16 22:36:32.076157','212','Destribution object',3,'',14,1),
	(362,'2017-05-16 22:36:32.079520','211','Destribution object',3,'',14,1),
	(363,'2017-05-16 22:36:32.082656','210','Destribution object',3,'',14,1),
	(364,'2017-05-16 22:36:32.085642','209','Destribution object',3,'',14,1),
	(365,'2017-05-16 22:36:32.088562','208','Destribution object',3,'',14,1),
	(366,'2017-05-16 22:36:32.091466','207','Destribution object',3,'',14,1),
	(367,'2017-05-16 22:36:32.094778','206','Destribution object',3,'',14,1),
	(368,'2017-05-16 22:36:32.098174','205','Destribution object',3,'',14,1),
	(369,'2017-05-16 22:36:32.101069','204','Destribution object',3,'',14,1),
	(370,'2017-05-16 22:36:32.103861','203','Destribution object',3,'',14,1),
	(371,'2017-05-16 22:36:32.107016','202','Destribution object',3,'',14,1),
	(372,'2017-05-16 22:36:32.109843','201','Destribution object',3,'',14,1),
	(373,'2017-05-16 22:36:32.112793','200','Destribution object',3,'',14,1),
	(374,'2017-05-16 22:37:19.000201','135','k k',3,'',15,1),
	(375,'2017-05-16 22:37:19.002792','137','q q',3,'',15,1),
	(376,'2017-05-16 22:43:46.776635','136','Donald Trump',2,'[{\"changed\": {\"fields\": [\"image\", \"dateOfBirth\"]}}]',15,1),
	(377,'2017-05-16 23:12:33.956150','137','Dmytro',1,'[{\"added\": {}}]',4,1),
	(378,'2017-05-16 23:13:19.335587','137','Dmytro',2,'[{\"changed\": {\"fields\": [\"first_name\", \"last_name\", \"email\", \"date_joined\"]}}]',4,1),
	(379,'2017-05-16 23:14:02.565697','138','Ivanna',1,'[{\"added\": {}}]',4,1),
	(380,'2017-05-16 23:14:28.968373','138','Ivanna',2,'[{\"changed\": {\"fields\": [\"first_name\", \"last_name\", \"email\", \"date_joined\"]}}]',4,1),
	(381,'2017-05-16 23:15:03.123631','139','Jenia',1,'[{\"added\": {}}]',4,1),
	(382,'2017-05-16 23:15:39.738668','139','Jenia',2,'[{\"changed\": {\"fields\": [\"first_name\", \"last_name\", \"email\", \"is_staff\", \"date_joined\"]}}]',4,1),
	(383,'2017-05-16 23:15:46.608127','137','Dmytro',2,'[{\"changed\": {\"fields\": [\"is_staff\", \"date_joined\"]}}]',4,1),
	(384,'2017-05-16 23:15:54.240456','138','Ivanna',2,'[{\"changed\": {\"fields\": [\"is_staff\", \"date_joined\"]}}]',4,1),
	(385,'2017-05-16 23:18:06.580953','140','Oleksandr',1,'[{\"added\": {}}]',4,1),
	(386,'2017-05-16 23:18:44.278983','140','Oleksandr',2,'[{\"changed\": {\"fields\": [\"first_name\", \"last_name\", \"email\", \"is_staff\", \"date_joined\"]}}]',4,1),
	(387,'2017-05-16 23:19:08.481605','5','Creating a virtual reality object',2,'[{\"changed\": {\"fields\": [\"mentor_id\"]}}]',12,1),
	(388,'2017-05-16 23:19:23.528984','3','Plasticity of Neural Circuits and Neurobiology of Learning',2,'[{\"changed\": {\"fields\": [\"mentor_id\"]}}]',12,1),
	(389,'2017-05-16 23:19:34.310481','2','Smart Career Planning and Skill Development via Personal Analytics',2,'[{\"changed\": {\"fields\": [\"mentor_id\"]}}]',12,1),
	(390,'2017-05-16 23:20:13.092574','1','Using Neural Networks for Diabetic Retinopathy Detection in Eye Images',2,'[{\"changed\": {\"fields\": [\"mentor_id\"]}}]',12,1),
	(391,'2017-05-16 23:31:03.649901','241','Destribution object',3,'',14,1),
	(392,'2017-05-16 23:31:03.653509','240','Destribution object',3,'',14,1),
	(393,'2017-05-16 23:31:03.656785','239','Destribution object',3,'',14,1),
	(394,'2017-05-16 23:31:03.659871','238','Destribution object',3,'',14,1),
	(395,'2017-05-16 23:31:03.662875','237','Destribution object',3,'',14,1),
	(396,'2017-05-16 23:31:03.665764','236','Destribution object',3,'',14,1),
	(397,'2017-05-16 23:31:03.668902','235','Destribution object',3,'',14,1),
	(398,'2017-05-16 23:31:03.671753','234','Destribution object',3,'',14,1),
	(399,'2017-05-16 23:31:03.675027','233','Destribution object',3,'',14,1),
	(400,'2017-05-16 23:31:03.678376','232','Destribution object',3,'',14,1),
	(401,'2017-05-16 23:31:03.681268','231','Destribution object',3,'',14,1),
	(402,'2017-05-16 23:31:03.684080','230','Destribution object',3,'',14,1),
	(403,'2017-05-16 23:31:03.687263','229','Destribution object',3,'',14,1),
	(404,'2017-05-16 23:31:03.690398','228','Destribution object',3,'',14,1),
	(405,'2017-05-16 23:31:03.693595','227','Destribution object',3,'',14,1),
	(406,'2017-05-16 23:31:03.696661','226','Destribution object',3,'',14,1),
	(407,'2017-05-16 23:31:03.699755','225','Destribution object',3,'',14,1),
	(408,'2017-05-16 23:31:03.702821','224','Destribution object',3,'',14,1),
	(409,'2017-05-16 23:31:03.705822','223','Destribution object',3,'',14,1),
	(410,'2017-05-16 23:31:03.708871','222','Destribution object',3,'',14,1),
	(411,'2017-05-16 23:31:03.712272','221','Destribution object',3,'',14,1),
	(412,'2017-05-16 23:31:03.715560','220','Destribution object',3,'',14,1),
	(413,'2017-05-16 23:31:03.718577','219','Destribution object',3,'',14,1),
	(414,'2017-05-16 23:31:03.721802','218','Destribution object',3,'',14,1),
	(415,'2017-05-16 23:31:03.725120','217','Destribution object',3,'',14,1),
	(416,'2017-05-16 23:31:03.728280','216','Destribution object',3,'',14,1),
	(417,'2017-05-16 23:31:03.731258','215','Destribution object',3,'',14,1),
	(418,'2017-05-16 23:31:03.734115','214','Destribution object',3,'',14,1),
	(419,'2017-05-16 23:36:12.859862','269','Destribution object',3,'',14,1),
	(420,'2017-05-16 23:36:12.863192','268','Destribution object',3,'',14,1),
	(421,'2017-05-16 23:36:12.866014','267','Destribution object',3,'',14,1),
	(422,'2017-05-16 23:36:12.869226','266','Destribution object',3,'',14,1),
	(423,'2017-05-16 23:36:12.872479','265','Destribution object',3,'',14,1),
	(424,'2017-05-16 23:36:12.875549','264','Destribution object',3,'',14,1),
	(425,'2017-05-16 23:36:12.878703','263','Destribution object',3,'',14,1),
	(426,'2017-05-16 23:36:12.881808','262','Destribution object',3,'',14,1),
	(427,'2017-05-16 23:36:12.885575','261','Destribution object',3,'',14,1),
	(428,'2017-05-16 23:36:12.888628','260','Destribution object',3,'',14,1),
	(429,'2017-05-16 23:36:12.891650','259','Destribution object',3,'',14,1),
	(430,'2017-05-16 23:36:12.894792','258','Destribution object',3,'',14,1),
	(431,'2017-05-16 23:36:12.897799','257','Destribution object',3,'',14,1),
	(432,'2017-05-16 23:36:12.901571','256','Destribution object',3,'',14,1),
	(433,'2017-05-16 23:36:12.904716','255','Destribution object',3,'',14,1),
	(434,'2017-05-16 23:36:12.907602','254','Destribution object',3,'',14,1),
	(435,'2017-05-16 23:36:12.910669','253','Destribution object',3,'',14,1),
	(436,'2017-05-16 23:36:12.914175','252','Destribution object',3,'',14,1),
	(437,'2017-05-16 23:36:12.917516','251','Destribution object',3,'',14,1),
	(438,'2017-05-16 23:36:12.920538','250','Destribution object',3,'',14,1),
	(439,'2017-05-16 23:36:12.923693','249','Destribution object',3,'',14,1),
	(440,'2017-05-16 23:36:12.926609','248','Destribution object',3,'',14,1),
	(441,'2017-05-16 23:36:12.929520','247','Destribution object',3,'',14,1),
	(442,'2017-05-16 23:36:12.933566','246','Destribution object',3,'',14,1),
	(443,'2017-05-16 23:36:12.936749','245','Destribution object',3,'',14,1),
	(444,'2017-05-16 23:36:12.940172','244','Destribution object',3,'',14,1),
	(445,'2017-05-16 23:36:12.943114','243','Destribution object',3,'',14,1),
	(446,'2017-05-16 23:36:12.946140','242','Destribution object',3,'',14,1),
	(447,'2017-05-16 23:36:55.262478','124','aaa',3,'',4,1),
	(448,'2017-05-16 23:36:55.274202','131','ava',3,'',4,1),
	(449,'2017-05-16 23:36:55.285211','126','Avac',3,'',4,1),
	(450,'2017-05-16 23:36:55.292631','79','dfgh',3,'',4,1),
	(451,'2017-05-16 23:36:55.303392','82','dfklj',3,'',4,1),
	(452,'2017-05-16 23:36:55.310937','94','dfpbu',3,'',4,1),
	(453,'2017-05-16 23:36:55.321312','92','dglhv',3,'',4,1),
	(454,'2017-05-16 23:36:55.333840','86','dglkj',3,'',4,1),
	(455,'2017-05-16 23:36:55.344078','83','dkflj',3,'',4,1),
	(456,'2017-05-16 23:36:55.353780','80','dlfkj',3,'',4,1),
	(457,'2017-05-16 23:36:55.361251','88','dlgkj',3,'',4,1),
	(458,'2017-05-16 23:36:55.370916','136','Donald',3,'',4,1),
	(459,'2017-05-16 23:36:55.378659','84','egjk',3,'',4,1),
	(460,'2017-05-16 23:36:55.386086','91','egklhj',3,'',4,1),
	(461,'2017-05-16 23:36:55.393196','90','eglkj',3,'',4,1),
	(462,'2017-05-16 23:36:55.401153','96','fdiblvk',3,'',4,1),
	(463,'2017-05-16 23:36:55.411329','127','fdkjbn',3,'',4,1),
	(464,'2017-05-16 23:36:55.420400','95','fdpobjl',3,'',4,1),
	(465,'2017-05-16 23:36:55.427848','129','fgjk',3,'',4,1),
	(466,'2017-05-16 23:36:55.438066','85','fhljkgqlkjg',3,'',4,1),
	(467,'2017-05-16 23:36:55.446222','93','fpdobjl',3,'',4,1),
	(468,'2017-05-16 23:36:55.455857','134','gdfkjn',3,'',4,1),
	(469,'2017-05-16 23:36:55.465715','132','knfgd',3,'',4,1),
	(470,'2017-05-16 23:36:55.474043','133','ktrgn',3,'',4,1),
	(471,'2017-05-16 23:36:55.484726','125','Liudmyla',3,'',4,1),
	(472,'2017-05-16 23:36:55.494551','98','pdovj',3,'',4,1),
	(473,'2017-05-16 23:36:55.505251','128','rgen',3,'',4,1),
	(474,'2017-05-16 23:36:55.514200','89','sdgbjv',3,'',4,1),
	(475,'2017-05-16 23:59:24.766761','276','Destribution object',3,'',14,1),
	(476,'2017-05-16 23:59:24.770195','275','Destribution object',3,'',14,1),
	(477,'2017-05-16 23:59:24.772995','274','Destribution object',3,'',14,1),
	(478,'2017-05-16 23:59:24.775901','273','Destribution object',3,'',14,1),
	(479,'2017-05-16 23:59:24.779157','272','Destribution object',3,'',14,1),
	(480,'2017-05-16 23:59:24.782109','271','Destribution object',3,'',14,1),
	(481,'2017-05-16 23:59:24.785426','270','Destribution object',3,'',14,1),
	(482,'2017-05-17 00:02:42.977694','304','Destribution object',3,'',14,1),
	(483,'2017-05-17 00:02:42.980512','303','Destribution object',3,'',14,1),
	(484,'2017-05-17 00:02:42.983410','302','Destribution object',3,'',14,1),
	(485,'2017-05-17 00:02:42.986627','301','Destribution object',3,'',14,1),
	(486,'2017-05-17 00:02:42.989619','300','Destribution object',3,'',14,1),
	(487,'2017-05-17 00:02:42.992559','299','Destribution object',3,'',14,1),
	(488,'2017-05-17 00:02:42.995515','298','Destribution object',3,'',14,1),
	(489,'2017-05-17 00:02:42.998737','297','Destribution object',3,'',14,1),
	(490,'2017-05-17 00:02:43.002181','296','Destribution object',3,'',14,1),
	(491,'2017-05-17 00:02:43.005624','295','Destribution object',3,'',14,1),
	(492,'2017-05-17 00:02:43.008653','294','Destribution object',3,'',14,1),
	(493,'2017-05-17 00:02:43.012162','293','Destribution object',3,'',14,1),
	(494,'2017-05-17 00:02:43.015202','292','Destribution object',3,'',14,1),
	(495,'2017-05-17 00:02:43.018518','291','Destribution object',3,'',14,1),
	(496,'2017-05-17 00:02:43.021770','290','Destribution object',3,'',14,1),
	(497,'2017-05-17 00:02:43.024866','289','Destribution object',3,'',14,1),
	(498,'2017-05-17 00:02:43.027851','288','Destribution object',3,'',14,1),
	(499,'2017-05-17 00:02:43.030840','287','Destribution object',3,'',14,1),
	(500,'2017-05-17 00:02:43.033867','286','Destribution object',3,'',14,1),
	(501,'2017-05-17 00:02:43.036888','285','Destribution object',3,'',14,1),
	(502,'2017-05-17 00:02:43.039820','284','Destribution object',3,'',14,1),
	(503,'2017-05-17 00:02:43.042684','283','Destribution object',3,'',14,1),
	(504,'2017-05-17 00:02:43.045625','282','Destribution object',3,'',14,1),
	(505,'2017-05-17 00:02:43.048592','281','Destribution object',3,'',14,1),
	(506,'2017-05-17 00:02:43.051925','280','Destribution object',3,'',14,1),
	(507,'2017-05-17 00:02:43.054896','279','Destribution object',3,'',14,1),
	(508,'2017-05-17 00:02:43.057792','278','Destribution object',3,'',14,1),
	(509,'2017-05-17 00:02:43.061736','277','Destribution object',3,'',14,1),
	(510,'2017-05-17 00:03:28.802264','332','Destribution object',3,'',14,1),
	(511,'2017-05-17 00:03:28.806630','331','Destribution object',3,'',14,1),
	(512,'2017-05-17 00:03:28.809546','330','Destribution object',3,'',14,1),
	(513,'2017-05-17 00:03:28.812507','329','Destribution object',3,'',14,1),
	(514,'2017-05-17 00:03:28.815589','328','Destribution object',3,'',14,1),
	(515,'2017-05-17 00:03:28.818690','327','Destribution object',3,'',14,1),
	(516,'2017-05-17 00:03:28.821623','326','Destribution object',3,'',14,1),
	(517,'2017-05-17 00:03:28.824926','325','Destribution object',3,'',14,1),
	(518,'2017-05-17 00:03:28.827802','324','Destribution object',3,'',14,1),
	(519,'2017-05-17 00:03:28.830894','323','Destribution object',3,'',14,1),
	(520,'2017-05-17 00:03:28.833882','322','Destribution object',3,'',14,1),
	(521,'2017-05-17 00:03:28.836914','321','Destribution object',3,'',14,1),
	(522,'2017-05-17 00:03:28.839812','320','Destribution object',3,'',14,1),
	(523,'2017-05-17 00:03:28.842748','319','Destribution object',3,'',14,1),
	(524,'2017-05-17 00:03:28.845641','318','Destribution object',3,'',14,1),
	(525,'2017-05-17 00:03:28.848692','317','Destribution object',3,'',14,1),
	(526,'2017-05-17 00:03:28.851588','316','Destribution object',3,'',14,1),
	(527,'2017-05-17 00:03:28.854765','315','Destribution object',3,'',14,1),
	(528,'2017-05-17 00:03:28.858253','314','Destribution object',3,'',14,1),
	(529,'2017-05-17 00:03:28.861553','313','Destribution object',3,'',14,1),
	(530,'2017-05-17 00:03:28.864497','312','Destribution object',3,'',14,1),
	(531,'2017-05-17 00:03:28.867624','311','Destribution object',3,'',14,1),
	(532,'2017-05-17 00:03:28.870974','310','Destribution object',3,'',14,1),
	(533,'2017-05-17 00:03:28.874544','309','Destribution object',3,'',14,1),
	(534,'2017-05-17 00:03:28.877584','308','Destribution object',3,'',14,1),
	(535,'2017-05-17 00:03:28.880552','307','Destribution object',3,'',14,1),
	(536,'2017-05-17 00:03:28.883524','306','Destribution object',3,'',14,1),
	(537,'2017-05-17 00:03:28.886597','305','Destribution object',3,'',14,1),
	(538,'2017-05-17 00:08:27.820409','124','aaa',3,'',4,1),
	(539,'2017-05-17 00:08:27.823601','131','ava',3,'',4,1),
	(540,'2017-05-17 00:08:27.826604','126','Avac',3,'',4,1),
	(541,'2017-05-17 00:08:27.829540','79','dfgh',3,'',4,1),
	(542,'2017-05-17 00:08:27.832627','82','dfklj',3,'',4,1),
	(543,'2017-05-17 00:08:27.835584','94','dfpbu',3,'',4,1),
	(544,'2017-05-17 00:08:27.838421','92','dglhv',3,'',4,1),
	(545,'2017-05-17 00:08:27.841129','86','dglkj',3,'',4,1),
	(546,'2017-05-17 00:08:27.843832','87','dgu',3,'',4,1),
	(547,'2017-05-17 00:08:27.847177','83','dkflj',3,'',4,1),
	(548,'2017-05-17 00:08:27.850862','80','dlfkj',3,'',4,1),
	(549,'2017-05-17 00:08:27.853782','88','dlgkj',3,'',4,1),
	(550,'2017-05-17 00:08:27.856562','136','Donald',3,'',4,1),
	(551,'2017-05-17 00:08:27.859391','84','egjk',3,'',4,1),
	(552,'2017-05-17 00:08:27.862372','91','egklhj',3,'',4,1),
	(553,'2017-05-17 00:08:27.865905','90','eglkj',3,'',4,1),
	(554,'2017-05-17 00:08:27.869162','96','fdiblvk',3,'',4,1),
	(555,'2017-05-17 00:08:27.871828','127','fdkjbn',3,'',4,1),
	(556,'2017-05-17 00:08:27.875253','95','fdpobjl',3,'',4,1),
	(557,'2017-05-17 00:08:27.878215','129','fgjk',3,'',4,1),
	(558,'2017-05-17 00:08:27.881267','85','fhljkgqlkjg',3,'',4,1),
	(559,'2017-05-17 00:08:27.884925','93','fpdobjl',3,'',4,1),
	(560,'2017-05-17 00:08:27.887911','134','gdfkjn',3,'',4,1),
	(561,'2017-05-17 00:08:27.890964','132','knfgd',3,'',4,1),
	(562,'2017-05-17 00:08:27.894046','133','ktrgn',3,'',4,1),
	(563,'2017-05-17 00:08:27.896925','125','Liudmyla',3,'',4,1),
	(564,'2017-05-17 00:08:27.899955','98','pdovj',3,'',4,1),
	(565,'2017-05-17 00:08:27.902847','128','rgen',3,'',4,1),
	(566,'2017-05-17 00:08:27.905858','89','sdgbjv',3,'',4,1),
	(567,'2017-05-17 00:08:39.084467','360','Destribution object',3,'',14,1),
	(568,'2017-05-17 00:08:39.087384','359','Destribution object',3,'',14,1),
	(569,'2017-05-17 00:08:39.090138','358','Destribution object',3,'',14,1),
	(570,'2017-05-17 00:08:39.092926','357','Destribution object',3,'',14,1),
	(571,'2017-05-17 00:08:39.095891','356','Destribution object',3,'',14,1),
	(572,'2017-05-17 00:08:39.098982','355','Destribution object',3,'',14,1),
	(573,'2017-05-17 00:08:39.101825','354','Destribution object',3,'',14,1),
	(574,'2017-05-17 00:08:39.104699','353','Destribution object',3,'',14,1),
	(575,'2017-05-17 00:08:39.107544','352','Destribution object',3,'',14,1),
	(576,'2017-05-17 00:08:39.110619','351','Destribution object',3,'',14,1),
	(577,'2017-05-17 00:08:39.113625','350','Destribution object',3,'',14,1),
	(578,'2017-05-17 00:08:39.116967','349','Destribution object',3,'',14,1),
	(579,'2017-05-17 00:08:39.120027','348','Destribution object',3,'',14,1),
	(580,'2017-05-17 00:08:39.122923','347','Destribution object',3,'',14,1),
	(581,'2017-05-17 00:08:39.125686','346','Destribution object',3,'',14,1),
	(582,'2017-05-17 00:08:39.128624','345','Destribution object',3,'',14,1),
	(583,'2017-05-17 00:08:39.131852','344','Destribution object',3,'',14,1),
	(584,'2017-05-17 00:08:39.135158','343','Destribution object',3,'',14,1),
	(585,'2017-05-17 00:08:39.138539','342','Destribution object',3,'',14,1),
	(586,'2017-05-17 00:08:39.141523','341','Destribution object',3,'',14,1),
	(587,'2017-05-17 00:08:39.144697','340','Destribution object',3,'',14,1),
	(588,'2017-05-17 00:08:39.147849','339','Destribution object',3,'',14,1),
	(589,'2017-05-17 00:08:39.152892','338','Destribution object',3,'',14,1),
	(590,'2017-05-17 00:08:39.155907','337','Destribution object',3,'',14,1),
	(591,'2017-05-17 00:08:39.158806','336','Destribution object',3,'',14,1),
	(592,'2017-05-17 00:08:39.161993','335','Destribution object',3,'',14,1),
	(593,'2017-05-17 00:08:39.165426','334','Destribution object',3,'',14,1),
	(594,'2017-05-17 00:08:39.168402','333','Destribution object',3,'',14,1),
	(595,'2017-05-17 09:52:35.961122','388','Destribution object',3,'',14,1),
	(596,'2017-05-17 09:52:35.963223','387','Destribution object',3,'',14,1),
	(597,'2017-05-17 09:52:35.964985','386','Destribution object',3,'',14,1),
	(598,'2017-05-17 09:52:35.967152','385','Destribution object',3,'',14,1),
	(599,'2017-05-17 09:52:35.969011','384','Destribution object',3,'',14,1),
	(600,'2017-05-17 09:52:35.971279','383','Destribution object',3,'',14,1),
	(601,'2017-05-17 09:52:35.974039','382','Destribution object',3,'',14,1),
	(602,'2017-05-17 09:52:35.976190','381','Destribution object',3,'',14,1),
	(603,'2017-05-17 09:52:35.978667','380','Destribution object',3,'',14,1),
	(604,'2017-05-17 09:52:35.980781','379','Destribution object',3,'',14,1),
	(605,'2017-05-17 09:52:35.983478','378','Destribution object',3,'',14,1),
	(606,'2017-05-17 09:52:35.985614','377','Destribution object',3,'',14,1),
	(607,'2017-05-17 09:52:35.987958','376','Destribution object',3,'',14,1),
	(608,'2017-05-17 09:52:35.990346','375','Destribution object',3,'',14,1),
	(609,'2017-05-17 09:52:35.992473','374','Destribution object',3,'',14,1),
	(610,'2017-05-17 09:52:35.994514','373','Destribution object',3,'',14,1),
	(611,'2017-05-17 09:52:35.996682','372','Destribution object',3,'',14,1),
	(612,'2017-05-17 09:52:35.998779','371','Destribution object',3,'',14,1),
	(613,'2017-05-17 09:52:36.000768','370','Destribution object',3,'',14,1),
	(614,'2017-05-17 09:52:36.002876','369','Destribution object',3,'',14,1),
	(615,'2017-05-17 09:52:36.005150','368','Destribution object',3,'',14,1),
	(616,'2017-05-17 09:52:36.007151','367','Destribution object',3,'',14,1),
	(617,'2017-05-17 09:52:36.009128','366','Destribution object',3,'',14,1),
	(618,'2017-05-17 09:52:36.011279','365','Destribution object',3,'',14,1),
	(619,'2017-05-17 09:52:36.013356','364','Destribution object',3,'',14,1),
	(620,'2017-05-17 09:52:36.015278','363','Destribution object',3,'',14,1),
	(621,'2017-05-17 09:52:36.017174','362','Destribution object',3,'',14,1),
	(622,'2017-05-17 09:52:36.019150','361','Destribution object',3,'',14,1),
	(623,'2017-05-17 09:53:04.923682','124','aaa',3,'',4,1),
	(624,'2017-05-17 09:53:04.925819','131','ava',3,'',4,1),
	(625,'2017-05-17 09:53:04.927953','126','Avac',3,'',4,1),
	(626,'2017-05-17 09:53:04.930046','79','dfgh',3,'',4,1),
	(627,'2017-05-17 09:53:04.932073','82','dfklj',3,'',4,1),
	(628,'2017-05-17 09:53:04.934177','94','dfpbu',3,'',4,1),
	(629,'2017-05-17 09:53:04.936370','92','dglhv',3,'',4,1),
	(630,'2017-05-17 09:53:04.938527','86','dglkj',3,'',4,1),
	(631,'2017-05-17 09:53:04.940498','83','dkflj',3,'',4,1),
	(632,'2017-05-17 09:53:04.942905','80','dlfkj',3,'',4,1),
	(633,'2017-05-17 09:53:04.944882','88','dlgkj',3,'',4,1),
	(634,'2017-05-17 09:53:04.947048','136','Donald',3,'',4,1),
	(635,'2017-05-17 09:53:04.949269','84','egjk',3,'',4,1),
	(636,'2017-05-17 09:53:04.951496','91','egklhj',3,'',4,1),
	(637,'2017-05-17 09:53:04.954019','90','eglkj',3,'',4,1),
	(638,'2017-05-17 09:53:04.956274','96','fdiblvk',3,'',4,1),
	(639,'2017-05-17 09:53:04.958548','127','fdkjbn',3,'',4,1),
	(640,'2017-05-17 09:53:04.960805','95','fdpobjl',3,'',4,1),
	(641,'2017-05-17 09:53:04.962656','129','fgjk',3,'',4,1),
	(642,'2017-05-17 09:53:04.964698','85','fhljkgqlkjg',3,'',4,1),
	(643,'2017-05-17 09:53:04.966763','93','fpdobjl',3,'',4,1),
	(644,'2017-05-17 09:53:04.969092','134','gdfkjn',3,'',4,1),
	(645,'2017-05-17 09:53:04.971134','132','knfgd',3,'',4,1),
	(646,'2017-05-17 09:53:04.973059','133','ktrgn',3,'',4,1),
	(647,'2017-05-17 09:53:04.975063','125','Liudmyla',3,'',4,1),
	(648,'2017-05-17 09:53:04.977200','98','pdovj',3,'',4,1),
	(649,'2017-05-17 09:53:04.979228','128','rgen',3,'',4,1),
	(650,'2017-05-17 09:53:04.981624','89','sdgbjv',3,'',4,1),
	(651,'2017-05-18 10:09:19.986531','124','aaa',3,'',4,1),
	(652,'2017-05-18 10:09:19.988911','131','ava',3,'',4,1),
	(653,'2017-05-18 10:09:19.990721','126','Avac',3,'',4,1),
	(654,'2017-05-18 10:09:19.992507','79','dfgh',3,'',4,1),
	(655,'2017-05-18 10:09:19.994401','82','dfklj',3,'',4,1),
	(656,'2017-05-18 10:09:19.996424','94','dfpbu',3,'',4,1),
	(657,'2017-05-18 10:09:19.998528','92','dglhv',3,'',4,1),
	(658,'2017-05-18 10:09:20.000407','86','dglkj',3,'',4,1),
	(659,'2017-05-18 10:09:20.002212','83','dkflj',3,'',4,1),
	(660,'2017-05-18 10:09:20.004047','80','dlfkj',3,'',4,1),
	(661,'2017-05-18 10:09:20.005901','88','dlgkj',3,'',4,1),
	(662,'2017-05-18 10:09:20.007866','136','Donald',3,'',4,1),
	(663,'2017-05-18 10:09:20.009760','84','egjk',3,'',4,1),
	(664,'2017-05-18 10:09:20.011626','91','egklhj',3,'',4,1),
	(665,'2017-05-18 10:09:20.014183','90','eglkj',3,'',4,1),
	(666,'2017-05-18 10:09:20.016163','96','fdiblvk',3,'',4,1),
	(667,'2017-05-18 10:09:20.018231','127','fdkjbn',3,'',4,1),
	(668,'2017-05-18 10:09:20.020389','95','fdpobjl',3,'',4,1),
	(669,'2017-05-18 10:09:20.022188','129','fgjk',3,'',4,1),
	(670,'2017-05-18 10:09:20.024128','85','fhljkgqlkjg',3,'',4,1),
	(671,'2017-05-18 10:09:20.026324','93','fpdobjl',3,'',4,1),
	(672,'2017-05-18 10:09:20.028198','134','gdfkjn',3,'',4,1),
	(673,'2017-05-18 10:09:20.030602','132','knfgd',3,'',4,1),
	(674,'2017-05-18 10:09:20.032811','133','ktrgn',3,'',4,1),
	(675,'2017-05-18 10:09:20.035453','125','Liudmyla',3,'',4,1),
	(676,'2017-05-18 10:09:20.037663','98','pdovj',3,'',4,1),
	(677,'2017-05-18 10:09:20.040301','128','rgen',3,'',4,1),
	(678,'2017-05-18 10:09:20.042440','89','sdgbjv',3,'',4,1),
	(679,'2017-05-18 10:09:28.883475','416','Destribution object',3,'',14,1),
	(680,'2017-05-18 10:09:28.886023','415','Destribution object',3,'',14,1),
	(681,'2017-05-18 10:09:28.888449','414','Destribution object',3,'',14,1),
	(682,'2017-05-18 10:09:28.891069','413','Destribution object',3,'',14,1),
	(683,'2017-05-18 10:09:28.893348','412','Destribution object',3,'',14,1),
	(684,'2017-05-18 10:09:28.895725','411','Destribution object',3,'',14,1),
	(685,'2017-05-18 10:09:28.898140','410','Destribution object',3,'',14,1),
	(686,'2017-05-18 10:09:28.900456','409','Destribution object',3,'',14,1),
	(687,'2017-05-18 10:09:28.902698','408','Destribution object',3,'',14,1),
	(688,'2017-05-18 10:09:28.905284','407','Destribution object',3,'',14,1),
	(689,'2017-05-18 10:09:28.907468','406','Destribution object',3,'',14,1),
	(690,'2017-05-18 10:09:28.909590','405','Destribution object',3,'',14,1),
	(691,'2017-05-18 10:09:28.911563','404','Destribution object',3,'',14,1),
	(692,'2017-05-18 10:09:28.913778','403','Destribution object',3,'',14,1),
	(693,'2017-05-18 10:09:28.915941','402','Destribution object',3,'',14,1),
	(694,'2017-05-18 10:09:28.917826','401','Destribution object',3,'',14,1),
	(695,'2017-05-18 10:09:28.919919','400','Destribution object',3,'',14,1),
	(696,'2017-05-18 10:09:28.922264','399','Destribution object',3,'',14,1),
	(697,'2017-05-18 10:09:28.924476','398','Destribution object',3,'',14,1),
	(698,'2017-05-18 10:09:28.926570','397','Destribution object',3,'',14,1),
	(699,'2017-05-18 10:09:28.928716','396','Destribution object',3,'',14,1),
	(700,'2017-05-18 10:09:28.930763','395','Destribution object',3,'',14,1),
	(701,'2017-05-18 10:09:28.932879','394','Destribution object',3,'',14,1),
	(702,'2017-05-18 10:09:28.935466','393','Destribution object',3,'',14,1),
	(703,'2017-05-18 10:09:28.937897','392','Destribution object',3,'',14,1),
	(704,'2017-05-18 10:09:28.940488','391','Destribution object',3,'',14,1),
	(705,'2017-05-18 10:09:28.942633','390','Destribution object',3,'',14,1),
	(706,'2017-05-18 10:09:28.944881','389','Destribution object',3,'',14,1),
	(707,'2017-05-18 10:37:56.621533','444','Destribution object',3,'',14,1),
	(708,'2017-05-18 10:37:56.624161','443','Destribution object',3,'',14,1),
	(709,'2017-05-18 10:37:56.626507','442','Destribution object',3,'',14,1),
	(710,'2017-05-18 10:37:56.628645','441','Destribution object',3,'',14,1),
	(711,'2017-05-18 10:37:56.631826','440','Destribution object',3,'',14,1),
	(712,'2017-05-18 10:37:56.634703','439','Destribution object',3,'',14,1),
	(713,'2017-05-18 10:37:56.637032','438','Destribution object',3,'',14,1),
	(714,'2017-05-18 10:37:56.639442','437','Destribution object',3,'',14,1),
	(715,'2017-05-18 10:37:56.641485','436','Destribution object',3,'',14,1),
	(716,'2017-05-18 10:37:56.643728','435','Destribution object',3,'',14,1),
	(717,'2017-05-18 10:37:56.645716','434','Destribution object',3,'',14,1),
	(718,'2017-05-18 10:37:56.648145','433','Destribution object',3,'',14,1),
	(719,'2017-05-18 10:37:56.650662','432','Destribution object',3,'',14,1),
	(720,'2017-05-18 10:37:56.652904','431','Destribution object',3,'',14,1),
	(721,'2017-05-18 10:37:56.655230','430','Destribution object',3,'',14,1),
	(722,'2017-05-18 10:37:56.657441','429','Destribution object',3,'',14,1),
	(723,'2017-05-18 10:37:56.659391','428','Destribution object',3,'',14,1),
	(724,'2017-05-18 10:37:56.661651','427','Destribution object',3,'',14,1),
	(725,'2017-05-18 10:37:56.663838','426','Destribution object',3,'',14,1),
	(726,'2017-05-18 10:37:56.666032','425','Destribution object',3,'',14,1),
	(727,'2017-05-18 10:37:56.668143','424','Destribution object',3,'',14,1),
	(728,'2017-05-18 10:37:56.670260','423','Destribution object',3,'',14,1),
	(729,'2017-05-18 10:37:56.672330','422','Destribution object',3,'',14,1),
	(730,'2017-05-18 10:37:56.674524','421','Destribution object',3,'',14,1),
	(731,'2017-05-18 10:37:56.676680','420','Destribution object',3,'',14,1),
	(732,'2017-05-18 10:37:56.678874','419','Destribution object',3,'',14,1),
	(733,'2017-05-18 10:37:56.681475','418','Destribution object',3,'',14,1),
	(734,'2017-05-18 10:37:56.683678','417','Destribution object',3,'',14,1),
	(735,'2017-05-18 10:38:16.251704','124','aaa',3,'',4,1),
	(736,'2017-05-18 10:38:16.253914','131','ava',3,'',4,1),
	(737,'2017-05-18 10:38:16.256220','126','Avac',3,'',4,1),
	(738,'2017-05-18 10:38:16.258340','79','dfgh',3,'',4,1),
	(739,'2017-05-18 10:38:16.260585','82','dfklj',3,'',4,1),
	(740,'2017-05-18 10:38:16.262863','94','dfpbu',3,'',4,1),
	(741,'2017-05-18 10:38:16.265094','92','dglhv',3,'',4,1),
	(742,'2017-05-18 10:38:16.267225','86','dglkj',3,'',4,1),
	(743,'2017-05-18 10:38:16.269334','83','dkflj',3,'',4,1),
	(744,'2017-05-18 10:38:16.271594','80','dlfkj',3,'',4,1),
	(745,'2017-05-18 10:38:16.273677','88','dlgkj',3,'',4,1),
	(746,'2017-05-18 10:38:16.275522','136','Donald',3,'',4,1),
	(747,'2017-05-18 10:38:16.277630','84','egjk',3,'',4,1),
	(748,'2017-05-18 10:38:16.279688','91','egklhj',3,'',4,1),
	(749,'2017-05-18 10:38:16.281885','90','eglkj',3,'',4,1),
	(750,'2017-05-18 10:38:16.283853','96','fdiblvk',3,'',4,1),
	(751,'2017-05-18 10:38:16.285940','127','fdkjbn',3,'',4,1),
	(752,'2017-05-18 10:38:16.287848','95','fdpobjl',3,'',4,1),
	(753,'2017-05-18 10:38:16.289802','129','fgjk',3,'',4,1),
	(754,'2017-05-18 10:38:16.291882','85','fhljkgqlkjg',3,'',4,1),
	(755,'2017-05-18 10:38:16.294210','93','fpdobjl',3,'',4,1),
	(756,'2017-05-18 10:38:16.296324','134','gdfkjn',3,'',4,1),
	(757,'2017-05-18 10:38:16.298410','132','knfgd',3,'',4,1),
	(758,'2017-05-18 10:38:16.300846','133','ktrgn',3,'',4,1),
	(759,'2017-05-18 10:38:16.302814','125','Liudmyla',3,'',4,1),
	(760,'2017-05-18 10:38:16.304759','98','pdovj',3,'',4,1),
	(761,'2017-05-18 10:38:16.306826','128','rgen',3,'',4,1),
	(762,'2017-05-18 10:38:16.309099','89','sdgbjv',3,'',4,1),
	(763,'2017-05-18 10:39:23.976018','472','Destribution object',3,'',14,1),
	(764,'2017-05-18 10:39:23.979977','471','Destribution object',3,'',14,1),
	(765,'2017-05-18 10:39:23.982299','470','Destribution object',3,'',14,1),
	(766,'2017-05-18 10:39:23.984515','469','Destribution object',3,'',14,1),
	(767,'2017-05-18 10:39:23.986715','468','Destribution object',3,'',14,1),
	(768,'2017-05-18 10:39:23.988941','467','Destribution object',3,'',14,1),
	(769,'2017-05-18 10:39:23.991107','466','Destribution object',3,'',14,1),
	(770,'2017-05-18 10:39:23.993447','465','Destribution object',3,'',14,1),
	(771,'2017-05-18 10:39:23.995632','464','Destribution object',3,'',14,1),
	(772,'2017-05-18 10:39:23.997857','463','Destribution object',3,'',14,1),
	(773,'2017-05-18 10:39:24.000448','462','Destribution object',3,'',14,1),
	(774,'2017-05-18 10:39:24.003024','461','Destribution object',3,'',14,1),
	(775,'2017-05-18 10:39:24.005313','460','Destribution object',3,'',14,1),
	(776,'2017-05-18 10:39:24.007515','459','Destribution object',3,'',14,1),
	(777,'2017-05-18 10:39:24.009989','458','Destribution object',3,'',14,1),
	(778,'2017-05-18 10:39:24.012327','457','Destribution object',3,'',14,1),
	(779,'2017-05-18 10:39:24.014711','456','Destribution object',3,'',14,1),
	(780,'2017-05-18 10:39:24.016970','455','Destribution object',3,'',14,1),
	(781,'2017-05-18 10:39:24.019580','454','Destribution object',3,'',14,1),
	(782,'2017-05-18 10:39:24.021694','453','Destribution object',3,'',14,1),
	(783,'2017-05-18 10:39:24.023772','452','Destribution object',3,'',14,1),
	(784,'2017-05-18 10:39:24.025834','451','Destribution object',3,'',14,1),
	(785,'2017-05-18 10:39:24.028010','450','Destribution object',3,'',14,1),
	(786,'2017-05-18 10:39:24.030135','449','Destribution object',3,'',14,1),
	(787,'2017-05-18 10:39:24.032754','448','Destribution object',3,'',14,1),
	(788,'2017-05-18 10:39:24.035369','447','Destribution object',3,'',14,1),
	(789,'2017-05-18 10:39:24.037468','446','Destribution object',3,'',14,1),
	(790,'2017-05-18 10:39:24.039580','445','Destribution object',3,'',14,1),
	(791,'2017-05-18 10:39:44.815890','124','aaa',3,'',4,1),
	(792,'2017-05-18 10:39:44.818116','131','ava',3,'',4,1),
	(793,'2017-05-18 10:39:44.820139','126','Avac',3,'',4,1),
	(794,'2017-05-18 10:39:44.821946','79','dfgh',3,'',4,1),
	(795,'2017-05-18 10:39:44.824681','82','dfklj',3,'',4,1),
	(796,'2017-05-18 10:39:44.827040','94','dfpbu',3,'',4,1),
	(797,'2017-05-18 10:39:44.829353','92','dglhv',3,'',4,1),
	(798,'2017-05-18 10:39:44.831542','86','dglkj',3,'',4,1),
	(799,'2017-05-18 10:39:44.833777','83','dkflj',3,'',4,1),
	(800,'2017-05-18 10:39:44.835944','80','dlfkj',3,'',4,1),
	(801,'2017-05-18 10:39:44.838098','88','dlgkj',3,'',4,1),
	(802,'2017-05-18 10:39:44.840323','136','Donald',3,'',4,1),
	(803,'2017-05-18 10:39:44.842215','84','egjk',3,'',4,1),
	(804,'2017-05-18 10:39:44.844242','91','egklhj',3,'',4,1),
	(805,'2017-05-18 10:39:44.846369','90','eglkj',3,'',4,1),
	(806,'2017-05-18 10:39:44.848476','96','fdiblvk',3,'',4,1),
	(807,'2017-05-18 10:39:44.850733','127','fdkjbn',3,'',4,1),
	(808,'2017-05-18 10:39:44.852651','95','fdpobjl',3,'',4,1),
	(809,'2017-05-18 10:39:44.854765','129','fgjk',3,'',4,1),
	(810,'2017-05-18 10:39:44.857273','85','fhljkgqlkjg',3,'',4,1),
	(811,'2017-05-18 10:39:44.859084','93','fpdobjl',3,'',4,1),
	(812,'2017-05-18 10:39:44.861350','134','gdfkjn',3,'',4,1),
	(813,'2017-05-18 10:39:44.863670','132','knfgd',3,'',4,1),
	(814,'2017-05-18 10:39:44.865696','133','ktrgn',3,'',4,1),
	(815,'2017-05-18 10:39:44.867546','125','Liudmyla',3,'',4,1),
	(816,'2017-05-18 10:39:44.869661','140','Oleksandr',3,'',4,1),
	(817,'2017-05-18 10:39:44.871680','98','pdovj',3,'',4,1),
	(818,'2017-05-18 10:39:44.874169','128','rgen',3,'',4,1),
	(819,'2017-05-18 10:39:44.876446','89','sdgbjv',3,'',4,1),
	(820,'2017-05-18 10:42:36.091648','500','Destribution object',3,'',14,1),
	(821,'2017-05-18 10:42:36.095012','499','Destribution object',3,'',14,1),
	(822,'2017-05-18 10:42:36.097397','498','Destribution object',3,'',14,1),
	(823,'2017-05-18 10:42:36.101281','497','Destribution object',3,'',14,1),
	(824,'2017-05-18 10:42:36.104189','496','Destribution object',3,'',14,1),
	(825,'2017-05-18 10:42:36.106435','495','Destribution object',3,'',14,1),
	(826,'2017-05-18 10:42:36.108603','494','Destribution object',3,'',14,1),
	(827,'2017-05-18 10:42:36.110916','493','Destribution object',3,'',14,1),
	(828,'2017-05-18 10:42:36.113360','492','Destribution object',3,'',14,1),
	(829,'2017-05-18 10:42:36.115614','491','Destribution object',3,'',14,1),
	(830,'2017-05-18 10:42:36.117796','490','Destribution object',3,'',14,1),
	(831,'2017-05-18 10:42:36.120047','489','Destribution object',3,'',14,1),
	(832,'2017-05-18 10:42:36.122366','488','Destribution object',3,'',14,1),
	(833,'2017-05-18 10:42:36.124496','487','Destribution object',3,'',14,1),
	(834,'2017-05-18 10:42:36.126794','486','Destribution object',3,'',14,1),
	(835,'2017-05-18 10:42:36.129098','485','Destribution object',3,'',14,1),
	(836,'2017-05-18 10:42:36.131433','484','Destribution object',3,'',14,1),
	(837,'2017-05-18 10:42:36.133692','483','Destribution object',3,'',14,1),
	(838,'2017-05-18 10:42:36.135777','482','Destribution object',3,'',14,1),
	(839,'2017-05-18 10:42:36.138018','481','Destribution object',3,'',14,1),
	(840,'2017-05-18 10:42:36.140144','480','Destribution object',3,'',14,1),
	(841,'2017-05-18 10:42:36.142407','479','Destribution object',3,'',14,1),
	(842,'2017-05-18 10:42:36.145179','478','Destribution object',3,'',14,1),
	(843,'2017-05-18 10:42:36.147223','477','Destribution object',3,'',14,1),
	(844,'2017-05-18 10:42:36.149550','476','Destribution object',3,'',14,1),
	(845,'2017-05-18 10:42:36.152194','475','Destribution object',3,'',14,1),
	(846,'2017-05-18 10:42:36.154354','474','Destribution object',3,'',14,1),
	(847,'2017-05-18 10:42:36.156509','473','Destribution object',3,'',14,1),
	(848,'2017-05-18 10:43:02.208344','124','aaa',3,'',4,1),
	(849,'2017-05-18 10:43:02.210469','131','ava',3,'',4,1),
	(850,'2017-05-18 10:43:02.212947','126','Avac',3,'',4,1),
	(851,'2017-05-18 10:43:02.215740','79','dfgh',3,'',4,1),
	(852,'2017-05-18 10:43:02.218422','94','dfpbu',3,'',4,1),
	(853,'2017-05-18 10:43:02.220633','92','dglhv',3,'',4,1),
	(854,'2017-05-18 10:43:02.223230','87','dgu',3,'',4,1),
	(855,'2017-05-18 10:43:02.224999','83','dkflj',3,'',4,1),
	(856,'2017-05-18 10:43:02.227252','80','dlfkj',3,'',4,1),
	(857,'2017-05-18 10:43:02.229419','88','dlgkj',3,'',4,1),
	(858,'2017-05-18 10:43:02.232012','136','Donald',3,'',4,1),
	(859,'2017-05-18 10:43:02.234439','84','egjk',3,'',4,1),
	(860,'2017-05-18 10:43:02.236593','91','egklhj',3,'',4,1),
	(861,'2017-05-18 10:43:02.238678','90','eglkj',3,'',4,1),
	(862,'2017-05-18 10:43:02.241026','96','fdiblvk',3,'',4,1),
	(863,'2017-05-18 10:43:02.243258','127','fdkjbn',3,'',4,1),
	(864,'2017-05-18 10:43:02.245442','95','fdpobjl',3,'',4,1),
	(865,'2017-05-18 10:43:02.247546','129','fgjk',3,'',4,1),
	(866,'2017-05-18 10:43:02.249699','85','fhljkgqlkjg',3,'',4,1),
	(867,'2017-05-18 10:43:02.251676','93','fpdobjl',3,'',4,1),
	(868,'2017-05-18 10:43:02.253996','134','gdfkjn',3,'',4,1),
	(869,'2017-05-18 10:43:02.256228','132','knfgd',3,'',4,1),
	(870,'2017-05-18 10:43:02.258163','133','ktrgn',3,'',4,1),
	(871,'2017-05-18 10:43:02.260091','125','Liudmyla',3,'',4,1),
	(872,'2017-05-18 10:43:02.262517','81','lkj',3,'',4,1),
	(873,'2017-05-18 10:43:02.264908','98','pdovj',3,'',4,1),
	(874,'2017-05-18 10:43:02.267346','128','rgen',3,'',4,1),
	(875,'2017-05-18 10:43:02.269711','89','sdgbjv',3,'',4,1),
	(876,'2017-05-18 10:45:58.437063','141','Oleksandr',1,'[{\"added\": {}}]',4,1),
	(877,'2017-05-18 10:46:29.244815','141','Oleksandr',2,'[{\"changed\": {\"fields\": [\"first_name\", \"last_name\", \"email\", \"is_staff\", \"date_joined\"]}}]',4,1),
	(878,'2017-05-18 10:48:56.020175','2','Smart Career Planning and Skill Development via Personal Analytics',2,'[{\"changed\": {\"fields\": [\"mentor_id\"]}}]',12,1),
	(879,'2017-05-18 10:50:39.232672','528','Destribution object',3,'',14,1),
	(880,'2017-05-18 10:50:39.235119','527','Destribution object',3,'',14,1),
	(881,'2017-05-18 10:50:39.237162','526','Destribution object',3,'',14,1),
	(882,'2017-05-18 10:50:39.240563','525','Destribution object',3,'',14,1),
	(883,'2017-05-18 10:50:39.242916','524','Destribution object',3,'',14,1),
	(884,'2017-05-18 10:50:39.245094','523','Destribution object',3,'',14,1),
	(885,'2017-05-18 10:50:39.247255','522','Destribution object',3,'',14,1),
	(886,'2017-05-18 10:50:39.249675','521','Destribution object',3,'',14,1),
	(887,'2017-05-18 10:50:39.251994','520','Destribution object',3,'',14,1),
	(888,'2017-05-18 10:50:39.254387','519','Destribution object',3,'',14,1),
	(889,'2017-05-18 10:50:39.256811','518','Destribution object',3,'',14,1),
	(890,'2017-05-18 10:50:39.259295','517','Destribution object',3,'',14,1),
	(891,'2017-05-18 10:50:39.261740','516','Destribution object',3,'',14,1),
	(892,'2017-05-18 10:50:39.263987','515','Destribution object',3,'',14,1),
	(893,'2017-05-18 10:50:39.266333','514','Destribution object',3,'',14,1),
	(894,'2017-05-18 10:50:39.268592','513','Destribution object',3,'',14,1),
	(895,'2017-05-18 10:50:39.270897','512','Destribution object',3,'',14,1),
	(896,'2017-05-18 10:50:39.273090','511','Destribution object',3,'',14,1),
	(897,'2017-05-18 10:50:39.275641','510','Destribution object',3,'',14,1),
	(898,'2017-05-18 10:50:39.277909','509','Destribution object',3,'',14,1),
	(899,'2017-05-18 10:50:39.280062','508','Destribution object',3,'',14,1),
	(900,'2017-05-18 10:50:39.282294','507','Destribution object',3,'',14,1),
	(901,'2017-05-18 10:50:39.284443','506','Destribution object',3,'',14,1),
	(902,'2017-05-18 10:50:39.286755','505','Destribution object',3,'',14,1),
	(903,'2017-05-18 10:50:39.289041','504','Destribution object',3,'',14,1),
	(904,'2017-05-18 10:50:39.291383','503','Destribution object',3,'',14,1),
	(905,'2017-05-18 10:50:39.293770','502','Destribution object',3,'',14,1),
	(906,'2017-05-18 10:50:39.296076','501','Destribution object',3,'',14,1),
	(907,'2017-05-18 10:50:57.834157','124','aaa',3,'',4,1),
	(908,'2017-05-18 10:50:57.836353','131','ava',3,'',4,1),
	(909,'2017-05-18 10:50:57.838516','126','Avac',3,'',4,1),
	(910,'2017-05-18 10:50:57.840561','79','dfgh',3,'',4,1),
	(911,'2017-05-18 10:50:57.842490','82','dfklj',3,'',4,1),
	(912,'2017-05-18 10:50:57.844462','94','dfpbu',3,'',4,1),
	(913,'2017-05-18 10:50:57.846321','92','dglhv',3,'',4,1),
	(914,'2017-05-18 10:50:57.848310','86','dglkj',3,'',4,1),
	(915,'2017-05-18 10:50:57.850346','83','dkflj',3,'',4,1),
	(916,'2017-05-18 10:50:57.852404','80','dlfkj',3,'',4,1),
	(917,'2017-05-18 10:50:57.854359','88','dlgkj',3,'',4,1),
	(918,'2017-05-18 10:50:57.856423','136','Donald',3,'',4,1),
	(919,'2017-05-18 10:50:57.858730','84','egjk',3,'',4,1),
	(920,'2017-05-18 10:50:57.861322','91','egklhj',3,'',4,1),
	(921,'2017-05-18 10:50:57.863712','90','eglkj',3,'',4,1),
	(922,'2017-05-18 10:50:57.866142','96','fdiblvk',3,'',4,1),
	(923,'2017-05-18 10:50:57.868668','127','fdkjbn',3,'',4,1),
	(924,'2017-05-18 10:50:57.870862','95','fdpobjl',3,'',4,1),
	(925,'2017-05-18 10:50:57.873244','129','fgjk',3,'',4,1),
	(926,'2017-05-18 10:50:57.875730','85','fhljkgqlkjg',3,'',4,1),
	(927,'2017-05-18 10:50:57.878003','93','fpdobjl',3,'',4,1),
	(928,'2017-05-18 10:50:57.880772','134','gdfkjn',3,'',4,1),
	(929,'2017-05-18 10:50:57.882906','132','knfgd',3,'',4,1),
	(930,'2017-05-18 10:50:57.885208','133','ktrgn',3,'',4,1),
	(931,'2017-05-18 10:50:57.887596','125','Liudmyla',3,'',4,1),
	(932,'2017-05-18 10:50:57.889734','98','pdovj',3,'',4,1),
	(933,'2017-05-18 10:50:57.892256','128','rgen',3,'',4,1),
	(934,'2017-05-18 10:50:57.894478','89','sdgbjv',3,'',4,1),
	(935,'2017-05-18 10:51:43.801841','556','Destribution object',3,'',14,1),
	(936,'2017-05-18 10:51:43.804966','555','Destribution object',3,'',14,1),
	(937,'2017-05-18 10:51:43.808157','554','Destribution object',3,'',14,1),
	(938,'2017-05-18 10:51:43.811167','553','Destribution object',3,'',14,1),
	(939,'2017-05-18 10:51:43.814185','552','Destribution object',3,'',14,1),
	(940,'2017-05-18 10:51:43.817402','551','Destribution object',3,'',14,1),
	(941,'2017-05-18 10:51:43.820489','550','Destribution object',3,'',14,1),
	(942,'2017-05-18 10:51:43.824174','549','Destribution object',3,'',14,1),
	(943,'2017-05-18 10:51:43.827567','548','Destribution object',3,'',14,1),
	(944,'2017-05-18 10:51:43.830605','547','Destribution object',3,'',14,1),
	(945,'2017-05-18 10:51:43.833747','546','Destribution object',3,'',14,1),
	(946,'2017-05-18 10:51:43.836842','545','Destribution object',3,'',14,1),
	(947,'2017-05-18 10:51:43.839804','544','Destribution object',3,'',14,1),
	(948,'2017-05-18 10:51:43.843255','543','Destribution object',3,'',14,1),
	(949,'2017-05-18 10:51:43.846518','542','Destribution object',3,'',14,1),
	(950,'2017-05-18 10:51:43.849579','541','Destribution object',3,'',14,1),
	(951,'2017-05-18 10:51:43.852734','540','Destribution object',3,'',14,1),
	(952,'2017-05-18 10:51:43.855756','539','Destribution object',3,'',14,1),
	(953,'2017-05-18 10:51:43.858957','538','Destribution object',3,'',14,1),
	(954,'2017-05-18 10:51:43.862026','537','Destribution object',3,'',14,1),
	(955,'2017-05-18 10:51:43.865083','536','Destribution object',3,'',14,1),
	(956,'2017-05-18 10:51:43.868478','535','Destribution object',3,'',14,1),
	(957,'2017-05-18 10:51:43.871738','534','Destribution object',3,'',14,1),
	(958,'2017-05-18 10:51:43.875387','533','Destribution object',3,'',14,1),
	(959,'2017-05-18 10:51:43.879033','532','Destribution object',3,'',14,1),
	(960,'2017-05-18 10:51:43.882295','531','Destribution object',3,'',14,1),
	(961,'2017-05-18 10:51:43.885369','530','Destribution object',3,'',14,1),
	(962,'2017-05-18 10:51:43.888446','529','Destribution object',3,'',14,1),
	(963,'2017-05-18 10:52:01.277626','124','aaa',3,'',4,1),
	(964,'2017-05-18 10:52:01.280446','131','ava',3,'',4,1),
	(965,'2017-05-18 10:52:01.283328','126','Avac',3,'',4,1),
	(966,'2017-05-18 10:52:01.286347','79','dfgh',3,'',4,1),
	(967,'2017-05-18 10:52:01.289202','82','dfklj',3,'',4,1),
	(968,'2017-05-18 10:52:01.292126','94','dfpbu',3,'',4,1),
	(969,'2017-05-18 10:52:01.295083','92','dglhv',3,'',4,1),
	(970,'2017-05-18 10:52:01.298115','86','dglkj',3,'',4,1),
	(971,'2017-05-18 10:52:01.301427','83','dkflj',3,'',4,1),
	(972,'2017-05-18 10:52:01.304373','80','dlfkj',3,'',4,1),
	(973,'2017-05-18 10:52:01.307158','88','dlgkj',3,'',4,1),
	(974,'2017-05-18 10:52:01.310557','136','Donald',3,'',4,1),
	(975,'2017-05-18 10:52:01.313173','84','egjk',3,'',4,1),
	(976,'2017-05-18 10:52:01.316036','91','egklhj',3,'',4,1),
	(977,'2017-05-18 10:52:01.319619','90','eglkj',3,'',4,1),
	(978,'2017-05-18 10:52:01.322445','96','fdiblvk',3,'',4,1),
	(979,'2017-05-18 10:52:01.325687','127','fdkjbn',3,'',4,1),
	(980,'2017-05-18 10:52:01.329160','95','fdpobjl',3,'',4,1),
	(981,'2017-05-18 10:52:01.332188','129','fgjk',3,'',4,1),
	(982,'2017-05-18 10:52:01.335795','85','fhljkgqlkjg',3,'',4,1),
	(983,'2017-05-18 10:52:01.338503','93','fpdobjl',3,'',4,1),
	(984,'2017-05-18 10:52:01.341781','134','gdfkjn',3,'',4,1),
	(985,'2017-05-18 10:52:01.345409','132','knfgd',3,'',4,1),
	(986,'2017-05-18 10:52:01.348492','133','ktrgn',3,'',4,1),
	(987,'2017-05-18 10:52:01.352082','125','Liudmyla',3,'',4,1),
	(988,'2017-05-18 10:52:01.354850','98','pdovj',3,'',4,1),
	(989,'2017-05-18 10:52:01.357905','128','rgen',3,'',4,1),
	(990,'2017-05-18 10:52:01.360908','89','sdgbjv',3,'',4,1),
	(991,'2017-05-18 10:53:43.322746','584','Destribution object',3,'',14,1),
	(992,'2017-05-18 10:53:43.325891','583','Destribution object',3,'',14,1),
	(993,'2017-05-18 10:53:43.329315','582','Destribution object',3,'',14,1),
	(994,'2017-05-18 10:53:43.332247','581','Destribution object',3,'',14,1),
	(995,'2017-05-18 10:53:43.335202','580','Destribution object',3,'',14,1),
	(996,'2017-05-18 10:53:43.338046','579','Destribution object',3,'',14,1),
	(997,'2017-05-18 10:53:43.340958','578','Destribution object',3,'',14,1),
	(998,'2017-05-18 10:53:43.344245','577','Destribution object',3,'',14,1),
	(999,'2017-05-18 10:53:43.347142','576','Destribution object',3,'',14,1),
	(1000,'2017-05-18 10:53:43.349974','575','Destribution object',3,'',14,1),
	(1001,'2017-05-18 10:53:43.352850','574','Destribution object',3,'',14,1),
	(1002,'2017-05-18 10:53:43.355745','573','Destribution object',3,'',14,1),
	(1003,'2017-05-18 10:53:43.358671','572','Destribution object',3,'',14,1),
	(1004,'2017-05-18 10:53:43.361716','571','Destribution object',3,'',14,1),
	(1005,'2017-05-18 10:53:43.364923','570','Destribution object',3,'',14,1),
	(1006,'2017-05-18 10:53:43.368035','569','Destribution object',3,'',14,1),
	(1007,'2017-05-18 10:53:43.371024','568','Destribution object',3,'',14,1),
	(1008,'2017-05-18 10:53:43.374118','567','Destribution object',3,'',14,1),
	(1009,'2017-05-18 10:53:43.377434','566','Destribution object',3,'',14,1),
	(1010,'2017-05-18 10:53:43.380229','565','Destribution object',3,'',14,1),
	(1011,'2017-05-18 10:53:43.383197','564','Destribution object',3,'',14,1),
	(1012,'2017-05-18 10:53:43.386279','563','Destribution object',3,'',14,1),
	(1013,'2017-05-18 10:53:43.389442','562','Destribution object',3,'',14,1),
	(1014,'2017-05-18 10:53:43.392502','561','Destribution object',3,'',14,1),
	(1015,'2017-05-18 10:53:43.396569','560','Destribution object',3,'',14,1),
	(1016,'2017-05-18 10:53:43.400300','559','Destribution object',3,'',14,1),
	(1017,'2017-05-18 10:53:43.403259','558','Destribution object',3,'',14,1),
	(1018,'2017-05-18 10:53:43.406157','557','Destribution object',3,'',14,1),
	(1019,'2017-05-18 10:54:02.713705','124','aaa',3,'',4,1),
	(1020,'2017-05-18 10:54:02.716601','131','ava',3,'',4,1),
	(1021,'2017-05-18 10:54:02.719697','126','Avac',3,'',4,1),
	(1022,'2017-05-18 10:54:02.722392','79','dfgh',3,'',4,1),
	(1023,'2017-05-18 10:54:02.725217','82','dfklj',3,'',4,1),
	(1024,'2017-05-18 10:54:02.727940','94','dfpbu',3,'',4,1),
	(1025,'2017-05-18 10:54:02.730708','92','dglhv',3,'',4,1),
	(1026,'2017-05-18 10:54:02.734186','86','dglkj',3,'',4,1),
	(1027,'2017-05-18 10:54:02.737216','83','dkflj',3,'',4,1),
	(1028,'2017-05-18 10:54:02.740694','80','dlfkj',3,'',4,1),
	(1029,'2017-05-18 10:54:02.744175','88','dlgkj',3,'',4,1),
	(1030,'2017-05-18 10:54:02.747169','136','Donald',3,'',4,1),
	(1031,'2017-05-18 10:54:02.750251','84','egjk',3,'',4,1),
	(1032,'2017-05-18 10:54:02.753211','91','egklhj',3,'',4,1),
	(1033,'2017-05-18 10:54:02.756023','90','eglkj',3,'',4,1),
	(1034,'2017-05-18 10:54:02.758948','96','fdiblvk',3,'',4,1),
	(1035,'2017-05-18 10:54:02.761799','127','fdkjbn',3,'',4,1),
	(1036,'2017-05-18 10:54:02.764732','95','fdpobjl',3,'',4,1),
	(1037,'2017-05-18 10:54:02.768466','129','fgjk',3,'',4,1),
	(1038,'2017-05-18 10:54:02.771830','85','fhljkgqlkjg',3,'',4,1),
	(1039,'2017-05-18 10:54:02.774963','93','fpdobjl',3,'',4,1),
	(1040,'2017-05-18 10:54:02.777761','134','gdfkjn',3,'',4,1),
	(1041,'2017-05-18 10:54:02.780500','132','knfgd',3,'',4,1),
	(1042,'2017-05-18 10:54:02.784361','133','ktrgn',3,'',4,1),
	(1043,'2017-05-18 10:54:02.788330','125','Liudmyla',3,'',4,1),
	(1044,'2017-05-18 10:54:02.792023','98','pdovj',3,'',4,1),
	(1045,'2017-05-18 10:54:02.794920','128','rgen',3,'',4,1),
	(1046,'2017-05-18 10:54:02.798454','89','sdgbjv',3,'',4,1),
	(1047,'2017-05-18 11:09:03.949612','612','Destribution object',3,'',14,1),
	(1048,'2017-05-18 11:09:03.953738','611','Destribution object',3,'',14,1),
	(1049,'2017-05-18 11:09:03.957147','610','Destribution object',3,'',14,1),
	(1050,'2017-05-18 11:09:03.960269','609','Destribution object',3,'',14,1),
	(1051,'2017-05-18 11:09:03.963434','608','Destribution object',3,'',14,1),
	(1052,'2017-05-18 11:09:03.966354','607','Destribution object',3,'',14,1),
	(1053,'2017-05-18 11:09:03.969587','606','Destribution object',3,'',14,1),
	(1054,'2017-05-18 11:09:03.973007','605','Destribution object',3,'',14,1),
	(1055,'2017-05-18 11:09:03.976561','604','Destribution object',3,'',14,1),
	(1056,'2017-05-18 11:09:03.979566','603','Destribution object',3,'',14,1),
	(1057,'2017-05-18 11:09:03.982473','602','Destribution object',3,'',14,1),
	(1058,'2017-05-18 11:09:03.985368','601','Destribution object',3,'',14,1),
	(1059,'2017-05-18 11:09:03.988125','600','Destribution object',3,'',14,1),
	(1060,'2017-05-18 11:09:03.990876','599','Destribution object',3,'',14,1),
	(1061,'2017-05-18 11:09:03.993789','598','Destribution object',3,'',14,1),
	(1062,'2017-05-18 11:09:03.996470','597','Destribution object',3,'',14,1),
	(1063,'2017-05-18 11:09:03.999409','596','Destribution object',3,'',14,1),
	(1064,'2017-05-18 11:09:04.002541','595','Destribution object',3,'',14,1),
	(1065,'2017-05-18 11:09:04.005428','594','Destribution object',3,'',14,1),
	(1066,'2017-05-18 11:09:04.008345','593','Destribution object',3,'',14,1),
	(1067,'2017-05-18 11:09:04.011159','592','Destribution object',3,'',14,1),
	(1068,'2017-05-18 11:09:04.014230','591','Destribution object',3,'',14,1),
	(1069,'2017-05-18 11:09:04.017134','590','Destribution object',3,'',14,1),
	(1070,'2017-05-18 11:09:04.020196','589','Destribution object',3,'',14,1),
	(1071,'2017-05-18 11:09:04.023116','588','Destribution object',3,'',14,1),
	(1072,'2017-05-18 11:09:04.026332','587','Destribution object',3,'',14,1),
	(1073,'2017-05-18 11:09:04.029722','586','Destribution object',3,'',14,1),
	(1074,'2017-05-18 11:09:04.032761','585','Destribution object',3,'',14,1),
	(1075,'2017-05-18 11:09:23.111925','124','aaa',3,'',4,1),
	(1076,'2017-05-18 11:09:23.115427','131','ava',3,'',4,1),
	(1077,'2017-05-18 11:09:23.119225','126','Avac',3,'',4,1),
	(1078,'2017-05-18 11:09:23.122396','79','dfgh',3,'',4,1),
	(1079,'2017-05-18 11:09:23.125531','82','dfklj',3,'',4,1),
	(1080,'2017-05-18 11:09:23.128576','94','dfpbu',3,'',4,1),
	(1081,'2017-05-18 11:09:23.132059','92','dglhv',3,'',4,1),
	(1082,'2017-05-18 11:09:23.135340','86','dglkj',3,'',4,1),
	(1083,'2017-05-18 11:09:23.138038','83','dkflj',3,'',4,1),
	(1084,'2017-05-18 11:09:23.141264','80','dlfkj',3,'',4,1),
	(1085,'2017-05-18 11:09:23.144659','88','dlgkj',3,'',4,1),
	(1086,'2017-05-18 11:09:23.147898','136','Donald',3,'',4,1),
	(1087,'2017-05-18 11:09:23.150773','84','egjk',3,'',4,1),
	(1088,'2017-05-18 11:09:23.154969','91','egklhj',3,'',4,1),
	(1089,'2017-05-18 11:09:23.158292','90','eglkj',3,'',4,1),
	(1090,'2017-05-18 11:09:23.161324','96','fdiblvk',3,'',4,1),
	(1091,'2017-05-18 11:09:23.164266','127','fdkjbn',3,'',4,1),
	(1092,'2017-05-18 11:09:23.167445','95','fdpobjl',3,'',4,1),
	(1093,'2017-05-18 11:09:23.169837','129','fgjk',3,'',4,1),
	(1094,'2017-05-18 11:09:23.172809','85','fhljkgqlkjg',3,'',4,1),
	(1095,'2017-05-18 11:09:23.175609','93','fpdobjl',3,'',4,1),
	(1096,'2017-05-18 11:09:23.180010','134','gdfkjn',3,'',4,1),
	(1097,'2017-05-18 11:09:23.183040','132','knfgd',3,'',4,1),
	(1098,'2017-05-18 11:09:23.185937','133','ktrgn',3,'',4,1),
	(1099,'2017-05-18 11:09:23.189123','125','Liudmyla',3,'',4,1),
	(1100,'2017-05-18 11:09:23.192610','98','pdovj',3,'',4,1),
	(1101,'2017-05-18 11:09:23.196695','128','rgen',3,'',4,1),
	(1102,'2017-05-18 11:09:23.199830','89','sdgbjv',3,'',4,1),
	(1103,'2017-05-18 11:33:03.087508','640','Destribution object',3,'',14,1),
	(1104,'2017-05-18 11:33:03.090561','639','Destribution object',3,'',14,1),
	(1105,'2017-05-18 11:33:03.093415','638','Destribution object',3,'',14,1),
	(1106,'2017-05-18 11:33:03.096230','637','Destribution object',3,'',14,1),
	(1107,'2017-05-18 11:33:03.099180','636','Destribution object',3,'',14,1),
	(1108,'2017-05-18 11:33:03.102228','635','Destribution object',3,'',14,1),
	(1109,'2017-05-18 11:33:03.105181','634','Destribution object',3,'',14,1),
	(1110,'2017-05-18 11:33:03.108277','633','Destribution object',3,'',14,1),
	(1111,'2017-05-18 11:33:03.111074','632','Destribution object',3,'',14,1),
	(1112,'2017-05-18 11:33:03.114416','631','Destribution object',3,'',14,1),
	(1113,'2017-05-18 11:33:03.117862','630','Destribution object',3,'',14,1),
	(1114,'2017-05-18 11:33:03.121228','629','Destribution object',3,'',14,1),
	(1115,'2017-05-18 11:33:03.124172','628','Destribution object',3,'',14,1),
	(1116,'2017-05-18 11:33:03.127610','627','Destribution object',3,'',14,1),
	(1117,'2017-05-18 11:33:03.130981','626','Destribution object',3,'',14,1),
	(1118,'2017-05-18 11:33:03.134144','625','Destribution object',3,'',14,1),
	(1119,'2017-05-18 11:33:03.137670','624','Destribution object',3,'',14,1),
	(1120,'2017-05-18 11:33:03.140800','623','Destribution object',3,'',14,1),
	(1121,'2017-05-18 11:33:03.144088','622','Destribution object',3,'',14,1),
	(1122,'2017-05-18 11:33:03.147088','621','Destribution object',3,'',14,1),
	(1123,'2017-05-18 11:33:03.152938','620','Destribution object',3,'',14,1),
	(1124,'2017-05-18 11:33:03.155539','619','Destribution object',3,'',14,1),
	(1125,'2017-05-18 11:33:03.158432','618','Destribution object',3,'',14,1),
	(1126,'2017-05-18 11:33:03.161383','617','Destribution object',3,'',14,1),
	(1127,'2017-05-18 11:33:03.164384','616','Destribution object',3,'',14,1),
	(1128,'2017-05-18 11:33:03.167304','615','Destribution object',3,'',14,1),
	(1129,'2017-05-18 11:33:03.170705','614','Destribution object',3,'',14,1),
	(1130,'2017-05-18 11:33:03.173740','613','Destribution object',3,'',14,1),
	(1131,'2017-05-18 11:33:27.891105','124','aaa',3,'',4,1),
	(1132,'2017-05-18 11:33:27.893798','126','Avac',3,'',4,1),
	(1133,'2017-05-18 11:33:27.896924','79','dfgh',3,'',4,1),
	(1134,'2017-05-18 11:33:27.900499','82','dfklj',3,'',4,1),
	(1135,'2017-05-18 11:33:27.903531','94','dfpbu',3,'',4,1),
	(1136,'2017-05-18 11:33:27.906448','92','dglhv',3,'',4,1),
	(1137,'2017-05-18 11:33:27.909474','86','dglkj',3,'',4,1),
	(1138,'2017-05-18 11:33:27.912376','87','dgu',3,'',4,1),
	(1139,'2017-05-18 11:33:27.915432','80','dlfkj',3,'',4,1),
	(1140,'2017-05-18 11:33:27.918635','88','dlgkj',3,'',4,1),
	(1141,'2017-05-18 11:33:27.921848','84','egjk',3,'',4,1),
	(1142,'2017-05-18 11:33:27.924913','91','egklhj',3,'',4,1),
	(1143,'2017-05-18 11:33:27.928053','90','eglkj',3,'',4,1),
	(1144,'2017-05-18 11:33:27.931157','97','fdbk',3,'',4,1),
	(1145,'2017-05-18 11:33:27.933834','96','fdiblvk',3,'',4,1),
	(1146,'2017-05-18 11:33:27.936732','127','fdkjbn',3,'',4,1),
	(1147,'2017-05-18 11:33:27.939769','95','fdpobjl',3,'',4,1),
	(1148,'2017-05-18 11:33:27.942638','129','fgjk',3,'',4,1),
	(1149,'2017-05-18 11:33:27.945780','85','fhljkgqlkjg',3,'',4,1),
	(1150,'2017-05-18 11:33:27.949128','93','fpdobjl',3,'',4,1),
	(1151,'2017-05-18 11:33:27.951768','134','gdfkjn',3,'',4,1),
	(1152,'2017-05-18 11:33:27.954567','132','knfgd',3,'',4,1),
	(1153,'2017-05-18 11:33:27.957501','133','ktrgn',3,'',4,1),
	(1154,'2017-05-18 11:33:27.960613','125','Liudmyla',3,'',4,1),
	(1155,'2017-05-18 11:33:27.963851','81','lkj',3,'',4,1),
	(1156,'2017-05-18 11:33:27.967438','98','pdovj',3,'',4,1),
	(1157,'2017-05-18 11:33:27.970501','128','rgen',3,'',4,1),
	(1158,'2017-05-18 11:33:27.973540','89','sdgbjv',3,'',4,1),
	(1159,'2017-05-18 17:45:28.324092','1','Lorem',1,'[{\"added\": {}}]',9,1),
	(1160,'2017-05-27 14:01:25.153831','1','BLA',2,'[{\"changed\": {\"fields\": [\"text\", \"date\"]}}]',8,1),
	(1161,'2017-05-27 15:41:18.785411','1','ReportProject object',1,'[{\"added\": {}}]',36,1),
	(1162,'2017-05-28 14:28:15.325119','1','ReportProject object',2,'[{\"changed\": {\"fields\": [\"project\"]}}]',36,1),
	(1163,'2017-05-30 11:12:25.220547','668','Destribution object',3,'',14,1),
	(1164,'2017-05-30 11:12:25.226012','667','Destribution object',3,'',14,1),
	(1165,'2017-05-30 11:12:25.230828','666','Destribution object',3,'',14,1),
	(1166,'2017-05-30 11:12:25.233601','665','Destribution object',3,'',14,1),
	(1167,'2017-05-30 11:12:25.236058','664','Destribution object',3,'',14,1),
	(1168,'2017-05-30 11:12:25.239711','663','Destribution object',3,'',14,1),
	(1169,'2017-05-30 11:12:25.242194','662','Destribution object',3,'',14,1),
	(1170,'2017-05-30 11:12:25.244379','661','Destribution object',3,'',14,1),
	(1171,'2017-05-30 11:12:25.246659','660','Destribution object',3,'',14,1),
	(1172,'2017-05-30 11:12:25.248913','659','Destribution object',3,'',14,1),
	(1173,'2017-05-30 11:12:25.251057','658','Destribution object',3,'',14,1),
	(1174,'2017-05-30 11:12:25.253427','657','Destribution object',3,'',14,1),
	(1175,'2017-05-30 11:12:25.255839','656','Destribution object',3,'',14,1),
	(1176,'2017-05-30 11:12:25.258342','655','Destribution object',3,'',14,1),
	(1177,'2017-05-30 11:12:25.260678','654','Destribution object',3,'',14,1),
	(1178,'2017-05-30 11:12:25.262983','653','Destribution object',3,'',14,1),
	(1179,'2017-05-30 11:12:25.265192','652','Destribution object',3,'',14,1),
	(1180,'2017-05-30 11:12:25.267406','651','Destribution object',3,'',14,1),
	(1181,'2017-05-30 11:12:25.269789','650','Destribution object',3,'',14,1),
	(1182,'2017-05-30 11:12:25.272118','649','Destribution object',3,'',14,1),
	(1183,'2017-05-30 11:12:25.274943','648','Destribution object',3,'',14,1),
	(1184,'2017-05-30 11:12:25.277316','647','Destribution object',3,'',14,1),
	(1185,'2017-05-30 11:12:25.279627','646','Destribution object',3,'',14,1),
	(1186,'2017-05-30 11:12:25.283459','645','Destribution object',3,'',14,1),
	(1187,'2017-05-30 11:12:25.286177','644','Destribution object',3,'',14,1),
	(1188,'2017-05-30 11:12:25.288996','643','Destribution object',3,'',14,1),
	(1189,'2017-05-30 11:12:25.291289','642','Destribution object',3,'',14,1),
	(1190,'2017-05-30 11:12:25.293569','641','Destribution object',3,'',14,1),
	(1191,'2017-05-30 11:12:47.604696','124','aaa',3,'',4,1),
	(1192,'2017-05-30 11:12:47.606749','131','ava',3,'',4,1),
	(1193,'2017-05-30 11:12:47.608811','126','Avac',3,'',4,1),
	(1194,'2017-05-30 11:12:47.610888','79','dfgh',3,'',4,1),
	(1195,'2017-05-30 11:12:47.613203','82','dfklj',3,'',4,1),
	(1196,'2017-05-30 11:12:47.615404','94','dfpbu',3,'',4,1),
	(1197,'2017-05-30 11:12:47.618253','92','dglhv',3,'',4,1),
	(1198,'2017-05-30 11:12:47.620564','86','dglkj',3,'',4,1),
	(1199,'2017-05-30 11:12:47.622796','83','dkflj',3,'',4,1),
	(1200,'2017-05-30 11:12:47.625065','80','dlfkj',3,'',4,1),
	(1201,'2017-05-30 11:12:47.627302','88','dlgkj',3,'',4,1),
	(1202,'2017-05-30 11:12:47.629458','136','Donald',3,'',4,1),
	(1203,'2017-05-30 11:12:47.631716','84','egjk',3,'',4,1),
	(1204,'2017-05-30 11:12:47.634114','91','egklhj',3,'',4,1),
	(1205,'2017-05-30 11:12:47.636589','90','eglkj',3,'',4,1),
	(1206,'2017-05-30 11:12:47.641033','96','fdiblvk',3,'',4,1),
	(1207,'2017-05-30 11:12:47.643348','127','fdkjbn',3,'',4,1),
	(1208,'2017-05-30 11:12:47.645583','95','fdpobjl',3,'',4,1),
	(1209,'2017-05-30 11:12:47.647755','129','fgjk',3,'',4,1),
	(1210,'2017-05-30 11:12:47.649873','85','fhljkgqlkjg',3,'',4,1),
	(1211,'2017-05-30 11:12:47.652281','93','fpdobjl',3,'',4,1),
	(1212,'2017-05-30 11:12:47.654703','134','gdfkjn',3,'',4,1),
	(1213,'2017-05-30 11:12:47.657488','132','knfgd',3,'',4,1),
	(1214,'2017-05-30 11:12:47.660249','133','ktrgn',3,'',4,1),
	(1215,'2017-05-30 11:12:47.662507','125','Liudmyla',3,'',4,1),
	(1216,'2017-05-30 11:12:47.664742','98','pdovj',3,'',4,1),
	(1217,'2017-05-30 11:12:47.666847','128','rgen',3,'',4,1),
	(1218,'2017-05-30 11:12:47.669221','89','sdgbjv',3,'',4,1),
	(1219,'2017-05-30 11:13:06.242031','124','aaa',3,'',4,1),
	(1220,'2017-05-30 11:13:06.244352','131','ava',3,'',4,1),
	(1221,'2017-05-30 11:13:06.246313','126','Avac',3,'',4,1),
	(1222,'2017-05-30 11:13:06.248893','79','dfgh',3,'',4,1),
	(1223,'2017-05-30 11:13:06.251009','82','dfklj',3,'',4,1),
	(1224,'2017-05-30 11:13:06.253275','94','dfpbu',3,'',4,1),
	(1225,'2017-05-30 11:13:06.255696','92','dglhv',3,'',4,1),
	(1226,'2017-05-30 11:13:06.257897','86','dglkj',3,'',4,1),
	(1227,'2017-05-30 11:13:06.260025','83','dkflj',3,'',4,1),
	(1228,'2017-05-30 11:13:06.262187','80','dlfkj',3,'',4,1),
	(1229,'2017-05-30 11:13:06.264520','88','dlgkj',3,'',4,1),
	(1230,'2017-05-30 11:13:06.266885','136','Donald',3,'',4,1),
	(1231,'2017-05-30 11:13:06.268873','84','egjk',3,'',4,1),
	(1232,'2017-05-30 11:13:06.271066','91','egklhj',3,'',4,1),
	(1233,'2017-05-30 11:13:06.273729','90','eglkj',3,'',4,1),
	(1234,'2017-05-30 11:13:06.275615','96','fdiblvk',3,'',4,1),
	(1235,'2017-05-30 11:13:06.277374','127','fdkjbn',3,'',4,1),
	(1236,'2017-05-30 11:13:06.279223','95','fdpobjl',3,'',4,1),
	(1237,'2017-05-30 11:13:06.281584','129','fgjk',3,'',4,1),
	(1238,'2017-05-30 11:13:06.283563','85','fhljkgqlkjg',3,'',4,1),
	(1239,'2017-05-30 11:13:06.285382','93','fpdobjl',3,'',4,1),
	(1240,'2017-05-30 11:13:06.287307','134','gdfkjn',3,'',4,1),
	(1241,'2017-05-30 11:13:06.289235','132','knfgd',3,'',4,1),
	(1242,'2017-05-30 11:13:06.290963','133','ktrgn',3,'',4,1),
	(1243,'2017-05-30 11:13:06.292956','125','Liudmyla',3,'',4,1),
	(1244,'2017-05-30 11:13:06.295313','98','pdovj',3,'',4,1),
	(1245,'2017-05-30 11:13:06.297641','128','rgen',3,'',4,1),
	(1246,'2017-05-30 11:13:06.299681','89','sdgbjv',3,'',4,1),
	(1247,'2017-05-30 11:25:26.159824','696','Destribution object',3,'',14,1),
	(1248,'2017-05-30 11:25:26.162143','695','Destribution object',3,'',14,1),
	(1249,'2017-05-30 11:25:26.164177','694','Destribution object',3,'',14,1),
	(1250,'2017-05-30 11:25:26.166802','693','Destribution object',3,'',14,1),
	(1251,'2017-05-30 11:25:26.169005','692','Destribution object',3,'',14,1),
	(1252,'2017-05-30 11:25:26.171050','691','Destribution object',3,'',14,1),
	(1253,'2017-05-30 11:25:26.173027','690','Destribution object',3,'',14,1),
	(1254,'2017-05-30 11:25:26.174807','689','Destribution object',3,'',14,1),
	(1255,'2017-05-30 11:25:26.176649','688','Destribution object',3,'',14,1),
	(1256,'2017-05-30 11:25:26.178748','687','Destribution object',3,'',14,1),
	(1257,'2017-05-30 11:25:26.180714','686','Destribution object',3,'',14,1),
	(1258,'2017-05-30 11:25:26.182819','685','Destribution object',3,'',14,1),
	(1259,'2017-05-30 11:25:26.185708','684','Destribution object',3,'',14,1),
	(1260,'2017-05-30 11:25:26.187563','683','Destribution object',3,'',14,1),
	(1261,'2017-05-30 11:25:26.189139','682','Destribution object',3,'',14,1),
	(1262,'2017-05-30 11:25:26.191064','681','Destribution object',3,'',14,1),
	(1263,'2017-05-30 11:25:26.192533','680','Destribution object',3,'',14,1),
	(1264,'2017-05-30 11:25:26.194141','679','Destribution object',3,'',14,1),
	(1265,'2017-05-30 11:25:26.196467','678','Destribution object',3,'',14,1),
	(1266,'2017-05-30 11:25:26.198789','677','Destribution object',3,'',14,1),
	(1267,'2017-05-30 11:25:26.201720','676','Destribution object',3,'',14,1),
	(1268,'2017-05-30 11:25:26.205239','675','Destribution object',3,'',14,1),
	(1269,'2017-05-30 11:25:26.207986','674','Destribution object',3,'',14,1),
	(1270,'2017-05-30 11:25:26.210290','673','Destribution object',3,'',14,1),
	(1271,'2017-05-30 11:25:26.212706','672','Destribution object',3,'',14,1),
	(1272,'2017-05-30 11:25:26.214849','671','Destribution object',3,'',14,1),
	(1273,'2017-05-30 11:25:26.217735','670','Destribution object',3,'',14,1),
	(1274,'2017-05-30 11:25:26.219846','669','Destribution object',3,'',14,1),
	(1275,'2017-05-30 11:25:46.179548','124','aaa',3,'',4,1),
	(1276,'2017-05-30 11:25:46.181819','131','ava',3,'',4,1),
	(1277,'2017-05-30 11:25:46.183531','126','Avac',3,'',4,1),
	(1278,'2017-05-30 11:25:46.185714','79','dfgh',3,'',4,1),
	(1279,'2017-05-30 11:25:46.188072','82','dfklj',3,'',4,1),
	(1280,'2017-05-30 11:25:46.190009','94','dfpbu',3,'',4,1),
	(1281,'2017-05-30 11:25:46.192258','92','dglhv',3,'',4,1),
	(1282,'2017-05-30 11:25:46.194150','86','dglkj',3,'',4,1),
	(1283,'2017-05-30 11:25:46.196057','83','dkflj',3,'',4,1),
	(1284,'2017-05-30 11:25:46.198284','80','dlfkj',3,'',4,1),
	(1285,'2017-05-30 11:25:46.200074','88','dlgkj',3,'',4,1),
	(1286,'2017-05-30 11:25:46.202602','136','Donald',3,'',4,1),
	(1287,'2017-05-30 11:25:46.205031','84','egjk',3,'',4,1),
	(1288,'2017-05-30 11:25:46.207039','91','egklhj',3,'',4,1),
	(1289,'2017-05-30 11:25:46.209438','90','eglkj',3,'',4,1),
	(1290,'2017-05-30 11:25:46.212435','96','fdiblvk',3,'',4,1),
	(1291,'2017-05-30 11:25:46.215118','127','fdkjbn',3,'',4,1),
	(1292,'2017-05-30 11:25:46.217292','95','fdpobjl',3,'',4,1),
	(1293,'2017-05-30 11:25:46.219454','129','fgjk',3,'',4,1),
	(1294,'2017-05-30 11:25:46.221711','85','fhljkgqlkjg',3,'',4,1),
	(1295,'2017-05-30 11:25:46.223983','93','fpdobjl',3,'',4,1),
	(1296,'2017-05-30 11:25:46.226348','134','gdfkjn',3,'',4,1),
	(1297,'2017-05-30 11:25:46.228490','132','knfgd',3,'',4,1),
	(1298,'2017-05-30 11:25:46.230618','133','ktrgn',3,'',4,1),
	(1299,'2017-05-30 11:25:46.232964','125','Liudmyla',3,'',4,1),
	(1300,'2017-05-30 11:25:46.235234','98','pdovj',3,'',4,1),
	(1301,'2017-05-30 11:25:46.237309','128','rgen',3,'',4,1),
	(1302,'2017-05-30 11:25:46.239073','89','sdgbjv',3,'',4,1),
	(1303,'2017-05-30 11:40:42.125646','724','Destribution object',3,'',14,1),
	(1304,'2017-05-30 11:40:42.128019','723','Destribution object',3,'',14,1),
	(1305,'2017-05-30 11:40:42.130624','722','Destribution object',3,'',14,1),
	(1306,'2017-05-30 11:40:42.132646','721','Destribution object',3,'',14,1),
	(1307,'2017-05-30 11:40:42.134457','720','Destribution object',3,'',14,1),
	(1308,'2017-05-30 11:40:42.136481','719','Destribution object',3,'',14,1),
	(1309,'2017-05-30 11:40:42.139195','718','Destribution object',3,'',14,1),
	(1310,'2017-05-30 11:40:42.142267','717','Destribution object',3,'',14,1),
	(1311,'2017-05-30 11:40:42.144543','716','Destribution object',3,'',14,1),
	(1312,'2017-05-30 11:40:42.146941','715','Destribution object',3,'',14,1),
	(1313,'2017-05-30 11:40:42.150616','714','Destribution object',3,'',14,1),
	(1314,'2017-05-30 11:40:42.153234','713','Destribution object',3,'',14,1),
	(1315,'2017-05-30 11:40:42.155585','712','Destribution object',3,'',14,1),
	(1316,'2017-05-30 11:40:42.158034','711','Destribution object',3,'',14,1),
	(1317,'2017-05-30 11:40:42.160478','710','Destribution object',3,'',14,1),
	(1318,'2017-05-30 11:40:42.162414','709','Destribution object',3,'',14,1),
	(1319,'2017-05-30 11:40:42.164529','708','Destribution object',3,'',14,1),
	(1320,'2017-05-30 11:40:42.166757','707','Destribution object',3,'',14,1),
	(1321,'2017-05-30 11:40:42.168467','706','Destribution object',3,'',14,1),
	(1322,'2017-05-30 11:40:42.170156','705','Destribution object',3,'',14,1),
	(1323,'2017-05-30 11:40:42.171664','704','Destribution object',3,'',14,1),
	(1324,'2017-05-30 11:40:42.174259','703','Destribution object',3,'',14,1),
	(1325,'2017-05-30 11:40:42.176140','702','Destribution object',3,'',14,1),
	(1326,'2017-05-30 11:40:42.178199','701','Destribution object',3,'',14,1),
	(1327,'2017-05-30 11:40:42.180543','700','Destribution object',3,'',14,1),
	(1328,'2017-05-30 11:40:42.182756','699','Destribution object',3,'',14,1),
	(1329,'2017-05-30 11:40:42.184971','698','Destribution object',3,'',14,1),
	(1330,'2017-05-30 11:40:42.187064','697','Destribution object',3,'',14,1),
	(1331,'2017-05-30 11:41:01.433017','124','aaa',3,'',4,1),
	(1332,'2017-05-30 11:41:01.435917','131','ava',3,'',4,1),
	(1333,'2017-05-30 11:41:01.448356','126','Avac',3,'',4,1),
	(1334,'2017-05-30 11:41:01.451148','79','dfgh',3,'',4,1),
	(1335,'2017-05-30 11:41:01.453218','94','dfpbu',3,'',4,1),
	(1336,'2017-05-30 11:41:01.455288','92','dglhv',3,'',4,1),
	(1337,'2017-05-30 11:41:01.456950','86','dglkj',3,'',4,1),
	(1338,'2017-05-30 11:41:01.458490','87','dgu',3,'',4,1),
	(1339,'2017-05-30 11:41:01.460037','80','dlfkj',3,'',4,1),
	(1340,'2017-05-30 11:41:01.462059','88','dlgkj',3,'',4,1),
	(1341,'2017-05-30 11:41:01.464169','136','Donald',3,'',4,1),
	(1342,'2017-05-30 11:41:01.466759','84','egjk',3,'',4,1),
	(1343,'2017-05-30 11:41:01.472719','91','egklhj',3,'',4,1),
	(1344,'2017-05-30 11:41:01.481938','90','eglkj',3,'',4,1),
	(1345,'2017-05-30 11:41:01.485891','97','fdbk',3,'',4,1),
	(1346,'2017-05-30 11:41:01.488838','96','fdiblvk',3,'',4,1),
	(1347,'2017-05-30 11:41:01.493842','127','fdkjbn',3,'',4,1),
	(1348,'2017-05-30 11:41:01.499188','95','fdpobjl',3,'',4,1),
	(1349,'2017-05-30 11:41:01.501600','129','fgjk',3,'',4,1),
	(1350,'2017-05-30 11:41:01.503733','85','fhljkgqlkjg',3,'',4,1),
	(1351,'2017-05-30 11:41:01.505433','93','fpdobjl',3,'',4,1),
	(1352,'2017-05-30 11:41:01.507606','132','knfgd',3,'',4,1),
	(1353,'2017-05-30 11:41:01.509740','133','ktrgn',3,'',4,1),
	(1354,'2017-05-30 11:41:01.512384','125','Liudmyla',3,'',4,1),
	(1355,'2017-05-30 11:41:01.515282','81','lkj',3,'',4,1),
	(1356,'2017-05-30 11:41:01.517730','98','pdovj',3,'',4,1),
	(1357,'2017-05-30 11:41:01.519798','128','rgen',3,'',4,1),
	(1358,'2017-05-30 11:41:01.521978','89','sdgbjv',3,'',4,1),
	(1359,'2017-05-30 11:44:14.824187','752','Destribution object',3,'',14,1),
	(1360,'2017-05-30 11:44:14.827275','751','Destribution object',3,'',14,1),
	(1361,'2017-05-30 11:44:14.829255','750','Destribution object',3,'',14,1),
	(1362,'2017-05-30 11:44:14.831381','749','Destribution object',3,'',14,1),
	(1363,'2017-05-30 11:44:14.833450','748','Destribution object',3,'',14,1),
	(1364,'2017-05-30 11:44:14.835242','747','Destribution object',3,'',14,1),
	(1365,'2017-05-30 11:44:14.837182','746','Destribution object',3,'',14,1),
	(1366,'2017-05-30 11:44:14.839102','745','Destribution object',3,'',14,1),
	(1367,'2017-05-30 11:44:14.841011','744','Destribution object',3,'',14,1),
	(1368,'2017-05-30 11:44:14.843319','743','Destribution object',3,'',14,1),
	(1369,'2017-05-30 11:44:14.845710','742','Destribution object',3,'',14,1),
	(1370,'2017-05-30 11:44:14.847782','741','Destribution object',3,'',14,1),
	(1371,'2017-05-30 11:44:14.849778','740','Destribution object',3,'',14,1),
	(1372,'2017-05-30 11:44:14.851760','739','Destribution object',3,'',14,1),
	(1373,'2017-05-30 11:44:14.853974','738','Destribution object',3,'',14,1),
	(1374,'2017-05-30 11:44:14.856130','737','Destribution object',3,'',14,1),
	(1375,'2017-05-30 11:44:14.858253','736','Destribution object',3,'',14,1),
	(1376,'2017-05-30 11:44:14.860264','735','Destribution object',3,'',14,1),
	(1377,'2017-05-30 11:44:14.862294','734','Destribution object',3,'',14,1),
	(1378,'2017-05-30 11:44:14.864602','733','Destribution object',3,'',14,1),
	(1379,'2017-05-30 11:44:14.866747','732','Destribution object',3,'',14,1),
	(1380,'2017-05-30 11:44:14.868796','731','Destribution object',3,'',14,1),
	(1381,'2017-05-30 11:44:14.870582','730','Destribution object',3,'',14,1),
	(1382,'2017-05-30 11:44:14.872551','729','Destribution object',3,'',14,1),
	(1383,'2017-05-30 11:44:14.874439','728','Destribution object',3,'',14,1),
	(1384,'2017-05-30 11:44:14.876786','727','Destribution object',3,'',14,1),
	(1385,'2017-05-30 11:44:14.879107','726','Destribution object',3,'',14,1),
	(1386,'2017-05-30 11:44:14.881459','725','Destribution object',3,'',14,1),
	(1387,'2017-05-30 11:44:37.399880','124','aaa',3,'',4,1),
	(1388,'2017-05-30 11:44:37.402179','131','ava',3,'',4,1),
	(1389,'2017-05-30 11:44:37.404281','126','Avac',3,'',4,1),
	(1390,'2017-05-30 11:44:37.406725','79','dfgh',3,'',4,1),
	(1391,'2017-05-30 11:44:37.408842','82','dfklj',3,'',4,1),
	(1392,'2017-05-30 11:44:37.410953','94','dfpbu',3,'',4,1),
	(1393,'2017-05-30 11:44:37.412846','92','dglhv',3,'',4,1),
	(1394,'2017-05-30 11:44:37.416954','86','dglkj',3,'',4,1),
	(1395,'2017-05-30 11:44:37.419851','83','dkflj',3,'',4,1),
	(1396,'2017-05-30 11:44:37.422025','80','dlfkj',3,'',4,1),
	(1397,'2017-05-30 11:44:37.424121','88','dlgkj',3,'',4,1),
	(1398,'2017-05-30 11:44:37.426112','136','Donald',3,'',4,1),
	(1399,'2017-05-30 11:44:37.428166','84','egjk',3,'',4,1),
	(1400,'2017-05-30 11:44:37.430608','91','egklhj',3,'',4,1),
	(1401,'2017-05-30 11:44:37.432677','90','eglkj',3,'',4,1),
	(1402,'2017-05-30 11:44:37.434752','96','fdiblvk',3,'',4,1),
	(1403,'2017-05-30 11:44:37.436785','127','fdkjbn',3,'',4,1),
	(1404,'2017-05-30 11:44:37.438812','95','fdpobjl',3,'',4,1),
	(1405,'2017-05-30 11:44:37.440964','129','fgjk',3,'',4,1),
	(1406,'2017-05-30 11:44:37.443231','85','fhljkgqlkjg',3,'',4,1),
	(1407,'2017-05-30 11:44:37.445264','93','fpdobjl',3,'',4,1),
	(1408,'2017-05-30 11:44:37.447323','134','gdfkjn',3,'',4,1),
	(1409,'2017-05-30 11:44:37.449541','132','knfgd',3,'',4,1),
	(1410,'2017-05-30 11:44:37.451763','133','ktrgn',3,'',4,1),
	(1411,'2017-05-30 11:44:37.453999','125','Liudmyla',3,'',4,1),
	(1412,'2017-05-30 11:44:37.456203','98','pdovj',3,'',4,1),
	(1413,'2017-05-30 11:44:37.458536','128','rgen',3,'',4,1),
	(1414,'2017-05-30 11:44:37.460758','89','sdgbjv',3,'',4,1),
	(1415,'2017-05-30 11:46:00.771339','780','Destribution object',3,'',14,1),
	(1416,'2017-05-30 11:46:00.774108','779','Destribution object',3,'',14,1),
	(1417,'2017-05-30 11:46:00.776223','778','Destribution object',3,'',14,1),
	(1418,'2017-05-30 11:46:00.778121','777','Destribution object',3,'',14,1),
	(1419,'2017-05-30 11:46:00.780111','776','Destribution object',3,'',14,1),
	(1420,'2017-05-30 11:46:00.782285','775','Destribution object',3,'',14,1),
	(1421,'2017-05-30 11:46:00.784534','774','Destribution object',3,'',14,1),
	(1422,'2017-05-30 11:46:00.787375','773','Destribution object',3,'',14,1),
	(1423,'2017-05-30 11:46:00.789323','772','Destribution object',3,'',14,1),
	(1424,'2017-05-30 11:46:00.791234','771','Destribution object',3,'',14,1),
	(1425,'2017-05-30 11:46:00.793024','770','Destribution object',3,'',14,1),
	(1426,'2017-05-30 11:46:00.794833','769','Destribution object',3,'',14,1),
	(1427,'2017-05-30 11:46:00.796715','768','Destribution object',3,'',14,1),
	(1428,'2017-05-30 11:46:00.798607','767','Destribution object',3,'',14,1),
	(1429,'2017-05-30 11:46:00.800561','766','Destribution object',3,'',14,1),
	(1430,'2017-05-30 11:46:00.803043','765','Destribution object',3,'',14,1),
	(1431,'2017-05-30 11:46:00.805112','764','Destribution object',3,'',14,1),
	(1432,'2017-05-30 11:46:00.806522','763','Destribution object',3,'',14,1),
	(1433,'2017-05-30 11:46:00.807964','762','Destribution object',3,'',14,1),
	(1434,'2017-05-30 11:46:00.810264','761','Destribution object',3,'',14,1),
	(1435,'2017-05-30 11:46:00.812036','760','Destribution object',3,'',14,1),
	(1436,'2017-05-30 11:46:00.814042','759','Destribution object',3,'',14,1),
	(1437,'2017-05-30 11:46:00.815986','758','Destribution object',3,'',14,1),
	(1438,'2017-05-30 11:46:00.817787','757','Destribution object',3,'',14,1),
	(1439,'2017-05-30 11:46:00.819892','756','Destribution object',3,'',14,1),
	(1440,'2017-05-30 11:46:00.821804','755','Destribution object',3,'',14,1),
	(1441,'2017-05-30 11:46:00.823766','754','Destribution object',3,'',14,1),
	(1442,'2017-05-30 11:46:00.825661','753','Destribution object',3,'',14,1),
	(1443,'2017-05-30 11:46:17.063020','124','aaa',3,'',4,1),
	(1444,'2017-05-30 11:46:17.064906','131','ava',3,'',4,1),
	(1445,'2017-05-30 11:46:17.066624','126','Avac',3,'',4,1),
	(1446,'2017-05-30 11:46:17.068428','79','dfgh',3,'',4,1),
	(1447,'2017-05-30 11:46:17.070421','82','dfklj',3,'',4,1),
	(1448,'2017-05-30 11:46:17.072597','94','dfpbu',3,'',4,1),
	(1449,'2017-05-30 11:46:17.075377','92','dglhv',3,'',4,1),
	(1450,'2017-05-30 11:46:17.077342','86','dglkj',3,'',4,1),
	(1451,'2017-05-30 11:46:17.079327','83','dkflj',3,'',4,1),
	(1452,'2017-05-30 11:46:17.081345','80','dlfkj',3,'',4,1),
	(1453,'2017-05-30 11:46:17.083386','88','dlgkj',3,'',4,1),
	(1454,'2017-05-30 11:46:17.085244','136','Donald',3,'',4,1),
	(1455,'2017-05-30 11:46:17.087204','84','egjk',3,'',4,1),
	(1456,'2017-05-30 11:46:17.089139','91','egklhj',3,'',4,1),
	(1457,'2017-05-30 11:46:17.091502','90','eglkj',3,'',4,1),
	(1458,'2017-05-30 11:46:17.093402','96','fdiblvk',3,'',4,1),
	(1459,'2017-05-30 11:46:17.095420','127','fdkjbn',3,'',4,1),
	(1460,'2017-05-30 11:46:17.097321','95','fdpobjl',3,'',4,1),
	(1461,'2017-05-30 11:46:17.099175','129','fgjk',3,'',4,1),
	(1462,'2017-05-30 11:46:17.100868','85','fhljkgqlkjg',3,'',4,1),
	(1463,'2017-05-30 11:46:17.102575','93','fpdobjl',3,'',4,1),
	(1464,'2017-05-30 11:46:17.104414','134','gdfkjn',3,'',4,1),
	(1465,'2017-05-30 11:46:17.106781','132','knfgd',3,'',4,1),
	(1466,'2017-05-30 11:46:17.108784','133','ktrgn',3,'',4,1),
	(1467,'2017-05-30 11:46:17.111261','125','Liudmyla',3,'',4,1),
	(1468,'2017-05-30 11:46:17.113620','98','pdovj',3,'',4,1),
	(1469,'2017-05-30 11:46:17.115711','128','rgen',3,'',4,1),
	(1470,'2017-05-30 11:46:17.117774','89','sdgbjv',3,'',4,1),
	(1471,'2017-05-30 11:47:56.176897','808','Destribution object',3,'',14,1),
	(1472,'2017-05-30 11:47:56.179208','807','Destribution object',3,'',14,1),
	(1473,'2017-05-30 11:47:56.181436','806','Destribution object',3,'',14,1),
	(1474,'2017-05-30 11:47:56.183441','805','Destribution object',3,'',14,1),
	(1475,'2017-05-30 11:47:56.186614','804','Destribution object',3,'',14,1),
	(1476,'2017-05-30 11:47:56.188576','803','Destribution object',3,'',14,1),
	(1477,'2017-05-30 11:47:56.191014','802','Destribution object',3,'',14,1),
	(1478,'2017-05-30 11:47:56.193247','801','Destribution object',3,'',14,1),
	(1479,'2017-05-30 11:47:56.195615','800','Destribution object',3,'',14,1),
	(1480,'2017-05-30 11:47:56.197796','799','Destribution object',3,'',14,1),
	(1481,'2017-05-30 11:47:56.199828','798','Destribution object',3,'',14,1),
	(1482,'2017-05-30 11:47:56.202125','797','Destribution object',3,'',14,1),
	(1483,'2017-05-30 11:47:56.204287','796','Destribution object',3,'',14,1),
	(1484,'2017-05-30 11:47:56.206359','795','Destribution object',3,'',14,1),
	(1485,'2017-05-30 11:47:56.208527','794','Destribution object',3,'',14,1),
	(1486,'2017-05-30 11:47:56.210806','793','Destribution object',3,'',14,1),
	(1487,'2017-05-30 11:47:56.212971','792','Destribution object',3,'',14,1),
	(1488,'2017-05-30 11:47:56.215012','791','Destribution object',3,'',14,1),
	(1489,'2017-05-30 11:47:56.216855','790','Destribution object',3,'',14,1),
	(1490,'2017-05-30 11:47:56.218887','789','Destribution object',3,'',14,1),
	(1491,'2017-05-30 11:47:56.220796','788','Destribution object',3,'',14,1),
	(1492,'2017-05-30 11:47:56.222776','787','Destribution object',3,'',14,1),
	(1493,'2017-05-30 11:47:56.224587','786','Destribution object',3,'',14,1),
	(1494,'2017-05-30 11:47:56.226568','785','Destribution object',3,'',14,1),
	(1495,'2017-05-30 11:47:56.228352','784','Destribution object',3,'',14,1),
	(1496,'2017-05-30 11:47:56.229732','783','Destribution object',3,'',14,1),
	(1497,'2017-05-30 11:47:56.231242','782','Destribution object',3,'',14,1),
	(1498,'2017-05-30 11:47:56.233066','781','Destribution object',3,'',14,1),
	(1499,'2017-05-30 11:48:13.105068','124','aaa',3,'',4,1),
	(1500,'2017-05-30 11:48:13.107106','131','ava',3,'',4,1),
	(1501,'2017-05-30 11:48:13.109178','126','Avac',3,'',4,1),
	(1502,'2017-05-30 11:48:13.111126','79','dfgh',3,'',4,1),
	(1503,'2017-05-30 11:48:13.113167','82','dfklj',3,'',4,1),
	(1504,'2017-05-30 11:48:13.114561','94','dfpbu',3,'',4,1),
	(1505,'2017-05-30 11:48:13.116522','92','dglhv',3,'',4,1),
	(1506,'2017-05-30 11:48:13.118824','86','dglkj',3,'',4,1),
	(1507,'2017-05-30 11:48:13.120784','83','dkflj',3,'',4,1),
	(1508,'2017-05-30 11:48:13.123071','80','dlfkj',3,'',4,1),
	(1509,'2017-05-30 11:48:13.125719','88','dlgkj',3,'',4,1),
	(1510,'2017-05-30 11:48:13.127891','136','Donald',3,'',4,1),
	(1511,'2017-05-30 11:48:13.129860','84','egjk',3,'',4,1),
	(1512,'2017-05-30 11:48:13.132013','91','egklhj',3,'',4,1),
	(1513,'2017-05-30 11:48:13.134352','90','eglkj',3,'',4,1),
	(1514,'2017-05-30 11:48:13.136353','96','fdiblvk',3,'',4,1),
	(1515,'2017-05-30 11:48:13.138317','127','fdkjbn',3,'',4,1),
	(1516,'2017-05-30 11:48:13.140113','95','fdpobjl',3,'',4,1),
	(1517,'2017-05-30 11:48:13.141933','129','fgjk',3,'',4,1),
	(1518,'2017-05-30 11:48:13.143809','85','fhljkgqlkjg',3,'',4,1),
	(1519,'2017-05-30 11:48:13.145746','93','fpdobjl',3,'',4,1),
	(1520,'2017-05-30 11:48:13.147684','134','gdfkjn',3,'',4,1),
	(1521,'2017-05-30 11:48:13.149693','132','knfgd',3,'',4,1),
	(1522,'2017-05-30 11:48:13.151919','133','ktrgn',3,'',4,1),
	(1523,'2017-05-30 11:48:13.153972','125','Liudmyla',3,'',4,1),
	(1524,'2017-05-30 11:48:13.156007','98','pdovj',3,'',4,1),
	(1525,'2017-05-30 11:48:13.157993','128','rgen',3,'',4,1),
	(1526,'2017-05-30 11:48:13.160018','89','sdgbjv',3,'',4,1);

/*!40000 ALTER TABLE `django_admin_log` ENABLE KEYS */;
UNLOCK TABLES;


DROP TABLE IF EXISTS `django_content_type`;

CREATE TABLE `django_content_type` (
  `id` int(11) NOT NULL AUTO_INCREMENT,
  `app_label` varchar(100) NOT NULL,
  `model` varchar(100) NOT NULL,
  PRIMARY KEY (`id`),
  UNIQUE KEY `django_content_type_app_label_76bd3d3b_uniq` (`app_label`,`model`)
) ENGINE=InnoDB DEFAULT CHARSET=latin1;

LOCK TABLES `django_content_type` WRITE;
/*!40000 ALTER TABLE `django_content_type` DISABLE KEYS */;

INSERT INTO `django_content_type` (`id`, `app_label`, `model`)
VALUES
	(34,'aboutus','aboutus'),
	(1,'admin','logentry'),
	(37,'afterSchool','reportcomments'),
	(36,'afterSchool','reportproject'),
	(15,'apply','applyapplication'),
	(14,'apply','destribution'),
	(17,'apply','projectpriority'),
	(16,'apply','testsapply'),
	(2,'auth','group'),
	(3,'auth','permission'),
	(4,'auth','user'),
	(35,'authtoken','token'),
	(19,'chat','message'),
	(20,'chat','room'),
	(5,'contenttypes','contenttype'),
	(18,'django_messages','message'),
	(21,'forum','forum'),
	(24,'forum_attachments','attachment'),
	(22,'forum_conversation','post'),
	(23,'forum_conversation','topic'),
	(30,'forum_member','forumprofile'),
	(32,'forum_permission','forumpermission'),
	(31,'forum_permission','groupforumpermission'),
	(33,'forum_permission','userforumpermission'),
	(25,'forum_polls','topicpoll'),
	(27,'forum_polls','topicpolloption'),
	(26,'forum_polls','topicpollvote'),
	(29,'forum_tracking','forumreadtrack'),
	(28,'forum_tracking','topicreadtrack'),
	(8,'news','news_paragraph'),
	(13,'projectsTestsQuestions','markforeachproject'),
	(12,'projectsTestsQuestions','project'),
	(9,'projectsTestsQuestions','project_news'),
	(11,'projectsTestsQuestions','subject'),
	(10,'projectsTestsQuestions','test'),
	(6,'sessions','session'),
	(7,'sites','site');

/*!40000 ALTER TABLE `django_content_type` ENABLE KEYS */;
UNLOCK TABLES;


DROP TABLE IF EXISTS `django_messages_message`;

CREATE TABLE `django_messages_message` (
  `id` int(11) NOT NULL AUTO_INCREMENT,
  `subject` varchar(140) NOT NULL DEFAULT '',
  `body` longtext NOT NULL,
  `sent_at` datetime(6) DEFAULT NULL,
  `read_at` datetime(6) DEFAULT NULL,
  `replied_at` datetime(6) DEFAULT NULL,
  `sender_deleted_at` datetime(6) DEFAULT NULL,
  `recipient_deleted_at` datetime(6) DEFAULT NULL,
  `parent_msg_id` int(11) DEFAULT NULL,
  `recipient_id` int(11) DEFAULT NULL,
  `sender_id` int(11) NOT NULL,
  PRIMARY KEY (`id`),
  KEY `django_mess_parent_msg_id_3a04ba96_fk_django_messages_message_id` (`parent_msg_id`),
  KEY `django_messages_message_recipient_id_bdfe9b23_fk_auth_user_id` (`recipient_id`),
  KEY `django_messages_message_sender_id_abbb5a51_fk_auth_user_id` (`sender_id`),
  CONSTRAINT `django_mess_parent_msg_id_3a04ba96_fk_django_messages_message_id` FOREIGN KEY (`parent_msg_id`) REFERENCES `django_messages_message` (`id`),
  CONSTRAINT `django_messages_message_recipient_id_bdfe9b23_fk_auth_user_id` FOREIGN KEY (`recipient_id`) REFERENCES `auth_user` (`id`),
  CONSTRAINT `django_messages_message_sender_id_abbb5a51_fk_auth_user_id` FOREIGN KEY (`sender_id`) REFERENCES `auth_user` (`id`)
) ENGINE=InnoDB DEFAULT CHARSET=utf8mb4;



DROP TABLE IF EXISTS `django_migrations`;

CREATE TABLE `django_migrations` (
  `id` int(11) NOT NULL AUTO_INCREMENT,
  `app` varchar(255) NOT NULL,
  `name` varchar(255) NOT NULL,
  `applied` datetime(6) NOT NULL,
  PRIMARY KEY (`id`)
) ENGINE=InnoDB DEFAULT CHARSET=latin1;

LOCK TABLES `django_migrations` WRITE;
/*!40000 ALTER TABLE `django_migrations` DISABLE KEYS */;

INSERT INTO `django_migrations` (`id`, `app`, `name`, `applied`)
VALUES
	(1,'contenttypes','0001_initial','2017-05-13 13:33:18.895716'),
	(2,'auth','0001_initial','2017-05-13 13:33:19.336861'),
	(3,'admin','0001_initial','2017-05-13 13:33:19.427420'),
	(4,'admin','0002_logentry_remove_auto_add','2017-05-13 13:33:19.508672'),
	(5,'projectsTestsQuestions','0001_initial','2017-05-13 13:33:20.087240'),
	(6,'apply','0001_initial','2017-05-13 13:33:20.456165'),
	(7,'contenttypes','0002_remove_content_type_name','2017-05-13 13:33:20.577055'),
	(8,'auth','0002_alter_permission_name_max_length','2017-05-13 13:33:20.619107'),
	(9,'auth','0003_alter_user_email_max_length','2017-05-13 13:33:20.664281'),
	(10,'auth','0004_alter_user_username_opts','2017-05-13 13:33:20.697230'),
	(11,'auth','0005_alter_user_last_login_null','2017-05-13 13:33:20.753721'),
	(12,'auth','0006_require_contenttypes_0002','2017-05-13 13:33:20.757229'),
	(13,'auth','0007_alter_validators_add_error_messages','2017-05-13 13:33:20.783185'),
	(14,'auth','0008_alter_user_username_max_length','2017-05-13 13:33:20.834079'),
	(15,'chat','0001_initial','2017-05-13 13:33:21.104060'),
	(16,'django_messages','0001_initial','2017-05-13 13:33:21.245666'),
	(17,'forum','0001_initial','2017-05-13 13:33:21.508347'),
	(18,'forum','0002_auto_20150725_0512','2017-05-13 13:33:21.518365'),
	(19,'forum','0003_remove_forum_is_active','2017-05-13 13:33:21.562241'),
	(20,'forum_conversation','0001_initial','2017-05-13 13:33:22.170566'),
	(21,'forum_attachments','0001_initial','2017-05-13 13:33:22.263286'),
	(22,'forum_conversation','0002_post_anonymous_key','2017-05-13 13:33:22.343933'),
	(23,'forum_conversation','0003_auto_20160228_2051','2017-05-13 13:33:22.384231'),
	(24,'forum_conversation','0004_auto_20160427_0502','2017-05-13 13:33:22.516514'),
	(25,'forum_conversation','0005_auto_20160607_0455','2017-05-13 13:33:22.703631'),
	(26,'forum_conversation','0006_post_enable_signature','2017-05-13 13:33:22.795077'),
	(27,'forum_conversation','0007_auto_20160903_0450','2017-05-13 13:33:23.065248'),
	(28,'forum_conversation','0008_auto_20160903_0512','2017-05-13 13:33:23.073747'),
	(29,'forum_conversation','0009_auto_20160925_2126','2017-05-13 13:33:23.117322'),
	(30,'forum_conversation','0010_auto_20170120_0224','2017-05-13 13:33:23.213507'),
	(31,'forum_member','0001_initial','2017-05-13 13:33:23.311116'),
	(32,'forum_member','0002_auto_20160225_0515','2017-05-13 13:33:23.349284'),
	(33,'forum_member','0003_auto_20160227_2122','2017-05-13 13:33:23.394241'),
	(34,'forum_permission','0001_initial','2017-05-13 13:33:23.866447'),
	(35,'forum_permission','0002_auto_20160607_0500','2017-05-13 13:33:24.223251'),
	(36,'forum_polls','0001_initial','2017-05-13 13:33:24.617696'),
	(37,'forum_polls','0002_auto_20151105_0029','2017-05-13 13:33:24.815870'),
	(38,'forum_tracking','0001_initial','2017-05-13 13:33:25.180526'),
	(39,'forum_tracking','0002_auto_20160607_0502','2017-05-13 13:33:25.377820'),
	(40,'news','0001_initial','2017-05-13 13:33:25.414239'),
	(41,'sessions','0001_initial','2017-05-13 13:33:25.466808'),
	(42,'sites','0001_initial','2017-05-13 13:33:25.497723'),
	(43,'sites','0002_alter_domain_unique','2017-05-13 13:33:25.531725'),
	(44,'chat','0002_auto_20170515_1552','2017-05-15 15:52:41.125744'),
	(45,'chat','0003_auto_20170515_1557','2017-05-15 15:57:10.829884'),
	(46,'aboutus','0001_initial','2017-05-15 15:59:14.685951'),
	(47,'chat','0004_auto_20170515_1559','2017-05-15 15:59:15.198167'),
	(48,'apply','0002_auto_20170516_2043','2017-05-16 20:43:31.400825'),
	(49,'chat','0005_auto_20170516_2043','2017-05-16 20:43:31.751612'),
	(50,'chat','0006_auto_20170516_2043','2017-05-16 20:43:44.435518'),
	(51,'chat','0007_auto_20170516_2208','2017-05-16 22:08:03.582032'),
	(52,'chat','0008_auto_20170518_1732','2017-05-18 17:32:55.064354'),
	(53,'projectsTestsQuestions','0002_project_news_date','2017-05-18 17:32:56.721601'),
	(54,'chat','0009_auto_20170518_1734','2017-05-18 17:34:26.128786'),
	(55,'projectsTestsQuestions','0003_auto_20170518_1734','2017-05-18 17:34:27.823012'),
	(56,'chat','0010_auto_20170519_0948','2017-05-19 09:48:41.983702'),
	(57,'chat','0011_auto_20170519_0949','2017-05-19 09:49:37.436125'),
	(58,'chat','0012_auto_20170521_1059','2017-05-21 10:59:54.193184'),
	(59,'authtoken','0001_initial','2017-05-23 11:06:08.877902'),
	(60,'authtoken','0002_auto_20160226_1747','2017-05-23 11:06:09.103091'),
	(61,'chat','0013_auto_20170523_1106','2017-05-23 11:06:19.335116'),
	(62,'chat','0014_auto_20170523_1125','2017-05-23 11:25:35.228172'),
	(63,'chat','0015_auto_20170523_1125','2017-05-24 12:57:26.124820'),
	(64,'chat','0016_auto_20170524_1257','2017-05-24 12:58:46.429559'),
	(65,'chat','0017_auto_20170524_1305','2017-05-24 13:06:01.442405'),
	(66,'chat','0018_auto_20170524_1349','2017-05-24 13:49:06.163518'),
	(67,'chat','0019_auto_20170524_1351','2017-05-24 13:51:59.396742'),
	(68,'chat','0020_auto_20170527_1502','2017-05-27 15:02:17.362844'),
	(69,'afterSchool','0001_initial','2017-05-27 15:02:50.510359'),
	(70,'chat','0021_auto_20170527_1502','2017-05-27 15:02:51.802565'),
	(71,'chat','0022_auto_20170527_1502','2017-05-27 15:03:02.798266'),
	(72,'chat','0023_auto_20170527_1508','2017-05-27 15:08:22.555900'),
	(73,'chat','0024_auto_20170527_1508','2017-05-27 15:08:32.328263'),
	(74,'chat','0025_auto_20170527_1508','2017-05-27 15:08:47.301727'),
	(75,'chat','0026_auto_20170527_1510','2017-05-27 15:10:47.535508'),
	(76,'afterSchool','0002_auto_20170527_1513','2017-05-27 15:13:37.417304'),
	(77,'chat','0027_auto_20170527_1513','2017-05-27 15:13:38.914528'),
	(78,'afterSchool','0003_auto_20170527_1513','2017-05-27 15:13:58.943173'),
	(79,'chat','0028_auto_20170527_1513','2017-05-27 15:14:00.464009'),
	(80,'afterSchool','0004_auto_20170528_1354','2017-05-28 13:54:49.651870'),
	(81,'chat','0029_auto_20170528_1354','2017-05-28 13:54:51.083773');

/*!40000 ALTER TABLE `django_migrations` ENABLE KEYS */;
UNLOCK TABLES;


DROP TABLE IF EXISTS `django_session`;

CREATE TABLE `django_session` (
  `session_key` varchar(40) NOT NULL,
  `session_data` longtext NOT NULL,
  `expire_date` datetime(6) NOT NULL,
  PRIMARY KEY (`session_key`),
  KEY `django_session_de54fa62` (`expire_date`)
) ENGINE=InnoDB DEFAULT CHARSET=latin1;

LOCK TABLES `django_session` WRITE;
/*!40000 ALTER TABLE `django_session` DISABLE KEYS */;

INSERT INTO `django_session` (`session_key`, `session_data`, `expire_date`)
VALUES
	('2dkejvl623chn7vp7mta75aqj1id2h2w','ZGU0ZjkxODAzM2IyODljZmYwMWE1ZjYwMzUyZTkwZWQ4YTJjYmYxOTp7Il9hbm9ueW1vdXNfZm9ydW1fa2V5IjoiNjI4ZGRmMDEyZGQ4NGE3YzkxNTNjNGI2YjZiMGZmODMifQ==','2017-06-06 14:54:56.114025'),
	('3r0mofubcn7ngakelulo9gi3d08fn2fa','NjU3MTlhNGM1OWZjOTJmNDliOWI4NWVkZjQ4MDU2NTBhYzlhNmY2ZTp7Il9hbm9ueW1vdXNfZm9ydW1fa2V5IjoiOGQ2NjY5NDc2ZDM5NGYyMTk4OGZlN2JkOTc5YjQ2NzIifQ==','2017-06-06 14:47:39.634828'),
	('5pfvkfkaud0zv7d3iq57uhh20eloti0o','M2ZiOTYzMzIxOTA5MTFhMDMwZTgwNmJmOWI4Mjc2OGYzMzAwNzRjMTp7Il9hbm9ueW1vdXNfZm9ydW1fa2V5IjoiOTIwMWM3NDliNWYwNDdkOTg3ZmNkNjRkNGJmNjY5OGUifQ==','2017-06-06 14:56:32.409383'),
	('5v5njfdm3ghi7e6zzxx5ke74hudkhnci','ZDczYjMxODlhN2IwMjk5NmI0YTZjNzU0ZjE2Y2Y2YmYzN2ZjMGQ0NTp7Il9hbm9ueW1vdXNfZm9ydW1fa2V5IjoiYjA2OTMyN2NjYTAyNDE5NjkzODMxZTZjYzE1YjNiODEifQ==','2017-06-06 14:50:20.912853'),
	('72sy3ukxiqucwjcuy9ipfm3mz1z0v2az','MDQ2N2U0ODdjMzY2MDQ2ZGYzMTkyYWMwYWY0NjhjYzM0NzdjYmRjZDp7Il9hbm9ueW1vdXNfZm9ydW1fa2V5IjoiMmRjMmRhNDNlYzljNDdhNmFiY2I4OTI1ZmJkOWI5NTYifQ==','2017-06-06 14:48:09.441077'),
	('b6nq898palb5vwiu2594k6cs8kqraz1z','YjY4NjA5YTM2NWM3MmI1ZmU3MDRkNGEwOGQ3NDJhZDM1YzEyNTM5Yjp7Il9hbm9ueW1vdXNfZm9ydW1fa2V5IjoiOWY3ZWFmMzk3NWQyNGZhMWFhNzVlYjBkOGYzOTE0YTUifQ==','2017-06-06 14:59:37.127870'),
	('chn001298bb39641bd1c3fc16e76d09c','ODdiYTU2MGI3Y2JjN2MyNzE0Mjk5OGM3M2M5MmFhYmM3ZDgzMWIxMjp7Il9hdXRoX3VzZXJfaGFzaCI6IjljMjRiZDc3NzYwZmNjMDFhN2E0YmMyMGM3OGI3NzFlZWRmYjg5OWUiLCJfYXV0aF91c2VyX2JhY2tlbmQiOiJkamFuZ28uY29udHJpYi5hdXRoLmJhY2tlbmRzLk1vZGVsQmFja2VuZCIsIl9hdXRoX3VzZXJfaWQiOiIxMzYiLCJyb29tcyI6Wzc5MTM2XX0=','2017-06-07 17:28:49.460018'),
	('chn003becde849cb8ce69e46a1bbe1e7','Yzg1NzcyZjFiNmRjMGEyZWQ3NDdlYWI0NDNhZWY3OTkyMTIyYTc4YTp7Il9hdXRoX3VzZXJfaGFzaCI6IjEyMmVhYzJhMWUwNmE3ZjZiNmJiMTM0NWZkOGYyZDk1NWYyMmQyZjQiLCJfYXV0aF91c2VyX2JhY2tlbmQiOiJkamFuZ28uY29udHJpYi5hdXRoLmJhY2tlbmRzLk1vZGVsQmFja2VuZCIsIl9hdXRoX3VzZXJfaWQiOiI3OSIsInJvb21zIjpbMTM2NzldfQ==','2017-06-04 15:32:17.729121'),
	('chn004a97a0c2cdef41349ead2b01378','Yzg1NzcyZjFiNmRjMGEyZWQ3NDdlYWI0NDNhZWY3OTkyMTIyYTc4YTp7Il9hdXRoX3VzZXJfaGFzaCI6IjEyMmVhYzJhMWUwNmE3ZjZiNmJiMTM0NWZkOGYyZDk1NWYyMmQyZjQiLCJfYXV0aF91c2VyX2JhY2tlbmQiOiJkamFuZ28uY29udHJpYi5hdXRoLmJhY2tlbmRzLk1vZGVsQmFja2VuZCIsIl9hdXRoX3VzZXJfaWQiOiI3OSIsInJvb21zIjpbMTM2NzldfQ==','2017-06-05 12:08:46.442755'),
	('chn00536eddd695491cb3376e92ab02f','Yzg1NzcyZjFiNmRjMGEyZWQ3NDdlYWI0NDNhZWY3OTkyMTIyYTc4YTp7Il9hdXRoX3VzZXJfaGFzaCI6IjEyMmVhYzJhMWUwNmE3ZjZiNmJiMTM0NWZkOGYyZDk1NWYyMmQyZjQiLCJfYXV0aF91c2VyX2JhY2tlbmQiOiJkamFuZ28uY29udHJpYi5hdXRoLmJhY2tlbmRzLk1vZGVsQmFja2VuZCIsIl9hdXRoX3VzZXJfaWQiOiI3OSIsInJvb21zIjpbMTM2NzldfQ==','2017-06-04 12:48:35.967703'),
	('chn00cde8294cf3acd003749ccba3c3e','ODM1NzVjNmQzMDNhNWU3NzNkYjZhYzNjOThjOTYzZGJiYWQ0OTAyMTp7Il9hdXRoX3VzZXJfaGFzaCI6IjEyMmVhYzJhMWUwNmE3ZjZiNmJiMTM0NWZkOGYyZDk1NWYyMmQyZjQiLCJfYXV0aF91c2VyX2lkIjoiNzkiLCJfYXV0aF91c2VyX2JhY2tlbmQiOiJkamFuZ28uY29udHJpYi5hdXRoLmJhY2tlbmRzLk1vZGVsQmFja2VuZCJ9','2017-06-04 10:32:11.239353'),
	('chn00e9205df1e8ee5262ff9e3cdc91a','NTBlZTczNjMxMTQ1NzY4NmNmNTM2YTFlNGU4MWQxZjYzOWY1MTA0NDp7Il9hdXRoX3VzZXJfaGFzaCI6IjEyMmVhYzJhMWUwNmE3ZjZiNmJiMTM0NWZkOGYyZDk1NWYyMmQyZjQiLCJfYXV0aF91c2VyX2lkIjoiNzkiLCJfYXV0aF91c2VyX2JhY2tlbmQiOiJkamFuZ28uY29udHJpYi5hdXRoLmJhY2tlbmRzLk1vZGVsQmFja2VuZCIsInJvb21zIjpbXX0=','2017-06-02 13:41:46.760412'),
	('chn0173593bc33eaf4c5d86398e21fee','YmEwZWE5MjNhNGQyMmI2N2MzOTAwMjdhYzc2MjZlYWZjNDFmNTk2ZTp7Il9hdXRoX3VzZXJfaGFzaCI6IjljMjRiZDc3NzYwZmNjMDFhN2E0YmMyMGM3OGI3NzFlZWRmYjg5OWUiLCJfYXV0aF91c2VyX2JhY2tlbmQiOiJkamFuZ28uY29udHJpYi5hdXRoLmJhY2tlbmRzLk1vZGVsQmFja2VuZCIsIl9hdXRoX3VzZXJfaWQiOiIxMzYiLCJyb29tcyI6WzEzNjc5XX0=','2017-06-05 11:51:55.646843'),
	('chn01c31b7be89ce2bebfbb645dee689','ZjY2OGY3MDdmNTI4ODk5Nzg5Y2VkNjhkOWM4ODJlMmVhZjUzMDk3Mzp7Il9hdXRoX3VzZXJfaGFzaCI6IjJhNDUyZDYwZDRjMGFkMzg2YjFiNjczYmQ5YTNiNzYzMDY0NWJkNGQiLCJfYXV0aF91c2VyX2lkIjoiMSIsIl9hdXRoX3VzZXJfYmFja2VuZCI6ImRqYW5nby5jb250cmliLmF1dGguYmFja2VuZHMuTW9kZWxCYWNrZW5kIiwicm9vbXMiOltdfQ==','2017-05-27 16:40:38.096970'),
	('chn01d00ec508c1a6ea34b6e9aed5508','YTk3ZTQ0NzQ3NTY2YzI4MWJlMzJiMGFhMzdjNWYzOTI5MGYyMzg0Zjp7InJvb21zIjpbXX0=','2017-05-27 14:22:23.407219'),
	('chn02317f7576ae96a85dcb8114d082a','YmEwZWE5MjNhNGQyMmI2N2MzOTAwMjdhYzc2MjZlYWZjNDFmNTk2ZTp7Il9hdXRoX3VzZXJfaGFzaCI6IjljMjRiZDc3NzYwZmNjMDFhN2E0YmMyMGM3OGI3NzFlZWRmYjg5OWUiLCJfYXV0aF91c2VyX2JhY2tlbmQiOiJkamFuZ28uY29udHJpYi5hdXRoLmJhY2tlbmRzLk1vZGVsQmFja2VuZCIsIl9hdXRoX3VzZXJfaWQiOiIxMzYiLCJyb29tcyI6WzEzNjc5XX0=','2017-06-05 12:32:52.549811'),
	('chn02434b3f8206c7502c6400b78bd82','ZjNiYmY3M2MzODMwMzczYWMxNWZlNGQ1ZDNiM2RhYWY1OGNiYTM0NTp7Il9hdXRoX3VzZXJfaGFzaCI6IjljMjRiZDc3NzYwZmNjMDFhN2E0YmMyMGM3OGI3NzFlZWRmYjg5OWUiLCJfYXV0aF91c2VyX2JhY2tlbmQiOiJkamFuZ28uY29udHJpYi5hdXRoLmJhY2tlbmRzLk1vZGVsQmFja2VuZCIsIl9hdXRoX3VzZXJfaWQiOiIxMzYiLCJyb29tcyI6WzFdfQ==','2017-06-05 12:24:34.019334'),
	('chn0461a0d98ae3b14e1f29a676f325a','NzEwNGUxY2FkOWY2NmNlMDAyYzc3MzdmNDk1NzRlNTVlNWU4Y2IwNjp7fQ==','2017-06-06 15:06:14.812167'),
	('chn04ca638fc54a0a61ad24192a7749a','ODI2NWFhM2Q5OGI3YjllODJhZTM0ZTFkMWJjYTA5MGIyOTgzMmUwMTp7Il9hdXRoX3VzZXJfaGFzaCI6IjEyMmVhYzJhMWUwNmE3ZjZiNmJiMTM0NWZkOGYyZDk1NWYyMmQyZjQiLCJfYXV0aF91c2VyX2JhY2tlbmQiOiJkamFuZ28uY29udHJpYi5hdXRoLmJhY2tlbmRzLk1vZGVsQmFja2VuZCIsIl9hdXRoX3VzZXJfaWQiOiI3OSIsInJvb21zIjpbNzkxMzZdfQ==','2017-06-08 13:34:17.250692'),
	('chn053092982e692d4ee62cdff1b9f22','YmEwZWE5MjNhNGQyMmI2N2MzOTAwMjdhYzc2MjZlYWZjNDFmNTk2ZTp7Il9hdXRoX3VzZXJfaGFzaCI6IjljMjRiZDc3NzYwZmNjMDFhN2E0YmMyMGM3OGI3NzFlZWRmYjg5OWUiLCJfYXV0aF91c2VyX2JhY2tlbmQiOiJkamFuZ28uY29udHJpYi5hdXRoLmJhY2tlbmRzLk1vZGVsQmFja2VuZCIsIl9hdXRoX3VzZXJfaWQiOiIxMzYiLCJyb29tcyI6WzEzNjc5XX0=','2017-06-04 13:07:46.363552'),
	('chn054d629b818464ab9452426ea82b9','NWE1ZDkyOGJkYTE4MWQ5ZTk2ZTYwMzM2OGMxNDllZWI5NWQ5NGFiNDp7Il9hdXRoX3VzZXJfaGFzaCI6IjljMjRiZDc3NzYwZmNjMDFhN2E0YmMyMGM3OGI3NzFlZWRmYjg5OWUiLCJfYXV0aF91c2VyX2lkIjoiMTM2IiwiX2F1dGhfdXNlcl9iYWNrZW5kIjoiZGphbmdvLmNvbnRyaWIuYXV0aC5iYWNrZW5kcy5Nb2RlbEJhY2tlbmQiLCJyb29tcyI6W119','2017-06-04 12:08:09.859696'),
	('chn0559b50139b67da3972054c28be78','YTk3ZTQ0NzQ3NTY2YzI4MWJlMzJiMGFhMzdjNWYzOTI5MGYyMzg0Zjp7InJvb21zIjpbXX0=','2017-06-05 18:23:48.165104'),
	('chn05c59980021a2b345ca19360d04c6','YTk3ZTQ0NzQ3NTY2YzI4MWJlMzJiMGFhMzdjNWYzOTI5MGYyMzg0Zjp7InJvb21zIjpbXX0=','2017-06-06 10:26:21.485251'),
	('chn05cef339ccf601a30bd92a2eda375','ODI2NWFhM2Q5OGI3YjllODJhZTM0ZTFkMWJjYTA5MGIyOTgzMmUwMTp7Il9hdXRoX3VzZXJfaGFzaCI6IjEyMmVhYzJhMWUwNmE3ZjZiNmJiMTM0NWZkOGYyZDk1NWYyMmQyZjQiLCJfYXV0aF91c2VyX2JhY2tlbmQiOiJkamFuZ28uY29udHJpYi5hdXRoLmJhY2tlbmRzLk1vZGVsQmFja2VuZCIsIl9hdXRoX3VzZXJfaWQiOiI3OSIsInJvb21zIjpbNzkxMzZdfQ==','2017-06-07 19:05:38.123064'),
	('chn060c9b6cc648655245a3f056594d4','YmEwZWE5MjNhNGQyMmI2N2MzOTAwMjdhYzc2MjZlYWZjNDFmNTk2ZTp7Il9hdXRoX3VzZXJfaGFzaCI6IjljMjRiZDc3NzYwZmNjMDFhN2E0YmMyMGM3OGI3NzFlZWRmYjg5OWUiLCJfYXV0aF91c2VyX2JhY2tlbmQiOiJkamFuZ28uY29udHJpYi5hdXRoLmJhY2tlbmRzLk1vZGVsQmFja2VuZCIsIl9hdXRoX3VzZXJfaWQiOiIxMzYiLCJyb29tcyI6WzEzNjc5XX0=','2017-06-05 10:58:18.463046'),
	('chn0690f75575ec2005662bcdca80729','ODI2NWFhM2Q5OGI3YjllODJhZTM0ZTFkMWJjYTA5MGIyOTgzMmUwMTp7Il9hdXRoX3VzZXJfaGFzaCI6IjEyMmVhYzJhMWUwNmE3ZjZiNmJiMTM0NWZkOGYyZDk1NWYyMmQyZjQiLCJfYXV0aF91c2VyX2JhY2tlbmQiOiJkamFuZ28uY29udHJpYi5hdXRoLmJhY2tlbmRzLk1vZGVsQmFja2VuZCIsIl9hdXRoX3VzZXJfaWQiOiI3OSIsInJvb21zIjpbNzkxMzZdfQ==','2017-06-07 19:06:56.261408'),
	('chn06f56520435c3117a8688e36b8deb','Yzg1NzcyZjFiNmRjMGEyZWQ3NDdlYWI0NDNhZWY3OTkyMTIyYTc4YTp7Il9hdXRoX3VzZXJfaGFzaCI6IjEyMmVhYzJhMWUwNmE3ZjZiNmJiMTM0NWZkOGYyZDk1NWYyMmQyZjQiLCJfYXV0aF91c2VyX2JhY2tlbmQiOiJkamFuZ28uY29udHJpYi5hdXRoLmJhY2tlbmRzLk1vZGVsQmFja2VuZCIsIl9hdXRoX3VzZXJfaWQiOiI3OSIsInJvb21zIjpbMTM2NzldfQ==','2017-06-04 15:43:37.361714'),
	('chn06ffd428eb8dfab4f74657f263acb','YmEwZWE5MjNhNGQyMmI2N2MzOTAwMjdhYzc2MjZlYWZjNDFmNTk2ZTp7Il9hdXRoX3VzZXJfaGFzaCI6IjljMjRiZDc3NzYwZmNjMDFhN2E0YmMyMGM3OGI3NzFlZWRmYjg5OWUiLCJfYXV0aF91c2VyX2JhY2tlbmQiOiJkamFuZ28uY29udHJpYi5hdXRoLmJhY2tlbmRzLk1vZGVsQmFja2VuZCIsIl9hdXRoX3VzZXJfaWQiOiIxMzYiLCJyb29tcyI6WzEzNjc5XX0=','2017-06-05 15:19:44.474272'),
	('chn081c35ae40ec88ede0e6519abdaf0','NzEwNGUxY2FkOWY2NmNlMDAyYzc3MzdmNDk1NzRlNTVlNWU4Y2IwNjp7fQ==','2017-06-06 15:07:38.822771'),
	('chn088628519af2d9003ca4dc9321de0','YTk3ZTQ0NzQ3NTY2YzI4MWJlMzJiMGFhMzdjNWYzOTI5MGYyMzg0Zjp7InJvb21zIjpbXX0=','2017-06-06 10:41:33.322696'),
	('chn08e6ae0aea7ee6fa6fad051273e7b','YmEwZWE5MjNhNGQyMmI2N2MzOTAwMjdhYzc2MjZlYWZjNDFmNTk2ZTp7Il9hdXRoX3VzZXJfaGFzaCI6IjljMjRiZDc3NzYwZmNjMDFhN2E0YmMyMGM3OGI3NzFlZWRmYjg5OWUiLCJfYXV0aF91c2VyX2JhY2tlbmQiOiJkamFuZ28uY29udHJpYi5hdXRoLmJhY2tlbmRzLk1vZGVsQmFja2VuZCIsIl9hdXRoX3VzZXJfaWQiOiIxMzYiLCJyb29tcyI6WzEzNjc5XX0=','2017-06-04 23:01:10.468785'),
	('chn08f18a96394023ccd0b9983afff0a','Yzg1NzcyZjFiNmRjMGEyZWQ3NDdlYWI0NDNhZWY3OTkyMTIyYTc4YTp7Il9hdXRoX3VzZXJfaGFzaCI6IjEyMmVhYzJhMWUwNmE3ZjZiNmJiMTM0NWZkOGYyZDk1NWYyMmQyZjQiLCJfYXV0aF91c2VyX2JhY2tlbmQiOiJkamFuZ28uY29udHJpYi5hdXRoLmJhY2tlbmRzLk1vZGVsQmFja2VuZCIsIl9hdXRoX3VzZXJfaWQiOiI3OSIsInJvb21zIjpbMTM2NzldfQ==','2017-06-04 12:36:37.540980'),
	('chn08feb2da73f84c3145abaca5410fd','ZjNiYmY3M2MzODMwMzczYWMxNWZlNGQ1ZDNiM2RhYWY1OGNiYTM0NTp7Il9hdXRoX3VzZXJfaGFzaCI6IjljMjRiZDc3NzYwZmNjMDFhN2E0YmMyMGM3OGI3NzFlZWRmYjg5OWUiLCJfYXV0aF91c2VyX2JhY2tlbmQiOiJkamFuZ28uY29udHJpYi5hdXRoLmJhY2tlbmRzLk1vZGVsQmFja2VuZCIsIl9hdXRoX3VzZXJfaWQiOiIxMzYiLCJyb29tcyI6WzFdfQ==','2017-06-04 22:52:00.880046'),
	('chn098e3a95d2cf931aa9c90d8f79165','ODI2NWFhM2Q5OGI3YjllODJhZTM0ZTFkMWJjYTA5MGIyOTgzMmUwMTp7Il9hdXRoX3VzZXJfaGFzaCI6IjEyMmVhYzJhMWUwNmE3ZjZiNmJiMTM0NWZkOGYyZDk1NWYyMmQyZjQiLCJfYXV0aF91c2VyX2JhY2tlbmQiOiJkamFuZ28uY29udHJpYi5hdXRoLmJhY2tlbmRzLk1vZGVsQmFja2VuZCIsIl9hdXRoX3VzZXJfaWQiOiI3OSIsInJvb21zIjpbNzkxMzZdfQ==','2017-06-07 18:36:31.206309'),
	('chn0a20e06ada11f615a7bd3ee26c085','NzEwNGUxY2FkOWY2NmNlMDAyYzc3MzdmNDk1NzRlNTVlNWU4Y2IwNjp7fQ==','2017-06-06 14:10:42.850324'),
	('chn0a3aa5c86a037d0cf7c7e9c27b18d','ODI2NWFhM2Q5OGI3YjllODJhZTM0ZTFkMWJjYTA5MGIyOTgzMmUwMTp7Il9hdXRoX3VzZXJfaGFzaCI6IjEyMmVhYzJhMWUwNmE3ZjZiNmJiMTM0NWZkOGYyZDk1NWYyMmQyZjQiLCJfYXV0aF91c2VyX2JhY2tlbmQiOiJkamFuZ28uY29udHJpYi5hdXRoLmJhY2tlbmRzLk1vZGVsQmFja2VuZCIsIl9hdXRoX3VzZXJfaWQiOiI3OSIsInJvb21zIjpbNzkxMzZdfQ==','2017-06-08 12:57:05.951698'),
	('chn0a4b36c950eff13c93acc402d34bd','NzEwNGUxY2FkOWY2NmNlMDAyYzc3MzdmNDk1NzRlNTVlNWU4Y2IwNjp7fQ==','2017-06-06 15:07:19.236795'),
	('chn0a79ae2fb6298f1cb51ea12a90593','YmEwZWE5MjNhNGQyMmI2N2MzOTAwMjdhYzc2MjZlYWZjNDFmNTk2ZTp7Il9hdXRoX3VzZXJfaGFzaCI6IjljMjRiZDc3NzYwZmNjMDFhN2E0YmMyMGM3OGI3NzFlZWRmYjg5OWUiLCJfYXV0aF91c2VyX2JhY2tlbmQiOiJkamFuZ28uY29udHJpYi5hdXRoLmJhY2tlbmRzLk1vZGVsQmFja2VuZCIsIl9hdXRoX3VzZXJfaWQiOiIxMzYiLCJyb29tcyI6WzEzNjc5XX0=','2017-06-05 12:44:48.472618'),
	('chn0a9a3cceb8dc2efe9babe0b5b0bd2','ZjNiYmY3M2MzODMwMzczYWMxNWZlNGQ1ZDNiM2RhYWY1OGNiYTM0NTp7Il9hdXRoX3VzZXJfaGFzaCI6IjljMjRiZDc3NzYwZmNjMDFhN2E0YmMyMGM3OGI3NzFlZWRmYjg5OWUiLCJfYXV0aF91c2VyX2JhY2tlbmQiOiJkamFuZ28uY29udHJpYi5hdXRoLmJhY2tlbmRzLk1vZGVsQmFja2VuZCIsIl9hdXRoX3VzZXJfaWQiOiIxMzYiLCJyb29tcyI6WzFdfQ==','2017-06-05 12:27:58.556016'),
	('chn0b3dcede26f708cf3db0b73b76e0a','ZjNiYmY3M2MzODMwMzczYWMxNWZlNGQ1ZDNiM2RhYWY1OGNiYTM0NTp7Il9hdXRoX3VzZXJfaGFzaCI6IjljMjRiZDc3NzYwZmNjMDFhN2E0YmMyMGM3OGI3NzFlZWRmYjg5OWUiLCJfYXV0aF91c2VyX2JhY2tlbmQiOiJkamFuZ28uY29udHJpYi5hdXRoLmJhY2tlbmRzLk1vZGVsQmFja2VuZCIsIl9hdXRoX3VzZXJfaWQiOiIxMzYiLCJyb29tcyI6WzFdfQ==','2017-06-05 12:42:50.027616'),
	('chn0b46330e7e7d0847ffe9166b0ce07','NzEwNGUxY2FkOWY2NmNlMDAyYzc3MzdmNDk1NzRlNTVlNWU4Y2IwNjp7fQ==','2017-06-06 14:11:45.835771'),
	('chn0b4ecd05d572c83302322f1676451','ZjhlYTUwMzA3ZWEyMjE5MTA2YzJkZDk2YTc4YmMxMDFlMWI5YWJjNTp7Il9hdXRoX3VzZXJfaGFzaCI6IjEyMmVhYzJhMWUwNmE3ZjZiNmJiMTM0NWZkOGYyZDk1NWYyMmQyZjQiLCJfYXV0aF91c2VyX2JhY2tlbmQiOiJkamFuZ28uY29udHJpYi5hdXRoLmJhY2tlbmRzLk1vZGVsQmFja2VuZCIsIl9hdXRoX3VzZXJfaWQiOiI3OSIsInJvb21zIjpbMV19','2017-06-08 17:22:42.149731'),
	('chn0bf1aa278d2cef3a86498847bed0b','NTBlZTczNjMxMTQ1NzY4NmNmNTM2YTFlNGU4MWQxZjYzOWY1MTA0NDp7Il9hdXRoX3VzZXJfaGFzaCI6IjEyMmVhYzJhMWUwNmE3ZjZiNmJiMTM0NWZkOGYyZDk1NWYyMmQyZjQiLCJfYXV0aF91c2VyX2lkIjoiNzkiLCJfYXV0aF91c2VyX2JhY2tlbmQiOiJkamFuZ28uY29udHJpYi5hdXRoLmJhY2tlbmRzLk1vZGVsQmFja2VuZCIsInJvb21zIjpbXX0=','2017-06-06 10:42:21.248496'),
	('chn0c3b2ad4bf84791c7b395df372508','NWE1ZDkyOGJkYTE4MWQ5ZTk2ZTYwMzM2OGMxNDllZWI5NWQ5NGFiNDp7Il9hdXRoX3VzZXJfaGFzaCI6IjljMjRiZDc3NzYwZmNjMDFhN2E0YmMyMGM3OGI3NzFlZWRmYjg5OWUiLCJfYXV0aF91c2VyX2lkIjoiMTM2IiwiX2F1dGhfdXNlcl9iYWNrZW5kIjoiZGphbmdvLmNvbnRyaWIuYXV0aC5iYWNrZW5kcy5Nb2RlbEJhY2tlbmQiLCJyb29tcyI6W119','2017-06-07 18:30:17.171637'),
	('chn0c9394d75099ecef79808a2a582cc','ZjY2OGY3MDdmNTI4ODk5Nzg5Y2VkNjhkOWM4ODJlMmVhZjUzMDk3Mzp7Il9hdXRoX3VzZXJfaGFzaCI6IjJhNDUyZDYwZDRjMGFkMzg2YjFiNjczYmQ5YTNiNzYzMDY0NWJkNGQiLCJfYXV0aF91c2VyX2lkIjoiMSIsIl9hdXRoX3VzZXJfYmFja2VuZCI6ImRqYW5nby5jb250cmliLmF1dGguYmFja2VuZHMuTW9kZWxCYWNrZW5kIiwicm9vbXMiOltdfQ==','2017-05-27 16:16:27.098626'),
	('chn0cc7becee288383813b5309d37bc9','NTBlZTczNjMxMTQ1NzY4NmNmNTM2YTFlNGU4MWQxZjYzOWY1MTA0NDp7Il9hdXRoX3VzZXJfaGFzaCI6IjEyMmVhYzJhMWUwNmE3ZjZiNmJiMTM0NWZkOGYyZDk1NWYyMmQyZjQiLCJfYXV0aF91c2VyX2lkIjoiNzkiLCJfYXV0aF91c2VyX2JhY2tlbmQiOiJkamFuZ28uY29udHJpYi5hdXRoLmJhY2tlbmRzLk1vZGVsQmFja2VuZCIsInJvb21zIjpbXX0=','2017-06-02 13:42:53.959445'),
	('chn0cca480d69532bf5cadeb2a2d3654','ODM1NzVjNmQzMDNhNWU3NzNkYjZhYzNjOThjOTYzZGJiYWQ0OTAyMTp7Il9hdXRoX3VzZXJfaGFzaCI6IjEyMmVhYzJhMWUwNmE3ZjZiNmJiMTM0NWZkOGYyZDk1NWYyMmQyZjQiLCJfYXV0aF91c2VyX2lkIjoiNzkiLCJfYXV0aF91c2VyX2JhY2tlbmQiOiJkamFuZ28uY29udHJpYi5hdXRoLmJhY2tlbmRzLk1vZGVsQmFja2VuZCJ9','2017-06-04 10:31:52.601160'),
	('chn0d6a8aba98a80ba03edc0d04f33c3','YmEwZWE5MjNhNGQyMmI2N2MzOTAwMjdhYzc2MjZlYWZjNDFmNTk2ZTp7Il9hdXRoX3VzZXJfaGFzaCI6IjljMjRiZDc3NzYwZmNjMDFhN2E0YmMyMGM3OGI3NzFlZWRmYjg5OWUiLCJfYXV0aF91c2VyX2JhY2tlbmQiOiJkamFuZ28uY29udHJpYi5hdXRoLmJhY2tlbmRzLk1vZGVsQmFja2VuZCIsIl9hdXRoX3VzZXJfaWQiOiIxMzYiLCJyb29tcyI6WzEzNjc5XX0=','2017-06-04 15:52:48.205763'),
	('chn0dd0a2ca01f6fc801b353bad01273','NTBlZTczNjMxMTQ1NzY4NmNmNTM2YTFlNGU4MWQxZjYzOWY1MTA0NDp7Il9hdXRoX3VzZXJfaGFzaCI6IjEyMmVhYzJhMWUwNmE3ZjZiNmJiMTM0NWZkOGYyZDk1NWYyMmQyZjQiLCJfYXV0aF91c2VyX2lkIjoiNzkiLCJfYXV0aF91c2VyX2JhY2tlbmQiOiJkamFuZ28uY29udHJpYi5hdXRoLmJhY2tlbmRzLk1vZGVsQmFja2VuZCIsInJvb21zIjpbXX0=','2017-06-02 14:43:59.203192'),
	('chn0e51b1d804737d812fd5ec733eb4e','ZmZmNDljZmY3NWM3NjVhODNjMTM3YmExYTkwZTcyZTkyZDU5OTIxNDp7Il9hdXRoX3VzZXJfaGFzaCI6IjEyMmVhYzJhMWUwNmE3ZjZiNmJiMTM0NWZkOGYyZDk1NWYyMmQyZjQiLCJfYXV0aF91c2VyX2JhY2tlbmQiOiJkamFuZ28uY29udHJpYi5hdXRoLmJhY2tlbmRzLk1vZGVsQmFja2VuZCIsIl9hdXRoX3VzZXJfaWQiOiI3OSIsInJvb21zIjpbNzk5MF19','2017-06-08 13:10:29.194750'),
	('chn0f2c7f04646f78dc0edd296a11a14','ZmZmNDljZmY3NWM3NjVhODNjMTM3YmExYTkwZTcyZTkyZDU5OTIxNDp7Il9hdXRoX3VzZXJfaGFzaCI6IjEyMmVhYzJhMWUwNmE3ZjZiNmJiMTM0NWZkOGYyZDk1NWYyMmQyZjQiLCJfYXV0aF91c2VyX2JhY2tlbmQiOiJkamFuZ28uY29udHJpYi5hdXRoLmJhY2tlbmRzLk1vZGVsQmFja2VuZCIsIl9hdXRoX3VzZXJfaWQiOiI3OSIsInJvb21zIjpbNzk5MF19','2017-06-08 12:57:34.213791'),
	('chn0f39acdb112024e69cb1f34e4d319','OTk5ZDM2MzgwMzBkZDhmMTg1MzBhMDk3NTE2NGYzMzMyYzJlMGE2NTp7Il9hdXRoX3VzZXJfaGFzaCI6IjVkMmM5YWIzMDc3MzM3NzNiOTI3NTIwZGExNjJhNzhlMWYwOTM2OWUiLCJfYXV0aF91c2VyX2lkIjoiODMiLCJfYXV0aF91c2VyX2JhY2tlbmQiOiJkamFuZ28uY29udHJpYi5hdXRoLmJhY2tlbmRzLk1vZGVsQmFja2VuZCIsInJvb21zIjpbXX0=','2017-06-02 13:43:52.427861'),
	('chn10b27107b5c0dbdf889d6cc9dd013','YmEwZWE5MjNhNGQyMmI2N2MzOTAwMjdhYzc2MjZlYWZjNDFmNTk2ZTp7Il9hdXRoX3VzZXJfaGFzaCI6IjljMjRiZDc3NzYwZmNjMDFhN2E0YmMyMGM3OGI3NzFlZWRmYjg5OWUiLCJfYXV0aF91c2VyX2JhY2tlbmQiOiJkamFuZ28uY29udHJpYi5hdXRoLmJhY2tlbmRzLk1vZGVsQmFja2VuZCIsIl9hdXRoX3VzZXJfaWQiOiIxMzYiLCJyb29tcyI6WzEzNjc5XX0=','2017-06-04 23:45:50.043023'),
	('chn10bb39bda5717350ebef3f54be638','ZjNiYmY3M2MzODMwMzczYWMxNWZlNGQ1ZDNiM2RhYWY1OGNiYTM0NTp7Il9hdXRoX3VzZXJfaGFzaCI6IjljMjRiZDc3NzYwZmNjMDFhN2E0YmMyMGM3OGI3NzFlZWRmYjg5OWUiLCJfYXV0aF91c2VyX2JhY2tlbmQiOiJkamFuZ28uY29udHJpYi5hdXRoLmJhY2tlbmRzLk1vZGVsQmFja2VuZCIsIl9hdXRoX3VzZXJfaWQiOiIxMzYiLCJyb29tcyI6WzFdfQ==','2017-06-05 12:23:32.467218'),
	('chn10bb7155de202c31260b332952f8c','YmEwZWE5MjNhNGQyMmI2N2MzOTAwMjdhYzc2MjZlYWZjNDFmNTk2ZTp7Il9hdXRoX3VzZXJfaGFzaCI6IjljMjRiZDc3NzYwZmNjMDFhN2E0YmMyMGM3OGI3NzFlZWRmYjg5OWUiLCJfYXV0aF91c2VyX2JhY2tlbmQiOiJkamFuZ28uY29udHJpYi5hdXRoLmJhY2tlbmRzLk1vZGVsQmFja2VuZCIsIl9hdXRoX3VzZXJfaWQiOiIxMzYiLCJyb29tcyI6WzEzNjc5XX0=','2017-06-05 11:29:26.662117'),
	('chn10ef6a268b07bf0ff91edff14b252','YmEwZWE5MjNhNGQyMmI2N2MzOTAwMjdhYzc2MjZlYWZjNDFmNTk2ZTp7Il9hdXRoX3VzZXJfaGFzaCI6IjljMjRiZDc3NzYwZmNjMDFhN2E0YmMyMGM3OGI3NzFlZWRmYjg5OWUiLCJfYXV0aF91c2VyX2JhY2tlbmQiOiJkamFuZ28uY29udHJpYi5hdXRoLmJhY2tlbmRzLk1vZGVsQmFja2VuZCIsIl9hdXRoX3VzZXJfaWQiOiIxMzYiLCJyb29tcyI6WzEzNjc5XX0=','2017-06-05 10:58:12.230236'),
	('chn10f21962e73a756f2d30830af02ca','ODdiYTU2MGI3Y2JjN2MyNzE0Mjk5OGM3M2M5MmFhYmM3ZDgzMWIxMjp7Il9hdXRoX3VzZXJfaGFzaCI6IjljMjRiZDc3NzYwZmNjMDFhN2E0YmMyMGM3OGI3NzFlZWRmYjg5OWUiLCJfYXV0aF91c2VyX2JhY2tlbmQiOiJkamFuZ28uY29udHJpYi5hdXRoLmJhY2tlbmRzLk1vZGVsQmFja2VuZCIsIl9hdXRoX3VzZXJfaWQiOiIxMzYiLCJyb29tcyI6Wzc5MTM2XX0=','2017-06-07 17:41:34.760114'),
	('chn1151b1d6bb63b73b9a5cc73208acc','ODI2NWFhM2Q5OGI3YjllODJhZTM0ZTFkMWJjYTA5MGIyOTgzMmUwMTp7Il9hdXRoX3VzZXJfaGFzaCI6IjEyMmVhYzJhMWUwNmE3ZjZiNmJiMTM0NWZkOGYyZDk1NWYyMmQyZjQiLCJfYXV0aF91c2VyX2JhY2tlbmQiOiJkamFuZ28uY29udHJpYi5hdXRoLmJhY2tlbmRzLk1vZGVsQmFja2VuZCIsIl9hdXRoX3VzZXJfaWQiOiI3OSIsInJvb21zIjpbNzkxMzZdfQ==','2017-06-07 13:49:06.015445'),
	('chn11b2d44b467c7a19d8b37a363624f','Yzg1NzcyZjFiNmRjMGEyZWQ3NDdlYWI0NDNhZWY3OTkyMTIyYTc4YTp7Il9hdXRoX3VzZXJfaGFzaCI6IjEyMmVhYzJhMWUwNmE3ZjZiNmJiMTM0NWZkOGYyZDk1NWYyMmQyZjQiLCJfYXV0aF91c2VyX2JhY2tlbmQiOiJkamFuZ28uY29udHJpYi5hdXRoLmJhY2tlbmRzLk1vZGVsQmFja2VuZCIsIl9hdXRoX3VzZXJfaWQiOiI3OSIsInJvb21zIjpbMTM2NzldfQ==','2017-06-05 18:29:29.832494'),
	('chn11d059536d37f66181a50b08f20ee','YmEwZWE5MjNhNGQyMmI2N2MzOTAwMjdhYzc2MjZlYWZjNDFmNTk2ZTp7Il9hdXRoX3VzZXJfaGFzaCI6IjljMjRiZDc3NzYwZmNjMDFhN2E0YmMyMGM3OGI3NzFlZWRmYjg5OWUiLCJfYXV0aF91c2VyX2JhY2tlbmQiOiJkamFuZ28uY29udHJpYi5hdXRoLmJhY2tlbmRzLk1vZGVsQmFja2VuZCIsIl9hdXRoX3VzZXJfaWQiOiIxMzYiLCJyb29tcyI6WzEzNjc5XX0=','2017-06-04 22:56:50.842610'),
	('chn11e520560e177c9a52ff6031f2bbd','NzEwNGUxY2FkOWY2NmNlMDAyYzc3MzdmNDk1NzRlNTVlNWU4Y2IwNjp7fQ==','2017-06-05 22:45:33.180914'),
	('chn128a802c2959edefa0d8f0aa1808a','NTBlZTczNjMxMTQ1NzY4NmNmNTM2YTFlNGU4MWQxZjYzOWY1MTA0NDp7Il9hdXRoX3VzZXJfaGFzaCI6IjEyMmVhYzJhMWUwNmE3ZjZiNmJiMTM0NWZkOGYyZDk1NWYyMmQyZjQiLCJfYXV0aF91c2VyX2lkIjoiNzkiLCJfYXV0aF91c2VyX2JhY2tlbmQiOiJkamFuZ28uY29udHJpYi5hdXRoLmJhY2tlbmRzLk1vZGVsQmFja2VuZCIsInJvb21zIjpbXX0=','2017-06-03 14:52:43.761554'),
	('chn12df5a801dd9ac16686548ef8df58','YTc0ZTczNDAxNmYyOTZmYWJjNzAyOTY1MWRhM2Q3NzIxMzI2ZDQxNDp7Il9hdXRoX3VzZXJfaGFzaCI6IjVkMmM5YWIzMDc3MzM3NzNiOTI3NTIwZGExNjJhNzhlMWYwOTM2OWUiLCJfYXV0aF91c2VyX2JhY2tlbmQiOiJkamFuZ28uY29udHJpYi5hdXRoLmJhY2tlbmRzLk1vZGVsQmFja2VuZCIsIl9hdXRoX3VzZXJfaWQiOiI4MyIsInJvb21zIjpbMTM2ODBdfQ==','2017-06-02 15:03:46.463727'),
	('chn12efe2819d99e9ec3e7d640882262','NTBlZTczNjMxMTQ1NzY4NmNmNTM2YTFlNGU4MWQxZjYzOWY1MTA0NDp7Il9hdXRoX3VzZXJfaGFzaCI6IjEyMmVhYzJhMWUwNmE3ZjZiNmJiMTM0NWZkOGYyZDk1NWYyMmQyZjQiLCJfYXV0aF91c2VyX2lkIjoiNzkiLCJfYXV0aF91c2VyX2JhY2tlbmQiOiJkamFuZ28uY29udHJpYi5hdXRoLmJhY2tlbmRzLk1vZGVsQmFja2VuZCIsInJvb21zIjpbXX0=','2017-06-02 13:44:33.771499'),
	('chn1345a8caa6f8c162415749b3d6e93','Yzg1NzcyZjFiNmRjMGEyZWQ3NDdlYWI0NDNhZWY3OTkyMTIyYTc4YTp7Il9hdXRoX3VzZXJfaGFzaCI6IjEyMmVhYzJhMWUwNmE3ZjZiNmJiMTM0NWZkOGYyZDk1NWYyMmQyZjQiLCJfYXV0aF91c2VyX2JhY2tlbmQiOiJkamFuZ28uY29udHJpYi5hdXRoLmJhY2tlbmRzLk1vZGVsQmFja2VuZCIsIl9hdXRoX3VzZXJfaWQiOiI3OSIsInJvb21zIjpbMTM2NzldfQ==','2017-06-04 12:30:24.891723'),
	('chn1362e9b7ce0f31744b806fcd0cc4a','NTBlZTczNjMxMTQ1NzY4NmNmNTM2YTFlNGU4MWQxZjYzOWY1MTA0NDp7Il9hdXRoX3VzZXJfaGFzaCI6IjEyMmVhYzJhMWUwNmE3ZjZiNmJiMTM0NWZkOGYyZDk1NWYyMmQyZjQiLCJfYXV0aF91c2VyX2lkIjoiNzkiLCJfYXV0aF91c2VyX2JhY2tlbmQiOiJkamFuZ28uY29udHJpYi5hdXRoLmJhY2tlbmRzLk1vZGVsQmFja2VuZCIsInJvb21zIjpbXX0=','2017-06-02 10:03:06.748832'),
	('chn143284b1202fe916713d8e1b5561f','YTc0ZTczNDAxNmYyOTZmYWJjNzAyOTY1MWRhM2Q3NzIxMzI2ZDQxNDp7Il9hdXRoX3VzZXJfaGFzaCI6IjVkMmM5YWIzMDc3MzM3NzNiOTI3NTIwZGExNjJhNzhlMWYwOTM2OWUiLCJfYXV0aF91c2VyX2JhY2tlbmQiOiJkamFuZ28uY29udHJpYi5hdXRoLmJhY2tlbmRzLk1vZGVsQmFja2VuZCIsIl9hdXRoX3VzZXJfaWQiOiI4MyIsInJvb21zIjpbMTM2ODBdfQ==','2017-06-02 15:00:13.988280'),
	('chn14490c28ab95e60491870ca40935c','NzEwNGUxY2FkOWY2NmNlMDAyYzc3MzdmNDk1NzRlNTVlNWU4Y2IwNjp7fQ==','2017-06-05 23:05:52.846253'),
	('chn14a3d751c8db7e8977137da287be9','ZTVhZmFlZDlhZDg2MTY1NTJiNWJkNGZjNzgwYjNhNDQ5MzEyZmFjMTp7Il9hdXRoX3VzZXJfaGFzaCI6IjJmYWI1MzQ0YTMzNzE0ZTZhYzRjZTg0ZjJkOWViNjI5OTNiY2I0MTIiLCJfYXV0aF91c2VyX2JhY2tlbmQiOiJkamFuZ28uY29udHJpYi5hdXRoLmJhY2tlbmRzLk1vZGVsQmFja2VuZCIsIl9hdXRoX3VzZXJfaWQiOiI3OSIsInJvb21zIjpbMTM2NzldfQ==','2017-05-31 09:47:35.901218'),
	('chn15244a08cd091d64d1661c25f8c07','Yzg1NzcyZjFiNmRjMGEyZWQ3NDdlYWI0NDNhZWY3OTkyMTIyYTc4YTp7Il9hdXRoX3VzZXJfaGFzaCI6IjEyMmVhYzJhMWUwNmE3ZjZiNmJiMTM0NWZkOGYyZDk1NWYyMmQyZjQiLCJfYXV0aF91c2VyX2JhY2tlbmQiOiJkamFuZ28uY29udHJpYi5hdXRoLmJhY2tlbmRzLk1vZGVsQmFja2VuZCIsIl9hdXRoX3VzZXJfaWQiOiI3OSIsInJvb21zIjpbMTM2NzldfQ==','2017-06-05 22:40:28.705626'),
	('chn156a247a46f2a40a7fb748f18e779','ODI2NWFhM2Q5OGI3YjllODJhZTM0ZTFkMWJjYTA5MGIyOTgzMmUwMTp7Il9hdXRoX3VzZXJfaGFzaCI6IjEyMmVhYzJhMWUwNmE3ZjZiNmJiMTM0NWZkOGYyZDk1NWYyMmQyZjQiLCJfYXV0aF91c2VyX2JhY2tlbmQiOiJkamFuZ28uY29udHJpYi5hdXRoLmJhY2tlbmRzLk1vZGVsQmFja2VuZCIsIl9hdXRoX3VzZXJfaWQiOiI3OSIsInJvb21zIjpbNzkxMzZdfQ==','2017-06-07 18:57:38.187876'),
	('chn15f9bbe334ac1e7e58807842e0af4','NTA2MmFmOGY0M2FmYzg4MWE2YmVkMDNkNmRhM2YwMWQ0ZTMxNWI0Mjp7Il9hdXRoX3VzZXJfaGFzaCI6Ijc5ZTFmNjA3YjYwOGU1ZDljY2FkNjUyYzFmOWE3ZDM5NDcyYjU3NmMiLCJfYXV0aF91c2VyX2JhY2tlbmQiOiJkamFuZ28uY29udHJpYi5hdXRoLmJhY2tlbmRzLk1vZGVsQmFja2VuZCIsIl9hdXRoX3VzZXJfaWQiOiI3OSIsInJvb21zIjpbNzkxMzZdfQ==','2017-06-11 12:55:25.729581'),
	('chn163676de9c081ce42cae2ed6c204e','OTk5ZDM2MzgwMzBkZDhmMTg1MzBhMDk3NTE2NGYzMzMyYzJlMGE2NTp7Il9hdXRoX3VzZXJfaGFzaCI6IjVkMmM5YWIzMDc3MzM3NzNiOTI3NTIwZGExNjJhNzhlMWYwOTM2OWUiLCJfYXV0aF91c2VyX2lkIjoiODMiLCJfYXV0aF91c2VyX2JhY2tlbmQiOiJkamFuZ28uY29udHJpYi5hdXRoLmJhY2tlbmRzLk1vZGVsQmFja2VuZCIsInJvb21zIjpbXX0=','2017-06-02 13:41:40.172808'),
	('chn16af7d00825d9a25654fafe0d841d','ODI2NWFhM2Q5OGI3YjllODJhZTM0ZTFkMWJjYTA5MGIyOTgzMmUwMTp7Il9hdXRoX3VzZXJfaGFzaCI6IjEyMmVhYzJhMWUwNmE3ZjZiNmJiMTM0NWZkOGYyZDk1NWYyMmQyZjQiLCJfYXV0aF91c2VyX2JhY2tlbmQiOiJkamFuZ28uY29udHJpYi5hdXRoLmJhY2tlbmRzLk1vZGVsQmFja2VuZCIsIl9hdXRoX3VzZXJfaWQiOiI3OSIsInJvb21zIjpbNzkxMzZdfQ==','2017-06-08 13:34:41.534353'),
	('chn175b35cf30b506a17c6094e51e72f','ZjY2OGY3MDdmNTI4ODk5Nzg5Y2VkNjhkOWM4ODJlMmVhZjUzMDk3Mzp7Il9hdXRoX3VzZXJfaGFzaCI6IjJhNDUyZDYwZDRjMGFkMzg2YjFiNjczYmQ5YTNiNzYzMDY0NWJkNGQiLCJfYXV0aF91c2VyX2lkIjoiMSIsIl9hdXRoX3VzZXJfYmFja2VuZCI6ImRqYW5nby5jb250cmliLmF1dGguYmFja2VuZHMuTW9kZWxCYWNrZW5kIiwicm9vbXMiOltdfQ==','2017-05-27 20:04:27.568971'),
	('chn18edfdfbd853ca251e4c0e2ac083d','YmEwZWE5MjNhNGQyMmI2N2MzOTAwMjdhYzc2MjZlYWZjNDFmNTk2ZTp7Il9hdXRoX3VzZXJfaGFzaCI6IjljMjRiZDc3NzYwZmNjMDFhN2E0YmMyMGM3OGI3NzFlZWRmYjg5OWUiLCJfYXV0aF91c2VyX2JhY2tlbmQiOiJkamFuZ28uY29udHJpYi5hdXRoLmJhY2tlbmRzLk1vZGVsQmFja2VuZCIsIl9hdXRoX3VzZXJfaWQiOiIxMzYiLCJyb29tcyI6WzEzNjc5XX0=','2017-06-05 18:21:30.510699'),
	('chn19aa1f9eef1ea43208a41dc5c3e5c','YmEwZWE5MjNhNGQyMmI2N2MzOTAwMjdhYzc2MjZlYWZjNDFmNTk2ZTp7Il9hdXRoX3VzZXJfaGFzaCI6IjljMjRiZDc3NzYwZmNjMDFhN2E0YmMyMGM3OGI3NzFlZWRmYjg5OWUiLCJfYXV0aF91c2VyX2JhY2tlbmQiOiJkamFuZ28uY29udHJpYi5hdXRoLmJhY2tlbmRzLk1vZGVsQmFja2VuZCIsIl9hdXRoX3VzZXJfaWQiOiIxMzYiLCJyb29tcyI6WzEzNjc5XX0=','2017-06-04 12:19:17.057822'),
	('chn1a3bd59e461fda3bd751a9915423a','YTk3ZTQ0NzQ3NTY2YzI4MWJlMzJiMGFhMzdjNWYzOTI5MGYyMzg0Zjp7InJvb21zIjpbXX0=','2017-06-05 18:19:10.538554'),
	('chn1a612d4c201768fabad53e290fbea','ODI2NWFhM2Q5OGI3YjllODJhZTM0ZTFkMWJjYTA5MGIyOTgzMmUwMTp7Il9hdXRoX3VzZXJfaGFzaCI6IjEyMmVhYzJhMWUwNmE3ZjZiNmJiMTM0NWZkOGYyZDk1NWYyMmQyZjQiLCJfYXV0aF91c2VyX2JhY2tlbmQiOiJkamFuZ28uY29udHJpYi5hdXRoLmJhY2tlbmRzLk1vZGVsQmFja2VuZCIsIl9hdXRoX3VzZXJfaWQiOiI3OSIsInJvb21zIjpbNzkxMzZdfQ==','2017-06-07 15:58:33.795984'),
	('chn1a887bb7dc75078de5806a7d6a49a','ODI2NWFhM2Q5OGI3YjllODJhZTM0ZTFkMWJjYTA5MGIyOTgzMmUwMTp7Il9hdXRoX3VzZXJfaGFzaCI6IjEyMmVhYzJhMWUwNmE3ZjZiNmJiMTM0NWZkOGYyZDk1NWYyMmQyZjQiLCJfYXV0aF91c2VyX2JhY2tlbmQiOiJkamFuZ28uY29udHJpYi5hdXRoLmJhY2tlbmRzLk1vZGVsQmFja2VuZCIsIl9hdXRoX3VzZXJfaWQiOiI3OSIsInJvb21zIjpbNzkxMzZdfQ==','2017-06-07 13:38:29.325670'),
	('chn1aab8c4c001b57a409a426eb3223d','YmEwZWE5MjNhNGQyMmI2N2MzOTAwMjdhYzc2MjZlYWZjNDFmNTk2ZTp7Il9hdXRoX3VzZXJfaGFzaCI6IjljMjRiZDc3NzYwZmNjMDFhN2E0YmMyMGM3OGI3NzFlZWRmYjg5OWUiLCJfYXV0aF91c2VyX2JhY2tlbmQiOiJkamFuZ28uY29udHJpYi5hdXRoLmJhY2tlbmRzLk1vZGVsQmFja2VuZCIsIl9hdXRoX3VzZXJfaWQiOiIxMzYiLCJyb29tcyI6WzEzNjc5XX0=','2017-06-05 23:06:22.801057'),
	('chn1ab91590ce8763eb69396491aa2c3','YmEwZWE5MjNhNGQyMmI2N2MzOTAwMjdhYzc2MjZlYWZjNDFmNTk2ZTp7Il9hdXRoX3VzZXJfaGFzaCI6IjljMjRiZDc3NzYwZmNjMDFhN2E0YmMyMGM3OGI3NzFlZWRmYjg5OWUiLCJfYXV0aF91c2VyX2JhY2tlbmQiOiJkamFuZ28uY29udHJpYi5hdXRoLmJhY2tlbmRzLk1vZGVsQmFja2VuZCIsIl9hdXRoX3VzZXJfaWQiOiIxMzYiLCJyb29tcyI6WzEzNjc5XX0=','2017-06-05 12:31:49.376297'),
	('chn1af8f330dca40931ec119c0255a20','ZmI0YzQwYzNiMmM1MDYwYjdiY2NiNjAyZWRlYzlhNTQ1NTc3NGRhZjp7Il9hdXRoX3VzZXJfaGFzaCI6IjEyMmVhYzJhMWUwNmE3ZjZiNmJiMTM0NWZkOGYyZDk1NWYyMmQyZjQiLCJfYXV0aF91c2VyX2JhY2tlbmQiOiJkamFuZ28uY29udHJpYi5hdXRoLmJhY2tlbmRzLk1vZGVsQmFja2VuZCIsIl9hdXRoX3VzZXJfaWQiOiI3OSIsInJvb21zIjpbNzk3OV19','2017-06-08 17:01:19.440140'),
	('chn1b21827e191148346c6b7c2e1ba15','ODI2NWFhM2Q5OGI3YjllODJhZTM0ZTFkMWJjYTA5MGIyOTgzMmUwMTp7Il9hdXRoX3VzZXJfaGFzaCI6IjEyMmVhYzJhMWUwNmE3ZjZiNmJiMTM0NWZkOGYyZDk1NWYyMmQyZjQiLCJfYXV0aF91c2VyX2JhY2tlbmQiOiJkamFuZ28uY29udHJpYi5hdXRoLmJhY2tlbmRzLk1vZGVsQmFja2VuZCIsIl9hdXRoX3VzZXJfaWQiOiI3OSIsInJvb21zIjpbNzkxMzZdfQ==','2017-06-07 16:27:22.278634'),
	('chn1b87074337b72ee683822d5959973','ZjNiYmY3M2MzODMwMzczYWMxNWZlNGQ1ZDNiM2RhYWY1OGNiYTM0NTp7Il9hdXRoX3VzZXJfaGFzaCI6IjljMjRiZDc3NzYwZmNjMDFhN2E0YmMyMGM3OGI3NzFlZWRmYjg5OWUiLCJfYXV0aF91c2VyX2JhY2tlbmQiOiJkamFuZ28uY29udHJpYi5hdXRoLmJhY2tlbmRzLk1vZGVsQmFja2VuZCIsIl9hdXRoX3VzZXJfaWQiOiIxMzYiLCJyb29tcyI6WzFdfQ==','2017-06-05 12:25:11.327681'),
	('chn1bd4256de65e6ac58ef887b09c9a1','YmEwZWE5MjNhNGQyMmI2N2MzOTAwMjdhYzc2MjZlYWZjNDFmNTk2ZTp7Il9hdXRoX3VzZXJfaGFzaCI6IjljMjRiZDc3NzYwZmNjMDFhN2E0YmMyMGM3OGI3NzFlZWRmYjg5OWUiLCJfYXV0aF91c2VyX2JhY2tlbmQiOiJkamFuZ28uY29udHJpYi5hdXRoLmJhY2tlbmRzLk1vZGVsQmFja2VuZCIsIl9hdXRoX3VzZXJfaWQiOiIxMzYiLCJyb29tcyI6WzEzNjc5XX0=','2017-06-04 23:34:41.208774'),
	('chn1bfda3b02aa6cbc06e7ebb6e58d3c','YmEwZWE5MjNhNGQyMmI2N2MzOTAwMjdhYzc2MjZlYWZjNDFmNTk2ZTp7Il9hdXRoX3VzZXJfaGFzaCI6IjljMjRiZDc3NzYwZmNjMDFhN2E0YmMyMGM3OGI3NzFlZWRmYjg5OWUiLCJfYXV0aF91c2VyX2JhY2tlbmQiOiJkamFuZ28uY29udHJpYi5hdXRoLmJhY2tlbmRzLk1vZGVsQmFja2VuZCIsIl9hdXRoX3VzZXJfaWQiOiIxMzYiLCJyb29tcyI6WzEzNjc5XX0=','2017-06-04 23:36:00.805890'),
	('chn1c72db0b9b78c0bfd469d10e9028e','YmEwZWE5MjNhNGQyMmI2N2MzOTAwMjdhYzc2MjZlYWZjNDFmNTk2ZTp7Il9hdXRoX3VzZXJfaGFzaCI6IjljMjRiZDc3NzYwZmNjMDFhN2E0YmMyMGM3OGI3NzFlZWRmYjg5OWUiLCJfYXV0aF91c2VyX2JhY2tlbmQiOiJkamFuZ28uY29udHJpYi5hdXRoLmJhY2tlbmRzLk1vZGVsQmFja2VuZCIsIl9hdXRoX3VzZXJfaWQiOiIxMzYiLCJyb29tcyI6WzEzNjc5XX0=','2017-06-05 12:32:05.328495'),
	('chn1cab1404551f4837fed63fffce4d3','ODM1NzVjNmQzMDNhNWU3NzNkYjZhYzNjOThjOTYzZGJiYWQ0OTAyMTp7Il9hdXRoX3VzZXJfaGFzaCI6IjEyMmVhYzJhMWUwNmE3ZjZiNmJiMTM0NWZkOGYyZDk1NWYyMmQyZjQiLCJfYXV0aF91c2VyX2lkIjoiNzkiLCJfYXV0aF91c2VyX2JhY2tlbmQiOiJkamFuZ28uY29udHJpYi5hdXRoLmJhY2tlbmRzLk1vZGVsQmFja2VuZCJ9','2017-06-04 10:33:05.076948'),
	('chn1cef6d5c1462bf1737d98a791ba78','YmEwZWE5MjNhNGQyMmI2N2MzOTAwMjdhYzc2MjZlYWZjNDFmNTk2ZTp7Il9hdXRoX3VzZXJfaGFzaCI6IjljMjRiZDc3NzYwZmNjMDFhN2E0YmMyMGM3OGI3NzFlZWRmYjg5OWUiLCJfYXV0aF91c2VyX2JhY2tlbmQiOiJkamFuZ28uY29udHJpYi5hdXRoLmJhY2tlbmRzLk1vZGVsQmFja2VuZCIsIl9hdXRoX3VzZXJfaWQiOiIxMzYiLCJyb29tcyI6WzEzNjc5XX0=','2017-06-05 17:55:45.757700'),
	('chn1d5d2363966f626f26a5cdf67648b','ZjNiYmY3M2MzODMwMzczYWMxNWZlNGQ1ZDNiM2RhYWY1OGNiYTM0NTp7Il9hdXRoX3VzZXJfaGFzaCI6IjljMjRiZDc3NzYwZmNjMDFhN2E0YmMyMGM3OGI3NzFlZWRmYjg5OWUiLCJfYXV0aF91c2VyX2JhY2tlbmQiOiJkamFuZ28uY29udHJpYi5hdXRoLmJhY2tlbmRzLk1vZGVsQmFja2VuZCIsIl9hdXRoX3VzZXJfaWQiOiIxMzYiLCJyb29tcyI6WzFdfQ==','2017-06-04 22:52:57.169986'),
	('chn1d9e4e39c15c0c79aa1eb5d3e9d7d','YmEwZWE5MjNhNGQyMmI2N2MzOTAwMjdhYzc2MjZlYWZjNDFmNTk2ZTp7Il9hdXRoX3VzZXJfaGFzaCI6IjljMjRiZDc3NzYwZmNjMDFhN2E0YmMyMGM3OGI3NzFlZWRmYjg5OWUiLCJfYXV0aF91c2VyX2JhY2tlbmQiOiJkamFuZ28uY29udHJpYi5hdXRoLmJhY2tlbmRzLk1vZGVsQmFja2VuZCIsIl9hdXRoX3VzZXJfaWQiOiIxMzYiLCJyb29tcyI6WzEzNjc5XX0=','2017-06-05 12:36:47.367047'),
	('chn1fbde85dc15cca0457463da24f66e','NWE1ZDkyOGJkYTE4MWQ5ZTk2ZTYwMzM2OGMxNDllZWI5NWQ5NGFiNDp7Il9hdXRoX3VzZXJfaGFzaCI6IjljMjRiZDc3NzYwZmNjMDFhN2E0YmMyMGM3OGI3NzFlZWRmYjg5OWUiLCJfYXV0aF91c2VyX2lkIjoiMTM2IiwiX2F1dGhfdXNlcl9iYWNrZW5kIjoiZGphbmdvLmNvbnRyaWIuYXV0aC5iYWNrZW5kcy5Nb2RlbEJhY2tlbmQiLCJyb29tcyI6W119','2017-06-04 23:00:03.987110'),
	('chn1fffab42faa05cd19ce6621cd14cf','ZThhZWMyNjE3ZDUyYWJhOTVkZDc0ZTdmNDFiYzg2MDEwYzk5Y2Y1Yjp7Il9hdXRoX3VzZXJfaGFzaCI6IjkzZmM3ZmE1ZTgwNTNiODRjOTIxOWZmOWM2ZThiNTllYzNjZGI5MDgiLCJfYXV0aF91c2VyX2JhY2tlbmQiOiJkamFuZ28uY29udHJpYi5hdXRoLmJhY2tlbmRzLk1vZGVsQmFja2VuZCIsIl9hdXRoX3VzZXJfaWQiOiI3OSIsInJvb21zIjpbMTc5XX0=','2017-05-27 16:41:34.439280'),
	('chn207b45cdf6ee38411d27b488b982d','ZjY2OGY3MDdmNTI4ODk5Nzg5Y2VkNjhkOWM4ODJlMmVhZjUzMDk3Mzp7Il9hdXRoX3VzZXJfaGFzaCI6IjJhNDUyZDYwZDRjMGFkMzg2YjFiNjczYmQ5YTNiNzYzMDY0NWJkNGQiLCJfYXV0aF91c2VyX2lkIjoiMSIsIl9hdXRoX3VzZXJfYmFja2VuZCI6ImRqYW5nby5jb250cmliLmF1dGguYmFja2VuZHMuTW9kZWxCYWNrZW5kIiwicm9vbXMiOltdfQ==','2017-05-27 16:30:33.113878'),
	('chn20b2b1e171b916201732833d314cb','ODdiYTU2MGI3Y2JjN2MyNzE0Mjk5OGM3M2M5MmFhYmM3ZDgzMWIxMjp7Il9hdXRoX3VzZXJfaGFzaCI6IjljMjRiZDc3NzYwZmNjMDFhN2E0YmMyMGM3OGI3NzFlZWRmYjg5OWUiLCJfYXV0aF91c2VyX2JhY2tlbmQiOiJkamFuZ28uY29udHJpYi5hdXRoLmJhY2tlbmRzLk1vZGVsQmFja2VuZCIsIl9hdXRoX3VzZXJfaWQiOiIxMzYiLCJyb29tcyI6Wzc5MTM2XX0=','2017-06-07 15:59:01.032832'),
	('chn20f1dd046d89f3b3216e9fa6fc37c','ODI2NWFhM2Q5OGI3YjllODJhZTM0ZTFkMWJjYTA5MGIyOTgzMmUwMTp7Il9hdXRoX3VzZXJfaGFzaCI6IjEyMmVhYzJhMWUwNmE3ZjZiNmJiMTM0NWZkOGYyZDk1NWYyMmQyZjQiLCJfYXV0aF91c2VyX2JhY2tlbmQiOiJkamFuZ28uY29udHJpYi5hdXRoLmJhY2tlbmRzLk1vZGVsQmFja2VuZCIsIl9hdXRoX3VzZXJfaWQiOiI3OSIsInJvb21zIjpbNzkxMzZdfQ==','2017-06-07 18:32:36.425746'),
	('chn213c4f6c3dc41dfa319b607a5037a','Yzg1NzcyZjFiNmRjMGEyZWQ3NDdlYWI0NDNhZWY3OTkyMTIyYTc4YTp7Il9hdXRoX3VzZXJfaGFzaCI6IjEyMmVhYzJhMWUwNmE3ZjZiNmJiMTM0NWZkOGYyZDk1NWYyMmQyZjQiLCJfYXV0aF91c2VyX2JhY2tlbmQiOiJkamFuZ28uY29udHJpYi5hdXRoLmJhY2tlbmRzLk1vZGVsQmFja2VuZCIsIl9hdXRoX3VzZXJfaWQiOiI3OSIsInJvb21zIjpbMTM2NzldfQ==','2017-06-04 12:33:18.084508'),
	('chn228eb8905a7eba66038d8bf5a276a','ZmI0YzQwYzNiMmM1MDYwYjdiY2NiNjAyZWRlYzlhNTQ1NTc3NGRhZjp7Il9hdXRoX3VzZXJfaGFzaCI6IjEyMmVhYzJhMWUwNmE3ZjZiNmJiMTM0NWZkOGYyZDk1NWYyMmQyZjQiLCJfYXV0aF91c2VyX2JhY2tlbmQiOiJkamFuZ28uY29udHJpYi5hdXRoLmJhY2tlbmRzLk1vZGVsQmFja2VuZCIsIl9hdXRoX3VzZXJfaWQiOiI3OSIsInJvb21zIjpbNzk3OV19','2017-06-08 13:10:36.176810'),
	('chn22d64a669f1d114aef7956cee3daf','YTc0ZTczNDAxNmYyOTZmYWJjNzAyOTY1MWRhM2Q3NzIxMzI2ZDQxNDp7Il9hdXRoX3VzZXJfaGFzaCI6IjVkMmM5YWIzMDc3MzM3NzNiOTI3NTIwZGExNjJhNzhlMWYwOTM2OWUiLCJfYXV0aF91c2VyX2JhY2tlbmQiOiJkamFuZ28uY29udHJpYi5hdXRoLmJhY2tlbmRzLk1vZGVsQmFja2VuZCIsIl9hdXRoX3VzZXJfaWQiOiI4MyIsInJvb21zIjpbMTM2ODBdfQ==','2017-06-02 14:52:22.445598'),
	('chn23051d6a674105055f5f34614a52f','NTBlZTczNjMxMTQ1NzY4NmNmNTM2YTFlNGU4MWQxZjYzOWY1MTA0NDp7Il9hdXRoX3VzZXJfaGFzaCI6IjEyMmVhYzJhMWUwNmE3ZjZiNmJiMTM0NWZkOGYyZDk1NWYyMmQyZjQiLCJfYXV0aF91c2VyX2lkIjoiNzkiLCJfYXV0aF91c2VyX2JhY2tlbmQiOiJkamFuZ28uY29udHJpYi5hdXRoLmJhY2tlbmRzLk1vZGVsQmFja2VuZCIsInJvb21zIjpbXX0=','2017-06-02 13:45:34.625721'),
	('chn2328ae537f7a82e4af4258d0cc806','ZmZmNDljZmY3NWM3NjVhODNjMTM3YmExYTkwZTcyZTkyZDU5OTIxNDp7Il9hdXRoX3VzZXJfaGFzaCI6IjEyMmVhYzJhMWUwNmE3ZjZiNmJiMTM0NWZkOGYyZDk1NWYyMmQyZjQiLCJfYXV0aF91c2VyX2JhY2tlbmQiOiJkamFuZ28uY29udHJpYi5hdXRoLmJhY2tlbmRzLk1vZGVsQmFja2VuZCIsIl9hdXRoX3VzZXJfaWQiOiI3OSIsInJvb21zIjpbNzk5MF19','2017-06-08 13:04:08.611517'),
	('chn238cb9b560bd37196f5a4bc79af13','ZWQ1Nzc0YjUyMzA4NDQ2Njk5N2UzMjFhNWNiZmY3YjllYTNkOTAzODp7Il9hdXRoX3VzZXJfaGFzaCI6IjEyMmVhYzJhMWUwNmE3ZjZiNmJiMTM0NWZkOGYyZDk1NWYyMmQyZjQiLCJfYXV0aF91c2VyX2JhY2tlbmQiOiJkamFuZ28uY29udHJpYi5hdXRoLmJhY2tlbmRzLk1vZGVsQmFja2VuZCIsIl9hdXRoX3VzZXJfaWQiOiI3OSIsInJvb21zIjpbMTM2ODBdfQ==','2017-06-03 16:31:18.474265'),
	('chn242e1d3e64943f13449e5d2c0cb94','NTBlZTczNjMxMTQ1NzY4NmNmNTM2YTFlNGU4MWQxZjYzOWY1MTA0NDp7Il9hdXRoX3VzZXJfaGFzaCI6IjEyMmVhYzJhMWUwNmE3ZjZiNmJiMTM0NWZkOGYyZDk1NWYyMmQyZjQiLCJfYXV0aF91c2VyX2lkIjoiNzkiLCJfYXV0aF91c2VyX2JhY2tlbmQiOiJkamFuZ28uY29udHJpYi5hdXRoLmJhY2tlbmRzLk1vZGVsQmFja2VuZCIsInJvb21zIjpbXX0=','2017-06-06 10:42:08.435431'),
	('chn2439b713745465a156fca1233be34','NzEwNGUxY2FkOWY2NmNlMDAyYzc3MzdmNDk1NzRlNTVlNWU4Y2IwNjp7fQ==','2017-06-06 15:08:08.887233'),
	('chn244d82d3810aa934660f3d0c97a3d','ZmZmNDljZmY3NWM3NjVhODNjMTM3YmExYTkwZTcyZTkyZDU5OTIxNDp7Il9hdXRoX3VzZXJfaGFzaCI6IjEyMmVhYzJhMWUwNmE3ZjZiNmJiMTM0NWZkOGYyZDk1NWYyMmQyZjQiLCJfYXV0aF91c2VyX2JhY2tlbmQiOiJkamFuZ28uY29udHJpYi5hdXRoLmJhY2tlbmRzLk1vZGVsQmFja2VuZCIsIl9hdXRoX3VzZXJfaWQiOiI3OSIsInJvb21zIjpbNzk5MF19','2017-06-08 13:16:08.500521'),
	('chn24525de47d968285ae9dbac1a1fe5','YmEwZWE5MjNhNGQyMmI2N2MzOTAwMjdhYzc2MjZlYWZjNDFmNTk2ZTp7Il9hdXRoX3VzZXJfaGFzaCI6IjljMjRiZDc3NzYwZmNjMDFhN2E0YmMyMGM3OGI3NzFlZWRmYjg5OWUiLCJfYXV0aF91c2VyX2JhY2tlbmQiOiJkamFuZ28uY29udHJpYi5hdXRoLmJhY2tlbmRzLk1vZGVsQmFja2VuZCIsIl9hdXRoX3VzZXJfaWQiOiIxMzYiLCJyb29tcyI6WzEzNjc5XX0=','2017-06-04 23:35:39.842064'),
	('chn24da1ce8e20f01e67ba8d40580907','MWE0Y2E0NGFmMGM2YTBkNjJlY2ZmNGY0MzY5MzJlOGI3ZWE2NDc5YTp7Il9hdXRoX3VzZXJfaGFzaCI6IjEyMmVhYzJhMWUwNmE3ZjZiNmJiMTM0NWZkOGYyZDk1NWYyMmQyZjQiLCJfYXV0aF91c2VyX2JhY2tlbmQiOiJkamFuZ28uY29udHJpYi5hdXRoLmJhY2tlbmRzLk1vZGVsQmFja2VuZCIsIl9hdXRoX3VzZXJfaWQiOiI3OSIsInJvb21zIjpbNzk4M119','2017-06-08 17:01:22.402161'),
	('chn24efa4ae7783703e62f65174232d5','YmEwZWE5MjNhNGQyMmI2N2MzOTAwMjdhYzc2MjZlYWZjNDFmNTk2ZTp7Il9hdXRoX3VzZXJfaGFzaCI6IjljMjRiZDc3NzYwZmNjMDFhN2E0YmMyMGM3OGI3NzFlZWRmYjg5OWUiLCJfYXV0aF91c2VyX2JhY2tlbmQiOiJkamFuZ28uY29udHJpYi5hdXRoLmJhY2tlbmRzLk1vZGVsQmFja2VuZCIsIl9hdXRoX3VzZXJfaWQiOiIxMzYiLCJyb29tcyI6WzEzNjc5XX0=','2017-06-05 11:49:33.095726'),
	('chn268fad11ec2324872147cababf4f6','Yzg1NzcyZjFiNmRjMGEyZWQ3NDdlYWI0NDNhZWY3OTkyMTIyYTc4YTp7Il9hdXRoX3VzZXJfaGFzaCI6IjEyMmVhYzJhMWUwNmE3ZjZiNmJiMTM0NWZkOGYyZDk1NWYyMmQyZjQiLCJfYXV0aF91c2VyX2JhY2tlbmQiOiJkamFuZ28uY29udHJpYi5hdXRoLmJhY2tlbmRzLk1vZGVsQmFja2VuZCIsIl9hdXRoX3VzZXJfaWQiOiI3OSIsInJvb21zIjpbMTM2NzldfQ==','2017-06-04 15:34:27.029480'),
	('chn26b27656115e21fe8d8ca1c66485b','ZjhlYTUwMzA3ZWEyMjE5MTA2YzJkZDk2YTc4YmMxMDFlMWI5YWJjNTp7Il9hdXRoX3VzZXJfaGFzaCI6IjEyMmVhYzJhMWUwNmE3ZjZiNmJiMTM0NWZkOGYyZDk1NWYyMmQyZjQiLCJfYXV0aF91c2VyX2JhY2tlbmQiOiJkamFuZ28uY29udHJpYi5hdXRoLmJhY2tlbmRzLk1vZGVsQmFja2VuZCIsIl9hdXRoX3VzZXJfaWQiOiI3OSIsInJvb21zIjpbMV19','2017-06-08 12:54:55.305956'),
	('chn270099979b9220e670bf097607b19','ZjNiYmY3M2MzODMwMzczYWMxNWZlNGQ1ZDNiM2RhYWY1OGNiYTM0NTp7Il9hdXRoX3VzZXJfaGFzaCI6IjljMjRiZDc3NzYwZmNjMDFhN2E0YmMyMGM3OGI3NzFlZWRmYjg5OWUiLCJfYXV0aF91c2VyX2JhY2tlbmQiOiJkamFuZ28uY29udHJpYi5hdXRoLmJhY2tlbmRzLk1vZGVsQmFja2VuZCIsIl9hdXRoX3VzZXJfaWQiOiIxMzYiLCJyb29tcyI6WzFdfQ==','2017-06-04 16:13:25.514477'),
	('chn27b7dcd00f21056fded3d62da4ae1','YmEwZWE5MjNhNGQyMmI2N2MzOTAwMjdhYzc2MjZlYWZjNDFmNTk2ZTp7Il9hdXRoX3VzZXJfaGFzaCI6IjljMjRiZDc3NzYwZmNjMDFhN2E0YmMyMGM3OGI3NzFlZWRmYjg5OWUiLCJfYXV0aF91c2VyX2JhY2tlbmQiOiJkamFuZ28uY29udHJpYi5hdXRoLmJhY2tlbmRzLk1vZGVsQmFja2VuZCIsIl9hdXRoX3VzZXJfaWQiOiIxMzYiLCJyb29tcyI6WzEzNjc5XX0=','2017-06-04 15:44:30.085601'),
	('chn287118255e19143c5fdd7a1ebc09f','Yzg1NzcyZjFiNmRjMGEyZWQ3NDdlYWI0NDNhZWY3OTkyMTIyYTc4YTp7Il9hdXRoX3VzZXJfaGFzaCI6IjEyMmVhYzJhMWUwNmE3ZjZiNmJiMTM0NWZkOGYyZDk1NWYyMmQyZjQiLCJfYXV0aF91c2VyX2JhY2tlbmQiOiJkamFuZ28uY29udHJpYi5hdXRoLmJhY2tlbmRzLk1vZGVsQmFja2VuZCIsIl9hdXRoX3VzZXJfaWQiOiI3OSIsInJvb21zIjpbMTM2NzldfQ==','2017-06-05 11:57:15.093819'),
	('chn287fb3ba454484148bec814be92dd','MWE0Y2E0NGFmMGM2YTBkNjJlY2ZmNGY0MzY5MzJlOGI3ZWE2NDc5YTp7Il9hdXRoX3VzZXJfaGFzaCI6IjEyMmVhYzJhMWUwNmE3ZjZiNmJiMTM0NWZkOGYyZDk1NWYyMmQyZjQiLCJfYXV0aF91c2VyX2JhY2tlbmQiOiJkamFuZ28uY29udHJpYi5hdXRoLmJhY2tlbmRzLk1vZGVsQmFja2VuZCIsIl9hdXRoX3VzZXJfaWQiOiI3OSIsInJvb21zIjpbNzk4M119','2017-06-07 19:07:03.562632'),
	('chn288c85bfc960c0ae59f6cff212927','YmEwZWE5MjNhNGQyMmI2N2MzOTAwMjdhYzc2MjZlYWZjNDFmNTk2ZTp7Il9hdXRoX3VzZXJfaGFzaCI6IjljMjRiZDc3NzYwZmNjMDFhN2E0YmMyMGM3OGI3NzFlZWRmYjg5OWUiLCJfYXV0aF91c2VyX2JhY2tlbmQiOiJkamFuZ28uY29udHJpYi5hdXRoLmJhY2tlbmRzLk1vZGVsQmFja2VuZCIsIl9hdXRoX3VzZXJfaWQiOiIxMzYiLCJyb29tcyI6WzEzNjc5XX0=','2017-06-04 12:15:59.071558'),
	('chn28d7e47c82e60142e3687662fa2f1','ZjNiYmY3M2MzODMwMzczYWMxNWZlNGQ1ZDNiM2RhYWY1OGNiYTM0NTp7Il9hdXRoX3VzZXJfaGFzaCI6IjljMjRiZDc3NzYwZmNjMDFhN2E0YmMyMGM3OGI3NzFlZWRmYjg5OWUiLCJfYXV0aF91c2VyX2JhY2tlbmQiOiJkamFuZ28uY29udHJpYi5hdXRoLmJhY2tlbmRzLk1vZGVsQmFja2VuZCIsIl9hdXRoX3VzZXJfaWQiOiIxMzYiLCJyb29tcyI6WzFdfQ==','2017-06-05 12:47:51.447890'),
	('chn2903bbbb274f6676892bbf77ba182','NTBlZTczNjMxMTQ1NzY4NmNmNTM2YTFlNGU4MWQxZjYzOWY1MTA0NDp7Il9hdXRoX3VzZXJfaGFzaCI6IjEyMmVhYzJhMWUwNmE3ZjZiNmJiMTM0NWZkOGYyZDk1NWYyMmQyZjQiLCJfYXV0aF91c2VyX2lkIjoiNzkiLCJfYXV0aF91c2VyX2JhY2tlbmQiOiJkamFuZ28uY29udHJpYi5hdXRoLmJhY2tlbmRzLk1vZGVsQmFja2VuZCIsInJvb21zIjpbXX0=','2017-06-02 13:43:40.989344'),
	('chn29104a1caea12eacd877c535de974','ZWQ1Nzc0YjUyMzA4NDQ2Njk5N2UzMjFhNWNiZmY3YjllYTNkOTAzODp7Il9hdXRoX3VzZXJfaGFzaCI6IjEyMmVhYzJhMWUwNmE3ZjZiNmJiMTM0NWZkOGYyZDk1NWYyMmQyZjQiLCJfYXV0aF91c2VyX2JhY2tlbmQiOiJkamFuZ28uY29udHJpYi5hdXRoLmJhY2tlbmRzLk1vZGVsQmFja2VuZCIsIl9hdXRoX3VzZXJfaWQiOiI3OSIsInJvb21zIjpbMTM2ODBdfQ==','2017-06-03 15:41:36.788784'),
	('chn2958625dd43383f94dc941301c076','YWRiYWY0M2U1NzkyNDFlZmI3OTM3YjMwZmYzYzhhZmVkM2I2YTI0MDp7Il9hdXRoX3VzZXJfaGFzaCI6ImE1YmJmNWEzYWQzMWM2MTAzZmQ4OGY1OTRjZDQwY2NjMzk3Y2MxYzYiLCJfYXV0aF91c2VyX2lkIjoiMTM2IiwiX2F1dGhfdXNlcl9iYWNrZW5kIjoiZGphbmdvLmNvbnRyaWIuYXV0aC5iYWNrZW5kcy5Nb2RlbEJhY2tlbmQiLCJyb29tcyI6W119','2017-05-31 09:47:07.031911'),
	('chn2977c60fc522ebf0b754fc4a74eca','NzEwNGUxY2FkOWY2NmNlMDAyYzc3MzdmNDk1NzRlNTVlNWU4Y2IwNjp7fQ==','2017-06-06 13:52:04.023482'),
	('chn29855ce4974bd5b2ff1935fe92e20','YmEwZWE5MjNhNGQyMmI2N2MzOTAwMjdhYzc2MjZlYWZjNDFmNTk2ZTp7Il9hdXRoX3VzZXJfaGFzaCI6IjljMjRiZDc3NzYwZmNjMDFhN2E0YmMyMGM3OGI3NzFlZWRmYjg5OWUiLCJfYXV0aF91c2VyX2JhY2tlbmQiOiJkamFuZ28uY29udHJpYi5hdXRoLmJhY2tlbmRzLk1vZGVsQmFja2VuZCIsIl9hdXRoX3VzZXJfaWQiOiIxMzYiLCJyb29tcyI6WzEzNjc5XX0=','2017-06-05 18:22:17.297188'),
	('chn298d8fe814108d42dd557921a6f30','ODdiYTU2MGI3Y2JjN2MyNzE0Mjk5OGM3M2M5MmFhYmM3ZDgzMWIxMjp7Il9hdXRoX3VzZXJfaGFzaCI6IjljMjRiZDc3NzYwZmNjMDFhN2E0YmMyMGM3OGI3NzFlZWRmYjg5OWUiLCJfYXV0aF91c2VyX2JhY2tlbmQiOiJkamFuZ28uY29udHJpYi5hdXRoLmJhY2tlbmRzLk1vZGVsQmFja2VuZCIsIl9hdXRoX3VzZXJfaWQiOiIxMzYiLCJyb29tcyI6Wzc5MTM2XX0=','2017-06-07 18:32:32.064163'),
	('chn29bbdf8a0b7ee5ec68d0ff4c54fce','YmEwZWE5MjNhNGQyMmI2N2MzOTAwMjdhYzc2MjZlYWZjNDFmNTk2ZTp7Il9hdXRoX3VzZXJfaGFzaCI6IjljMjRiZDc3NzYwZmNjMDFhN2E0YmMyMGM3OGI3NzFlZWRmYjg5OWUiLCJfYXV0aF91c2VyX2JhY2tlbmQiOiJkamFuZ28uY29udHJpYi5hdXRoLmJhY2tlbmRzLk1vZGVsQmFja2VuZCIsIl9hdXRoX3VzZXJfaWQiOiIxMzYiLCJyb29tcyI6WzEzNjc5XX0=','2017-06-04 15:45:29.238100'),
	('chn2a9949fe11943d9244e22c9c75d56','YTk3ZTQ0NzQ3NTY2YzI4MWJlMzJiMGFhMzdjNWYzOTI5MGYyMzg0Zjp7InJvb21zIjpbXX0=','2017-05-27 14:24:40.412200'),
	('chn2ada8e4dc96a64f73e057f9353df4','YmEwZWE5MjNhNGQyMmI2N2MzOTAwMjdhYzc2MjZlYWZjNDFmNTk2ZTp7Il9hdXRoX3VzZXJfaGFzaCI6IjljMjRiZDc3NzYwZmNjMDFhN2E0YmMyMGM3OGI3NzFlZWRmYjg5OWUiLCJfYXV0aF91c2VyX2JhY2tlbmQiOiJkamFuZ28uY29udHJpYi5hdXRoLmJhY2tlbmRzLk1vZGVsQmFja2VuZCIsIl9hdXRoX3VzZXJfaWQiOiIxMzYiLCJyb29tcyI6WzEzNjc5XX0=','2017-06-04 12:29:40.157601'),
	('chn2af7d01a1451e918f3db37e5fa6af','ZjNiYmY3M2MzODMwMzczYWMxNWZlNGQ1ZDNiM2RhYWY1OGNiYTM0NTp7Il9hdXRoX3VzZXJfaGFzaCI6IjljMjRiZDc3NzYwZmNjMDFhN2E0YmMyMGM3OGI3NzFlZWRmYjg5OWUiLCJfYXV0aF91c2VyX2JhY2tlbmQiOiJkamFuZ28uY29udHJpYi5hdXRoLmJhY2tlbmRzLk1vZGVsQmFja2VuZCIsIl9hdXRoX3VzZXJfaWQiOiIxMzYiLCJyb29tcyI6WzFdfQ==','2017-06-05 12:24:12.946878'),
	('chn2b3971a117e1268f2e2cca92434d8','Yzg1NzcyZjFiNmRjMGEyZWQ3NDdlYWI0NDNhZWY3OTkyMTIyYTc4YTp7Il9hdXRoX3VzZXJfaGFzaCI6IjEyMmVhYzJhMWUwNmE3ZjZiNmJiMTM0NWZkOGYyZDk1NWYyMmQyZjQiLCJfYXV0aF91c2VyX2JhY2tlbmQiOiJkamFuZ28uY29udHJpYi5hdXRoLmJhY2tlbmRzLk1vZGVsQmFja2VuZCIsIl9hdXRoX3VzZXJfaWQiOiI3OSIsInJvb21zIjpbMTM2NzldfQ==','2017-06-04 15:31:29.567526'),
	('chn2baca2ba2af9814a66117eca50218','ODI2NWFhM2Q5OGI3YjllODJhZTM0ZTFkMWJjYTA5MGIyOTgzMmUwMTp7Il9hdXRoX3VzZXJfaGFzaCI6IjEyMmVhYzJhMWUwNmE3ZjZiNmJiMTM0NWZkOGYyZDk1NWYyMmQyZjQiLCJfYXV0aF91c2VyX2JhY2tlbmQiOiJkamFuZ28uY29udHJpYi5hdXRoLmJhY2tlbmRzLk1vZGVsQmFja2VuZCIsIl9hdXRoX3VzZXJfaWQiOiI3OSIsInJvb21zIjpbNzkxMzZdfQ==','2017-06-08 13:33:28.941633'),
	('chn2bcaa0ff4f37a088ea20e8702d24d','ZWQ1Nzc0YjUyMzA4NDQ2Njk5N2UzMjFhNWNiZmY3YjllYTNkOTAzODp7Il9hdXRoX3VzZXJfaGFzaCI6IjEyMmVhYzJhMWUwNmE3ZjZiNmJiMTM0NWZkOGYyZDk1NWYyMmQyZjQiLCJfYXV0aF91c2VyX2JhY2tlbmQiOiJkamFuZ28uY29udHJpYi5hdXRoLmJhY2tlbmRzLk1vZGVsQmFja2VuZCIsIl9hdXRoX3VzZXJfaWQiOiI3OSIsInJvb21zIjpbMTM2ODBdfQ==','2017-06-02 13:26:43.865176'),
	('chn2bde8e860ecf963ca16569892e90f','Zjg2YmY1OTI5ZjA3YTA2MzYwNjE0NzM1NDJiMDg4NzI1MWQ1ZWI4Yzp7Il9hdXRoX3VzZXJfaGFzaCI6IjljMjRiZDc3NzYwZmNjMDFhN2E0YmMyMGM3OGI3NzFlZWRmYjg5OWUiLCJfYXV0aF91c2VyX2JhY2tlbmQiOiJkamFuZ28uY29udHJpYi5hdXRoLmJhY2tlbmRzLk1vZGVsQmFja2VuZCIsIl9hdXRoX3VzZXJfaWQiOiIxMzYiLCJyb29tcyI6WzEzNjEyOV19','2017-06-04 15:52:52.788255'),
	('chn2c60b1e015158e4b996df4d4578fa','NTBlZTczNjMxMTQ1NzY4NmNmNTM2YTFlNGU4MWQxZjYzOWY1MTA0NDp7Il9hdXRoX3VzZXJfaGFzaCI6IjEyMmVhYzJhMWUwNmE3ZjZiNmJiMTM0NWZkOGYyZDk1NWYyMmQyZjQiLCJfYXV0aF91c2VyX2lkIjoiNzkiLCJfYXV0aF91c2VyX2JhY2tlbmQiOiJkamFuZ28uY29udHJpYi5hdXRoLmJhY2tlbmRzLk1vZGVsQmFja2VuZCIsInJvb21zIjpbXX0=','2017-06-02 13:43:36.166058'),
	('chn2c63aa1c6083553004047dcf97026','OTk5ZDM2MzgwMzBkZDhmMTg1MzBhMDk3NTE2NGYzMzMyYzJlMGE2NTp7Il9hdXRoX3VzZXJfaGFzaCI6IjVkMmM5YWIzMDc3MzM3NzNiOTI3NTIwZGExNjJhNzhlMWYwOTM2OWUiLCJfYXV0aF91c2VyX2lkIjoiODMiLCJfYXV0aF91c2VyX2JhY2tlbmQiOiJkamFuZ28uY29udHJpYi5hdXRoLmJhY2tlbmRzLk1vZGVsQmFja2VuZCIsInJvb21zIjpbXX0=','2017-06-02 22:24:51.672303'),
	('chn2cb525bb5e25d6bfc0e60c9b6f2bd','ZjY2OGY3MDdmNTI4ODk5Nzg5Y2VkNjhkOWM4ODJlMmVhZjUzMDk3Mzp7Il9hdXRoX3VzZXJfaGFzaCI6IjJhNDUyZDYwZDRjMGFkMzg2YjFiNjczYmQ5YTNiNzYzMDY0NWJkNGQiLCJfYXV0aF91c2VyX2lkIjoiMSIsIl9hdXRoX3VzZXJfYmFja2VuZCI6ImRqYW5nby5jb250cmliLmF1dGguYmFja2VuZHMuTW9kZWxCYWNrZW5kIiwicm9vbXMiOltdfQ==','2017-05-27 16:29:23.166055'),
	('chn2cfc4eb218fff2d1157508b6581cf','Yzg1NzcyZjFiNmRjMGEyZWQ3NDdlYWI0NDNhZWY3OTkyMTIyYTc4YTp7Il9hdXRoX3VzZXJfaGFzaCI6IjEyMmVhYzJhMWUwNmE3ZjZiNmJiMTM0NWZkOGYyZDk1NWYyMmQyZjQiLCJfYXV0aF91c2VyX2JhY2tlbmQiOiJkamFuZ28uY29udHJpYi5hdXRoLmJhY2tlbmRzLk1vZGVsQmFja2VuZCIsIl9hdXRoX3VzZXJfaWQiOiI3OSIsInJvb21zIjpbMTM2NzldfQ==','2017-06-05 12:04:46.088447'),
	('chn2d18839d624b12a178d254e0b4955','NzEwNGUxY2FkOWY2NmNlMDAyYzc3MzdmNDk1NzRlNTVlNWU4Y2IwNjp7fQ==','2017-06-06 15:12:30.046724'),
	('chn2dec86979082f45f4cba262bc59dc','ODI2NWFhM2Q5OGI3YjllODJhZTM0ZTFkMWJjYTA5MGIyOTgzMmUwMTp7Il9hdXRoX3VzZXJfaGFzaCI6IjEyMmVhYzJhMWUwNmE3ZjZiNmJiMTM0NWZkOGYyZDk1NWYyMmQyZjQiLCJfYXV0aF91c2VyX2JhY2tlbmQiOiJkamFuZ28uY29udHJpYi5hdXRoLmJhY2tlbmRzLk1vZGVsQmFja2VuZCIsIl9hdXRoX3VzZXJfaWQiOiI3OSIsInJvb21zIjpbNzkxMzZdfQ==','2017-06-07 18:45:10.948171'),
	('chn2e9a4a47908be9a1db2dd0afaa451','NzEwNGUxY2FkOWY2NmNlMDAyYzc3MzdmNDk1NzRlNTVlNWU4Y2IwNjp7fQ==','2017-06-06 15:07:19.240532'),
	('chn2ec1fb4d91b020ab560639af6e65b','ZWQ1Nzc0YjUyMzA4NDQ2Njk5N2UzMjFhNWNiZmY3YjllYTNkOTAzODp7Il9hdXRoX3VzZXJfaGFzaCI6IjEyMmVhYzJhMWUwNmE3ZjZiNmJiMTM0NWZkOGYyZDk1NWYyMmQyZjQiLCJfYXV0aF91c2VyX2JhY2tlbmQiOiJkamFuZ28uY29udHJpYi5hdXRoLmJhY2tlbmRzLk1vZGVsQmFja2VuZCIsIl9hdXRoX3VzZXJfaWQiOiI3OSIsInJvb21zIjpbMTM2ODBdfQ==','2017-06-03 16:29:47.471202'),
	('chn2f1626e404e7ba5aedb894399e792','ZjNiYmY3M2MzODMwMzczYWMxNWZlNGQ1ZDNiM2RhYWY1OGNiYTM0NTp7Il9hdXRoX3VzZXJfaGFzaCI6IjljMjRiZDc3NzYwZmNjMDFhN2E0YmMyMGM3OGI3NzFlZWRmYjg5OWUiLCJfYXV0aF91c2VyX2JhY2tlbmQiOiJkamFuZ28uY29udHJpYi5hdXRoLmJhY2tlbmRzLk1vZGVsQmFja2VuZCIsIl9hdXRoX3VzZXJfaWQiOiIxMzYiLCJyb29tcyI6WzFdfQ==','2017-06-05 12:25:34.008613'),
	('chn2f601c5d8f11a86a94229ec6f8f39','NDkyODM3YWQ2OTZkZDc4MDg5N2IxOWQ4Y2U5MzRkZmJiMGZjOGU4Mjp7Il9hdXRoX3VzZXJfaGFzaCI6Ijc5ZTFmNjA3YjYwOGU1ZDljY2FkNjUyYzFmOWE3ZDM5NDcyYjU3NmMiLCJfYXV0aF91c2VyX2JhY2tlbmQiOiJkamFuZ28uY29udHJpYi5hdXRoLmJhY2tlbmRzLk1vZGVsQmFja2VuZCIsIl9hdXRoX3VzZXJfaWQiOiI3OSIsInJvb21zIjpbNzk4M119','2017-06-13 10:33:27.800929'),
	('chn2f74943c2487ac23d8f8ae9157e37','NzEwNGUxY2FkOWY2NmNlMDAyYzc3MzdmNDk1NzRlNTVlNWU4Y2IwNjp7fQ==','2017-06-06 15:32:20.017397'),
	('chn30193ea48487c57a4e37dbe0eef8d','ZWQ1Nzc0YjUyMzA4NDQ2Njk5N2UzMjFhNWNiZmY3YjllYTNkOTAzODp7Il9hdXRoX3VzZXJfaGFzaCI6IjEyMmVhYzJhMWUwNmE3ZjZiNmJiMTM0NWZkOGYyZDk1NWYyMmQyZjQiLCJfYXV0aF91c2VyX2JhY2tlbmQiOiJkamFuZ28uY29udHJpYi5hdXRoLmJhY2tlbmRzLk1vZGVsQmFja2VuZCIsIl9hdXRoX3VzZXJfaWQiOiI3OSIsInJvb21zIjpbMTM2ODBdfQ==','2017-06-03 16:27:16.591218'),
	('chn314c2c9253ee54bd4986eb90ce6d2','Yzg1NzcyZjFiNmRjMGEyZWQ3NDdlYWI0NDNhZWY3OTkyMTIyYTc4YTp7Il9hdXRoX3VzZXJfaGFzaCI6IjEyMmVhYzJhMWUwNmE3ZjZiNmJiMTM0NWZkOGYyZDk1NWYyMmQyZjQiLCJfYXV0aF91c2VyX2JhY2tlbmQiOiJkamFuZ28uY29udHJpYi5hdXRoLmJhY2tlbmRzLk1vZGVsQmFja2VuZCIsIl9hdXRoX3VzZXJfaWQiOiI3OSIsInJvb21zIjpbMTM2NzldfQ==','2017-06-04 15:44:47.891641'),
	('chn31677b88cd6d059c41b21d30a6f2c','NTBlZTczNjMxMTQ1NzY4NmNmNTM2YTFlNGU4MWQxZjYzOWY1MTA0NDp7Il9hdXRoX3VzZXJfaGFzaCI6IjEyMmVhYzJhMWUwNmE3ZjZiNmJiMTM0NWZkOGYyZDk1NWYyMmQyZjQiLCJfYXV0aF91c2VyX2lkIjoiNzkiLCJfYXV0aF91c2VyX2JhY2tlbmQiOiJkamFuZ28uY29udHJpYi5hdXRoLmJhY2tlbmRzLk1vZGVsQmFja2VuZCIsInJvb21zIjpbXX0=','2017-06-03 14:56:21.224798'),
	('chn31752a3b375041d4e4dc316eb6cd7','Yzg1NzcyZjFiNmRjMGEyZWQ3NDdlYWI0NDNhZWY3OTkyMTIyYTc4YTp7Il9hdXRoX3VzZXJfaGFzaCI6IjEyMmVhYzJhMWUwNmE3ZjZiNmJiMTM0NWZkOGYyZDk1NWYyMmQyZjQiLCJfYXV0aF91c2VyX2JhY2tlbmQiOiJkamFuZ28uY29udHJpYi5hdXRoLmJhY2tlbmRzLk1vZGVsQmFja2VuZCIsIl9hdXRoX3VzZXJfaWQiOiI3OSIsInJvb21zIjpbMTM2NzldfQ==','2017-06-05 22:43:52.706790'),
	('chn31c479e36db36e32a72e26b05ba7b','NTBlZTczNjMxMTQ1NzY4NmNmNTM2YTFlNGU4MWQxZjYzOWY1MTA0NDp7Il9hdXRoX3VzZXJfaGFzaCI6IjEyMmVhYzJhMWUwNmE3ZjZiNmJiMTM0NWZkOGYyZDk1NWYyMmQyZjQiLCJfYXV0aF91c2VyX2lkIjoiNzkiLCJfYXV0aF91c2VyX2JhY2tlbmQiOiJkamFuZ28uY29udHJpYi5hdXRoLmJhY2tlbmRzLk1vZGVsQmFja2VuZCIsInJvb21zIjpbXX0=','2017-06-02 14:03:08.608295'),
	('chn31fe4dc16078b3874a2e56773b37c','ZWQ1Nzc0YjUyMzA4NDQ2Njk5N2UzMjFhNWNiZmY3YjllYTNkOTAzODp7Il9hdXRoX3VzZXJfaGFzaCI6IjEyMmVhYzJhMWUwNmE3ZjZiNmJiMTM0NWZkOGYyZDk1NWYyMmQyZjQiLCJfYXV0aF91c2VyX2JhY2tlbmQiOiJkamFuZ28uY29udHJpYi5hdXRoLmJhY2tlbmRzLk1vZGVsQmFja2VuZCIsIl9hdXRoX3VzZXJfaWQiOiI3OSIsInJvb21zIjpbMTM2ODBdfQ==','2017-06-03 16:24:26.130741'),
	('chn3226e6fed1decb73f2a3c144cbcb2','ZWQ1Nzc0YjUyMzA4NDQ2Njk5N2UzMjFhNWNiZmY3YjllYTNkOTAzODp7Il9hdXRoX3VzZXJfaGFzaCI6IjEyMmVhYzJhMWUwNmE3ZjZiNmJiMTM0NWZkOGYyZDk1NWYyMmQyZjQiLCJfYXV0aF91c2VyX2JhY2tlbmQiOiJkamFuZ28uY29udHJpYi5hdXRoLmJhY2tlbmRzLk1vZGVsQmFja2VuZCIsIl9hdXRoX3VzZXJfaWQiOiI3OSIsInJvb21zIjpbMTM2ODBdfQ==','2017-06-03 15:36:22.452344'),
	('chn32287be7d40aebaff98a36b9bc175','NzEwNGUxY2FkOWY2NmNlMDAyYzc3MzdmNDk1NzRlNTVlNWU4Y2IwNjp7fQ==','2017-06-05 22:38:57.525882'),
	('chn32f6e8ec2b73bd004fc296e63d54b','NTA2MmFmOGY0M2FmYzg4MWE2YmVkMDNkNmRhM2YwMWQ0ZTMxNWI0Mjp7Il9hdXRoX3VzZXJfaGFzaCI6Ijc5ZTFmNjA3YjYwOGU1ZDljY2FkNjUyYzFmOWE3ZDM5NDcyYjU3NmMiLCJfYXV0aF91c2VyX2JhY2tlbmQiOiJkamFuZ28uY29udHJpYi5hdXRoLmJhY2tlbmRzLk1vZGVsQmFja2VuZCIsIl9hdXRoX3VzZXJfaWQiOiI3OSIsInJvb21zIjpbNzkxMzZdfQ==','2017-06-09 13:45:37.475549'),
	('chn33237c79ca6c508d246b5d5451681','Yzg1NzcyZjFiNmRjMGEyZWQ3NDdlYWI0NDNhZWY3OTkyMTIyYTc4YTp7Il9hdXRoX3VzZXJfaGFzaCI6IjEyMmVhYzJhMWUwNmE3ZjZiNmJiMTM0NWZkOGYyZDk1NWYyMmQyZjQiLCJfYXV0aF91c2VyX2JhY2tlbmQiOiJkamFuZ28uY29udHJpYi5hdXRoLmJhY2tlbmRzLk1vZGVsQmFja2VuZCIsIl9hdXRoX3VzZXJfaWQiOiI3OSIsInJvb21zIjpbMTM2NzldfQ==','2017-06-05 11:55:18.830509'),
	('chn3364744baad67ceef10e9d3148b03','Yzg1NzcyZjFiNmRjMGEyZWQ3NDdlYWI0NDNhZWY3OTkyMTIyYTc4YTp7Il9hdXRoX3VzZXJfaGFzaCI6IjEyMmVhYzJhMWUwNmE3ZjZiNmJiMTM0NWZkOGYyZDk1NWYyMmQyZjQiLCJfYXV0aF91c2VyX2JhY2tlbmQiOiJkamFuZ28uY29udHJpYi5hdXRoLmJhY2tlbmRzLk1vZGVsQmFja2VuZCIsIl9hdXRoX3VzZXJfaWQiOiI3OSIsInJvb21zIjpbMTM2NzldfQ==','2017-06-06 18:02:30.357899'),
	('chn33b2aaaf81410ea464d0841da2159','YmEwZWE5MjNhNGQyMmI2N2MzOTAwMjdhYzc2MjZlYWZjNDFmNTk2ZTp7Il9hdXRoX3VzZXJfaGFzaCI6IjljMjRiZDc3NzYwZmNjMDFhN2E0YmMyMGM3OGI3NzFlZWRmYjg5OWUiLCJfYXV0aF91c2VyX2JhY2tlbmQiOiJkamFuZ28uY29udHJpYi5hdXRoLmJhY2tlbmRzLk1vZGVsQmFja2VuZCIsIl9hdXRoX3VzZXJfaWQiOiIxMzYiLCJyb29tcyI6WzEzNjc5XX0=','2017-06-05 11:50:24.596279'),
	('chn342c16dc15503899afcc3d1fe43a8','ZmZmNDljZmY3NWM3NjVhODNjMTM3YmExYTkwZTcyZTkyZDU5OTIxNDp7Il9hdXRoX3VzZXJfaGFzaCI6IjEyMmVhYzJhMWUwNmE3ZjZiNmJiMTM0NWZkOGYyZDk1NWYyMmQyZjQiLCJfYXV0aF91c2VyX2JhY2tlbmQiOiJkamFuZ28uY29udHJpYi5hdXRoLmJhY2tlbmRzLk1vZGVsQmFja2VuZCIsIl9hdXRoX3VzZXJfaWQiOiI3OSIsInJvb21zIjpbNzk5MF19','2017-06-08 13:06:59.948023'),
	('chn3442d51f8398f62cf767f7e8aef7b','ZmZmNDljZmY3NWM3NjVhODNjMTM3YmExYTkwZTcyZTkyZDU5OTIxNDp7Il9hdXRoX3VzZXJfaGFzaCI6IjEyMmVhYzJhMWUwNmE3ZjZiNmJiMTM0NWZkOGYyZDk1NWYyMmQyZjQiLCJfYXV0aF91c2VyX2JhY2tlbmQiOiJkamFuZ28uY29udHJpYi5hdXRoLmJhY2tlbmRzLk1vZGVsQmFja2VuZCIsIl9hdXRoX3VzZXJfaWQiOiI3OSIsInJvb21zIjpbNzk5MF19','2017-06-08 13:06:14.617213'),
	('chn34b5c215e9c684bcd855848bda8b6','ZWQ1Nzc0YjUyMzA4NDQ2Njk5N2UzMjFhNWNiZmY3YjllYTNkOTAzODp7Il9hdXRoX3VzZXJfaGFzaCI6IjEyMmVhYzJhMWUwNmE3ZjZiNmJiMTM0NWZkOGYyZDk1NWYyMmQyZjQiLCJfYXV0aF91c2VyX2JhY2tlbmQiOiJkamFuZ28uY29udHJpYi5hdXRoLmJhY2tlbmRzLk1vZGVsQmFja2VuZCIsIl9hdXRoX3VzZXJfaWQiOiI3OSIsInJvb21zIjpbMTM2ODBdfQ==','2017-06-02 15:00:01.041036'),
	('chn34e827ff0b7b24d31ff415dd7241b','YmEwZWE5MjNhNGQyMmI2N2MzOTAwMjdhYzc2MjZlYWZjNDFmNTk2ZTp7Il9hdXRoX3VzZXJfaGFzaCI6IjljMjRiZDc3NzYwZmNjMDFhN2E0YmMyMGM3OGI3NzFlZWRmYjg5OWUiLCJfYXV0aF91c2VyX2JhY2tlbmQiOiJkamFuZ28uY29udHJpYi5hdXRoLmJhY2tlbmRzLk1vZGVsQmFja2VuZCIsIl9hdXRoX3VzZXJfaWQiOiIxMzYiLCJyb29tcyI6WzEzNjc5XX0=','2017-06-04 23:55:03.756494'),
	('chn356e88e98926d38e067795036bc44','ZjNiYmY3M2MzODMwMzczYWMxNWZlNGQ1ZDNiM2RhYWY1OGNiYTM0NTp7Il9hdXRoX3VzZXJfaGFzaCI6IjljMjRiZDc3NzYwZmNjMDFhN2E0YmMyMGM3OGI3NzFlZWRmYjg5OWUiLCJfYXV0aF91c2VyX2JhY2tlbmQiOiJkamFuZ28uY29udHJpYi5hdXRoLmJhY2tlbmRzLk1vZGVsQmFja2VuZCIsIl9hdXRoX3VzZXJfaWQiOiIxMzYiLCJyb29tcyI6WzFdfQ==','2017-06-04 22:52:04.270273'),
	('chn356f134d0fdaf7badd1dfe7f0d7cc','Yzg1NzcyZjFiNmRjMGEyZWQ3NDdlYWI0NDNhZWY3OTkyMTIyYTc4YTp7Il9hdXRoX3VzZXJfaGFzaCI6IjEyMmVhYzJhMWUwNmE3ZjZiNmJiMTM0NWZkOGYyZDk1NWYyMmQyZjQiLCJfYXV0aF91c2VyX2JhY2tlbmQiOiJkamFuZ28uY29udHJpYi5hdXRoLmJhY2tlbmRzLk1vZGVsQmFja2VuZCIsIl9hdXRoX3VzZXJfaWQiOiI3OSIsInJvb21zIjpbMTM2NzldfQ==','2017-06-04 12:51:07.210755'),
	('chn35e41678702fba7dec4804f03ce09','Yzg1NzcyZjFiNmRjMGEyZWQ3NDdlYWI0NDNhZWY3OTkyMTIyYTc4YTp7Il9hdXRoX3VzZXJfaGFzaCI6IjEyMmVhYzJhMWUwNmE3ZjZiNmJiMTM0NWZkOGYyZDk1NWYyMmQyZjQiLCJfYXV0aF91c2VyX2JhY2tlbmQiOiJkamFuZ28uY29udHJpYi5hdXRoLmJhY2tlbmRzLk1vZGVsQmFja2VuZCIsIl9hdXRoX3VzZXJfaWQiOiI3OSIsInJvb21zIjpbMTM2NzldfQ==','2017-06-04 15:41:22.958085'),
	('chn35ebc4ff19c0c49bb145b093f1131','Yzg1NzcyZjFiNmRjMGEyZWQ3NDdlYWI0NDNhZWY3OTkyMTIyYTc4YTp7Il9hdXRoX3VzZXJfaGFzaCI6IjEyMmVhYzJhMWUwNmE3ZjZiNmJiMTM0NWZkOGYyZDk1NWYyMmQyZjQiLCJfYXV0aF91c2VyX2JhY2tlbmQiOiJkamFuZ28uY29udHJpYi5hdXRoLmJhY2tlbmRzLk1vZGVsQmFja2VuZCIsIl9hdXRoX3VzZXJfaWQiOiI3OSIsInJvb21zIjpbMTM2NzldfQ==','2017-06-04 15:30:13.131663'),
	('chn35f075e6bd2d87b69847fdaff08b7','YmEwZWE5MjNhNGQyMmI2N2MzOTAwMjdhYzc2MjZlYWZjNDFmNTk2ZTp7Il9hdXRoX3VzZXJfaGFzaCI6IjljMjRiZDc3NzYwZmNjMDFhN2E0YmMyMGM3OGI3NzFlZWRmYjg5OWUiLCJfYXV0aF91c2VyX2JhY2tlbmQiOiJkamFuZ28uY29udHJpYi5hdXRoLmJhY2tlbmRzLk1vZGVsQmFja2VuZCIsIl9hdXRoX3VzZXJfaWQiOiIxMzYiLCJyb29tcyI6WzEzNjc5XX0=','2017-06-04 13:07:24.496324'),
	('chn364eee7d85f2e736c593f31be890d','NTBlZTczNjMxMTQ1NzY4NmNmNTM2YTFlNGU4MWQxZjYzOWY1MTA0NDp7Il9hdXRoX3VzZXJfaGFzaCI6IjEyMmVhYzJhMWUwNmE3ZjZiNmJiMTM0NWZkOGYyZDk1NWYyMmQyZjQiLCJfYXV0aF91c2VyX2lkIjoiNzkiLCJfYXV0aF91c2VyX2JhY2tlbmQiOiJkamFuZ28uY29udHJpYi5hdXRoLmJhY2tlbmRzLk1vZGVsQmFja2VuZCIsInJvb21zIjpbXX0=','2017-06-02 13:46:54.606614'),
	('chn36b8e0a9b0fdea3e28aec541a45d5','ZmZmNDljZmY3NWM3NjVhODNjMTM3YmExYTkwZTcyZTkyZDU5OTIxNDp7Il9hdXRoX3VzZXJfaGFzaCI6IjEyMmVhYzJhMWUwNmE3ZjZiNmJiMTM0NWZkOGYyZDk1NWYyMmQyZjQiLCJfYXV0aF91c2VyX2JhY2tlbmQiOiJkamFuZ28uY29udHJpYi5hdXRoLmJhY2tlbmRzLk1vZGVsQmFja2VuZCIsIl9hdXRoX3VzZXJfaWQiOiI3OSIsInJvb21zIjpbNzk5MF19','2017-06-08 14:04:26.277950'),
	('chn37b1a2fd4138e678e4d70c0a2aebe','YmEwZWE5MjNhNGQyMmI2N2MzOTAwMjdhYzc2MjZlYWZjNDFmNTk2ZTp7Il9hdXRoX3VzZXJfaGFzaCI6IjljMjRiZDc3NzYwZmNjMDFhN2E0YmMyMGM3OGI3NzFlZWRmYjg5OWUiLCJfYXV0aF91c2VyX2JhY2tlbmQiOiJkamFuZ28uY29udHJpYi5hdXRoLmJhY2tlbmRzLk1vZGVsQmFja2VuZCIsIl9hdXRoX3VzZXJfaWQiOiIxMzYiLCJyb29tcyI6WzEzNjc5XX0=','2017-06-04 12:18:22.552777'),
	('chn38060bb15997648bd1fd56c51a467','ZjY2OGY3MDdmNTI4ODk5Nzg5Y2VkNjhkOWM4ODJlMmVhZjUzMDk3Mzp7Il9hdXRoX3VzZXJfaGFzaCI6IjJhNDUyZDYwZDRjMGFkMzg2YjFiNjczYmQ5YTNiNzYzMDY0NWJkNGQiLCJfYXV0aF91c2VyX2lkIjoiMSIsIl9hdXRoX3VzZXJfYmFja2VuZCI6ImRqYW5nby5jb250cmliLmF1dGguYmFja2VuZHMuTW9kZWxCYWNrZW5kIiwicm9vbXMiOltdfQ==','2017-05-27 16:16:01.056918'),
	('chn382070df1e6ff830ffb70fcb136a1','YTk3ZTQ0NzQ3NTY2YzI4MWJlMzJiMGFhMzdjNWYzOTI5MGYyMzg0Zjp7InJvb21zIjpbXX0=','2017-05-27 14:21:04.775519'),
	('chn3824f3344f75cd9dafbb5521a4bf0','NTBlZTczNjMxMTQ1NzY4NmNmNTM2YTFlNGU4MWQxZjYzOWY1MTA0NDp7Il9hdXRoX3VzZXJfaGFzaCI6IjEyMmVhYzJhMWUwNmE3ZjZiNmJiMTM0NWZkOGYyZDk1NWYyMmQyZjQiLCJfYXV0aF91c2VyX2lkIjoiNzkiLCJfYXV0aF91c2VyX2JhY2tlbmQiOiJkamFuZ28uY29udHJpYi5hdXRoLmJhY2tlbmRzLk1vZGVsQmFja2VuZCIsInJvb21zIjpbXX0=','2017-06-02 13:59:52.815068'),
	('chn38dfe93ba699de4530c771ad9591e','YTk3ZTQ0NzQ3NTY2YzI4MWJlMzJiMGFhMzdjNWYzOTI5MGYyMzg0Zjp7InJvb21zIjpbXX0=','2017-05-27 13:52:41.639832'),
	('chn39232e92bf1a4cbf9e34f8bd72ce2','ZmZmNDljZmY3NWM3NjVhODNjMTM3YmExYTkwZTcyZTkyZDU5OTIxNDp7Il9hdXRoX3VzZXJfaGFzaCI6IjEyMmVhYzJhMWUwNmE3ZjZiNmJiMTM0NWZkOGYyZDk1NWYyMmQyZjQiLCJfYXV0aF91c2VyX2JhY2tlbmQiOiJkamFuZ28uY29udHJpYi5hdXRoLmJhY2tlbmRzLk1vZGVsQmFja2VuZCIsIl9hdXRoX3VzZXJfaWQiOiI3OSIsInJvb21zIjpbNzk5MF19','2017-06-08 12:59:06.328062'),
	('chn39e9fa6f908555fae5749f19fea83','ODI2NWFhM2Q5OGI3YjllODJhZTM0ZTFkMWJjYTA5MGIyOTgzMmUwMTp7Il9hdXRoX3VzZXJfaGFzaCI6IjEyMmVhYzJhMWUwNmE3ZjZiNmJiMTM0NWZkOGYyZDk1NWYyMmQyZjQiLCJfYXV0aF91c2VyX2JhY2tlbmQiOiJkamFuZ28uY29udHJpYi5hdXRoLmJhY2tlbmRzLk1vZGVsQmFja2VuZCIsIl9hdXRoX3VzZXJfaWQiOiI3OSIsInJvb21zIjpbNzkxMzZdfQ==','2017-06-07 18:56:14.596031'),
	('chn3a7a41a4c92abb2ed77b7b92d2ada','NDk4MjA5ZmRmZjA4NWEwZDYyMjRlYzQ2MWFmMDJkZDhlN2ZhNmZhMjp7Il9hdXRoX3VzZXJfaGFzaCI6ImE1YmJmNWEzYWQzMWM2MTAzZmQ4OGY1OTRjZDQwY2NjMzk3Y2MxYzYiLCJfYXV0aF91c2VyX2JhY2tlbmQiOiJkamFuZ28uY29udHJpYi5hdXRoLmJhY2tlbmRzLk1vZGVsQmFja2VuZCIsIl9hdXRoX3VzZXJfaWQiOiIxMzYiLCJyb29tcyI6WzEzNjc5XX0=','2017-05-31 09:47:09.689798'),
	('chn3a824f112aef4f8175021e357dc57','YmEwZWE5MjNhNGQyMmI2N2MzOTAwMjdhYzc2MjZlYWZjNDFmNTk2ZTp7Il9hdXRoX3VzZXJfaGFzaCI6IjljMjRiZDc3NzYwZmNjMDFhN2E0YmMyMGM3OGI3NzFlZWRmYjg5OWUiLCJfYXV0aF91c2VyX2JhY2tlbmQiOiJkamFuZ28uY29udHJpYi5hdXRoLmJhY2tlbmRzLk1vZGVsQmFja2VuZCIsIl9hdXRoX3VzZXJfaWQiOiIxMzYiLCJyb29tcyI6WzEzNjc5XX0=','2017-06-05 12:03:30.066499'),
	('chn3aa4a9a6ed681749716624f72b262','NTBlZTczNjMxMTQ1NzY4NmNmNTM2YTFlNGU4MWQxZjYzOWY1MTA0NDp7Il9hdXRoX3VzZXJfaGFzaCI6IjEyMmVhYzJhMWUwNmE3ZjZiNmJiMTM0NWZkOGYyZDk1NWYyMmQyZjQiLCJfYXV0aF91c2VyX2lkIjoiNzkiLCJfYXV0aF91c2VyX2JhY2tlbmQiOiJkamFuZ28uY29udHJpYi5hdXRoLmJhY2tlbmRzLk1vZGVsQmFja2VuZCIsInJvb21zIjpbXX0=','2017-06-02 14:10:45.178069'),
	('chn3aaa0d96971915b2d078c599883ab','NTBlZTczNjMxMTQ1NzY4NmNmNTM2YTFlNGU4MWQxZjYzOWY1MTA0NDp7Il9hdXRoX3VzZXJfaGFzaCI6IjEyMmVhYzJhMWUwNmE3ZjZiNmJiMTM0NWZkOGYyZDk1NWYyMmQyZjQiLCJfYXV0aF91c2VyX2lkIjoiNzkiLCJfYXV0aF91c2VyX2JhY2tlbmQiOiJkamFuZ28uY29udHJpYi5hdXRoLmJhY2tlbmRzLk1vZGVsQmFja2VuZCIsInJvb21zIjpbXX0=','2017-06-02 14:42:24.054782'),
	('chn3b762a9321e2b11cdbe4802d38b38','NTBlZTczNjMxMTQ1NzY4NmNmNTM2YTFlNGU4MWQxZjYzOWY1MTA0NDp7Il9hdXRoX3VzZXJfaGFzaCI6IjEyMmVhYzJhMWUwNmE3ZjZiNmJiMTM0NWZkOGYyZDk1NWYyMmQyZjQiLCJfYXV0aF91c2VyX2lkIjoiNzkiLCJfYXV0aF91c2VyX2JhY2tlbmQiOiJkamFuZ28uY29udHJpYi5hdXRoLmJhY2tlbmRzLk1vZGVsQmFja2VuZCIsInJvb21zIjpbXX0=','2017-06-03 14:56:12.691593'),
	('chn3befc8848b39af2f81b9be00556d8','OWZmZTRlZDNmYjdmNjk1ODhmYjAxYjIyODYxZDI5M2Y4MGNkMTYzZjp7Il9hdXRoX3VzZXJfaGFzaCI6IjBkOWVlNGEyNmRjNmNjOWNmNGM3NDg3ZTQ1NzczZTFiYmZlYWVkODMiLCJfYXV0aF91c2VyX2JhY2tlbmQiOiJkamFuZ28uY29udHJpYi5hdXRoLmJhY2tlbmRzLk1vZGVsQmFja2VuZCIsIl9hdXRoX3VzZXJfaWQiOiIxMjkiLCJyb29tcyI6WzEzNjEyOV19','2017-06-04 15:51:26.382900'),
	('chn3cf5b728e82b82ded4bd57df485ea','NzEwNGUxY2FkOWY2NmNlMDAyYzc3MzdmNDk1NzRlNTVlNWU4Y2IwNjp7fQ==','2017-06-06 14:00:07.452579'),
	('chn3d0afc66d604a5d4085300f07ac24','ZmZmNDljZmY3NWM3NjVhODNjMTM3YmExYTkwZTcyZTkyZDU5OTIxNDp7Il9hdXRoX3VzZXJfaGFzaCI6IjEyMmVhYzJhMWUwNmE3ZjZiNmJiMTM0NWZkOGYyZDk1NWYyMmQyZjQiLCJfYXV0aF91c2VyX2JhY2tlbmQiOiJkamFuZ28uY29udHJpYi5hdXRoLmJhY2tlbmRzLk1vZGVsQmFja2VuZCIsIl9hdXRoX3VzZXJfaWQiOiI3OSIsInJvb21zIjpbNzk5MF19','2017-06-08 13:17:59.152733'),
	('chn3d1f999ba518b1563d36c1afb96e5','ZWQ1Nzc0YjUyMzA4NDQ2Njk5N2UzMjFhNWNiZmY3YjllYTNkOTAzODp7Il9hdXRoX3VzZXJfaGFzaCI6IjEyMmVhYzJhMWUwNmE3ZjZiNmJiMTM0NWZkOGYyZDk1NWYyMmQyZjQiLCJfYXV0aF91c2VyX2JhY2tlbmQiOiJkamFuZ28uY29udHJpYi5hdXRoLmJhY2tlbmRzLk1vZGVsQmFja2VuZCIsIl9hdXRoX3VzZXJfaWQiOiI3OSIsInJvb21zIjpbMTM2ODBdfQ==','2017-06-02 14:48:05.667985'),
	('chn3d2c0b722368eb0c0bb31c2cd2d28','ZmZmNDljZmY3NWM3NjVhODNjMTM3YmExYTkwZTcyZTkyZDU5OTIxNDp7Il9hdXRoX3VzZXJfaGFzaCI6IjEyMmVhYzJhMWUwNmE3ZjZiNmJiMTM0NWZkOGYyZDk1NWYyMmQyZjQiLCJfYXV0aF91c2VyX2JhY2tlbmQiOiJkamFuZ28uY29udHJpYi5hdXRoLmJhY2tlbmRzLk1vZGVsQmFja2VuZCIsIl9hdXRoX3VzZXJfaWQiOiI3OSIsInJvb21zIjpbNzk5MF19','2017-06-08 12:59:03.952410'),
	('chn3dc5026035613808861498beff37a','ZmZmNDljZmY3NWM3NjVhODNjMTM3YmExYTkwZTcyZTkyZDU5OTIxNDp7Il9hdXRoX3VzZXJfaGFzaCI6IjEyMmVhYzJhMWUwNmE3ZjZiNmJiMTM0NWZkOGYyZDk1NWYyMmQyZjQiLCJfYXV0aF91c2VyX2JhY2tlbmQiOiJkamFuZ28uY29udHJpYi5hdXRoLmJhY2tlbmRzLk1vZGVsQmFja2VuZCIsIl9hdXRoX3VzZXJfaWQiOiI3OSIsInJvb21zIjpbNzk5MF19','2017-06-08 13:07:31.696006'),
	('chn3e652d94e1fd728f7b6c2519892fe','Yzg1NzcyZjFiNmRjMGEyZWQ3NDdlYWI0NDNhZWY3OTkyMTIyYTc4YTp7Il9hdXRoX3VzZXJfaGFzaCI6IjEyMmVhYzJhMWUwNmE3ZjZiNmJiMTM0NWZkOGYyZDk1NWYyMmQyZjQiLCJfYXV0aF91c2VyX2JhY2tlbmQiOiJkamFuZ28uY29udHJpYi5hdXRoLmJhY2tlbmRzLk1vZGVsQmFja2VuZCIsIl9hdXRoX3VzZXJfaWQiOiI3OSIsInJvb21zIjpbMTM2NzldfQ==','2017-06-05 12:03:27.729817'),
	('chn3efba0a70e98660c7d523372440c6','NTBlZTczNjMxMTQ1NzY4NmNmNTM2YTFlNGU4MWQxZjYzOWY1MTA0NDp7Il9hdXRoX3VzZXJfaGFzaCI6IjEyMmVhYzJhMWUwNmE3ZjZiNmJiMTM0NWZkOGYyZDk1NWYyMmQyZjQiLCJfYXV0aF91c2VyX2lkIjoiNzkiLCJfYXV0aF91c2VyX2JhY2tlbmQiOiJkamFuZ28uY29udHJpYi5hdXRoLmJhY2tlbmRzLk1vZGVsQmFja2VuZCIsInJvb21zIjpbXX0=','2017-06-02 13:30:12.961515'),
	('chn3f0aaf54ae0b50d9eaac74534dadb','NzEwNGUxY2FkOWY2NmNlMDAyYzc3MzdmNDk1NzRlNTVlNWU4Y2IwNjp7fQ==','2017-06-06 10:47:57.016486'),
	('chn3f44a05ee21094527192dfef22f7e','ZWQ1Nzc0YjUyMzA4NDQ2Njk5N2UzMjFhNWNiZmY3YjllYTNkOTAzODp7Il9hdXRoX3VzZXJfaGFzaCI6IjEyMmVhYzJhMWUwNmE3ZjZiNmJiMTM0NWZkOGYyZDk1NWYyMmQyZjQiLCJfYXV0aF91c2VyX2JhY2tlbmQiOiJkamFuZ28uY29udHJpYi5hdXRoLmJhY2tlbmRzLk1vZGVsQmFja2VuZCIsIl9hdXRoX3VzZXJfaWQiOiI3OSIsInJvb21zIjpbMTM2ODBdfQ==','2017-06-03 12:08:23.256814'),
	('chn3f5a538c786a64b1cb9ff118f425b','MWE0Y2E0NGFmMGM2YTBkNjJlY2ZmNGY0MzY5MzJlOGI3ZWE2NDc5YTp7Il9hdXRoX3VzZXJfaGFzaCI6IjEyMmVhYzJhMWUwNmE3ZjZiNmJiMTM0NWZkOGYyZDk1NWYyMmQyZjQiLCJfYXV0aF91c2VyX2JhY2tlbmQiOiJkamFuZ28uY29udHJpYi5hdXRoLmJhY2tlbmRzLk1vZGVsQmFja2VuZCIsIl9hdXRoX3VzZXJfaWQiOiI3OSIsInJvb21zIjpbNzk4M119','2017-06-08 15:40:37.252538'),
	('chn3f915eee6d32868c984cc8815ddf8','ZWQ1Nzc0YjUyMzA4NDQ2Njk5N2UzMjFhNWNiZmY3YjllYTNkOTAzODp7Il9hdXRoX3VzZXJfaGFzaCI6IjEyMmVhYzJhMWUwNmE3ZjZiNmJiMTM0NWZkOGYyZDk1NWYyMmQyZjQiLCJfYXV0aF91c2VyX2JhY2tlbmQiOiJkamFuZ28uY29udHJpYi5hdXRoLmJhY2tlbmRzLk1vZGVsQmFja2VuZCIsIl9hdXRoX3VzZXJfaWQiOiI3OSIsInJvb21zIjpbMTM2ODBdfQ==','2017-06-03 19:07:50.478167'),
	('chn407ce4bbd569811d786e3f5896974','NTBlZTczNjMxMTQ1NzY4NmNmNTM2YTFlNGU4MWQxZjYzOWY1MTA0NDp7Il9hdXRoX3VzZXJfaGFzaCI6IjEyMmVhYzJhMWUwNmE3ZjZiNmJiMTM0NWZkOGYyZDk1NWYyMmQyZjQiLCJfYXV0aF91c2VyX2lkIjoiNzkiLCJfYXV0aF91c2VyX2JhY2tlbmQiOiJkamFuZ28uY29udHJpYi5hdXRoLmJhY2tlbmRzLk1vZGVsQmFja2VuZCIsInJvb21zIjpbXX0=','2017-06-03 15:01:06.709083'),
	('chn4087cabe337bb0da392f77ddef1af','MTk3MzYyZjgzODA4MThjZjJjZmRjYzEwYmEyMGUwMjEwN2UwNzEzNzp7Il9hdXRoX3VzZXJfaGFzaCI6IjkzZmM3ZmE1ZTgwNTNiODRjOTIxOWZmOWM2ZThiNTllYzNjZGI5MDgiLCJfYXV0aF91c2VyX2JhY2tlbmQiOiJkamFuZ28uY29udHJpYi5hdXRoLmJhY2tlbmRzLk1vZGVsQmFja2VuZCIsIl9hdXRoX3VzZXJfaWQiOiI3OSIsInJvb21zIjpbNzk3OV19','2017-05-27 16:37:35.110511'),
	('chn410ebe210ca804884f37a1490920c','NTBlZTczNjMxMTQ1NzY4NmNmNTM2YTFlNGU4MWQxZjYzOWY1MTA0NDp7Il9hdXRoX3VzZXJfaGFzaCI6IjEyMmVhYzJhMWUwNmE3ZjZiNmJiMTM0NWZkOGYyZDk1NWYyMmQyZjQiLCJfYXV0aF91c2VyX2lkIjoiNzkiLCJfYXV0aF91c2VyX2JhY2tlbmQiOiJkamFuZ28uY29udHJpYi5hdXRoLmJhY2tlbmRzLk1vZGVsQmFja2VuZCIsInJvb21zIjpbXX0=','2017-06-03 14:59:06.557615'),
	('chn4138ab31015459b39fa9f38f1f14b','ZWQ1Nzc0YjUyMzA4NDQ2Njk5N2UzMjFhNWNiZmY3YjllYTNkOTAzODp7Il9hdXRoX3VzZXJfaGFzaCI6IjEyMmVhYzJhMWUwNmE3ZjZiNmJiMTM0NWZkOGYyZDk1NWYyMmQyZjQiLCJfYXV0aF91c2VyX2JhY2tlbmQiOiJkamFuZ28uY29udHJpYi5hdXRoLmJhY2tlbmRzLk1vZGVsQmFja2VuZCIsIl9hdXRoX3VzZXJfaWQiOiI3OSIsInJvb21zIjpbMTM2ODBdfQ==','2017-06-02 15:01:34.386470'),
	('chn413b62bc249c242b58c300dcca2f2','ODI2NWFhM2Q5OGI3YjllODJhZTM0ZTFkMWJjYTA5MGIyOTgzMmUwMTp7Il9hdXRoX3VzZXJfaGFzaCI6IjEyMmVhYzJhMWUwNmE3ZjZiNmJiMTM0NWZkOGYyZDk1NWYyMmQyZjQiLCJfYXV0aF91c2VyX2JhY2tlbmQiOiJkamFuZ28uY29udHJpYi5hdXRoLmJhY2tlbmRzLk1vZGVsQmFja2VuZCIsIl9hdXRoX3VzZXJfaWQiOiI3OSIsInJvb21zIjpbNzkxMzZdfQ==','2017-06-08 14:03:51.613309'),
	('chn4182ddf5d59c954eb47e254364a0e','NWE1ZDkyOGJkYTE4MWQ5ZTk2ZTYwMzM2OGMxNDllZWI5NWQ5NGFiNDp7Il9hdXRoX3VzZXJfaGFzaCI6IjljMjRiZDc3NzYwZmNjMDFhN2E0YmMyMGM3OGI3NzFlZWRmYjg5OWUiLCJfYXV0aF91c2VyX2lkIjoiMTM2IiwiX2F1dGhfdXNlcl9iYWNrZW5kIjoiZGphbmdvLmNvbnRyaWIuYXV0aC5iYWNrZW5kcy5Nb2RlbEJhY2tlbmQiLCJyb29tcyI6W119','2017-06-04 12:05:09.789829'),
	('chn4213b62e65e8235314d6c03bc408f','ODdiYTU2MGI3Y2JjN2MyNzE0Mjk5OGM3M2M5MmFhYmM3ZDgzMWIxMjp7Il9hdXRoX3VzZXJfaGFzaCI6IjljMjRiZDc3NzYwZmNjMDFhN2E0YmMyMGM3OGI3NzFlZWRmYjg5OWUiLCJfYXV0aF91c2VyX2JhY2tlbmQiOiJkamFuZ28uY29udHJpYi5hdXRoLmJhY2tlbmRzLk1vZGVsQmFja2VuZCIsIl9hdXRoX3VzZXJfaWQiOiIxMzYiLCJyb29tcyI6Wzc5MTM2XX0=','2017-06-07 18:04:57.348314'),
	('chn42e292623ad0e8be9c4c5c2947ad7','YTk3ZTQ0NzQ3NTY2YzI4MWJlMzJiMGFhMzdjNWYzOTI5MGYyMzg0Zjp7InJvb21zIjpbXX0=','2017-05-27 14:33:54.421932'),
	('chn435acab7d5415769e4e3a7d1eaf6d','NTBlZTczNjMxMTQ1NzY4NmNmNTM2YTFlNGU4MWQxZjYzOWY1MTA0NDp7Il9hdXRoX3VzZXJfaGFzaCI6IjEyMmVhYzJhMWUwNmE3ZjZiNmJiMTM0NWZkOGYyZDk1NWYyMmQyZjQiLCJfYXV0aF91c2VyX2lkIjoiNzkiLCJfYXV0aF91c2VyX2JhY2tlbmQiOiJkamFuZ28uY29udHJpYi5hdXRoLmJhY2tlbmRzLk1vZGVsQmFja2VuZCIsInJvb21zIjpbXX0=','2017-06-02 14:23:46.340824'),
	('chn4385d0e68f0ff2d6fa259f8203935','ZmZmNDljZmY3NWM3NjVhODNjMTM3YmExYTkwZTcyZTkyZDU5OTIxNDp7Il9hdXRoX3VzZXJfaGFzaCI6IjEyMmVhYzJhMWUwNmE3ZjZiNmJiMTM0NWZkOGYyZDk1NWYyMmQyZjQiLCJfYXV0aF91c2VyX2JhY2tlbmQiOiJkamFuZ28uY29udHJpYi5hdXRoLmJhY2tlbmRzLk1vZGVsQmFja2VuZCIsIl9hdXRoX3VzZXJfaWQiOiI3OSIsInJvb21zIjpbNzk5MF19','2017-06-08 14:02:28.430350'),
	('chn43b024e9615418ba16dbb5e06a14e','ZjNiYmY3M2MzODMwMzczYWMxNWZlNGQ1ZDNiM2RhYWY1OGNiYTM0NTp7Il9hdXRoX3VzZXJfaGFzaCI6IjljMjRiZDc3NzYwZmNjMDFhN2E0YmMyMGM3OGI3NzFlZWRmYjg5OWUiLCJfYXV0aF91c2VyX2JhY2tlbmQiOiJkamFuZ28uY29udHJpYi5hdXRoLmJhY2tlbmRzLk1vZGVsQmFja2VuZCIsIl9hdXRoX3VzZXJfaWQiOiIxMzYiLCJyb29tcyI6WzFdfQ==','2017-06-05 12:28:12.684924'),
	('chn4422dec23260b285934c87fa695d7','NzEwNGUxY2FkOWY2NmNlMDAyYzc3MzdmNDk1NzRlNTVlNWU4Y2IwNjp7fQ==','2017-06-06 15:07:28.322996'),
	('chn4459d252dc916a6dcd8f4159f10ba','ZjY2OGY3MDdmNTI4ODk5Nzg5Y2VkNjhkOWM4ODJlMmVhZjUzMDk3Mzp7Il9hdXRoX3VzZXJfaGFzaCI6IjJhNDUyZDYwZDRjMGFkMzg2YjFiNjczYmQ5YTNiNzYzMDY0NWJkNGQiLCJfYXV0aF91c2VyX2lkIjoiMSIsIl9hdXRoX3VzZXJfYmFja2VuZCI6ImRqYW5nby5jb250cmliLmF1dGguYmFja2VuZHMuTW9kZWxCYWNrZW5kIiwicm9vbXMiOltdfQ==','2017-05-27 16:28:58.939687'),
	('chn44f193fe16e3bc7518b857746dc0b','Yzg1NzcyZjFiNmRjMGEyZWQ3NDdlYWI0NDNhZWY3OTkyMTIyYTc4YTp7Il9hdXRoX3VzZXJfaGFzaCI6IjEyMmVhYzJhMWUwNmE3ZjZiNmJiMTM0NWZkOGYyZDk1NWYyMmQyZjQiLCJfYXV0aF91c2VyX2JhY2tlbmQiOiJkamFuZ28uY29udHJpYi5hdXRoLmJhY2tlbmRzLk1vZGVsQmFja2VuZCIsIl9hdXRoX3VzZXJfaWQiOiI3OSIsInJvb21zIjpbMTM2NzldfQ==','2017-06-05 11:55:40.701284'),
	('chn45f157a54b104b43be1ae896f2e4e','YmEwZWE5MjNhNGQyMmI2N2MzOTAwMjdhYzc2MjZlYWZjNDFmNTk2ZTp7Il9hdXRoX3VzZXJfaGFzaCI6IjljMjRiZDc3NzYwZmNjMDFhN2E0YmMyMGM3OGI3NzFlZWRmYjg5OWUiLCJfYXV0aF91c2VyX2JhY2tlbmQiOiJkamFuZ28uY29udHJpYi5hdXRoLmJhY2tlbmRzLk1vZGVsQmFja2VuZCIsIl9hdXRoX3VzZXJfaWQiOiIxMzYiLCJyb29tcyI6WzEzNjc5XX0=','2017-06-04 23:35:56.919387'),
	('chn46b27d8230854897a93eafcedfb95','ZWQ1Nzc0YjUyMzA4NDQ2Njk5N2UzMjFhNWNiZmY3YjllYTNkOTAzODp7Il9hdXRoX3VzZXJfaGFzaCI6IjEyMmVhYzJhMWUwNmE3ZjZiNmJiMTM0NWZkOGYyZDk1NWYyMmQyZjQiLCJfYXV0aF91c2VyX2JhY2tlbmQiOiJkamFuZ28uY29udHJpYi5hdXRoLmJhY2tlbmRzLk1vZGVsQmFja2VuZCIsIl9hdXRoX3VzZXJfaWQiOiI3OSIsInJvb21zIjpbMTM2ODBdfQ==','2017-06-03 15:57:03.089038'),
	('chn46ded9715b608aac1bda553ef61ca','ODM1NzVjNmQzMDNhNWU3NzNkYjZhYzNjOThjOTYzZGJiYWQ0OTAyMTp7Il9hdXRoX3VzZXJfaGFzaCI6IjEyMmVhYzJhMWUwNmE3ZjZiNmJiMTM0NWZkOGYyZDk1NWYyMmQyZjQiLCJfYXV0aF91c2VyX2lkIjoiNzkiLCJfYXV0aF91c2VyX2JhY2tlbmQiOiJkamFuZ28uY29udHJpYi5hdXRoLmJhY2tlbmRzLk1vZGVsQmFja2VuZCJ9','2017-06-04 10:31:23.570886'),
	('chn46f883022cc7063650c10a1788d6e','ZjY2OGY3MDdmNTI4ODk5Nzg5Y2VkNjhkOWM4ODJlMmVhZjUzMDk3Mzp7Il9hdXRoX3VzZXJfaGFzaCI6IjJhNDUyZDYwZDRjMGFkMzg2YjFiNjczYmQ5YTNiNzYzMDY0NWJkNGQiLCJfYXV0aF91c2VyX2lkIjoiMSIsIl9hdXRoX3VzZXJfYmFja2VuZCI6ImRqYW5nby5jb250cmliLmF1dGguYmFja2VuZHMuTW9kZWxCYWNrZW5kIiwicm9vbXMiOltdfQ==','2017-05-27 16:31:48.454419'),
	('chn4815c56ea955efbf419c314d86664','ODM1NzVjNmQzMDNhNWU3NzNkYjZhYzNjOThjOTYzZGJiYWQ0OTAyMTp7Il9hdXRoX3VzZXJfaGFzaCI6IjEyMmVhYzJhMWUwNmE3ZjZiNmJiMTM0NWZkOGYyZDk1NWYyMmQyZjQiLCJfYXV0aF91c2VyX2lkIjoiNzkiLCJfYXV0aF91c2VyX2JhY2tlbmQiOiJkamFuZ28uY29udHJpYi5hdXRoLmJhY2tlbmRzLk1vZGVsQmFja2VuZCJ9','2017-06-04 10:32:01.288237'),
	('chn4842630b11dd2235b025c08c4d897','ZWQ1Nzc0YjUyMzA4NDQ2Njk5N2UzMjFhNWNiZmY3YjllYTNkOTAzODp7Il9hdXRoX3VzZXJfaGFzaCI6IjEyMmVhYzJhMWUwNmE3ZjZiNmJiMTM0NWZkOGYyZDk1NWYyMmQyZjQiLCJfYXV0aF91c2VyX2JhY2tlbmQiOiJkamFuZ28uY29udHJpYi5hdXRoLmJhY2tlbmRzLk1vZGVsQmFja2VuZCIsIl9hdXRoX3VzZXJfaWQiOiI3OSIsInJvb21zIjpbMTM2ODBdfQ==','2017-06-02 22:38:03.857024'),
	('chn484b76c23258f2ef47295699ddc25','ODdiYTU2MGI3Y2JjN2MyNzE0Mjk5OGM3M2M5MmFhYmM3ZDgzMWIxMjp7Il9hdXRoX3VzZXJfaGFzaCI6IjljMjRiZDc3NzYwZmNjMDFhN2E0YmMyMGM3OGI3NzFlZWRmYjg5OWUiLCJfYXV0aF91c2VyX2JhY2tlbmQiOiJkamFuZ28uY29udHJpYi5hdXRoLmJhY2tlbmRzLk1vZGVsQmFja2VuZCIsIl9hdXRoX3VzZXJfaWQiOiIxMzYiLCJyb29tcyI6Wzc5MTM2XX0=','2017-06-07 18:17:13.173888'),
	('chn48a3f88a7389d776007e2b00bfe21','ZWQ1Nzc0YjUyMzA4NDQ2Njk5N2UzMjFhNWNiZmY3YjllYTNkOTAzODp7Il9hdXRoX3VzZXJfaGFzaCI6IjEyMmVhYzJhMWUwNmE3ZjZiNmJiMTM0NWZkOGYyZDk1NWYyMmQyZjQiLCJfYXV0aF91c2VyX2JhY2tlbmQiOiJkamFuZ28uY29udHJpYi5hdXRoLmJhY2tlbmRzLk1vZGVsQmFja2VuZCIsIl9hdXRoX3VzZXJfaWQiOiI3OSIsInJvb21zIjpbMTM2ODBdfQ==','2017-06-04 10:33:52.273675'),
	('chn493c372dc127b1acade8aa2ee6031','YmEwZWE5MjNhNGQyMmI2N2MzOTAwMjdhYzc2MjZlYWZjNDFmNTk2ZTp7Il9hdXRoX3VzZXJfaGFzaCI6IjljMjRiZDc3NzYwZmNjMDFhN2E0YmMyMGM3OGI3NzFlZWRmYjg5OWUiLCJfYXV0aF91c2VyX2JhY2tlbmQiOiJkamFuZ28uY29udHJpYi5hdXRoLmJhY2tlbmRzLk1vZGVsQmFja2VuZCIsIl9hdXRoX3VzZXJfaWQiOiIxMzYiLCJyb29tcyI6WzEzNjc5XX0=','2017-06-05 00:01:18.638789'),
	('chn4969bb1bbd981337284aa5c08b748','NzEwNGUxY2FkOWY2NmNlMDAyYzc3MzdmNDk1NzRlNTVlNWU4Y2IwNjp7fQ==','2017-06-06 10:48:42.011645'),
	('chn4a55f853380d41b32f387c8824efb','ODI2NWFhM2Q5OGI3YjllODJhZTM0ZTFkMWJjYTA5MGIyOTgzMmUwMTp7Il9hdXRoX3VzZXJfaGFzaCI6IjEyMmVhYzJhMWUwNmE3ZjZiNmJiMTM0NWZkOGYyZDk1NWYyMmQyZjQiLCJfYXV0aF91c2VyX2JhY2tlbmQiOiJkamFuZ28uY29udHJpYi5hdXRoLmJhY2tlbmRzLk1vZGVsQmFja2VuZCIsIl9hdXRoX3VzZXJfaWQiOiI3OSIsInJvb21zIjpbNzkxMzZdfQ==','2017-06-08 14:03:38.113049'),
	('chn4b13f24107d8322b96dade5bfc57f','YTk3ZTQ0NzQ3NTY2YzI4MWJlMzJiMGFhMzdjNWYzOTI5MGYyMzg0Zjp7InJvb21zIjpbXX0=','2017-06-05 18:05:23.658944'),
	('chn4b39abe90e03d13bdec51a7cfc5b7','NzEwNGUxY2FkOWY2NmNlMDAyYzc3MzdmNDk1NzRlNTVlNWU4Y2IwNjp7fQ==','2017-06-05 23:05:06.588327'),
	('chn4bf0483859d289c8eaebfad6b57f3','ZjY2OGY3MDdmNTI4ODk5Nzg5Y2VkNjhkOWM4ODJlMmVhZjUzMDk3Mzp7Il9hdXRoX3VzZXJfaGFzaCI6IjJhNDUyZDYwZDRjMGFkMzg2YjFiNjczYmQ5YTNiNzYzMDY0NWJkNGQiLCJfYXV0aF91c2VyX2lkIjoiMSIsIl9hdXRoX3VzZXJfYmFja2VuZCI6ImRqYW5nby5jb250cmliLmF1dGguYmFja2VuZHMuTW9kZWxCYWNrZW5kIiwicm9vbXMiOltdfQ==','2017-05-27 16:32:13.121871'),
	('chn4c24096d6456ac836cb198a8040e3','Mzk1NzQyODNmNGY1MWFmMTQyOWY4NmYyODMwYTU2MGQ5M2JjZWExYzp7Il9hdXRoX3VzZXJfaGFzaCI6Ijc5ZTFmNjA3YjYwOGU1ZDljY2FkNjUyYzFmOWE3ZDM5NDcyYjU3NmMiLCJfYXV0aF91c2VyX2JhY2tlbmQiOiJkamFuZ28uY29udHJpYi5hdXRoLmJhY2tlbmRzLk1vZGVsQmFja2VuZCIsIl9hdXRoX3VzZXJfaWQiOiI3OSIsInJvb21zIjpbNzk5MF19','2017-06-13 10:33:30.867658'),
	('chn4c744db50691ff001d1d15b0b627e','YmEwZWE5MjNhNGQyMmI2N2MzOTAwMjdhYzc2MjZlYWZjNDFmNTk2ZTp7Il9hdXRoX3VzZXJfaGFzaCI6IjljMjRiZDc3NzYwZmNjMDFhN2E0YmMyMGM3OGI3NzFlZWRmYjg5OWUiLCJfYXV0aF91c2VyX2JhY2tlbmQiOiJkamFuZ28uY29udHJpYi5hdXRoLmJhY2tlbmRzLk1vZGVsQmFja2VuZCIsIl9hdXRoX3VzZXJfaWQiOiIxMzYiLCJyb29tcyI6WzEzNjc5XX0=','2017-06-05 11:43:18.329355'),
	('chn4c7cf982fb8688067a32b510fb937','ZWQ1Nzc0YjUyMzA4NDQ2Njk5N2UzMjFhNWNiZmY3YjllYTNkOTAzODp7Il9hdXRoX3VzZXJfaGFzaCI6IjEyMmVhYzJhMWUwNmE3ZjZiNmJiMTM0NWZkOGYyZDk1NWYyMmQyZjQiLCJfYXV0aF91c2VyX2JhY2tlbmQiOiJkamFuZ28uY29udHJpYi5hdXRoLmJhY2tlbmRzLk1vZGVsQmFja2VuZCIsIl9hdXRoX3VzZXJfaWQiOiI3OSIsInJvb21zIjpbMTM2ODBdfQ==','2017-06-03 16:18:37.841114'),
	('chn4cf6a0b95bc957be47397ca88a0f0','NGZjNWZhM2ZkNDc0MjVjMTlmYjk3NWM3NjUyMWQzYWI0OWQxYmY1ZDp7Il9hdXRoX3VzZXJfaGFzaCI6ImJjZjM0ZTRiYjkwZWEwNjg2ZjcxN2RiMTZjZTljYmUyZWQ4YzM3MWQiLCJfYXV0aF91c2VyX2JhY2tlbmQiOiJkamFuZ28uY29udHJpYi5hdXRoLmJhY2tlbmRzLk1vZGVsQmFja2VuZCIsIl9hdXRoX3VzZXJfaWQiOiI4MCIsInJvb21zIjpbNzk4MF19','2017-05-31 08:40:17.247466'),
	('chn4d4f53f049359bfaf8a158b343503','ZjNiYmY3M2MzODMwMzczYWMxNWZlNGQ1ZDNiM2RhYWY1OGNiYTM0NTp7Il9hdXRoX3VzZXJfaGFzaCI6IjljMjRiZDc3NzYwZmNjMDFhN2E0YmMyMGM3OGI3NzFlZWRmYjg5OWUiLCJfYXV0aF91c2VyX2JhY2tlbmQiOiJkamFuZ28uY29udHJpYi5hdXRoLmJhY2tlbmRzLk1vZGVsQmFja2VuZCIsIl9hdXRoX3VzZXJfaWQiOiIxMzYiLCJyb29tcyI6WzFdfQ==','2017-06-05 12:28:20.924095'),
	('chn4decb74b04756db11084976928e7e','Yzg1NzcyZjFiNmRjMGEyZWQ3NDdlYWI0NDNhZWY3OTkyMTIyYTc4YTp7Il9hdXRoX3VzZXJfaGFzaCI6IjEyMmVhYzJhMWUwNmE3ZjZiNmJiMTM0NWZkOGYyZDk1NWYyMmQyZjQiLCJfYXV0aF91c2VyX2JhY2tlbmQiOiJkamFuZ28uY29udHJpYi5hdXRoLmJhY2tlbmRzLk1vZGVsQmFja2VuZCIsIl9hdXRoX3VzZXJfaWQiOiI3OSIsInJvb21zIjpbMTM2NzldfQ==','2017-06-04 12:32:29.646159'),
	('chn4e3099fc78007244eecfc20c088f2','NzEwNGUxY2FkOWY2NmNlMDAyYzc3MzdmNDk1NzRlNTVlNWU4Y2IwNjp7fQ==','2017-06-06 14:10:42.849356'),
	('chn4e744918b2ba53a927c1225620ae8','ZWQ1Nzc0YjUyMzA4NDQ2Njk5N2UzMjFhNWNiZmY3YjllYTNkOTAzODp7Il9hdXRoX3VzZXJfaGFzaCI6IjEyMmVhYzJhMWUwNmE3ZjZiNmJiMTM0NWZkOGYyZDk1NWYyMmQyZjQiLCJfYXV0aF91c2VyX2JhY2tlbmQiOiJkamFuZ28uY29udHJpYi5hdXRoLmJhY2tlbmRzLk1vZGVsQmFja2VuZCIsIl9hdXRoX3VzZXJfaWQiOiI3OSIsInJvb21zIjpbMTM2ODBdfQ==','2017-06-03 16:08:26.895352'),
	('chn4f34ac0d276042d41dab2f4e1a319','YmEwZWE5MjNhNGQyMmI2N2MzOTAwMjdhYzc2MjZlYWZjNDFmNTk2ZTp7Il9hdXRoX3VzZXJfaGFzaCI6IjljMjRiZDc3NzYwZmNjMDFhN2E0YmMyMGM3OGI3NzFlZWRmYjg5OWUiLCJfYXV0aF91c2VyX2JhY2tlbmQiOiJkamFuZ28uY29udHJpYi5hdXRoLmJhY2tlbmRzLk1vZGVsQmFja2VuZCIsIl9hdXRoX3VzZXJfaWQiOiIxMzYiLCJyb29tcyI6WzEzNjc5XX0=','2017-06-04 15:34:10.091819'),
	('chn4f3555594702cdaae56c3c2b8e46e','Zjg2YmY1OTI5ZjA3YTA2MzYwNjE0NzM1NDJiMDg4NzI1MWQ1ZWI4Yzp7Il9hdXRoX3VzZXJfaGFzaCI6IjljMjRiZDc3NzYwZmNjMDFhN2E0YmMyMGM3OGI3NzFlZWRmYjg5OWUiLCJfYXV0aF91c2VyX2JhY2tlbmQiOiJkamFuZ28uY29udHJpYi5hdXRoLmJhY2tlbmRzLk1vZGVsQmFja2VuZCIsIl9hdXRoX3VzZXJfaWQiOiIxMzYiLCJyb29tcyI6WzEzNjEyOV19','2017-06-05 12:31:58.385906'),
	('chn4f451b966847c28f19a44460837d3','NzEwNGUxY2FkOWY2NmNlMDAyYzc3MzdmNDk1NzRlNTVlNWU4Y2IwNjp7fQ==','2017-06-06 10:52:47.609460'),
	('chn4fcf69343dddfd92bf45230abe815','ODM1NzVjNmQzMDNhNWU3NzNkYjZhYzNjOThjOTYzZGJiYWQ0OTAyMTp7Il9hdXRoX3VzZXJfaGFzaCI6IjEyMmVhYzJhMWUwNmE3ZjZiNmJiMTM0NWZkOGYyZDk1NWYyMmQyZjQiLCJfYXV0aF91c2VyX2lkIjoiNzkiLCJfYXV0aF91c2VyX2JhY2tlbmQiOiJkamFuZ28uY29udHJpYi5hdXRoLmJhY2tlbmRzLk1vZGVsQmFja2VuZCJ9','2017-06-04 10:32:51.076335'),
	('chn502d6d7c6e07f607accf8641068f1','NWE1ZDkyOGJkYTE4MWQ5ZTk2ZTYwMzM2OGMxNDllZWI5NWQ5NGFiNDp7Il9hdXRoX3VzZXJfaGFzaCI6IjljMjRiZDc3NzYwZmNjMDFhN2E0YmMyMGM3OGI3NzFlZWRmYjg5OWUiLCJfYXV0aF91c2VyX2lkIjoiMTM2IiwiX2F1dGhfdXNlcl9iYWNrZW5kIjoiZGphbmdvLmNvbnRyaWIuYXV0aC5iYWNrZW5kcy5Nb2RlbEJhY2tlbmQiLCJyb29tcyI6W119','2017-06-04 12:12:55.588121'),
	('chn503000fed25097a93b80a6a24a3a4','YmEwZWE5MjNhNGQyMmI2N2MzOTAwMjdhYzc2MjZlYWZjNDFmNTk2ZTp7Il9hdXRoX3VzZXJfaGFzaCI6IjljMjRiZDc3NzYwZmNjMDFhN2E0YmMyMGM3OGI3NzFlZWRmYjg5OWUiLCJfYXV0aF91c2VyX2JhY2tlbmQiOiJkamFuZ28uY29udHJpYi5hdXRoLmJhY2tlbmRzLk1vZGVsQmFja2VuZCIsIl9hdXRoX3VzZXJfaWQiOiIxMzYiLCJyb29tcyI6WzEzNjc5XX0=','2017-06-04 23:26:13.865380'),
	('chn503f5fd653f0486c593ebfe04a525','ZWQ1Nzc0YjUyMzA4NDQ2Njk5N2UzMjFhNWNiZmY3YjllYTNkOTAzODp7Il9hdXRoX3VzZXJfaGFzaCI6IjEyMmVhYzJhMWUwNmE3ZjZiNmJiMTM0NWZkOGYyZDk1NWYyMmQyZjQiLCJfYXV0aF91c2VyX2JhY2tlbmQiOiJkamFuZ28uY29udHJpYi5hdXRoLmJhY2tlbmRzLk1vZGVsQmFja2VuZCIsIl9hdXRoX3VzZXJfaWQiOiI3OSIsInJvb21zIjpbMTM2ODBdfQ==','2017-06-02 14:05:49.256786'),
	('chn50686a8d1d5867039dbf7293139c6','ZmZmNDljZmY3NWM3NjVhODNjMTM3YmExYTkwZTcyZTkyZDU5OTIxNDp7Il9hdXRoX3VzZXJfaGFzaCI6IjEyMmVhYzJhMWUwNmE3ZjZiNmJiMTM0NWZkOGYyZDk1NWYyMmQyZjQiLCJfYXV0aF91c2VyX2JhY2tlbmQiOiJkamFuZ28uY29udHJpYi5hdXRoLmJhY2tlbmRzLk1vZGVsQmFja2VuZCIsIl9hdXRoX3VzZXJfaWQiOiI3OSIsInJvb21zIjpbNzk5MF19','2017-06-08 13:09:46.840824'),
	('chn508cd8297dafbabdfe875149e9d2a','NTBlZTczNjMxMTQ1NzY4NmNmNTM2YTFlNGU4MWQxZjYzOWY1MTA0NDp7Il9hdXRoX3VzZXJfaGFzaCI6IjEyMmVhYzJhMWUwNmE3ZjZiNmJiMTM0NWZkOGYyZDk1NWYyMmQyZjQiLCJfYXV0aF91c2VyX2lkIjoiNzkiLCJfYXV0aF91c2VyX2JhY2tlbmQiOiJkamFuZ28uY29udHJpYi5hdXRoLmJhY2tlbmRzLk1vZGVsQmFja2VuZCIsInJvb21zIjpbXX0=','2017-06-02 14:01:29.410846'),
	('chn5130e1c6693372574f6c1eb8502db','ODI2NWFhM2Q5OGI3YjllODJhZTM0ZTFkMWJjYTA5MGIyOTgzMmUwMTp7Il9hdXRoX3VzZXJfaGFzaCI6IjEyMmVhYzJhMWUwNmE3ZjZiNmJiMTM0NWZkOGYyZDk1NWYyMmQyZjQiLCJfYXV0aF91c2VyX2JhY2tlbmQiOiJkamFuZ28uY29udHJpYi5hdXRoLmJhY2tlbmRzLk1vZGVsQmFja2VuZCIsIl9hdXRoX3VzZXJfaWQiOiI3OSIsInJvb21zIjpbNzkxMzZdfQ==','2017-06-08 13:19:12.265380'),
	('chn515dbaff57d124eedeb7846879be3','Zjg2YmY1OTI5ZjA3YTA2MzYwNjE0NzM1NDJiMDg4NzI1MWQ1ZWI4Yzp7Il9hdXRoX3VzZXJfaGFzaCI6IjljMjRiZDc3NzYwZmNjMDFhN2E0YmMyMGM3OGI3NzFlZWRmYjg5OWUiLCJfYXV0aF91c2VyX2JhY2tlbmQiOiJkamFuZ28uY29udHJpYi5hdXRoLmJhY2tlbmRzLk1vZGVsQmFja2VuZCIsIl9hdXRoX3VzZXJfaWQiOiIxMzYiLCJyb29tcyI6WzEzNjEyOV19','2017-06-04 16:05:57.147092'),
	('chn51addbd5e1bc2d398b9d8d75ecb52','ODI2NWFhM2Q5OGI3YjllODJhZTM0ZTFkMWJjYTA5MGIyOTgzMmUwMTp7Il9hdXRoX3VzZXJfaGFzaCI6IjEyMmVhYzJhMWUwNmE3ZjZiNmJiMTM0NWZkOGYyZDk1NWYyMmQyZjQiLCJfYXV0aF91c2VyX2JhY2tlbmQiOiJkamFuZ28uY29udHJpYi5hdXRoLmJhY2tlbmRzLk1vZGVsQmFja2VuZCIsIl9hdXRoX3VzZXJfaWQiOiI3OSIsInJvb21zIjpbNzkxMzZdfQ==','2017-06-07 15:58:27.688332'),
	('chn5226578886ae5655942f15418212e','Yzg1NzcyZjFiNmRjMGEyZWQ3NDdlYWI0NDNhZWY3OTkyMTIyYTc4YTp7Il9hdXRoX3VzZXJfaGFzaCI6IjEyMmVhYzJhMWUwNmE3ZjZiNmJiMTM0NWZkOGYyZDk1NWYyMmQyZjQiLCJfYXV0aF91c2VyX2JhY2tlbmQiOiJkamFuZ28uY29udHJpYi5hdXRoLmJhY2tlbmRzLk1vZGVsQmFja2VuZCIsIl9hdXRoX3VzZXJfaWQiOiI3OSIsInJvb21zIjpbMTM2NzldfQ==','2017-06-05 12:12:51.114187'),
	('chn52bdbe8affcedff4f6d33864fb6d8','ODI2NWFhM2Q5OGI3YjllODJhZTM0ZTFkMWJjYTA5MGIyOTgzMmUwMTp7Il9hdXRoX3VzZXJfaGFzaCI6IjEyMmVhYzJhMWUwNmE3ZjZiNmJiMTM0NWZkOGYyZDk1NWYyMmQyZjQiLCJfYXV0aF91c2VyX2JhY2tlbmQiOiJkamFuZ28uY29udHJpYi5hdXRoLmJhY2tlbmRzLk1vZGVsQmFja2VuZCIsIl9hdXRoX3VzZXJfaWQiOiI3OSIsInJvb21zIjpbNzkxMzZdfQ==','2017-06-07 13:55:58.946613'),
	('chn52f2bf2a859b8b7eebed7122f659f','ODUwMDZlYTAwYjA3MDBjNzk2MzI2MjlkMWQzMzExZjFlZDVkYThmYTp7Il9hdXRoX3VzZXJfaGFzaCI6IjJhNDUyZDYwZDRjMGFkMzg2YjFiNjczYmQ5YTNiNzYzMDY0NWJkNGQiLCJfYXV0aF91c2VyX2JhY2tlbmQiOiJkamFuZ28uY29udHJpYi5hdXRoLmJhY2tlbmRzLk1vZGVsQmFja2VuZCIsIl9hdXRoX3VzZXJfaWQiOiIxIiwicm9vbXMiOlsxNzldfQ==','2017-05-27 16:36:21.507545'),
	('chn53247231decc7bf4d63b1fe6af1c4','NzEwNGUxY2FkOWY2NmNlMDAyYzc3MzdmNDk1NzRlNTVlNWU4Y2IwNjp7fQ==','2017-06-06 15:09:51.021779'),
	('chn53504ebfcc7340e5118c2197fa125','ODI2NWFhM2Q5OGI3YjllODJhZTM0ZTFkMWJjYTA5MGIyOTgzMmUwMTp7Il9hdXRoX3VzZXJfaGFzaCI6IjEyMmVhYzJhMWUwNmE3ZjZiNmJiMTM0NWZkOGYyZDk1NWYyMmQyZjQiLCJfYXV0aF91c2VyX2JhY2tlbmQiOiJkamFuZ28uY29udHJpYi5hdXRoLmJhY2tlbmRzLk1vZGVsQmFja2VuZCIsIl9hdXRoX3VzZXJfaWQiOiI3OSIsInJvb21zIjpbNzkxMzZdfQ==','2017-06-07 13:48:29.472025'),
	('chn5401a4e1af7706ce4dc92d199dbd4','Zjg2YmY1OTI5ZjA3YTA2MzYwNjE0NzM1NDJiMDg4NzI1MWQ1ZWI4Yzp7Il9hdXRoX3VzZXJfaGFzaCI6IjljMjRiZDc3NzYwZmNjMDFhN2E0YmMyMGM3OGI3NzFlZWRmYjg5OWUiLCJfYXV0aF91c2VyX2JhY2tlbmQiOiJkamFuZ28uY29udHJpYi5hdXRoLmJhY2tlbmRzLk1vZGVsQmFja2VuZCIsIl9hdXRoX3VzZXJfaWQiOiIxMzYiLCJyb29tcyI6WzEzNjEyOV19','2017-06-04 15:50:19.884933'),
	('chn5424f2b28eac25e92460e38a96142','NTBlZTczNjMxMTQ1NzY4NmNmNTM2YTFlNGU4MWQxZjYzOWY1MTA0NDp7Il9hdXRoX3VzZXJfaGFzaCI6IjEyMmVhYzJhMWUwNmE3ZjZiNmJiMTM0NWZkOGYyZDk1NWYyMmQyZjQiLCJfYXV0aF91c2VyX2lkIjoiNzkiLCJfYXV0aF91c2VyX2JhY2tlbmQiOiJkamFuZ28uY29udHJpYi5hdXRoLmJhY2tlbmRzLk1vZGVsQmFja2VuZCIsInJvb21zIjpbXX0=','2017-06-02 14:24:16.084625'),
	('chn5445b46ba81b4c16a87f9126d6091','ZWQ1Nzc0YjUyMzA4NDQ2Njk5N2UzMjFhNWNiZmY3YjllYTNkOTAzODp7Il9hdXRoX3VzZXJfaGFzaCI6IjEyMmVhYzJhMWUwNmE3ZjZiNmJiMTM0NWZkOGYyZDk1NWYyMmQyZjQiLCJfYXV0aF91c2VyX2JhY2tlbmQiOiJkamFuZ28uY29udHJpYi5hdXRoLmJhY2tlbmRzLk1vZGVsQmFja2VuZCIsIl9hdXRoX3VzZXJfaWQiOiI3OSIsInJvb21zIjpbMTM2ODBdfQ==','2017-06-02 14:02:57.523821'),
	('chn5452f6f8cd3d49096420c389ace3e','ODM1NzVjNmQzMDNhNWU3NzNkYjZhYzNjOThjOTYzZGJiYWQ0OTAyMTp7Il9hdXRoX3VzZXJfaGFzaCI6IjEyMmVhYzJhMWUwNmE3ZjZiNmJiMTM0NWZkOGYyZDk1NWYyMmQyZjQiLCJfYXV0aF91c2VyX2lkIjoiNzkiLCJfYXV0aF91c2VyX2JhY2tlbmQiOiJkamFuZ28uY29udHJpYi5hdXRoLmJhY2tlbmRzLk1vZGVsQmFja2VuZCJ9','2017-06-04 10:31:38.337458'),
	('chn546921840d4865684d424360c20f7','ZmZmNDljZmY3NWM3NjVhODNjMTM3YmExYTkwZTcyZTkyZDU5OTIxNDp7Il9hdXRoX3VzZXJfaGFzaCI6IjEyMmVhYzJhMWUwNmE3ZjZiNmJiMTM0NWZkOGYyZDk1NWYyMmQyZjQiLCJfYXV0aF91c2VyX2JhY2tlbmQiOiJkamFuZ28uY29udHJpYi5hdXRoLmJhY2tlbmRzLk1vZGVsQmFja2VuZCIsIl9hdXRoX3VzZXJfaWQiOiI3OSIsInJvb21zIjpbNzk5MF19','2017-06-08 13:06:23.098833'),
	('chn54e3e1a03d6bf9a320a0929b53b57','NTBlZTczNjMxMTQ1NzY4NmNmNTM2YTFlNGU4MWQxZjYzOWY1MTA0NDp7Il9hdXRoX3VzZXJfaGFzaCI6IjEyMmVhYzJhMWUwNmE3ZjZiNmJiMTM0NWZkOGYyZDk1NWYyMmQyZjQiLCJfYXV0aF91c2VyX2lkIjoiNzkiLCJfYXV0aF91c2VyX2JhY2tlbmQiOiJkamFuZ28uY29udHJpYi5hdXRoLmJhY2tlbmRzLk1vZGVsQmFja2VuZCIsInJvb21zIjpbXX0=','2017-06-02 13:59:09.958858'),
	('chn5584f8658a2f73ddece1cd570a935','ZjY2OGY3MDdmNTI4ODk5Nzg5Y2VkNjhkOWM4ODJlMmVhZjUzMDk3Mzp7Il9hdXRoX3VzZXJfaGFzaCI6IjJhNDUyZDYwZDRjMGFkMzg2YjFiNjczYmQ5YTNiNzYzMDY0NWJkNGQiLCJfYXV0aF91c2VyX2lkIjoiMSIsIl9hdXRoX3VzZXJfYmFja2VuZCI6ImRqYW5nby5jb250cmliLmF1dGguYmFja2VuZHMuTW9kZWxCYWNrZW5kIiwicm9vbXMiOltdfQ==','2017-05-27 16:24:13.298838'),
	('chn558b230ba1f7a76bb34cc6925d11b','YmEwZWE5MjNhNGQyMmI2N2MzOTAwMjdhYzc2MjZlYWZjNDFmNTk2ZTp7Il9hdXRoX3VzZXJfaGFzaCI6IjljMjRiZDc3NzYwZmNjMDFhN2E0YmMyMGM3OGI3NzFlZWRmYjg5OWUiLCJfYXV0aF91c2VyX2JhY2tlbmQiOiJkamFuZ28uY29udHJpYi5hdXRoLmJhY2tlbmRzLk1vZGVsQmFja2VuZCIsIl9hdXRoX3VzZXJfaWQiOiIxMzYiLCJyb29tcyI6WzEzNjc5XX0=','2017-06-05 00:01:59.113881'),
	('chn55bae83f554ebda4853fbef317504','NTBlZTczNjMxMTQ1NzY4NmNmNTM2YTFlNGU4MWQxZjYzOWY1MTA0NDp7Il9hdXRoX3VzZXJfaGFzaCI6IjEyMmVhYzJhMWUwNmE3ZjZiNmJiMTM0NWZkOGYyZDk1NWYyMmQyZjQiLCJfYXV0aF91c2VyX2lkIjoiNzkiLCJfYXV0aF91c2VyX2JhY2tlbmQiOiJkamFuZ28uY29udHJpYi5hdXRoLmJhY2tlbmRzLk1vZGVsQmFja2VuZCIsInJvb21zIjpbXX0=','2017-06-02 14:01:21.848104'),
	('chn55dd2056abd33a4a3260b686c21ae','Yzg1NzcyZjFiNmRjMGEyZWQ3NDdlYWI0NDNhZWY3OTkyMTIyYTc4YTp7Il9hdXRoX3VzZXJfaGFzaCI6IjEyMmVhYzJhMWUwNmE3ZjZiNmJiMTM0NWZkOGYyZDk1NWYyMmQyZjQiLCJfYXV0aF91c2VyX2JhY2tlbmQiOiJkamFuZ28uY29udHJpYi5hdXRoLmJhY2tlbmRzLk1vZGVsQmFja2VuZCIsIl9hdXRoX3VzZXJfaWQiOiI3OSIsInJvb21zIjpbMTM2NzldfQ==','2017-06-05 12:00:03.543145'),
	('chn565c0ee41497dff29cd9d0cb731d9','YmEwZWE5MjNhNGQyMmI2N2MzOTAwMjdhYzc2MjZlYWZjNDFmNTk2ZTp7Il9hdXRoX3VzZXJfaGFzaCI6IjljMjRiZDc3NzYwZmNjMDFhN2E0YmMyMGM3OGI3NzFlZWRmYjg5OWUiLCJfYXV0aF91c2VyX2JhY2tlbmQiOiJkamFuZ28uY29udHJpYi5hdXRoLmJhY2tlbmRzLk1vZGVsQmFja2VuZCIsIl9hdXRoX3VzZXJfaWQiOiIxMzYiLCJyb29tcyI6WzEzNjc5XX0=','2017-06-05 10:55:30.446700'),
	('chn57f64f5ecb193a85869015293bbf1','YmEwZWE5MjNhNGQyMmI2N2MzOTAwMjdhYzc2MjZlYWZjNDFmNTk2ZTp7Il9hdXRoX3VzZXJfaGFzaCI6IjljMjRiZDc3NzYwZmNjMDFhN2E0YmMyMGM3OGI3NzFlZWRmYjg5OWUiLCJfYXV0aF91c2VyX2JhY2tlbmQiOiJkamFuZ28uY29udHJpYi5hdXRoLmJhY2tlbmRzLk1vZGVsQmFja2VuZCIsIl9hdXRoX3VzZXJfaWQiOiIxMzYiLCJyb29tcyI6WzEzNjc5XX0=','2017-06-05 18:21:41.193359'),
	('chn58392d9ea4899ed5f0ef17ac6bb09','ZjNiYmY3M2MzODMwMzczYWMxNWZlNGQ1ZDNiM2RhYWY1OGNiYTM0NTp7Il9hdXRoX3VzZXJfaGFzaCI6IjljMjRiZDc3NzYwZmNjMDFhN2E0YmMyMGM3OGI3NzFlZWRmYjg5OWUiLCJfYXV0aF91c2VyX2JhY2tlbmQiOiJkamFuZ28uY29udHJpYi5hdXRoLmJhY2tlbmRzLk1vZGVsQmFja2VuZCIsIl9hdXRoX3VzZXJfaWQiOiIxMzYiLCJyb29tcyI6WzFdfQ==','2017-06-05 12:44:39.880881'),
	('chn5868bd8719bda52a6215cb95497c8','ODM1NzVjNmQzMDNhNWU3NzNkYjZhYzNjOThjOTYzZGJiYWQ0OTAyMTp7Il9hdXRoX3VzZXJfaGFzaCI6IjEyMmVhYzJhMWUwNmE3ZjZiNmJiMTM0NWZkOGYyZDk1NWYyMmQyZjQiLCJfYXV0aF91c2VyX2lkIjoiNzkiLCJfYXV0aF91c2VyX2JhY2tlbmQiOiJkamFuZ28uY29udHJpYi5hdXRoLmJhY2tlbmRzLk1vZGVsQmFja2VuZCJ9','2017-06-04 10:33:38.763223'),
	('chn588cc467989d965a947a694d27292','YmEwZWE5MjNhNGQyMmI2N2MzOTAwMjdhYzc2MjZlYWZjNDFmNTk2ZTp7Il9hdXRoX3VzZXJfaGFzaCI6IjljMjRiZDc3NzYwZmNjMDFhN2E0YmMyMGM3OGI3NzFlZWRmYjg5OWUiLCJfYXV0aF91c2VyX2JhY2tlbmQiOiJkamFuZ28uY29udHJpYi5hdXRoLmJhY2tlbmRzLk1vZGVsQmFja2VuZCIsIl9hdXRoX3VzZXJfaWQiOiIxMzYiLCJyb29tcyI6WzEzNjc5XX0=','2017-06-04 12:24:15.775242'),
	('chn589238c4c0ac110654721478f0bd6','NTBlZTczNjMxMTQ1NzY4NmNmNTM2YTFlNGU4MWQxZjYzOWY1MTA0NDp7Il9hdXRoX3VzZXJfaGFzaCI6IjEyMmVhYzJhMWUwNmE3ZjZiNmJiMTM0NWZkOGYyZDk1NWYyMmQyZjQiLCJfYXV0aF91c2VyX2lkIjoiNzkiLCJfYXV0aF91c2VyX2JhY2tlbmQiOiJkamFuZ28uY29udHJpYi5hdXRoLmJhY2tlbmRzLk1vZGVsQmFja2VuZCIsInJvb21zIjpbXX0=','2017-06-06 10:41:43.034440'),
	('chn58abdc1f664e5d12261ee12872bac','YmEwZWE5MjNhNGQyMmI2N2MzOTAwMjdhYzc2MjZlYWZjNDFmNTk2ZTp7Il9hdXRoX3VzZXJfaGFzaCI6IjljMjRiZDc3NzYwZmNjMDFhN2E0YmMyMGM3OGI3NzFlZWRmYjg5OWUiLCJfYXV0aF91c2VyX2JhY2tlbmQiOiJkamFuZ28uY29udHJpYi5hdXRoLmJhY2tlbmRzLk1vZGVsQmFja2VuZCIsIl9hdXRoX3VzZXJfaWQiOiIxMzYiLCJyb29tcyI6WzEzNjc5XX0=','2017-06-05 11:47:13.667592'),
	('chn597082c56931dd06592617c9ea2ed','NWE1ZDkyOGJkYTE4MWQ5ZTk2ZTYwMzM2OGMxNDllZWI5NWQ5NGFiNDp7Il9hdXRoX3VzZXJfaGFzaCI6IjljMjRiZDc3NzYwZmNjMDFhN2E0YmMyMGM3OGI3NzFlZWRmYjg5OWUiLCJfYXV0aF91c2VyX2lkIjoiMTM2IiwiX2F1dGhfdXNlcl9iYWNrZW5kIjoiZGphbmdvLmNvbnRyaWIuYXV0aC5iYWNrZW5kcy5Nb2RlbEJhY2tlbmQiLCJyb29tcyI6W119','2017-06-04 12:06:20.277374'),
	('chn59e2a1aa5e499f36d0e594a25ee9b','YmEwZWE5MjNhNGQyMmI2N2MzOTAwMjdhYzc2MjZlYWZjNDFmNTk2ZTp7Il9hdXRoX3VzZXJfaGFzaCI6IjljMjRiZDc3NzYwZmNjMDFhN2E0YmMyMGM3OGI3NzFlZWRmYjg5OWUiLCJfYXV0aF91c2VyX2JhY2tlbmQiOiJkamFuZ28uY29udHJpYi5hdXRoLmJhY2tlbmRzLk1vZGVsQmFja2VuZCIsIl9hdXRoX3VzZXJfaWQiOiIxMzYiLCJyb29tcyI6WzEzNjc5XX0=','2017-06-05 12:33:38.406571'),
	('chn59f2f3e51e888a6c301a0fbd5493b','ZjY2OGY3MDdmNTI4ODk5Nzg5Y2VkNjhkOWM4ODJlMmVhZjUzMDk3Mzp7Il9hdXRoX3VzZXJfaGFzaCI6IjJhNDUyZDYwZDRjMGFkMzg2YjFiNjczYmQ5YTNiNzYzMDY0NWJkNGQiLCJfYXV0aF91c2VyX2lkIjoiMSIsIl9hdXRoX3VzZXJfYmFja2VuZCI6ImRqYW5nby5jb250cmliLmF1dGguYmFja2VuZHMuTW9kZWxCYWNrZW5kIiwicm9vbXMiOltdfQ==','2017-05-27 16:25:40.886484'),
	('chn59f981a1492538d3bf362e61f8e6d','YmEwZWE5MjNhNGQyMmI2N2MzOTAwMjdhYzc2MjZlYWZjNDFmNTk2ZTp7Il9hdXRoX3VzZXJfaGFzaCI6IjljMjRiZDc3NzYwZmNjMDFhN2E0YmMyMGM3OGI3NzFlZWRmYjg5OWUiLCJfYXV0aF91c2VyX2JhY2tlbmQiOiJkamFuZ28uY29udHJpYi5hdXRoLmJhY2tlbmRzLk1vZGVsQmFja2VuZCIsIl9hdXRoX3VzZXJfaWQiOiIxMzYiLCJyb29tcyI6WzEzNjc5XX0=','2017-06-05 12:28:25.046556'),
	('chn5a400fe496a0c2b7c9b61b458809f','YTk3ZTQ0NzQ3NTY2YzI4MWJlMzJiMGFhMzdjNWYzOTI5MGYyMzg0Zjp7InJvb21zIjpbXX0=','2017-05-27 16:15:32.511705'),
	('chn5aa6bf1abe06d87dd4ed4bd52da2f','NTBlZTczNjMxMTQ1NzY4NmNmNTM2YTFlNGU4MWQxZjYzOWY1MTA0NDp7Il9hdXRoX3VzZXJfaGFzaCI6IjEyMmVhYzJhMWUwNmE3ZjZiNmJiMTM0NWZkOGYyZDk1NWYyMmQyZjQiLCJfYXV0aF91c2VyX2lkIjoiNzkiLCJfYXV0aF91c2VyX2JhY2tlbmQiOiJkamFuZ28uY29udHJpYi5hdXRoLmJhY2tlbmRzLk1vZGVsQmFja2VuZCIsInJvb21zIjpbXX0=','2017-06-02 10:03:10.493754'),
	('chn5ab9afe8e3b7caedf4677721012f1','NzEwNGUxY2FkOWY2NmNlMDAyYzc3MzdmNDk1NzRlNTVlNWU4Y2IwNjp7fQ==','2017-06-06 11:18:59.017288'),
	('chn5b3d182e84f67d726976469c45a9c','Yzg1NzcyZjFiNmRjMGEyZWQ3NDdlYWI0NDNhZWY3OTkyMTIyYTc4YTp7Il9hdXRoX3VzZXJfaGFzaCI6IjEyMmVhYzJhMWUwNmE3ZjZiNmJiMTM0NWZkOGYyZDk1NWYyMmQyZjQiLCJfYXV0aF91c2VyX2JhY2tlbmQiOiJkamFuZ28uY29udHJpYi5hdXRoLmJhY2tlbmRzLk1vZGVsQmFja2VuZCIsIl9hdXRoX3VzZXJfaWQiOiI3OSIsInJvb21zIjpbMTM2NzldfQ==','2017-06-05 11:49:18.465804'),
	('chn5b5a5af9c37c60ae498b89502829f','NTBlZTczNjMxMTQ1NzY4NmNmNTM2YTFlNGU4MWQxZjYzOWY1MTA0NDp7Il9hdXRoX3VzZXJfaGFzaCI6IjEyMmVhYzJhMWUwNmE3ZjZiNmJiMTM0NWZkOGYyZDk1NWYyMmQyZjQiLCJfYXV0aF91c2VyX2lkIjoiNzkiLCJfYXV0aF91c2VyX2JhY2tlbmQiOiJkamFuZ28uY29udHJpYi5hdXRoLmJhY2tlbmRzLk1vZGVsQmFja2VuZCIsInJvb21zIjpbXX0=','2017-06-03 14:56:09.850310'),
	('chn5ba43aeb4093496db8e667ab892af','YTc0ZTczNDAxNmYyOTZmYWJjNzAyOTY1MWRhM2Q3NzIxMzI2ZDQxNDp7Il9hdXRoX3VzZXJfaGFzaCI6IjVkMmM5YWIzMDc3MzM3NzNiOTI3NTIwZGExNjJhNzhlMWYwOTM2OWUiLCJfYXV0aF91c2VyX2JhY2tlbmQiOiJkamFuZ28uY29udHJpYi5hdXRoLmJhY2tlbmRzLk1vZGVsQmFja2VuZCIsIl9hdXRoX3VzZXJfaWQiOiI4MyIsInJvb21zIjpbMTM2ODBdfQ==','2017-06-02 15:12:04.136335'),
	('chn5c0ca99743d40850054eca9db12f1','YmEwZWE5MjNhNGQyMmI2N2MzOTAwMjdhYzc2MjZlYWZjNDFmNTk2ZTp7Il9hdXRoX3VzZXJfaGFzaCI6IjljMjRiZDc3NzYwZmNjMDFhN2E0YmMyMGM3OGI3NzFlZWRmYjg5OWUiLCJfYXV0aF91c2VyX2JhY2tlbmQiOiJkamFuZ28uY29udHJpYi5hdXRoLmJhY2tlbmRzLk1vZGVsQmFja2VuZCIsIl9hdXRoX3VzZXJfaWQiOiIxMzYiLCJyb29tcyI6WzEzNjc5XX0=','2017-06-04 23:29:37.831581'),
	('chn5c50b6e49adae158c3a698e6f7233','YmEwZWE5MjNhNGQyMmI2N2MzOTAwMjdhYzc2MjZlYWZjNDFmNTk2ZTp7Il9hdXRoX3VzZXJfaGFzaCI6IjljMjRiZDc3NzYwZmNjMDFhN2E0YmMyMGM3OGI3NzFlZWRmYjg5OWUiLCJfYXV0aF91c2VyX2JhY2tlbmQiOiJkamFuZ28uY29udHJpYi5hdXRoLmJhY2tlbmRzLk1vZGVsQmFja2VuZCIsIl9hdXRoX3VzZXJfaWQiOiIxMzYiLCJyb29tcyI6WzEzNjc5XX0=','2017-06-04 23:37:49.837397'),
	('chn5d6d078eb67a27758c16cfca9c8b2','YmEwZWE5MjNhNGQyMmI2N2MzOTAwMjdhYzc2MjZlYWZjNDFmNTk2ZTp7Il9hdXRoX3VzZXJfaGFzaCI6IjljMjRiZDc3NzYwZmNjMDFhN2E0YmMyMGM3OGI3NzFlZWRmYjg5OWUiLCJfYXV0aF91c2VyX2JhY2tlbmQiOiJkamFuZ28uY29udHJpYi5hdXRoLmJhY2tlbmRzLk1vZGVsQmFja2VuZCIsIl9hdXRoX3VzZXJfaWQiOiIxMzYiLCJyb29tcyI6WzEzNjc5XX0=','2017-06-04 23:47:15.788371'),
	('chn5dd59bc475bc379c59ec54c8f5408','ODM1NzVjNmQzMDNhNWU3NzNkYjZhYzNjOThjOTYzZGJiYWQ0OTAyMTp7Il9hdXRoX3VzZXJfaGFzaCI6IjEyMmVhYzJhMWUwNmE3ZjZiNmJiMTM0NWZkOGYyZDk1NWYyMmQyZjQiLCJfYXV0aF91c2VyX2lkIjoiNzkiLCJfYXV0aF91c2VyX2JhY2tlbmQiOiJkamFuZ28uY29udHJpYi5hdXRoLmJhY2tlbmRzLk1vZGVsQmFja2VuZCJ9','2017-06-04 10:32:37.066109'),
	('chn5e4d59583b87b468b703ebad6baf3','YmEwZWE5MjNhNGQyMmI2N2MzOTAwMjdhYzc2MjZlYWZjNDFmNTk2ZTp7Il9hdXRoX3VzZXJfaGFzaCI6IjljMjRiZDc3NzYwZmNjMDFhN2E0YmMyMGM3OGI3NzFlZWRmYjg5OWUiLCJfYXV0aF91c2VyX2JhY2tlbmQiOiJkamFuZ28uY29udHJpYi5hdXRoLmJhY2tlbmRzLk1vZGVsQmFja2VuZCIsIl9hdXRoX3VzZXJfaWQiOiIxMzYiLCJyb29tcyI6WzEzNjc5XX0=','2017-06-05 11:19:54.685636'),
	('chn5f0234a14898d2542d6ed23bf34ee','Yzg1NzcyZjFiNmRjMGEyZWQ3NDdlYWI0NDNhZWY3OTkyMTIyYTc4YTp7Il9hdXRoX3VzZXJfaGFzaCI6IjEyMmVhYzJhMWUwNmE3ZjZiNmJiMTM0NWZkOGYyZDk1NWYyMmQyZjQiLCJfYXV0aF91c2VyX2JhY2tlbmQiOiJkamFuZ28uY29udHJpYi5hdXRoLmJhY2tlbmRzLk1vZGVsQmFja2VuZCIsIl9hdXRoX3VzZXJfaWQiOiI3OSIsInJvb21zIjpbMTM2NzldfQ==','2017-06-05 12:03:33.154210'),
	('chn5f26bc6a89b2d4e3d62ba7e4876e2','ZjNiYmY3M2MzODMwMzczYWMxNWZlNGQ1ZDNiM2RhYWY1OGNiYTM0NTp7Il9hdXRoX3VzZXJfaGFzaCI6IjljMjRiZDc3NzYwZmNjMDFhN2E0YmMyMGM3OGI3NzFlZWRmYjg5OWUiLCJfYXV0aF91c2VyX2JhY2tlbmQiOiJkamFuZ28uY29udHJpYi5hdXRoLmJhY2tlbmRzLk1vZGVsQmFja2VuZCIsIl9hdXRoX3VzZXJfaWQiOiIxMzYiLCJyb29tcyI6WzFdfQ==','2017-06-04 16:07:13.595111'),
	('chn5f74ba635e0251dd21db1a3e28ae7','NWE1ZDkyOGJkYTE4MWQ5ZTk2ZTYwMzM2OGMxNDllZWI5NWQ5NGFiNDp7Il9hdXRoX3VzZXJfaGFzaCI6IjljMjRiZDc3NzYwZmNjMDFhN2E0YmMyMGM3OGI3NzFlZWRmYjg5OWUiLCJfYXV0aF91c2VyX2lkIjoiMTM2IiwiX2F1dGhfdXNlcl9iYWNrZW5kIjoiZGphbmdvLmNvbnRyaWIuYXV0aC5iYWNrZW5kcy5Nb2RlbEJhY2tlbmQiLCJyb29tcyI6W119','2017-06-04 12:07:20.030878'),
	('chn5fca3f73683532eedbec1e25ad45e','YmEwZWE5MjNhNGQyMmI2N2MzOTAwMjdhYzc2MjZlYWZjNDFmNTk2ZTp7Il9hdXRoX3VzZXJfaGFzaCI6IjljMjRiZDc3NzYwZmNjMDFhN2E0YmMyMGM3OGI3NzFlZWRmYjg5OWUiLCJfYXV0aF91c2VyX2JhY2tlbmQiOiJkamFuZ28uY29udHJpYi5hdXRoLmJhY2tlbmRzLk1vZGVsQmFja2VuZCIsIl9hdXRoX3VzZXJfaWQiOiIxMzYiLCJyb29tcyI6WzEzNjc5XX0=','2017-06-06 09:18:01.699427'),
	('chn600950f338120a8e4e3e15493242b','Yzg1NzcyZjFiNmRjMGEyZWQ3NDdlYWI0NDNhZWY3OTkyMTIyYTc4YTp7Il9hdXRoX3VzZXJfaGFzaCI6IjEyMmVhYzJhMWUwNmE3ZjZiNmJiMTM0NWZkOGYyZDk1NWYyMmQyZjQiLCJfYXV0aF91c2VyX2JhY2tlbmQiOiJkamFuZ28uY29udHJpYi5hdXRoLmJhY2tlbmRzLk1vZGVsQmFja2VuZCIsIl9hdXRoX3VzZXJfaWQiOiI3OSIsInJvb21zIjpbMTM2NzldfQ==','2017-06-06 10:46:30.466384'),
	('chn6076e6328563d0ad9d5ac784e38d4','ZWQ1Nzc0YjUyMzA4NDQ2Njk5N2UzMjFhNWNiZmY3YjllYTNkOTAzODp7Il9hdXRoX3VzZXJfaGFzaCI6IjEyMmVhYzJhMWUwNmE3ZjZiNmJiMTM0NWZkOGYyZDk1NWYyMmQyZjQiLCJfYXV0aF91c2VyX2JhY2tlbmQiOiJkamFuZ28uY29udHJpYi5hdXRoLmJhY2tlbmRzLk1vZGVsQmFja2VuZCIsIl9hdXRoX3VzZXJfaWQiOiI3OSIsInJvb21zIjpbMTM2ODBdfQ==','2017-06-03 12:08:24.005470'),
	('chn60d8715acd51c16ff4d25cfb977c0','NTBlZTczNjMxMTQ1NzY4NmNmNTM2YTFlNGU4MWQxZjYzOWY1MTA0NDp7Il9hdXRoX3VzZXJfaGFzaCI6IjEyMmVhYzJhMWUwNmE3ZjZiNmJiMTM0NWZkOGYyZDk1NWYyMmQyZjQiLCJfYXV0aF91c2VyX2lkIjoiNzkiLCJfYXV0aF91c2VyX2JhY2tlbmQiOiJkamFuZ28uY29udHJpYi5hdXRoLmJhY2tlbmRzLk1vZGVsQmFja2VuZCIsInJvb21zIjpbXX0=','2017-06-03 14:52:39.245671'),
	('chn612e4b4c414044c0b6be9d47ece9a','ZWQ1Nzc0YjUyMzA4NDQ2Njk5N2UzMjFhNWNiZmY3YjllYTNkOTAzODp7Il9hdXRoX3VzZXJfaGFzaCI6IjEyMmVhYzJhMWUwNmE3ZjZiNmJiMTM0NWZkOGYyZDk1NWYyMmQyZjQiLCJfYXV0aF91c2VyX2JhY2tlbmQiOiJkamFuZ28uY29udHJpYi5hdXRoLmJhY2tlbmRzLk1vZGVsQmFja2VuZCIsIl9hdXRoX3VzZXJfaWQiOiI3OSIsInJvb21zIjpbMTM2ODBdfQ==','2017-06-02 15:00:09.576256'),
	('chn61464cf141194d13b258b1fb81a9a','ODI2NWFhM2Q5OGI3YjllODJhZTM0ZTFkMWJjYTA5MGIyOTgzMmUwMTp7Il9hdXRoX3VzZXJfaGFzaCI6IjEyMmVhYzJhMWUwNmE3ZjZiNmJiMTM0NWZkOGYyZDk1NWYyMmQyZjQiLCJfYXV0aF91c2VyX2JhY2tlbmQiOiJkamFuZ28uY29udHJpYi5hdXRoLmJhY2tlbmRzLk1vZGVsQmFja2VuZCIsIl9hdXRoX3VzZXJfaWQiOiI3OSIsInJvb21zIjpbNzkxMzZdfQ==','2017-06-07 16:29:51.524729'),
	('chn615217bed97fc08b1b40c3fca3bbb','Yzg1NzcyZjFiNmRjMGEyZWQ3NDdlYWI0NDNhZWY3OTkyMTIyYTc4YTp7Il9hdXRoX3VzZXJfaGFzaCI6IjEyMmVhYzJhMWUwNmE3ZjZiNmJiMTM0NWZkOGYyZDk1NWYyMmQyZjQiLCJfYXV0aF91c2VyX2JhY2tlbmQiOiJkamFuZ28uY29udHJpYi5hdXRoLmJhY2tlbmRzLk1vZGVsQmFja2VuZCIsIl9hdXRoX3VzZXJfaWQiOiI3OSIsInJvb21zIjpbMTM2NzldfQ==','2017-06-04 15:17:59.761969'),
	('chn61601fdb9ae490025495560ffba2e','YmEwZWE5MjNhNGQyMmI2N2MzOTAwMjdhYzc2MjZlYWZjNDFmNTk2ZTp7Il9hdXRoX3VzZXJfaGFzaCI6IjljMjRiZDc3NzYwZmNjMDFhN2E0YmMyMGM3OGI3NzFlZWRmYjg5OWUiLCJfYXV0aF91c2VyX2JhY2tlbmQiOiJkamFuZ28uY29udHJpYi5hdXRoLmJhY2tlbmRzLk1vZGVsQmFja2VuZCIsIl9hdXRoX3VzZXJfaWQiOiIxMzYiLCJyb29tcyI6WzEzNjc5XX0=','2017-06-04 23:45:52.674978'),
	('chn61eaba018914ec2844e622bdb9081','ODdiYTU2MGI3Y2JjN2MyNzE0Mjk5OGM3M2M5MmFhYmM3ZDgzMWIxMjp7Il9hdXRoX3VzZXJfaGFzaCI6IjljMjRiZDc3NzYwZmNjMDFhN2E0YmMyMGM3OGI3NzFlZWRmYjg5OWUiLCJfYXV0aF91c2VyX2JhY2tlbmQiOiJkamFuZ28uY29udHJpYi5hdXRoLmJhY2tlbmRzLk1vZGVsQmFja2VuZCIsIl9hdXRoX3VzZXJfaWQiOiIxMzYiLCJyb29tcyI6Wzc5MTM2XX0=','2017-06-07 18:35:44.258554'),
	('chn621fdb1947a3b4984a967f3575bc1','YmEwZWE5MjNhNGQyMmI2N2MzOTAwMjdhYzc2MjZlYWZjNDFmNTk2ZTp7Il9hdXRoX3VzZXJfaGFzaCI6IjljMjRiZDc3NzYwZmNjMDFhN2E0YmMyMGM3OGI3NzFlZWRmYjg5OWUiLCJfYXV0aF91c2VyX2JhY2tlbmQiOiJkamFuZ28uY29udHJpYi5hdXRoLmJhY2tlbmRzLk1vZGVsQmFja2VuZCIsIl9hdXRoX3VzZXJfaWQiOiIxMzYiLCJyb29tcyI6WzEzNjc5XX0=','2017-06-04 12:21:52.233847'),
	('chn628fbb69d8886865e8566ea59f4e1','YmEwZWE5MjNhNGQyMmI2N2MzOTAwMjdhYzc2MjZlYWZjNDFmNTk2ZTp7Il9hdXRoX3VzZXJfaGFzaCI6IjljMjRiZDc3NzYwZmNjMDFhN2E0YmMyMGM3OGI3NzFlZWRmYjg5OWUiLCJfYXV0aF91c2VyX2JhY2tlbmQiOiJkamFuZ28uY29udHJpYi5hdXRoLmJhY2tlbmRzLk1vZGVsQmFja2VuZCIsIl9hdXRoX3VzZXJfaWQiOiIxMzYiLCJyb29tcyI6WzEzNjc5XX0=','2017-06-05 11:47:19.492371'),
	('chn62d1f5b12351fc5bc17c297e7f6fb','NTBlZTczNjMxMTQ1NzY4NmNmNTM2YTFlNGU4MWQxZjYzOWY1MTA0NDp7Il9hdXRoX3VzZXJfaGFzaCI6IjEyMmVhYzJhMWUwNmE3ZjZiNmJiMTM0NWZkOGYyZDk1NWYyMmQyZjQiLCJfYXV0aF91c2VyX2lkIjoiNzkiLCJfYXV0aF91c2VyX2JhY2tlbmQiOiJkamFuZ28uY29udHJpYi5hdXRoLmJhY2tlbmRzLk1vZGVsQmFja2VuZCIsInJvb21zIjpbXX0=','2017-06-07 13:51:12.694268'),
	('chn631cc8373213ea4aec8ae696c4963','Yzg1NzcyZjFiNmRjMGEyZWQ3NDdlYWI0NDNhZWY3OTkyMTIyYTc4YTp7Il9hdXRoX3VzZXJfaGFzaCI6IjEyMmVhYzJhMWUwNmE3ZjZiNmJiMTM0NWZkOGYyZDk1NWYyMmQyZjQiLCJfYXV0aF91c2VyX2JhY2tlbmQiOiJkamFuZ28uY29udHJpYi5hdXRoLmJhY2tlbmRzLk1vZGVsQmFja2VuZCIsIl9hdXRoX3VzZXJfaWQiOiI3OSIsInJvb21zIjpbMTM2NzldfQ==','2017-06-04 15:44:16.973338'),
	('chn640a174d25a4b939994975dfa2696','OTk5ZDM2MzgwMzBkZDhmMTg1MzBhMDk3NTE2NGYzMzMyYzJlMGE2NTp7Il9hdXRoX3VzZXJfaGFzaCI6IjVkMmM5YWIzMDc3MzM3NzNiOTI3NTIwZGExNjJhNzhlMWYwOTM2OWUiLCJfYXV0aF91c2VyX2lkIjoiODMiLCJfYXV0aF91c2VyX2JhY2tlbmQiOiJkamFuZ28uY29udHJpYi5hdXRoLmJhY2tlbmRzLk1vZGVsQmFja2VuZCIsInJvb21zIjpbXX0=','2017-06-02 13:43:45.813184'),
	('chn64cc52effd58cd9416f2e8198e6eb','NzEwNGUxY2FkOWY2NmNlMDAyYzc3MzdmNDk1NzRlNTVlNWU4Y2IwNjp7fQ==','2017-06-06 15:17:33.171275'),
	('chn6502517392edb7786915a41091fd1','Yzg1NzcyZjFiNmRjMGEyZWQ3NDdlYWI0NDNhZWY3OTkyMTIyYTc4YTp7Il9hdXRoX3VzZXJfaGFzaCI6IjEyMmVhYzJhMWUwNmE3ZjZiNmJiMTM0NWZkOGYyZDk1NWYyMmQyZjQiLCJfYXV0aF91c2VyX2JhY2tlbmQiOiJkamFuZ28uY29udHJpYi5hdXRoLmJhY2tlbmRzLk1vZGVsQmFja2VuZCIsIl9hdXRoX3VzZXJfaWQiOiI3OSIsInJvb21zIjpbMTM2NzldfQ==','2017-06-04 15:34:52.969124'),
	('chn65444da72eb99999de6db490d91bb','ODI2NWFhM2Q5OGI3YjllODJhZTM0ZTFkMWJjYTA5MGIyOTgzMmUwMTp7Il9hdXRoX3VzZXJfaGFzaCI6IjEyMmVhYzJhMWUwNmE3ZjZiNmJiMTM0NWZkOGYyZDk1NWYyMmQyZjQiLCJfYXV0aF91c2VyX2JhY2tlbmQiOiJkamFuZ28uY29udHJpYi5hdXRoLmJhY2tlbmRzLk1vZGVsQmFja2VuZCIsIl9hdXRoX3VzZXJfaWQiOiI3OSIsInJvb21zIjpbNzkxMzZdfQ==','2017-06-07 18:42:24.000815'),
	('chn6688875250596c3bc34fca9642f3f','NTBlZTczNjMxMTQ1NzY4NmNmNTM2YTFlNGU4MWQxZjYzOWY1MTA0NDp7Il9hdXRoX3VzZXJfaGFzaCI6IjEyMmVhYzJhMWUwNmE3ZjZiNmJiMTM0NWZkOGYyZDk1NWYyMmQyZjQiLCJfYXV0aF91c2VyX2lkIjoiNzkiLCJfYXV0aF91c2VyX2JhY2tlbmQiOiJkamFuZ28uY29udHJpYi5hdXRoLmJhY2tlbmRzLk1vZGVsQmFja2VuZCIsInJvb21zIjpbXX0=','2017-06-02 13:39:26.615517'),
	('chn669936be9f806bbbbd5730c4dcb00','YTc0ZTczNDAxNmYyOTZmYWJjNzAyOTY1MWRhM2Q3NzIxMzI2ZDQxNDp7Il9hdXRoX3VzZXJfaGFzaCI6IjVkMmM5YWIzMDc3MzM3NzNiOTI3NTIwZGExNjJhNzhlMWYwOTM2OWUiLCJfYXV0aF91c2VyX2JhY2tlbmQiOiJkamFuZ28uY29udHJpYi5hdXRoLmJhY2tlbmRzLk1vZGVsQmFja2VuZCIsIl9hdXRoX3VzZXJfaWQiOiI4MyIsInJvb21zIjpbMTM2ODBdfQ==','2017-06-02 22:24:57.782876'),
	('chn66d2f4fc12015d90eb1eb298e6de5','YmEwZWE5MjNhNGQyMmI2N2MzOTAwMjdhYzc2MjZlYWZjNDFmNTk2ZTp7Il9hdXRoX3VzZXJfaGFzaCI6IjljMjRiZDc3NzYwZmNjMDFhN2E0YmMyMGM3OGI3NzFlZWRmYjg5OWUiLCJfYXV0aF91c2VyX2JhY2tlbmQiOiJkamFuZ28uY29udHJpYi5hdXRoLmJhY2tlbmRzLk1vZGVsQmFja2VuZCIsIl9hdXRoX3VzZXJfaWQiOiIxMzYiLCJyb29tcyI6WzEzNjc5XX0=','2017-06-04 12:29:23.140477'),
	('chn66e36428d35a204807d61821cddee','YmEwZWE5MjNhNGQyMmI2N2MzOTAwMjdhYzc2MjZlYWZjNDFmNTk2ZTp7Il9hdXRoX3VzZXJfaGFzaCI6IjljMjRiZDc3NzYwZmNjMDFhN2E0YmMyMGM3OGI3NzFlZWRmYjg5OWUiLCJfYXV0aF91c2VyX2JhY2tlbmQiOiJkamFuZ28uY29udHJpYi5hdXRoLmJhY2tlbmRzLk1vZGVsQmFja2VuZCIsIl9hdXRoX3VzZXJfaWQiOiIxMzYiLCJyb29tcyI6WzEzNjc5XX0=','2017-06-04 23:23:43.451235'),
	('chn67c5bf2a13bdf27b43f22f82356fe','ZjNiYmY3M2MzODMwMzczYWMxNWZlNGQ1ZDNiM2RhYWY1OGNiYTM0NTp7Il9hdXRoX3VzZXJfaGFzaCI6IjljMjRiZDc3NzYwZmNjMDFhN2E0YmMyMGM3OGI3NzFlZWRmYjg5OWUiLCJfYXV0aF91c2VyX2JhY2tlbmQiOiJkamFuZ28uY29udHJpYi5hdXRoLmJhY2tlbmRzLk1vZGVsQmFja2VuZCIsIl9hdXRoX3VzZXJfaWQiOiIxMzYiLCJyb29tcyI6WzFdfQ==','2017-06-05 12:24:35.585626'),
	('chn67c8f19e3d3defc4cde5ee0be872e','ZjNiYmY3M2MzODMwMzczYWMxNWZlNGQ1ZDNiM2RhYWY1OGNiYTM0NTp7Il9hdXRoX3VzZXJfaGFzaCI6IjljMjRiZDc3NzYwZmNjMDFhN2E0YmMyMGM3OGI3NzFlZWRmYjg5OWUiLCJfYXV0aF91c2VyX2JhY2tlbmQiOiJkamFuZ28uY29udHJpYi5hdXRoLmJhY2tlbmRzLk1vZGVsQmFja2VuZCIsIl9hdXRoX3VzZXJfaWQiOiIxMzYiLCJyb29tcyI6WzFdfQ==','2017-06-05 12:23:24.449283'),
	('chn67f3cd6d347c2088a19014529b460','YmEwZWE5MjNhNGQyMmI2N2MzOTAwMjdhYzc2MjZlYWZjNDFmNTk2ZTp7Il9hdXRoX3VzZXJfaGFzaCI6IjljMjRiZDc3NzYwZmNjMDFhN2E0YmMyMGM3OGI3NzFlZWRmYjg5OWUiLCJfYXV0aF91c2VyX2JhY2tlbmQiOiJkamFuZ28uY29udHJpYi5hdXRoLmJhY2tlbmRzLk1vZGVsQmFja2VuZCIsIl9hdXRoX3VzZXJfaWQiOiIxMzYiLCJyb29tcyI6WzEzNjc5XX0=','2017-06-04 15:29:19.166879'),
	('chn6843da4fa91473837327f53da8a69','ZjY2OGY3MDdmNTI4ODk5Nzg5Y2VkNjhkOWM4ODJlMmVhZjUzMDk3Mzp7Il9hdXRoX3VzZXJfaGFzaCI6IjJhNDUyZDYwZDRjMGFkMzg2YjFiNjczYmQ5YTNiNzYzMDY0NWJkNGQiLCJfYXV0aF91c2VyX2lkIjoiMSIsIl9hdXRoX3VzZXJfYmFja2VuZCI6ImRqYW5nby5jb250cmliLmF1dGguYmFja2VuZHMuTW9kZWxCYWNrZW5kIiwicm9vbXMiOltdfQ==','2017-05-27 20:05:53.858680'),
	('chn6902778ef1a4edb0dee46976f7caf','ZWQ1Nzc0YjUyMzA4NDQ2Njk5N2UzMjFhNWNiZmY3YjllYTNkOTAzODp7Il9hdXRoX3VzZXJfaGFzaCI6IjEyMmVhYzJhMWUwNmE3ZjZiNmJiMTM0NWZkOGYyZDk1NWYyMmQyZjQiLCJfYXV0aF91c2VyX2JhY2tlbmQiOiJkamFuZ28uY29udHJpYi5hdXRoLmJhY2tlbmRzLk1vZGVsQmFja2VuZCIsIl9hdXRoX3VzZXJfaWQiOiI3OSIsInJvb21zIjpbMTM2ODBdfQ==','2017-06-03 16:21:17.897604'),
	('chn694713b9c2cebddb492d84c88071e','NzEwNGUxY2FkOWY2NmNlMDAyYzc3MzdmNDk1NzRlNTVlNWU4Y2IwNjp7fQ==','2017-06-06 09:56:49.127296'),
	('chn6980c6b13e285ee1beeaad3ca2043','ODdiYTU2MGI3Y2JjN2MyNzE0Mjk5OGM3M2M5MmFhYmM3ZDgzMWIxMjp7Il9hdXRoX3VzZXJfaGFzaCI6IjljMjRiZDc3NzYwZmNjMDFhN2E0YmMyMGM3OGI3NzFlZWRmYjg5OWUiLCJfYXV0aF91c2VyX2JhY2tlbmQiOiJkamFuZ28uY29udHJpYi5hdXRoLmJhY2tlbmRzLk1vZGVsQmFja2VuZCIsIl9hdXRoX3VzZXJfaWQiOiIxMzYiLCJyb29tcyI6Wzc5MTM2XX0=','2017-06-07 18:04:54.183984'),
	('chn69cbe9216eec018195aad50b68a7a','YTk3ZTQ0NzQ3NTY2YzI4MWJlMzJiMGFhMzdjNWYzOTI5MGYyMzg0Zjp7InJvb21zIjpbXX0=','2017-06-05 22:44:19.142265'),
	('chn6ac9937c72b003656e5832df2b9d6','ZThhZWMyNjE3ZDUyYWJhOTVkZDc0ZTdmNDFiYzg2MDEwYzk5Y2Y1Yjp7Il9hdXRoX3VzZXJfaGFzaCI6IjkzZmM3ZmE1ZTgwNTNiODRjOTIxOWZmOWM2ZThiNTllYzNjZGI5MDgiLCJfYXV0aF91c2VyX2JhY2tlbmQiOiJkamFuZ28uY29udHJpYi5hdXRoLmJhY2tlbmRzLk1vZGVsQmFja2VuZCIsIl9hdXRoX3VzZXJfaWQiOiI3OSIsInJvb21zIjpbMTc5XX0=','2017-05-27 16:41:10.717713'),
	('chn6aea180e404c9a8e8b5256493b9ab','YmEwZWE5MjNhNGQyMmI2N2MzOTAwMjdhYzc2MjZlYWZjNDFmNTk2ZTp7Il9hdXRoX3VzZXJfaGFzaCI6IjljMjRiZDc3NzYwZmNjMDFhN2E0YmMyMGM3OGI3NzFlZWRmYjg5OWUiLCJfYXV0aF91c2VyX2JhY2tlbmQiOiJkamFuZ28uY29udHJpYi5hdXRoLmJhY2tlbmRzLk1vZGVsQmFja2VuZCIsIl9hdXRoX3VzZXJfaWQiOiIxMzYiLCJyb29tcyI6WzEzNjc5XX0=','2017-06-05 12:11:57.692319'),
	('chn6b55080dd993a6136624428526375','ODdiYTU2MGI3Y2JjN2MyNzE0Mjk5OGM3M2M5MmFhYmM3ZDgzMWIxMjp7Il9hdXRoX3VzZXJfaGFzaCI6IjljMjRiZDc3NzYwZmNjMDFhN2E0YmMyMGM3OGI3NzFlZWRmYjg5OWUiLCJfYXV0aF91c2VyX2JhY2tlbmQiOiJkamFuZ28uY29udHJpYi5hdXRoLmJhY2tlbmRzLk1vZGVsQmFja2VuZCIsIl9hdXRoX3VzZXJfaWQiOiIxMzYiLCJyb29tcyI6Wzc5MTM2XX0=','2017-06-07 18:29:56.377029'),
	('chn6b5b619a73b9602042af6602b07ac','NzEwNGUxY2FkOWY2NmNlMDAyYzc3MzdmNDk1NzRlNTVlNWU4Y2IwNjp7fQ==','2017-06-06 13:45:27.046785'),
	('chn6b78ca1896fdb8215554228453642','ZWQ1Nzc0YjUyMzA4NDQ2Njk5N2UzMjFhNWNiZmY3YjllYTNkOTAzODp7Il9hdXRoX3VzZXJfaGFzaCI6IjEyMmVhYzJhMWUwNmE3ZjZiNmJiMTM0NWZkOGYyZDk1NWYyMmQyZjQiLCJfYXV0aF91c2VyX2JhY2tlbmQiOiJkamFuZ28uY29udHJpYi5hdXRoLmJhY2tlbmRzLk1vZGVsQmFja2VuZCIsIl9hdXRoX3VzZXJfaWQiOiI3OSIsInJvb21zIjpbMTM2ODBdfQ==','2017-06-03 15:05:51.012909'),
	('chn6bb24cbdbbc63bbfe1ea05e356a33','ZWQ1Nzc0YjUyMzA4NDQ2Njk5N2UzMjFhNWNiZmY3YjllYTNkOTAzODp7Il9hdXRoX3VzZXJfaGFzaCI6IjEyMmVhYzJhMWUwNmE3ZjZiNmJiMTM0NWZkOGYyZDk1NWYyMmQyZjQiLCJfYXV0aF91c2VyX2JhY2tlbmQiOiJkamFuZ28uY29udHJpYi5hdXRoLmJhY2tlbmRzLk1vZGVsQmFja2VuZCIsIl9hdXRoX3VzZXJfaWQiOiI3OSIsInJvb21zIjpbMTM2ODBdfQ==','2017-06-03 15:43:45.157349'),
	('chn6c1f40c841609cbc8b0696a7c91d8','YTk3ZTQ0NzQ3NTY2YzI4MWJlMzJiMGFhMzdjNWYzOTI5MGYyMzg0Zjp7InJvb21zIjpbXX0=','2017-06-05 18:07:51.641321'),
	('chn6c256dcb6ffa4f189f5700cc58406','NTBlZTczNjMxMTQ1NzY4NmNmNTM2YTFlNGU4MWQxZjYzOWY1MTA0NDp7Il9hdXRoX3VzZXJfaGFzaCI6IjEyMmVhYzJhMWUwNmE3ZjZiNmJiMTM0NWZkOGYyZDk1NWYyMmQyZjQiLCJfYXV0aF91c2VyX2lkIjoiNzkiLCJfYXV0aF91c2VyX2JhY2tlbmQiOiJkamFuZ28uY29udHJpYi5hdXRoLmJhY2tlbmRzLk1vZGVsQmFja2VuZCIsInJvb21zIjpbXX0=','2017-06-02 13:39:05.111543'),
	('chn6c3b5248c455ff088b0bc32d293aa','NTBlZTczNjMxMTQ1NzY4NmNmNTM2YTFlNGU4MWQxZjYzOWY1MTA0NDp7Il9hdXRoX3VzZXJfaGFzaCI6IjEyMmVhYzJhMWUwNmE3ZjZiNmJiMTM0NWZkOGYyZDk1NWYyMmQyZjQiLCJfYXV0aF91c2VyX2lkIjoiNzkiLCJfYXV0aF91c2VyX2JhY2tlbmQiOiJkamFuZ28uY29udHJpYi5hdXRoLmJhY2tlbmRzLk1vZGVsQmFja2VuZCIsInJvb21zIjpbXX0=','2017-06-02 13:37:13.263221'),
	('chn6c5ca8a07c7074ff32e0318f3d657','YmEwZWE5MjNhNGQyMmI2N2MzOTAwMjdhYzc2MjZlYWZjNDFmNTk2ZTp7Il9hdXRoX3VzZXJfaGFzaCI6IjljMjRiZDc3NzYwZmNjMDFhN2E0YmMyMGM3OGI3NzFlZWRmYjg5OWUiLCJfYXV0aF91c2VyX2JhY2tlbmQiOiJkamFuZ28uY29udHJpYi5hdXRoLmJhY2tlbmRzLk1vZGVsQmFja2VuZCIsIl9hdXRoX3VzZXJfaWQiOiIxMzYiLCJyb29tcyI6WzEzNjc5XX0=','2017-06-04 12:30:24.859773'),
	('chn6ca221bb31caea054d06c87c1b68b','ZWQ1Nzc0YjUyMzA4NDQ2Njk5N2UzMjFhNWNiZmY3YjllYTNkOTAzODp7Il9hdXRoX3VzZXJfaGFzaCI6IjEyMmVhYzJhMWUwNmE3ZjZiNmJiMTM0NWZkOGYyZDk1NWYyMmQyZjQiLCJfYXV0aF91c2VyX2JhY2tlbmQiOiJkamFuZ28uY29udHJpYi5hdXRoLmJhY2tlbmRzLk1vZGVsQmFja2VuZCIsIl9hdXRoX3VzZXJfaWQiOiI3OSIsInJvb21zIjpbMTM2ODBdfQ==','2017-06-03 16:19:50.393182'),
	('chn6cf8f42efa7c7871113edc6606458','YTk3ZTQ0NzQ3NTY2YzI4MWJlMzJiMGFhMzdjNWYzOTI5MGYyMzg0Zjp7InJvb21zIjpbXX0=','2017-06-05 18:17:50.140891'),
	('chn6d7d499d7403665659a6514730fe0','OTk5ZDM2MzgwMzBkZDhmMTg1MzBhMDk3NTE2NGYzMzMyYzJlMGE2NTp7Il9hdXRoX3VzZXJfaGFzaCI6IjVkMmM5YWIzMDc3MzM3NzNiOTI3NTIwZGExNjJhNzhlMWYwOTM2OWUiLCJfYXV0aF91c2VyX2lkIjoiODMiLCJfYXV0aF91c2VyX2JhY2tlbmQiOiJkamFuZ28uY29udHJpYi5hdXRoLmJhY2tlbmRzLk1vZGVsQmFja2VuZCIsInJvb21zIjpbXX0=','2017-06-02 13:43:49.535291'),
	('chn6d7fe9eae03c7578c49b376f0f4d4','ODM1NzVjNmQzMDNhNWU3NzNkYjZhYzNjOThjOTYzZGJiYWQ0OTAyMTp7Il9hdXRoX3VzZXJfaGFzaCI6IjEyMmVhYzJhMWUwNmE3ZjZiNmJiMTM0NWZkOGYyZDk1NWYyMmQyZjQiLCJfYXV0aF91c2VyX2lkIjoiNzkiLCJfYXV0aF91c2VyX2JhY2tlbmQiOiJkamFuZ28uY29udHJpYi5hdXRoLmJhY2tlbmRzLk1vZGVsQmFja2VuZCJ9','2017-06-04 10:31:45.043184'),
	('chn6db60e56f4f8b56b7068c7a95f7e4','YmEwZWE5MjNhNGQyMmI2N2MzOTAwMjdhYzc2MjZlYWZjNDFmNTk2ZTp7Il9hdXRoX3VzZXJfaGFzaCI6IjljMjRiZDc3NzYwZmNjMDFhN2E0YmMyMGM3OGI3NzFlZWRmYjg5OWUiLCJfYXV0aF91c2VyX2JhY2tlbmQiOiJkamFuZ28uY29udHJpYi5hdXRoLmJhY2tlbmRzLk1vZGVsQmFja2VuZCIsIl9hdXRoX3VzZXJfaWQiOiIxMzYiLCJyb29tcyI6WzEzNjc5XX0=','2017-06-06 09:25:22.789955'),
	('chn6efe4c2471ff617f8b18bf1face4d','NzEwNGUxY2FkOWY2NmNlMDAyYzc3MzdmNDk1NzRlNTVlNWU4Y2IwNjp7fQ==','2017-06-06 11:48:30.020602'),
	('chn6feb630ab63715d41d5a2208776d6','ZmZmNDljZmY3NWM3NjVhODNjMTM3YmExYTkwZTcyZTkyZDU5OTIxNDp7Il9hdXRoX3VzZXJfaGFzaCI6IjEyMmVhYzJhMWUwNmE3ZjZiNmJiMTM0NWZkOGYyZDk1NWYyMmQyZjQiLCJfYXV0aF91c2VyX2JhY2tlbmQiOiJkamFuZ28uY29udHJpYi5hdXRoLmJhY2tlbmRzLk1vZGVsQmFja2VuZCIsIl9hdXRoX3VzZXJfaWQiOiI3OSIsInJvb21zIjpbNzk5MF19','2017-06-08 13:05:04.916791'),
	('chn6febfce05c023dc6936315213e661','NTBlZTczNjMxMTQ1NzY4NmNmNTM2YTFlNGU4MWQxZjYzOWY1MTA0NDp7Il9hdXRoX3VzZXJfaGFzaCI6IjEyMmVhYzJhMWUwNmE3ZjZiNmJiMTM0NWZkOGYyZDk1NWYyMmQyZjQiLCJfYXV0aF91c2VyX2lkIjoiNzkiLCJfYXV0aF91c2VyX2JhY2tlbmQiOiJkamFuZ28uY29udHJpYi5hdXRoLmJhY2tlbmRzLk1vZGVsQmFja2VuZCIsInJvb21zIjpbXX0=','2017-06-03 14:52:56.575662'),
	('chn707c3c2359c36db269dad1fa85325','ODI2NWFhM2Q5OGI3YjllODJhZTM0ZTFkMWJjYTA5MGIyOTgzMmUwMTp7Il9hdXRoX3VzZXJfaGFzaCI6IjEyMmVhYzJhMWUwNmE3ZjZiNmJiMTM0NWZkOGYyZDk1NWYyMmQyZjQiLCJfYXV0aF91c2VyX2JhY2tlbmQiOiJkamFuZ28uY29udHJpYi5hdXRoLmJhY2tlbmRzLk1vZGVsQmFja2VuZCIsIl9hdXRoX3VzZXJfaWQiOiI3OSIsInJvb21zIjpbNzkxMzZdfQ==','2017-06-08 17:01:24.623090'),
	('chn7088dcb2a0f879e594f09d71883c7','YmEwZWE5MjNhNGQyMmI2N2MzOTAwMjdhYzc2MjZlYWZjNDFmNTk2ZTp7Il9hdXRoX3VzZXJfaGFzaCI6IjljMjRiZDc3NzYwZmNjMDFhN2E0YmMyMGM3OGI3NzFlZWRmYjg5OWUiLCJfYXV0aF91c2VyX2JhY2tlbmQiOiJkamFuZ28uY29udHJpYi5hdXRoLmJhY2tlbmRzLk1vZGVsQmFja2VuZCIsIl9hdXRoX3VzZXJfaWQiOiIxMzYiLCJyb29tcyI6WzEzNjc5XX0=','2017-06-05 12:32:19.917751'),
	('chn70f75e900407ce966478d43837a48','ODI2NWFhM2Q5OGI3YjllODJhZTM0ZTFkMWJjYTA5MGIyOTgzMmUwMTp7Il9hdXRoX3VzZXJfaGFzaCI6IjEyMmVhYzJhMWUwNmE3ZjZiNmJiMTM0NWZkOGYyZDk1NWYyMmQyZjQiLCJfYXV0aF91c2VyX2JhY2tlbmQiOiJkamFuZ28uY29udHJpYi5hdXRoLmJhY2tlbmRzLk1vZGVsQmFja2VuZCIsIl9hdXRoX3VzZXJfaWQiOiI3OSIsInJvb21zIjpbNzkxMzZdfQ==','2017-06-08 13:24:32.346549'),
	('chn7127702b6e7896fac0e5bf15fd653','ODI2NWFhM2Q5OGI3YjllODJhZTM0ZTFkMWJjYTA5MGIyOTgzMmUwMTp7Il9hdXRoX3VzZXJfaGFzaCI6IjEyMmVhYzJhMWUwNmE3ZjZiNmJiMTM0NWZkOGYyZDk1NWYyMmQyZjQiLCJfYXV0aF91c2VyX2JhY2tlbmQiOiJkamFuZ28uY29udHJpYi5hdXRoLmJhY2tlbmRzLk1vZGVsQmFja2VuZCIsIl9hdXRoX3VzZXJfaWQiOiI3OSIsInJvb21zIjpbNzkxMzZdfQ==','2017-06-07 18:41:13.518359'),
	('chn7174c4e613d13653102a4f5c40006','YmEwZWE5MjNhNGQyMmI2N2MzOTAwMjdhYzc2MjZlYWZjNDFmNTk2ZTp7Il9hdXRoX3VzZXJfaGFzaCI6IjljMjRiZDc3NzYwZmNjMDFhN2E0YmMyMGM3OGI3NzFlZWRmYjg5OWUiLCJfYXV0aF91c2VyX2JhY2tlbmQiOiJkamFuZ28uY29udHJpYi5hdXRoLmJhY2tlbmRzLk1vZGVsQmFja2VuZCIsIl9hdXRoX3VzZXJfaWQiOiIxMzYiLCJyb29tcyI6WzEzNjc5XX0=','2017-06-05 12:46:12.552565'),
	('chn719153371034246481c83cf6501d0','NTBlZTczNjMxMTQ1NzY4NmNmNTM2YTFlNGU4MWQxZjYzOWY1MTA0NDp7Il9hdXRoX3VzZXJfaGFzaCI6IjEyMmVhYzJhMWUwNmE3ZjZiNmJiMTM0NWZkOGYyZDk1NWYyMmQyZjQiLCJfYXV0aF91c2VyX2lkIjoiNzkiLCJfYXV0aF91c2VyX2JhY2tlbmQiOiJkamFuZ28uY29udHJpYi5hdXRoLmJhY2tlbmRzLk1vZGVsQmFja2VuZCIsInJvb21zIjpbXX0=','2017-06-03 14:48:21.716776'),
	('chn71e0995b5f1caa3ed439873485506','NzEwNGUxY2FkOWY2NmNlMDAyYzc3MzdmNDk1NzRlNTVlNWU4Y2IwNjp7fQ==','2017-06-06 10:48:39.015887'),
	('chn71e1f9843681501b477683bdfe980','ODdiYTU2MGI3Y2JjN2MyNzE0Mjk5OGM3M2M5MmFhYmM3ZDgzMWIxMjp7Il9hdXRoX3VzZXJfaGFzaCI6IjljMjRiZDc3NzYwZmNjMDFhN2E0YmMyMGM3OGI3NzFlZWRmYjg5OWUiLCJfYXV0aF91c2VyX2JhY2tlbmQiOiJkamFuZ28uY29udHJpYi5hdXRoLmJhY2tlbmRzLk1vZGVsQmFja2VuZCIsIl9hdXRoX3VzZXJfaWQiOiIxMzYiLCJyb29tcyI6Wzc5MTM2XX0=','2017-06-07 18:44:58.704449'),
	('chn71e5e1a502d575cca70aba4042974','ZThhZWMyNjE3ZDUyYWJhOTVkZDc0ZTdmNDFiYzg2MDEwYzk5Y2Y1Yjp7Il9hdXRoX3VzZXJfaGFzaCI6IjkzZmM3ZmE1ZTgwNTNiODRjOTIxOWZmOWM2ZThiNTllYzNjZGI5MDgiLCJfYXV0aF91c2VyX2JhY2tlbmQiOiJkamFuZ28uY29udHJpYi5hdXRoLmJhY2tlbmRzLk1vZGVsQmFja2VuZCIsIl9hdXRoX3VzZXJfaWQiOiI3OSIsInJvb21zIjpbMTc5XX0=','2017-05-27 20:07:21.843636'),
	('chn721599f12e3e619aff095e5e5d610','Yzg1NzcyZjFiNmRjMGEyZWQ3NDdlYWI0NDNhZWY3OTkyMTIyYTc4YTp7Il9hdXRoX3VzZXJfaGFzaCI6IjEyMmVhYzJhMWUwNmE3ZjZiNmJiMTM0NWZkOGYyZDk1NWYyMmQyZjQiLCJfYXV0aF91c2VyX2JhY2tlbmQiOiJkamFuZ28uY29udHJpYi5hdXRoLmJhY2tlbmRzLk1vZGVsQmFja2VuZCIsIl9hdXRoX3VzZXJfaWQiOiI3OSIsInJvb21zIjpbMTM2NzldfQ==','2017-06-06 17:42:24.185339'),
	('chn72531c53739adf6064f073021db13','NzEwNGUxY2FkOWY2NmNlMDAyYzc3MzdmNDk1NzRlNTVlNWU4Y2IwNjp7fQ==','2017-06-05 23:05:58.477005'),
	('chn7315d8f682618bc450d4bb30475cb','YmEwZWE5MjNhNGQyMmI2N2MzOTAwMjdhYzc2MjZlYWZjNDFmNTk2ZTp7Il9hdXRoX3VzZXJfaGFzaCI6IjljMjRiZDc3NzYwZmNjMDFhN2E0YmMyMGM3OGI3NzFlZWRmYjg5OWUiLCJfYXV0aF91c2VyX2JhY2tlbmQiOiJkamFuZ28uY29udHJpYi5hdXRoLmJhY2tlbmRzLk1vZGVsQmFja2VuZCIsIl9hdXRoX3VzZXJfaWQiOiIxMzYiLCJyb29tcyI6WzEzNjc5XX0=','2017-06-05 10:54:08.560311'),
	('chn732609cdf77c3c37dc0d66bac6729','ZWQ1Nzc0YjUyMzA4NDQ2Njk5N2UzMjFhNWNiZmY3YjllYTNkOTAzODp7Il9hdXRoX3VzZXJfaGFzaCI6IjEyMmVhYzJhMWUwNmE3ZjZiNmJiMTM0NWZkOGYyZDk1NWYyMmQyZjQiLCJfYXV0aF91c2VyX2JhY2tlbmQiOiJkamFuZ28uY29udHJpYi5hdXRoLmJhY2tlbmRzLk1vZGVsQmFja2VuZCIsIl9hdXRoX3VzZXJfaWQiOiI3OSIsInJvb21zIjpbMTM2ODBdfQ==','2017-06-03 15:06:40.816697'),
	('chn7369517e531ec840a3e75b2d5752b','YmEwZWE5MjNhNGQyMmI2N2MzOTAwMjdhYzc2MjZlYWZjNDFmNTk2ZTp7Il9hdXRoX3VzZXJfaGFzaCI6IjljMjRiZDc3NzYwZmNjMDFhN2E0YmMyMGM3OGI3NzFlZWRmYjg5OWUiLCJfYXV0aF91c2VyX2JhY2tlbmQiOiJkamFuZ28uY29udHJpYi5hdXRoLmJhY2tlbmRzLk1vZGVsQmFja2VuZCIsIl9hdXRoX3VzZXJfaWQiOiIxMzYiLCJyb29tcyI6WzEzNjc5XX0=','2017-06-04 23:30:03.554291'),
	('chn73c4ce158ee7f0ee2050c27925a67','ODdiYTU2MGI3Y2JjN2MyNzE0Mjk5OGM3M2M5MmFhYmM3ZDgzMWIxMjp7Il9hdXRoX3VzZXJfaGFzaCI6IjljMjRiZDc3NzYwZmNjMDFhN2E0YmMyMGM3OGI3NzFlZWRmYjg5OWUiLCJfYXV0aF91c2VyX2JhY2tlbmQiOiJkamFuZ28uY29udHJpYi5hdXRoLmJhY2tlbmRzLk1vZGVsQmFja2VuZCIsIl9hdXRoX3VzZXJfaWQiOiIxMzYiLCJyb29tcyI6Wzc5MTM2XX0=','2017-06-07 18:35:25.976609'),
	('chn73fa4fa1abb52a2d6c85a28552691','Yzg1NzcyZjFiNmRjMGEyZWQ3NDdlYWI0NDNhZWY3OTkyMTIyYTc4YTp7Il9hdXRoX3VzZXJfaGFzaCI6IjEyMmVhYzJhMWUwNmE3ZjZiNmJiMTM0NWZkOGYyZDk1NWYyMmQyZjQiLCJfYXV0aF91c2VyX2JhY2tlbmQiOiJkamFuZ28uY29udHJpYi5hdXRoLmJhY2tlbmRzLk1vZGVsQmFja2VuZCIsIl9hdXRoX3VzZXJfaWQiOiI3OSIsInJvb21zIjpbMTM2NzldfQ==','2017-06-04 15:43:06.687641'),
	('chn742b2cfc1566e3faa638756822490','ODdiYTU2MGI3Y2JjN2MyNzE0Mjk5OGM3M2M5MmFhYmM3ZDgzMWIxMjp7Il9hdXRoX3VzZXJfaGFzaCI6IjljMjRiZDc3NzYwZmNjMDFhN2E0YmMyMGM3OGI3NzFlZWRmYjg5OWUiLCJfYXV0aF91c2VyX2JhY2tlbmQiOiJkamFuZ28uY29udHJpYi5hdXRoLmJhY2tlbmRzLk1vZGVsQmFja2VuZCIsIl9hdXRoX3VzZXJfaWQiOiIxMzYiLCJyb29tcyI6Wzc5MTM2XX0=','2017-06-07 18:30:02.139929'),
	('chn7457fee392f10e52f34644eb61e5b','ZWQ1Nzc0YjUyMzA4NDQ2Njk5N2UzMjFhNWNiZmY3YjllYTNkOTAzODp7Il9hdXRoX3VzZXJfaGFzaCI6IjEyMmVhYzJhMWUwNmE3ZjZiNmJiMTM0NWZkOGYyZDk1NWYyMmQyZjQiLCJfYXV0aF91c2VyX2JhY2tlbmQiOiJkamFuZ28uY29udHJpYi5hdXRoLmJhY2tlbmRzLk1vZGVsQmFja2VuZCIsIl9hdXRoX3VzZXJfaWQiOiI3OSIsInJvb21zIjpbMTM2ODBdfQ==','2017-06-04 10:33:56.751764'),
	('chn74636080c4524f6d63f6c0f0277bf','NzEwNGUxY2FkOWY2NmNlMDAyYzc3MzdmNDk1NzRlNTVlNWU4Y2IwNjp7fQ==','2017-06-05 22:45:21.603576'),
	('chn7480441c5e1c168ee4f5c0335f1fa','ZjY2OGY3MDdmNTI4ODk5Nzg5Y2VkNjhkOWM4ODJlMmVhZjUzMDk3Mzp7Il9hdXRoX3VzZXJfaGFzaCI6IjJhNDUyZDYwZDRjMGFkMzg2YjFiNjczYmQ5YTNiNzYzMDY0NWJkNGQiLCJfYXV0aF91c2VyX2lkIjoiMSIsIl9hdXRoX3VzZXJfYmFja2VuZCI6ImRqYW5nby5jb250cmliLmF1dGguYmFja2VuZHMuTW9kZWxCYWNrZW5kIiwicm9vbXMiOltdfQ==','2017-05-27 20:06:04.847324'),
	('chn74a7184ee8020a741b1f28ae8f8f2','OWZmZTRlZDNmYjdmNjk1ODhmYjAxYjIyODYxZDI5M2Y4MGNkMTYzZjp7Il9hdXRoX3VzZXJfaGFzaCI6IjBkOWVlNGEyNmRjNmNjOWNmNGM3NDg3ZTQ1NzczZTFiYmZlYWVkODMiLCJfYXV0aF91c2VyX2JhY2tlbmQiOiJkamFuZ28uY29udHJpYi5hdXRoLmJhY2tlbmRzLk1vZGVsQmFja2VuZCIsIl9hdXRoX3VzZXJfaWQiOiIxMjkiLCJyb29tcyI6WzEzNjEyOV19','2017-06-05 11:49:05.015711'),
	('chn74a8fb045422864797f9994499150','ODI2NWFhM2Q5OGI3YjllODJhZTM0ZTFkMWJjYTA5MGIyOTgzMmUwMTp7Il9hdXRoX3VzZXJfaGFzaCI6IjEyMmVhYzJhMWUwNmE3ZjZiNmJiMTM0NWZkOGYyZDk1NWYyMmQyZjQiLCJfYXV0aF91c2VyX2JhY2tlbmQiOiJkamFuZ28uY29udHJpYi5hdXRoLmJhY2tlbmRzLk1vZGVsQmFja2VuZCIsIl9hdXRoX3VzZXJfaWQiOiI3OSIsInJvb21zIjpbNzkxMzZdfQ==','2017-06-07 16:31:05.939870'),
	('chn75186077625f680fbaa5d8c72ed50','NTBlZTczNjMxMTQ1NzY4NmNmNTM2YTFlNGU4MWQxZjYzOWY1MTA0NDp7Il9hdXRoX3VzZXJfaGFzaCI6IjEyMmVhYzJhMWUwNmE3ZjZiNmJiMTM0NWZkOGYyZDk1NWYyMmQyZjQiLCJfYXV0aF91c2VyX2lkIjoiNzkiLCJfYXV0aF91c2VyX2JhY2tlbmQiOiJkamFuZ28uY29udHJpYi5hdXRoLmJhY2tlbmRzLk1vZGVsQmFja2VuZCIsInJvb21zIjpbXX0=','2017-06-04 15:40:46.601815'),
	('chn7571fce988b3558e8ec791f6467d0','ZmI0YzQwYzNiMmM1MDYwYjdiY2NiNjAyZWRlYzlhNTQ1NTc3NGRhZjp7Il9hdXRoX3VzZXJfaGFzaCI6IjEyMmVhYzJhMWUwNmE3ZjZiNmJiMTM0NWZkOGYyZDk1NWYyMmQyZjQiLCJfYXV0aF91c2VyX2JhY2tlbmQiOiJkamFuZ28uY29udHJpYi5hdXRoLmJhY2tlbmRzLk1vZGVsQmFja2VuZCIsIl9hdXRoX3VzZXJfaWQiOiI3OSIsInJvb21zIjpbNzk3OV19','2017-06-08 12:56:36.430808'),
	('chn757dc9650501a0cb6fd08b5d5e5be','YmEwZWE5MjNhNGQyMmI2N2MzOTAwMjdhYzc2MjZlYWZjNDFmNTk2ZTp7Il9hdXRoX3VzZXJfaGFzaCI6IjljMjRiZDc3NzYwZmNjMDFhN2E0YmMyMGM3OGI3NzFlZWRmYjg5OWUiLCJfYXV0aF91c2VyX2JhY2tlbmQiOiJkamFuZ28uY29udHJpYi5hdXRoLmJhY2tlbmRzLk1vZGVsQmFja2VuZCIsIl9hdXRoX3VzZXJfaWQiOiIxMzYiLCJyb29tcyI6WzEzNjc5XX0=','2017-06-04 23:54:53.189446'),
	('chn75ccd9d38e5a59f28fdc642de7be4','ZmZmNDljZmY3NWM3NjVhODNjMTM3YmExYTkwZTcyZTkyZDU5OTIxNDp7Il9hdXRoX3VzZXJfaGFzaCI6IjEyMmVhYzJhMWUwNmE3ZjZiNmJiMTM0NWZkOGYyZDk1NWYyMmQyZjQiLCJfYXV0aF91c2VyX2JhY2tlbmQiOiJkamFuZ28uY29udHJpYi5hdXRoLmJhY2tlbmRzLk1vZGVsQmFja2VuZCIsIl9hdXRoX3VzZXJfaWQiOiI3OSIsInJvb21zIjpbNzk5MF19','2017-06-08 13:18:13.028908'),
	('chn768261cb8c544e8f1815ddf446f17','ODdiYTU2MGI3Y2JjN2MyNzE0Mjk5OGM3M2M5MmFhYmM3ZDgzMWIxMjp7Il9hdXRoX3VzZXJfaGFzaCI6IjljMjRiZDc3NzYwZmNjMDFhN2E0YmMyMGM3OGI3NzFlZWRmYjg5OWUiLCJfYXV0aF91c2VyX2JhY2tlbmQiOiJkamFuZ28uY29udHJpYi5hdXRoLmJhY2tlbmRzLk1vZGVsQmFja2VuZCIsIl9hdXRoX3VzZXJfaWQiOiIxMzYiLCJyb29tcyI6Wzc5MTM2XX0=','2017-06-07 18:05:54.493810'),
	('chn7689d35dafa6f4db9b732e09fe811','YTk3ZTQ0NzQ3NTY2YzI4MWJlMzJiMGFhMzdjNWYzOTI5MGYyMzg0Zjp7InJvb21zIjpbXX0=','2017-06-05 18:18:41.955001'),
	('chn76f932a954f1c0043c83eaa2de20f','ZWQ1Nzc0YjUyMzA4NDQ2Njk5N2UzMjFhNWNiZmY3YjllYTNkOTAzODp7Il9hdXRoX3VzZXJfaGFzaCI6IjEyMmVhYzJhMWUwNmE3ZjZiNmJiMTM0NWZkOGYyZDk1NWYyMmQyZjQiLCJfYXV0aF91c2VyX2JhY2tlbmQiOiJkamFuZ28uY29udHJpYi5hdXRoLmJhY2tlbmRzLk1vZGVsQmFja2VuZCIsIl9hdXRoX3VzZXJfaWQiOiI3OSIsInJvb21zIjpbMTM2ODBdfQ==','2017-06-03 15:05:15.437512'),
	('chn7721a08635ecadea30f165a108769','YTk3ZTQ0NzQ3NTY2YzI4MWJlMzJiMGFhMzdjNWYzOTI5MGYyMzg0Zjp7InJvb21zIjpbXX0=','2017-05-27 14:30:16.409894'),
	('chn77e0057b41de83123f444f7f9f692','Zjg2YmY1OTI5ZjA3YTA2MzYwNjE0NzM1NDJiMDg4NzI1MWQ1ZWI4Yzp7Il9hdXRoX3VzZXJfaGFzaCI6IjljMjRiZDc3NzYwZmNjMDFhN2E0YmMyMGM3OGI3NzFlZWRmYjg5OWUiLCJfYXV0aF91c2VyX2JhY2tlbmQiOiJkamFuZ28uY29udHJpYi5hdXRoLmJhY2tlbmRzLk1vZGVsQmFja2VuZCIsIl9hdXRoX3VzZXJfaWQiOiIxMzYiLCJyb29tcyI6WzEzNjEyOV19','2017-06-04 15:50:00.553329'),
	('chn788da334454182e59ffa41c503598','NTBlZTczNjMxMTQ1NzY4NmNmNTM2YTFlNGU4MWQxZjYzOWY1MTA0NDp7Il9hdXRoX3VzZXJfaGFzaCI6IjEyMmVhYzJhMWUwNmE3ZjZiNmJiMTM0NWZkOGYyZDk1NWYyMmQyZjQiLCJfYXV0aF91c2VyX2lkIjoiNzkiLCJfYXV0aF91c2VyX2JhY2tlbmQiOiJkamFuZ28uY29udHJpYi5hdXRoLmJhY2tlbmRzLk1vZGVsQmFja2VuZCIsInJvb21zIjpbXX0=','2017-06-03 14:48:15.493630'),
	('chn7a0286b886f8ffa27ef0ed9144395','ZWQ1Nzc0YjUyMzA4NDQ2Njk5N2UzMjFhNWNiZmY3YjllYTNkOTAzODp7Il9hdXRoX3VzZXJfaGFzaCI6IjEyMmVhYzJhMWUwNmE3ZjZiNmJiMTM0NWZkOGYyZDk1NWYyMmQyZjQiLCJfYXV0aF91c2VyX2JhY2tlbmQiOiJkamFuZ28uY29udHJpYi5hdXRoLmJhY2tlbmRzLk1vZGVsQmFja2VuZCIsIl9hdXRoX3VzZXJfaWQiOiI3OSIsInJvb21zIjpbMTM2ODBdfQ==','2017-06-03 16:30:45.502584'),
	('chn7a50572f9fc98982cacdd4ae87e07','Yzg1NzcyZjFiNmRjMGEyZWQ3NDdlYWI0NDNhZWY3OTkyMTIyYTc4YTp7Il9hdXRoX3VzZXJfaGFzaCI6IjEyMmVhYzJhMWUwNmE3ZjZiNmJiMTM0NWZkOGYyZDk1NWYyMmQyZjQiLCJfYXV0aF91c2VyX2JhY2tlbmQiOiJkamFuZ28uY29udHJpYi5hdXRoLmJhY2tlbmRzLk1vZGVsQmFja2VuZCIsIl9hdXRoX3VzZXJfaWQiOiI3OSIsInJvb21zIjpbMTM2NzldfQ==','2017-06-05 11:58:27.503349'),
	('chn7aa8b08c0c129657dcd0b92720a90','ZjNiYmY3M2MzODMwMzczYWMxNWZlNGQ1ZDNiM2RhYWY1OGNiYTM0NTp7Il9hdXRoX3VzZXJfaGFzaCI6IjljMjRiZDc3NzYwZmNjMDFhN2E0YmMyMGM3OGI3NzFlZWRmYjg5OWUiLCJfYXV0aF91c2VyX2JhY2tlbmQiOiJkamFuZ28uY29udHJpYi5hdXRoLmJhY2tlbmRzLk1vZGVsQmFja2VuZCIsIl9hdXRoX3VzZXJfaWQiOiIxMzYiLCJyb29tcyI6WzFdfQ==','2017-06-05 12:37:48.192012'),
	('chn7ab0acb8974b2e33881ebebee469c','ZmZmNDljZmY3NWM3NjVhODNjMTM3YmExYTkwZTcyZTkyZDU5OTIxNDp7Il9hdXRoX3VzZXJfaGFzaCI6IjEyMmVhYzJhMWUwNmE3ZjZiNmJiMTM0NWZkOGYyZDk1NWYyMmQyZjQiLCJfYXV0aF91c2VyX2JhY2tlbmQiOiJkamFuZ28uY29udHJpYi5hdXRoLmJhY2tlbmRzLk1vZGVsQmFja2VuZCIsIl9hdXRoX3VzZXJfaWQiOiI3OSIsInJvb21zIjpbNzk5MF19','2017-06-08 13:10:05.512434'),
	('chn7b4d9d2c2a845db463722ae36395d','YmEwZWE5MjNhNGQyMmI2N2MzOTAwMjdhYzc2MjZlYWZjNDFmNTk2ZTp7Il9hdXRoX3VzZXJfaGFzaCI6IjljMjRiZDc3NzYwZmNjMDFhN2E0YmMyMGM3OGI3NzFlZWRmYjg5OWUiLCJfYXV0aF91c2VyX2JhY2tlbmQiOiJkamFuZ28uY29udHJpYi5hdXRoLmJhY2tlbmRzLk1vZGVsQmFja2VuZCIsIl9hdXRoX3VzZXJfaWQiOiIxMzYiLCJyb29tcyI6WzEzNjc5XX0=','2017-06-05 11:54:07.448577'),
	('chn7bb7efb113d88c13fcf5a3e6c9875','ZjNiYmY3M2MzODMwMzczYWMxNWZlNGQ1ZDNiM2RhYWY1OGNiYTM0NTp7Il9hdXRoX3VzZXJfaGFzaCI6IjljMjRiZDc3NzYwZmNjMDFhN2E0YmMyMGM3OGI3NzFlZWRmYjg5OWUiLCJfYXV0aF91c2VyX2JhY2tlbmQiOiJkamFuZ28uY29udHJpYi5hdXRoLmJhY2tlbmRzLk1vZGVsQmFja2VuZCIsIl9hdXRoX3VzZXJfaWQiOiIxMzYiLCJyb29tcyI6WzFdfQ==','2017-06-04 22:52:54.651284'),
	('chn7bea75713d497a950605b6fa95c8e','OWZmZTRlZDNmYjdmNjk1ODhmYjAxYjIyODYxZDI5M2Y4MGNkMTYzZjp7Il9hdXRoX3VzZXJfaGFzaCI6IjBkOWVlNGEyNmRjNmNjOWNmNGM3NDg3ZTQ1NzczZTFiYmZlYWVkODMiLCJfYXV0aF91c2VyX2JhY2tlbmQiOiJkamFuZ28uY29udHJpYi5hdXRoLmJhY2tlbmRzLk1vZGVsQmFja2VuZCIsIl9hdXRoX3VzZXJfaWQiOiIxMjkiLCJyb29tcyI6WzEzNjEyOV19','2017-06-05 11:48:13.404957'),
	('chn7c33d1341e26507537abe77775114','NTBlZTczNjMxMTQ1NzY4NmNmNTM2YTFlNGU4MWQxZjYzOWY1MTA0NDp7Il9hdXRoX3VzZXJfaGFzaCI6IjEyMmVhYzJhMWUwNmE3ZjZiNmJiMTM0NWZkOGYyZDk1NWYyMmQyZjQiLCJfYXV0aF91c2VyX2lkIjoiNzkiLCJfYXV0aF91c2VyX2JhY2tlbmQiOiJkamFuZ28uY29udHJpYi5hdXRoLmJhY2tlbmRzLk1vZGVsQmFja2VuZCIsInJvb21zIjpbXX0=','2017-06-02 14:07:40.809271'),
	('chn7c6995f4e5899cc418822f60fb846','ZjNiYmY3M2MzODMwMzczYWMxNWZlNGQ1ZDNiM2RhYWY1OGNiYTM0NTp7Il9hdXRoX3VzZXJfaGFzaCI6IjljMjRiZDc3NzYwZmNjMDFhN2E0YmMyMGM3OGI3NzFlZWRmYjg5OWUiLCJfYXV0aF91c2VyX2JhY2tlbmQiOiJkamFuZ28uY29udHJpYi5hdXRoLmJhY2tlbmRzLk1vZGVsQmFja2VuZCIsIl9hdXRoX3VzZXJfaWQiOiIxMzYiLCJyb29tcyI6WzFdfQ==','2017-06-05 12:22:01.010790'),
	('chn7cdc8351924eeba25da160359047d','ODI2NWFhM2Q5OGI3YjllODJhZTM0ZTFkMWJjYTA5MGIyOTgzMmUwMTp7Il9hdXRoX3VzZXJfaGFzaCI6IjEyMmVhYzJhMWUwNmE3ZjZiNmJiMTM0NWZkOGYyZDk1NWYyMmQyZjQiLCJfYXV0aF91c2VyX2JhY2tlbmQiOiJkamFuZ28uY29udHJpYi5hdXRoLmJhY2tlbmRzLk1vZGVsQmFja2VuZCIsIl9hdXRoX3VzZXJfaWQiOiI3OSIsInJvb21zIjpbNzkxMzZdfQ==','2017-06-07 17:29:21.617183'),
	('chn7ce5b1005af55a1a7597f4b7c72cc','YTk3ZTQ0NzQ3NTY2YzI4MWJlMzJiMGFhMzdjNWYzOTI5MGYyMzg0Zjp7InJvb21zIjpbXX0=','2017-05-27 14:21:48.541844'),
	('chn7d4f86ef42c4fdf288b57d9416938','NTBlZTczNjMxMTQ1NzY4NmNmNTM2YTFlNGU4MWQxZjYzOWY1MTA0NDp7Il9hdXRoX3VzZXJfaGFzaCI6IjEyMmVhYzJhMWUwNmE3ZjZiNmJiMTM0NWZkOGYyZDk1NWYyMmQyZjQiLCJfYXV0aF91c2VyX2lkIjoiNzkiLCJfYXV0aF91c2VyX2JhY2tlbmQiOiJkamFuZ28uY29udHJpYi5hdXRoLmJhY2tlbmRzLk1vZGVsQmFja2VuZCIsInJvb21zIjpbXX0=','2017-06-02 14:43:21.464873'),
	('chn7dc9ff6ddf0740fbc2922e7ef6a28','NzEwNGUxY2FkOWY2NmNlMDAyYzc3MzdmNDk1NzRlNTVlNWU4Y2IwNjp7fQ==','2017-06-06 15:06:37.027970'),
	('chn7dffed25e0c4ec821624c6b0cb8b8','ZjY2OGY3MDdmNTI4ODk5Nzg5Y2VkNjhkOWM4ODJlMmVhZjUzMDk3Mzp7Il9hdXRoX3VzZXJfaGFzaCI6IjJhNDUyZDYwZDRjMGFkMzg2YjFiNjczYmQ5YTNiNzYzMDY0NWJkNGQiLCJfYXV0aF91c2VyX2lkIjoiMSIsIl9hdXRoX3VzZXJfYmFja2VuZCI6ImRqYW5nby5jb250cmliLmF1dGguYmFja2VuZHMuTW9kZWxCYWNrZW5kIiwicm9vbXMiOltdfQ==','2017-05-27 16:36:13.673571'),
	('chn7e48f37a8e3bdf3a1e12ecb38dd36','ZjY2OGY3MDdmNTI4ODk5Nzg5Y2VkNjhkOWM4ODJlMmVhZjUzMDk3Mzp7Il9hdXRoX3VzZXJfaGFzaCI6IjJhNDUyZDYwZDRjMGFkMzg2YjFiNjczYmQ5YTNiNzYzMDY0NWJkNGQiLCJfYXV0aF91c2VyX2lkIjoiMSIsIl9hdXRoX3VzZXJfYmFja2VuZCI6ImRqYW5nby5jb250cmliLmF1dGguYmFja2VuZHMuTW9kZWxCYWNrZW5kIiwicm9vbXMiOltdfQ==','2017-05-27 16:23:30.551140'),
	('chn7eeb7704621870fd68d346bdf2290','YmEwZWE5MjNhNGQyMmI2N2MzOTAwMjdhYzc2MjZlYWZjNDFmNTk2ZTp7Il9hdXRoX3VzZXJfaGFzaCI6IjljMjRiZDc3NzYwZmNjMDFhN2E0YmMyMGM3OGI3NzFlZWRmYjg5OWUiLCJfYXV0aF91c2VyX2JhY2tlbmQiOiJkamFuZ28uY29udHJpYi5hdXRoLmJhY2tlbmRzLk1vZGVsQmFja2VuZCIsIl9hdXRoX3VzZXJfaWQiOiIxMzYiLCJyb29tcyI6WzEzNjc5XX0=','2017-06-04 23:43:12.259303'),
	('chn7f5cfeb5c02d1bbf00215f6855ee3','ODI2NWFhM2Q5OGI3YjllODJhZTM0ZTFkMWJjYTA5MGIyOTgzMmUwMTp7Il9hdXRoX3VzZXJfaGFzaCI6IjEyMmVhYzJhMWUwNmE3ZjZiNmJiMTM0NWZkOGYyZDk1NWYyMmQyZjQiLCJfYXV0aF91c2VyX2JhY2tlbmQiOiJkamFuZ28uY29udHJpYi5hdXRoLmJhY2tlbmRzLk1vZGVsQmFja2VuZCIsIl9hdXRoX3VzZXJfaWQiOiI3OSIsInJvb21zIjpbNzkxMzZdfQ==','2017-06-08 13:23:55.146700'),
	('chn7f9be5a98f1a40aa4ed78928bf0f4','ZWQ1Nzc0YjUyMzA4NDQ2Njk5N2UzMjFhNWNiZmY3YjllYTNkOTAzODp7Il9hdXRoX3VzZXJfaGFzaCI6IjEyMmVhYzJhMWUwNmE3ZjZiNmJiMTM0NWZkOGYyZDk1NWYyMmQyZjQiLCJfYXV0aF91c2VyX2JhY2tlbmQiOiJkamFuZ28uY29udHJpYi5hdXRoLmJhY2tlbmRzLk1vZGVsQmFja2VuZCIsIl9hdXRoX3VzZXJfaWQiOiI3OSIsInJvb21zIjpbMTM2ODBdfQ==','2017-06-03 16:18:20.420907'),
	('chn80546ff9fa5b031a8393bdcadcf80','YmEwZWE5MjNhNGQyMmI2N2MzOTAwMjdhYzc2MjZlYWZjNDFmNTk2ZTp7Il9hdXRoX3VzZXJfaGFzaCI6IjljMjRiZDc3NzYwZmNjMDFhN2E0YmMyMGM3OGI3NzFlZWRmYjg5OWUiLCJfYXV0aF91c2VyX2JhY2tlbmQiOiJkamFuZ28uY29udHJpYi5hdXRoLmJhY2tlbmRzLk1vZGVsQmFja2VuZCIsIl9hdXRoX3VzZXJfaWQiOiIxMzYiLCJyb29tcyI6WzEzNjc5XX0=','2017-06-05 12:34:57.836758'),
	('chn80e97d7982c2d8abfd1e88b0fdd95','NzEwNGUxY2FkOWY2NmNlMDAyYzc3MzdmNDk1NzRlNTVlNWU4Y2IwNjp7fQ==','2017-06-06 13:57:38.017663'),
	('chn814eff37b926370233b469dfa173a','YmEwZWE5MjNhNGQyMmI2N2MzOTAwMjdhYzc2MjZlYWZjNDFmNTk2ZTp7Il9hdXRoX3VzZXJfaGFzaCI6IjljMjRiZDc3NzYwZmNjMDFhN2E0YmMyMGM3OGI3NzFlZWRmYjg5OWUiLCJfYXV0aF91c2VyX2JhY2tlbmQiOiJkamFuZ28uY29udHJpYi5hdXRoLmJhY2tlbmRzLk1vZGVsQmFja2VuZCIsIl9hdXRoX3VzZXJfaWQiOiIxMzYiLCJyb29tcyI6WzEzNjc5XX0=','2017-06-05 11:35:03.942301'),
	('chn81931534a6b3389a72dfd9dcb7ff8','NzEwNGUxY2FkOWY2NmNlMDAyYzc3MzdmNDk1NzRlNTVlNWU4Y2IwNjp7fQ==','2017-06-06 09:54:31.028052'),
	('chn823695f9303691de2796755547cf5','NzEwNGUxY2FkOWY2NmNlMDAyYzc3MzdmNDk1NzRlNTVlNWU4Y2IwNjp7fQ==','2017-06-06 15:23:41.567194'),
	('chn82e09d4132bd95e932003cf7e1a33','OTk5ZDM2MzgwMzBkZDhmMTg1MzBhMDk3NTE2NGYzMzMyYzJlMGE2NTp7Il9hdXRoX3VzZXJfaGFzaCI6IjVkMmM5YWIzMDc3MzM3NzNiOTI3NTIwZGExNjJhNzhlMWYwOTM2OWUiLCJfYXV0aF91c2VyX2lkIjoiODMiLCJfYXV0aF91c2VyX2JhY2tlbmQiOiJkamFuZ28uY29udHJpYi5hdXRoLmJhY2tlbmRzLk1vZGVsQmFja2VuZCIsInJvb21zIjpbXX0=','2017-06-02 13:41:37.264774'),
	('chn83041d4c91de764e01219f2caac24','YmEwZWE5MjNhNGQyMmI2N2MzOTAwMjdhYzc2MjZlYWZjNDFmNTk2ZTp7Il9hdXRoX3VzZXJfaGFzaCI6IjljMjRiZDc3NzYwZmNjMDFhN2E0YmMyMGM3OGI3NzFlZWRmYjg5OWUiLCJfYXV0aF91c2VyX2JhY2tlbmQiOiJkamFuZ28uY29udHJpYi5hdXRoLmJhY2tlbmRzLk1vZGVsQmFja2VuZCIsIl9hdXRoX3VzZXJfaWQiOiIxMzYiLCJyb29tcyI6WzEzNjc5XX0=','2017-06-04 15:44:52.774793'),
	('chn834ce66a9fa7630d2b7ab5168e8f1','NWE1ZDkyOGJkYTE4MWQ5ZTk2ZTYwMzM2OGMxNDllZWI5NWQ5NGFiNDp7Il9hdXRoX3VzZXJfaGFzaCI6IjljMjRiZDc3NzYwZmNjMDFhN2E0YmMyMGM3OGI3NzFlZWRmYjg5OWUiLCJfYXV0aF91c2VyX2lkIjoiMTM2IiwiX2F1dGhfdXNlcl9iYWNrZW5kIjoiZGphbmdvLmNvbnRyaWIuYXV0aC5iYWNrZW5kcy5Nb2RlbEJhY2tlbmQiLCJyb29tcyI6W119','2017-06-04 12:05:59.296511'),
	('chn837c546ef8af58d62382ff80c55bc','Yzg1NzcyZjFiNmRjMGEyZWQ3NDdlYWI0NDNhZWY3OTkyMTIyYTc4YTp7Il9hdXRoX3VzZXJfaGFzaCI6IjEyMmVhYzJhMWUwNmE3ZjZiNmJiMTM0NWZkOGYyZDk1NWYyMmQyZjQiLCJfYXV0aF91c2VyX2JhY2tlbmQiOiJkamFuZ28uY29udHJpYi5hdXRoLmJhY2tlbmRzLk1vZGVsQmFja2VuZCIsIl9hdXRoX3VzZXJfaWQiOiI3OSIsInJvb21zIjpbMTM2NzldfQ==','2017-06-05 12:05:08.174977'),
	('chn83c089e360e4c92333c99b93d4a03','ZmI0YzQwYzNiMmM1MDYwYjdiY2NiNjAyZWRlYzlhNTQ1NTc3NGRhZjp7Il9hdXRoX3VzZXJfaGFzaCI6IjEyMmVhYzJhMWUwNmE3ZjZiNmJiMTM0NWZkOGYyZDk1NWYyMmQyZjQiLCJfYXV0aF91c2VyX2JhY2tlbmQiOiJkamFuZ28uY29udHJpYi5hdXRoLmJhY2tlbmRzLk1vZGVsQmFja2VuZCIsIl9hdXRoX3VzZXJfaWQiOiI3OSIsInJvb21zIjpbNzk3OV19','2017-06-06 10:42:22.187466'),
	('chn84706b3f0fb762691de930a05141b','NzEwNGUxY2FkOWY2NmNlMDAyYzc3MzdmNDk1NzRlNTVlNWU4Y2IwNjp7fQ==','2017-06-06 11:43:58.020086'),
	('chn8472763cf00395ed105d6d8d48bb8','YmEwZWE5MjNhNGQyMmI2N2MzOTAwMjdhYzc2MjZlYWZjNDFmNTk2ZTp7Il9hdXRoX3VzZXJfaGFzaCI6IjljMjRiZDc3NzYwZmNjMDFhN2E0YmMyMGM3OGI3NzFlZWRmYjg5OWUiLCJfYXV0aF91c2VyX2JhY2tlbmQiOiJkamFuZ28uY29udHJpYi5hdXRoLmJhY2tlbmRzLk1vZGVsQmFja2VuZCIsIl9hdXRoX3VzZXJfaWQiOiIxMzYiLCJyb29tcyI6WzEzNjc5XX0=','2017-06-05 12:46:53.019062'),
	('chn847b1c3685558b5b2407788e8b38b','YmEwZWE5MjNhNGQyMmI2N2MzOTAwMjdhYzc2MjZlYWZjNDFmNTk2ZTp7Il9hdXRoX3VzZXJfaGFzaCI6IjljMjRiZDc3NzYwZmNjMDFhN2E0YmMyMGM3OGI3NzFlZWRmYjg5OWUiLCJfYXV0aF91c2VyX2JhY2tlbmQiOiJkamFuZ28uY29udHJpYi5hdXRoLmJhY2tlbmRzLk1vZGVsQmFja2VuZCIsIl9hdXRoX3VzZXJfaWQiOiIxMzYiLCJyb29tcyI6WzEzNjc5XX0=','2017-06-05 11:13:01.004069'),
	('chn84ee724a1e3a71e73473749b92c90','YmEwZWE5MjNhNGQyMmI2N2MzOTAwMjdhYzc2MjZlYWZjNDFmNTk2ZTp7Il9hdXRoX3VzZXJfaGFzaCI6IjljMjRiZDc3NzYwZmNjMDFhN2E0YmMyMGM3OGI3NzFlZWRmYjg5OWUiLCJfYXV0aF91c2VyX2JhY2tlbmQiOiJkamFuZ28uY29udHJpYi5hdXRoLmJhY2tlbmRzLk1vZGVsQmFja2VuZCIsIl9hdXRoX3VzZXJfaWQiOiIxMzYiLCJyb29tcyI6WzEzNjc5XX0=','2017-06-04 23:40:39.280568'),
	('chn85093b25e06b3d840108ba6d2594a','ZWQ1Nzc0YjUyMzA4NDQ2Njk5N2UzMjFhNWNiZmY3YjllYTNkOTAzODp7Il9hdXRoX3VzZXJfaGFzaCI6IjEyMmVhYzJhMWUwNmE3ZjZiNmJiMTM0NWZkOGYyZDk1NWYyMmQyZjQiLCJfYXV0aF91c2VyX2JhY2tlbmQiOiJkamFuZ28uY29udHJpYi5hdXRoLmJhY2tlbmRzLk1vZGVsQmFja2VuZCIsIl9hdXRoX3VzZXJfaWQiOiI3OSIsInJvb21zIjpbMTM2ODBdfQ==','2017-06-02 14:48:05.669925'),
	('chn8516b74b9a57f55597b08d14963d7','YmEwZWE5MjNhNGQyMmI2N2MzOTAwMjdhYzc2MjZlYWZjNDFmNTk2ZTp7Il9hdXRoX3VzZXJfaGFzaCI6IjljMjRiZDc3NzYwZmNjMDFhN2E0YmMyMGM3OGI3NzFlZWRmYjg5OWUiLCJfYXV0aF91c2VyX2JhY2tlbmQiOiJkamFuZ28uY29udHJpYi5hdXRoLmJhY2tlbmRzLk1vZGVsQmFja2VuZCIsIl9hdXRoX3VzZXJfaWQiOiIxMzYiLCJyb29tcyI6WzEzNjc5XX0=','2017-06-05 10:48:58.716162'),
	('chn8569675d49c829578bc1ac26bbb8a','YmEwZWE5MjNhNGQyMmI2N2MzOTAwMjdhYzc2MjZlYWZjNDFmNTk2ZTp7Il9hdXRoX3VzZXJfaGFzaCI6IjljMjRiZDc3NzYwZmNjMDFhN2E0YmMyMGM3OGI3NzFlZWRmYjg5OWUiLCJfYXV0aF91c2VyX2JhY2tlbmQiOiJkamFuZ28uY29udHJpYi5hdXRoLmJhY2tlbmRzLk1vZGVsQmFja2VuZCIsIl9hdXRoX3VzZXJfaWQiOiIxMzYiLCJyb29tcyI6WzEzNjc5XX0=','2017-06-04 15:40:46.745495'),
	('chn8649ea7cdce68dae739d244def477','Yzg1NzcyZjFiNmRjMGEyZWQ3NDdlYWI0NDNhZWY3OTkyMTIyYTc4YTp7Il9hdXRoX3VzZXJfaGFzaCI6IjEyMmVhYzJhMWUwNmE3ZjZiNmJiMTM0NWZkOGYyZDk1NWYyMmQyZjQiLCJfYXV0aF91c2VyX2JhY2tlbmQiOiJkamFuZ28uY29udHJpYi5hdXRoLmJhY2tlbmRzLk1vZGVsQmFja2VuZCIsIl9hdXRoX3VzZXJfaWQiOiI3OSIsInJvb21zIjpbMTM2NzldfQ==','2017-06-06 17:53:50.990180'),
	('chn8681e24a2e219bd72afc98f17461a','YTc0ZTczNDAxNmYyOTZmYWJjNzAyOTY1MWRhM2Q3NzIxMzI2ZDQxNDp7Il9hdXRoX3VzZXJfaGFzaCI6IjVkMmM5YWIzMDc3MzM3NzNiOTI3NTIwZGExNjJhNzhlMWYwOTM2OWUiLCJfYXV0aF91c2VyX2JhY2tlbmQiOiJkamFuZ28uY29udHJpYi5hdXRoLmJhY2tlbmRzLk1vZGVsQmFja2VuZCIsIl9hdXRoX3VzZXJfaWQiOiI4MyIsInJvb21zIjpbMTM2ODBdfQ==','2017-06-02 14:52:32.519244'),
	('chn86f137646200c313128803d873894','YTc0ZTczNDAxNmYyOTZmYWJjNzAyOTY1MWRhM2Q3NzIxMzI2ZDQxNDp7Il9hdXRoX3VzZXJfaGFzaCI6IjVkMmM5YWIzMDc3MzM3NzNiOTI3NTIwZGExNjJhNzhlMWYwOTM2OWUiLCJfYXV0aF91c2VyX2JhY2tlbmQiOiJkamFuZ28uY29udHJpYi5hdXRoLmJhY2tlbmRzLk1vZGVsQmFja2VuZCIsIl9hdXRoX3VzZXJfaWQiOiI4MyIsInJvb21zIjpbMTM2ODBdfQ==','2017-06-02 14:52:25.441618'),
	('chn8774574d45fedda3ae5a2ab1fbbb4','YmEwZWE5MjNhNGQyMmI2N2MzOTAwMjdhYzc2MjZlYWZjNDFmNTk2ZTp7Il9hdXRoX3VzZXJfaGFzaCI6IjljMjRiZDc3NzYwZmNjMDFhN2E0YmMyMGM3OGI3NzFlZWRmYjg5OWUiLCJfYXV0aF91c2VyX2JhY2tlbmQiOiJkamFuZ28uY29udHJpYi5hdXRoLmJhY2tlbmRzLk1vZGVsQmFja2VuZCIsIl9hdXRoX3VzZXJfaWQiOiIxMzYiLCJyb29tcyI6WzEzNjc5XX0=','2017-06-04 12:30:38.507818'),
	('chn879dc5743c8d9fdcd624e1e1dd473','YmEwZWE5MjNhNGQyMmI2N2MzOTAwMjdhYzc2MjZlYWZjNDFmNTk2ZTp7Il9hdXRoX3VzZXJfaGFzaCI6IjljMjRiZDc3NzYwZmNjMDFhN2E0YmMyMGM3OGI3NzFlZWRmYjg5OWUiLCJfYXV0aF91c2VyX2JhY2tlbmQiOiJkamFuZ28uY29udHJpYi5hdXRoLmJhY2tlbmRzLk1vZGVsQmFja2VuZCIsIl9hdXRoX3VzZXJfaWQiOiIxMzYiLCJyb29tcyI6WzEzNjc5XX0=','2017-06-04 23:46:37.757138'),
	('chn884bb35cdda5f7ed2a2ea6b994d31','YmEwZWE5MjNhNGQyMmI2N2MzOTAwMjdhYzc2MjZlYWZjNDFmNTk2ZTp7Il9hdXRoX3VzZXJfaGFzaCI6IjljMjRiZDc3NzYwZmNjMDFhN2E0YmMyMGM3OGI3NzFlZWRmYjg5OWUiLCJfYXV0aF91c2VyX2JhY2tlbmQiOiJkamFuZ28uY29udHJpYi5hdXRoLmJhY2tlbmRzLk1vZGVsQmFja2VuZCIsIl9hdXRoX3VzZXJfaWQiOiIxMzYiLCJyb29tcyI6WzEzNjc5XX0=','2017-06-04 23:25:38.358469'),
	('chn8857c608621c0498b75e5740bdaf6','NTBlZTczNjMxMTQ1NzY4NmNmNTM2YTFlNGU4MWQxZjYzOWY1MTA0NDp7Il9hdXRoX3VzZXJfaGFzaCI6IjEyMmVhYzJhMWUwNmE3ZjZiNmJiMTM0NWZkOGYyZDk1NWYyMmQyZjQiLCJfYXV0aF91c2VyX2lkIjoiNzkiLCJfYXV0aF91c2VyX2JhY2tlbmQiOiJkamFuZ28uY29udHJpYi5hdXRoLmJhY2tlbmRzLk1vZGVsQmFja2VuZCIsInJvb21zIjpbXX0=','2017-06-06 10:41:43.028241'),
	('chn889130714c92f6fc4e6e3a0174595','NTEwZjQxMjlhZmNmMWQyZTQxNzJiYThhZDk1ZDk4OGI2NmUxNzNmODp7Il9hdXRoX3VzZXJfaGFzaCI6IjI0MzgwOGRjYWQzNWExYjk0YTBlYmEwOTg3NWYyMDViNmM3NjEwZTMiLCJfYXV0aF91c2VyX2JhY2tlbmQiOiJkamFuZ28uY29udHJpYi5hdXRoLmJhY2tlbmRzLk1vZGVsQmFja2VuZCIsIl9hdXRoX3VzZXJfaWQiOiI5MiIsInJvb21zIjpbMTM2ODFdfQ==','2017-06-04 10:36:30.145552'),
	('chn88f225f4ecda02b9c4915364b7750','ODM1NzVjNmQzMDNhNWU3NzNkYjZhYzNjOThjOTYzZGJiYWQ0OTAyMTp7Il9hdXRoX3VzZXJfaGFzaCI6IjEyMmVhYzJhMWUwNmE3ZjZiNmJiMTM0NWZkOGYyZDk1NWYyMmQyZjQiLCJfYXV0aF91c2VyX2lkIjoiNzkiLCJfYXV0aF91c2VyX2JhY2tlbmQiOiJkamFuZ28uY29udHJpYi5hdXRoLmJhY2tlbmRzLk1vZGVsQmFja2VuZCJ9','2017-06-04 10:31:29.100845'),
	('chn8908de3c89c59b1e48899f0ae5ccb','NTBlZTczNjMxMTQ1NzY4NmNmNTM2YTFlNGU4MWQxZjYzOWY1MTA0NDp7Il9hdXRoX3VzZXJfaGFzaCI6IjEyMmVhYzJhMWUwNmE3ZjZiNmJiMTM0NWZkOGYyZDk1NWYyMmQyZjQiLCJfYXV0aF91c2VyX2lkIjoiNzkiLCJfYXV0aF91c2VyX2JhY2tlbmQiOiJkamFuZ28uY29udHJpYi5hdXRoLmJhY2tlbmRzLk1vZGVsQmFja2VuZCIsInJvb21zIjpbXX0=','2017-06-06 10:41:33.327796'),
	('chn8976ab1196f89f9a3da26af66564a','YmEwZWE5MjNhNGQyMmI2N2MzOTAwMjdhYzc2MjZlYWZjNDFmNTk2ZTp7Il9hdXRoX3VzZXJfaGFzaCI6IjljMjRiZDc3NzYwZmNjMDFhN2E0YmMyMGM3OGI3NzFlZWRmYjg5OWUiLCJfYXV0aF91c2VyX2JhY2tlbmQiOiJkamFuZ28uY29udHJpYi5hdXRoLmJhY2tlbmRzLk1vZGVsQmFja2VuZCIsIl9hdXRoX3VzZXJfaWQiOiIxMzYiLCJyb29tcyI6WzEzNjc5XX0=','2017-06-05 12:10:21.860660'),
	('chn8a09b3a39e7a3696c08bbc109b1cc','YmEwZWE5MjNhNGQyMmI2N2MzOTAwMjdhYzc2MjZlYWZjNDFmNTk2ZTp7Il9hdXRoX3VzZXJfaGFzaCI6IjljMjRiZDc3NzYwZmNjMDFhN2E0YmMyMGM3OGI3NzFlZWRmYjg5OWUiLCJfYXV0aF91c2VyX2JhY2tlbmQiOiJkamFuZ28uY29udHJpYi5hdXRoLmJhY2tlbmRzLk1vZGVsQmFja2VuZCIsIl9hdXRoX3VzZXJfaWQiOiIxMzYiLCJyb29tcyI6WzEzNjc5XX0=','2017-06-04 12:15:32.682796'),
	('chn8a0be121b72d65998f192d04b8b01','YmEwZWE5MjNhNGQyMmI2N2MzOTAwMjdhYzc2MjZlYWZjNDFmNTk2ZTp7Il9hdXRoX3VzZXJfaGFzaCI6IjljMjRiZDc3NzYwZmNjMDFhN2E0YmMyMGM3OGI3NzFlZWRmYjg5OWUiLCJfYXV0aF91c2VyX2JhY2tlbmQiOiJkamFuZ28uY29udHJpYi5hdXRoLmJhY2tlbmRzLk1vZGVsQmFja2VuZCIsIl9hdXRoX3VzZXJfaWQiOiIxMzYiLCJyb29tcyI6WzEzNjc5XX0=','2017-06-05 22:45:11.045148'),
	('chn8b14576b15af58098d5335b80630f','NTBlZTczNjMxMTQ1NzY4NmNmNTM2YTFlNGU4MWQxZjYzOWY1MTA0NDp7Il9hdXRoX3VzZXJfaGFzaCI6IjEyMmVhYzJhMWUwNmE3ZjZiNmJiMTM0NWZkOGYyZDk1NWYyMmQyZjQiLCJfYXV0aF91c2VyX2lkIjoiNzkiLCJfYXV0aF91c2VyX2JhY2tlbmQiOiJkamFuZ28uY29udHJpYi5hdXRoLmJhY2tlbmRzLk1vZGVsQmFja2VuZCIsInJvb21zIjpbXX0=','2017-06-02 14:07:34.884200'),
	('chn8b1780904b5fd290d072edc4db90c','YTc0ZTczNDAxNmYyOTZmYWJjNzAyOTY1MWRhM2Q3NzIxMzI2ZDQxNDp7Il9hdXRoX3VzZXJfaGFzaCI6IjVkMmM5YWIzMDc3MzM3NzNiOTI3NTIwZGExNjJhNzhlMWYwOTM2OWUiLCJfYXV0aF91c2VyX2JhY2tlbmQiOiJkamFuZ28uY29udHJpYi5hdXRoLmJhY2tlbmRzLk1vZGVsQmFja2VuZCIsIl9hdXRoX3VzZXJfaWQiOiI4MyIsInJvb21zIjpbMTM2ODBdfQ==','2017-06-02 15:14:24.109359'),
	('chn8b83e7113032aafc50dbdbda8a6c1','ZWQ1Nzc0YjUyMzA4NDQ2Njk5N2UzMjFhNWNiZmY3YjllYTNkOTAzODp7Il9hdXRoX3VzZXJfaGFzaCI6IjEyMmVhYzJhMWUwNmE3ZjZiNmJiMTM0NWZkOGYyZDk1NWYyMmQyZjQiLCJfYXV0aF91c2VyX2JhY2tlbmQiOiJkamFuZ28uY29udHJpYi5hdXRoLmJhY2tlbmRzLk1vZGVsQmFja2VuZCIsIl9hdXRoX3VzZXJfaWQiOiI3OSIsInJvb21zIjpbMTM2ODBdfQ==','2017-06-03 15:09:49.434477'),
	('chn8bb97c62fd8a71fb092e0c4f38515','Yzg1NzcyZjFiNmRjMGEyZWQ3NDdlYWI0NDNhZWY3OTkyMTIyYTc4YTp7Il9hdXRoX3VzZXJfaGFzaCI6IjEyMmVhYzJhMWUwNmE3ZjZiNmJiMTM0NWZkOGYyZDk1NWYyMmQyZjQiLCJfYXV0aF91c2VyX2JhY2tlbmQiOiJkamFuZ28uY29udHJpYi5hdXRoLmJhY2tlbmRzLk1vZGVsQmFja2VuZCIsIl9hdXRoX3VzZXJfaWQiOiI3OSIsInJvb21zIjpbMTM2NzldfQ==','2017-06-04 12:47:40.483287'),
	('chn8bf67ee6e474a251116d21c57da4d','ZWQ1Nzc0YjUyMzA4NDQ2Njk5N2UzMjFhNWNiZmY3YjllYTNkOTAzODp7Il9hdXRoX3VzZXJfaGFzaCI6IjEyMmVhYzJhMWUwNmE3ZjZiNmJiMTM0NWZkOGYyZDk1NWYyMmQyZjQiLCJfYXV0aF91c2VyX2JhY2tlbmQiOiJkamFuZ28uY29udHJpYi5hdXRoLmJhY2tlbmRzLk1vZGVsQmFja2VuZCIsIl9hdXRoX3VzZXJfaWQiOiI3OSIsInJvb21zIjpbMTM2ODBdfQ==','2017-06-03 15:51:31.883012'),
	('chn8c4694aac4febf95f46a09d6279be','ZmZmNDljZmY3NWM3NjVhODNjMTM3YmExYTkwZTcyZTkyZDU5OTIxNDp7Il9hdXRoX3VzZXJfaGFzaCI6IjEyMmVhYzJhMWUwNmE3ZjZiNmJiMTM0NWZkOGYyZDk1NWYyMmQyZjQiLCJfYXV0aF91c2VyX2JhY2tlbmQiOiJkamFuZ28uY29udHJpYi5hdXRoLmJhY2tlbmRzLk1vZGVsQmFja2VuZCIsIl9hdXRoX3VzZXJfaWQiOiI3OSIsInJvb21zIjpbNzk5MF19','2017-06-08 13:12:11.367633'),
	('chn8c48883c43593a6e8b18da0dbdfe9','NWE1ZDkyOGJkYTE4MWQ5ZTk2ZTYwMzM2OGMxNDllZWI5NWQ5NGFiNDp7Il9hdXRoX3VzZXJfaGFzaCI6IjljMjRiZDc3NzYwZmNjMDFhN2E0YmMyMGM3OGI3NzFlZWRmYjg5OWUiLCJfYXV0aF91c2VyX2lkIjoiMTM2IiwiX2F1dGhfdXNlcl9iYWNrZW5kIjoiZGphbmdvLmNvbnRyaWIuYXV0aC5iYWNrZW5kcy5Nb2RlbEJhY2tlbmQiLCJyb29tcyI6W119','2017-06-07 18:05:44.849344'),
	('chn8cd7b88c6acef615200d509a1921d','YmEwZWE5MjNhNGQyMmI2N2MzOTAwMjdhYzc2MjZlYWZjNDFmNTk2ZTp7Il9hdXRoX3VzZXJfaGFzaCI6IjljMjRiZDc3NzYwZmNjMDFhN2E0YmMyMGM3OGI3NzFlZWRmYjg5OWUiLCJfYXV0aF91c2VyX2JhY2tlbmQiOiJkamFuZ28uY29udHJpYi5hdXRoLmJhY2tlbmRzLk1vZGVsQmFja2VuZCIsIl9hdXRoX3VzZXJfaWQiOiIxMzYiLCJyb29tcyI6WzEzNjc5XX0=','2017-06-04 23:59:34.587771'),
	('chn8d1b856c8ae64ff9aaf9fa654ea00','NTEwZjQxMjlhZmNmMWQyZTQxNzJiYThhZDk1ZDk4OGI2NmUxNzNmODp7Il9hdXRoX3VzZXJfaGFzaCI6IjI0MzgwOGRjYWQzNWExYjk0YTBlYmEwOTg3NWYyMDViNmM3NjEwZTMiLCJfYXV0aF91c2VyX2JhY2tlbmQiOiJkamFuZ28uY29udHJpYi5hdXRoLmJhY2tlbmRzLk1vZGVsQmFja2VuZCIsIl9hdXRoX3VzZXJfaWQiOiI5MiIsInJvb21zIjpbMTM2ODFdfQ==','2017-06-04 10:36:29.385432'),
	('chn8d306daee8aef556d33ce6cbfe770','ZWQ1Nzc0YjUyMzA4NDQ2Njk5N2UzMjFhNWNiZmY3YjllYTNkOTAzODp7Il9hdXRoX3VzZXJfaGFzaCI6IjEyMmVhYzJhMWUwNmE3ZjZiNmJiMTM0NWZkOGYyZDk1NWYyMmQyZjQiLCJfYXV0aF91c2VyX2JhY2tlbmQiOiJkamFuZ28uY29udHJpYi5hdXRoLmJhY2tlbmRzLk1vZGVsQmFja2VuZCIsIl9hdXRoX3VzZXJfaWQiOiI3OSIsInJvb21zIjpbMTM2ODBdfQ==','2017-06-02 14:54:51.061914'),
	('chn8d5b47f1844bb46a21654e4e7a1e3','Mjg1ODZmNzZmOWQyYjFmYzkyNGMyOWZhZGU3OTAwNzgyOTM5ZWQ5Yjp7Il9hdXRoX3VzZXJfaGFzaCI6Ijc5ZTFmNjA3YjYwOGU1ZDljY2FkNjUyYzFmOWE3ZDM5NDcyYjU3NmMiLCJfYXV0aF91c2VyX2JhY2tlbmQiOiJkamFuZ28uY29udHJpYi5hdXRoLmJhY2tlbmRzLk1vZGVsQmFja2VuZCIsIl9hdXRoX3VzZXJfaWQiOiI3OSIsInJvb21zIjpbMV19','2017-06-13 10:33:34.710752'),
	('chn8d6c793765648263d6c4c16809cf7','YmEwZWE5MjNhNGQyMmI2N2MzOTAwMjdhYzc2MjZlYWZjNDFmNTk2ZTp7Il9hdXRoX3VzZXJfaGFzaCI6IjljMjRiZDc3NzYwZmNjMDFhN2E0YmMyMGM3OGI3NzFlZWRmYjg5OWUiLCJfYXV0aF91c2VyX2JhY2tlbmQiOiJkamFuZ28uY29udHJpYi5hdXRoLmJhY2tlbmRzLk1vZGVsQmFja2VuZCIsIl9hdXRoX3VzZXJfaWQiOiIxMzYiLCJyb29tcyI6WzEzNjc5XX0=','2017-06-05 12:36:44.443699'),
	('chn8daf008ee413b33840ce9821310ed','YTk3ZTQ0NzQ3NTY2YzI4MWJlMzJiMGFhMzdjNWYzOTI5MGYyMzg0Zjp7InJvb21zIjpbXX0=','2017-06-05 17:57:45.575006'),
	('chn8e04b2b73b0200f28e6051d936188','YmEwZWE5MjNhNGQyMmI2N2MzOTAwMjdhYzc2MjZlYWZjNDFmNTk2ZTp7Il9hdXRoX3VzZXJfaGFzaCI6IjljMjRiZDc3NzYwZmNjMDFhN2E0YmMyMGM3OGI3NzFlZWRmYjg5OWUiLCJfYXV0aF91c2VyX2JhY2tlbmQiOiJkamFuZ28uY29udHJpYi5hdXRoLmJhY2tlbmRzLk1vZGVsQmFja2VuZCIsIl9hdXRoX3VzZXJfaWQiOiIxMzYiLCJyb29tcyI6WzEzNjc5XX0=','2017-06-04 23:36:26.447173'),
	('chn8e3ea41ef762be6210fd3a83416db','NzEwNGUxY2FkOWY2NmNlMDAyYzc3MzdmNDk1NzRlNTVlNWU4Y2IwNjp7fQ==','2017-06-06 10:53:06.015192'),
	('chn8eb1369f8e95e21c476e869626e5e','YmEwZWE5MjNhNGQyMmI2N2MzOTAwMjdhYzc2MjZlYWZjNDFmNTk2ZTp7Il9hdXRoX3VzZXJfaGFzaCI6IjljMjRiZDc3NzYwZmNjMDFhN2E0YmMyMGM3OGI3NzFlZWRmYjg5OWUiLCJfYXV0aF91c2VyX2JhY2tlbmQiOiJkamFuZ28uY29udHJpYi5hdXRoLmJhY2tlbmRzLk1vZGVsQmFja2VuZCIsIl9hdXRoX3VzZXJfaWQiOiIxMzYiLCJyb29tcyI6WzEzNjc5XX0=','2017-06-04 23:58:33.892245'),
	('chn8f1f94866f64a0f3b7824d4713981','NTBlZTczNjMxMTQ1NzY4NmNmNTM2YTFlNGU4MWQxZjYzOWY1MTA0NDp7Il9hdXRoX3VzZXJfaGFzaCI6IjEyMmVhYzJhMWUwNmE3ZjZiNmJiMTM0NWZkOGYyZDk1NWYyMmQyZjQiLCJfYXV0aF91c2VyX2lkIjoiNzkiLCJfYXV0aF91c2VyX2JhY2tlbmQiOiJkamFuZ28uY29udHJpYi5hdXRoLmJhY2tlbmRzLk1vZGVsQmFja2VuZCIsInJvb21zIjpbXX0=','2017-06-02 13:40:51.928628'),
	('chn8f2c409d3154b6d2241a3ae232591','YTk3ZTQ0NzQ3NTY2YzI4MWJlMzJiMGFhMzdjNWYzOTI5MGYyMzg0Zjp7InJvb21zIjpbXX0=','2017-05-27 14:24:02.411478'),
	('chn8f70316a33aa39d37d4967223e87e','Zjg2YmY1OTI5ZjA3YTA2MzYwNjE0NzM1NDJiMDg4NzI1MWQ1ZWI4Yzp7Il9hdXRoX3VzZXJfaGFzaCI6IjljMjRiZDc3NzYwZmNjMDFhN2E0YmMyMGM3OGI3NzFlZWRmYjg5OWUiLCJfYXV0aF91c2VyX2JhY2tlbmQiOiJkamFuZ28uY29udHJpYi5hdXRoLmJhY2tlbmRzLk1vZGVsQmFja2VuZCIsIl9hdXRoX3VzZXJfaWQiOiIxMzYiLCJyb29tcyI6WzEzNjEyOV19','2017-06-04 16:11:57.831747'),
	('chn8fe2c0f41f14febb50e64f0ef8638','YmEwZWE5MjNhNGQyMmI2N2MzOTAwMjdhYzc2MjZlYWZjNDFmNTk2ZTp7Il9hdXRoX3VzZXJfaGFzaCI6IjljMjRiZDc3NzYwZmNjMDFhN2E0YmMyMGM3OGI3NzFlZWRmYjg5OWUiLCJfYXV0aF91c2VyX2JhY2tlbmQiOiJkamFuZ28uY29udHJpYi5hdXRoLmJhY2tlbmRzLk1vZGVsQmFja2VuZCIsIl9hdXRoX3VzZXJfaWQiOiIxMzYiLCJyb29tcyI6WzEzNjc5XX0=','2017-06-04 12:57:43.029590'),
	('chn900fbd6d14509e4f72d9e6e7d51d1','Yzg1NzcyZjFiNmRjMGEyZWQ3NDdlYWI0NDNhZWY3OTkyMTIyYTc4YTp7Il9hdXRoX3VzZXJfaGFzaCI6IjEyMmVhYzJhMWUwNmE3ZjZiNmJiMTM0NWZkOGYyZDk1NWYyMmQyZjQiLCJfYXV0aF91c2VyX2JhY2tlbmQiOiJkamFuZ28uY29udHJpYi5hdXRoLmJhY2tlbmRzLk1vZGVsQmFja2VuZCIsIl9hdXRoX3VzZXJfaWQiOiI3OSIsInJvb21zIjpbMTM2NzldfQ==','2017-06-04 15:34:08.229887'),
	('chn902d44135e53d283a8aa3ba7e6868','Yzg1NzcyZjFiNmRjMGEyZWQ3NDdlYWI0NDNhZWY3OTkyMTIyYTc4YTp7Il9hdXRoX3VzZXJfaGFzaCI6IjEyMmVhYzJhMWUwNmE3ZjZiNmJiMTM0NWZkOGYyZDk1NWYyMmQyZjQiLCJfYXV0aF91c2VyX2JhY2tlbmQiOiJkamFuZ28uY29udHJpYi5hdXRoLmJhY2tlbmRzLk1vZGVsQmFja2VuZCIsIl9hdXRoX3VzZXJfaWQiOiI3OSIsInJvb21zIjpbMTM2NzldfQ==','2017-06-04 12:46:34.759137'),
	('chn90d5defeb983703dd85195c4ec5dd','ODI2NWFhM2Q5OGI3YjllODJhZTM0ZTFkMWJjYTA5MGIyOTgzMmUwMTp7Il9hdXRoX3VzZXJfaGFzaCI6IjEyMmVhYzJhMWUwNmE3ZjZiNmJiMTM0NWZkOGYyZDk1NWYyMmQyZjQiLCJfYXV0aF91c2VyX2JhY2tlbmQiOiJkamFuZ28uY29udHJpYi5hdXRoLmJhY2tlbmRzLk1vZGVsQmFja2VuZCIsIl9hdXRoX3VzZXJfaWQiOiI3OSIsInJvb21zIjpbNzkxMzZdfQ==','2017-06-07 18:06:41.523191'),
	('chn90d91b6ab9921e7a06e721a750f26','ZmZmNDljZmY3NWM3NjVhODNjMTM3YmExYTkwZTcyZTkyZDU5OTIxNDp7Il9hdXRoX3VzZXJfaGFzaCI6IjEyMmVhYzJhMWUwNmE3ZjZiNmJiMTM0NWZkOGYyZDk1NWYyMmQyZjQiLCJfYXV0aF91c2VyX2JhY2tlbmQiOiJkamFuZ28uY29udHJpYi5hdXRoLmJhY2tlbmRzLk1vZGVsQmFja2VuZCIsIl9hdXRoX3VzZXJfaWQiOiI3OSIsInJvb21zIjpbNzk5MF19','2017-06-08 15:40:45.794826'),
	('chn90d969c886976ed5ee8296e85a89e','YzYxMWYyM2IwOGRlZTlkOWZlMTg5NGE0NzNhM2M3NmIzNWIyMThmYjp7Il9hdXRoX3VzZXJfaGFzaCI6IjBkOWVlNGEyNmRjNmNjOWNmNGM3NDg3ZTQ1NzczZTFiYmZlYWVkODMiLCJfYXV0aF91c2VyX2JhY2tlbmQiOiJkamFuZ28uY29udHJpYi5hdXRoLmJhY2tlbmRzLk1vZGVsQmFja2VuZCIsIl9hdXRoX3VzZXJfaWQiOiIxMjkiLCJyb29tcyI6WzFdfQ==','2017-06-04 16:15:04.131217'),
	('chn91b9aba70e7eae21f57770073887a','YmEwZWE5MjNhNGQyMmI2N2MzOTAwMjdhYzc2MjZlYWZjNDFmNTk2ZTp7Il9hdXRoX3VzZXJfaGFzaCI6IjljMjRiZDc3NzYwZmNjMDFhN2E0YmMyMGM3OGI3NzFlZWRmYjg5OWUiLCJfYXV0aF91c2VyX2JhY2tlbmQiOiJkamFuZ28uY29udHJpYi5hdXRoLmJhY2tlbmRzLk1vZGVsQmFja2VuZCIsIl9hdXRoX3VzZXJfaWQiOiIxMzYiLCJyb29tcyI6WzEzNjc5XX0=','2017-06-05 12:27:32.695649'),
	('chn91cd1707ed06e723be573d264174c','YmEwZWE5MjNhNGQyMmI2N2MzOTAwMjdhYzc2MjZlYWZjNDFmNTk2ZTp7Il9hdXRoX3VzZXJfaGFzaCI6IjljMjRiZDc3NzYwZmNjMDFhN2E0YmMyMGM3OGI3NzFlZWRmYjg5OWUiLCJfYXV0aF91c2VyX2JhY2tlbmQiOiJkamFuZ28uY29udHJpYi5hdXRoLmJhY2tlbmRzLk1vZGVsQmFja2VuZCIsIl9hdXRoX3VzZXJfaWQiOiIxMzYiLCJyb29tcyI6WzEzNjc5XX0=','2017-06-05 12:04:44.036052'),
	('chn9268c79f7d5c439947ef5b4741c7f','NzEwNGUxY2FkOWY2NmNlMDAyYzc3MzdmNDk1NzRlNTVlNWU4Y2IwNjp7fQ==','2017-06-06 14:00:00.088364'),
	('chn92d3e65450f2c27b948ff27b2e82e','ZmI0YzQwYzNiMmM1MDYwYjdiY2NiNjAyZWRlYzlhNTQ1NTc3NGRhZjp7Il9hdXRoX3VzZXJfaGFzaCI6IjEyMmVhYzJhMWUwNmE3ZjZiNmJiMTM0NWZkOGYyZDk1NWYyMmQyZjQiLCJfYXV0aF91c2VyX2JhY2tlbmQiOiJkamFuZ28uY29udHJpYi5hdXRoLmJhY2tlbmRzLk1vZGVsQmFja2VuZCIsIl9hdXRoX3VzZXJfaWQiOiI3OSIsInJvb21zIjpbNzk3OV19','2017-06-08 13:09:51.307340'),
	('chn92e23eb4e14ee979184bde80f6341','YmEwZWE5MjNhNGQyMmI2N2MzOTAwMjdhYzc2MjZlYWZjNDFmNTk2ZTp7Il9hdXRoX3VzZXJfaGFzaCI6IjljMjRiZDc3NzYwZmNjMDFhN2E0YmMyMGM3OGI3NzFlZWRmYjg5OWUiLCJfYXV0aF91c2VyX2JhY2tlbmQiOiJkamFuZ28uY29udHJpYi5hdXRoLmJhY2tlbmRzLk1vZGVsQmFja2VuZCIsIl9hdXRoX3VzZXJfaWQiOiIxMzYiLCJyb29tcyI6WzEzNjc5XX0=','2017-06-05 18:20:33.117321'),
	('chn93124818adbd74914fe8ef876253b','NTBlZTczNjMxMTQ1NzY4NmNmNTM2YTFlNGU4MWQxZjYzOWY1MTA0NDp7Il9hdXRoX3VzZXJfaGFzaCI6IjEyMmVhYzJhMWUwNmE3ZjZiNmJiMTM0NWZkOGYyZDk1NWYyMmQyZjQiLCJfYXV0aF91c2VyX2lkIjoiNzkiLCJfYXV0aF91c2VyX2JhY2tlbmQiOiJkamFuZ28uY29udHJpYi5hdXRoLmJhY2tlbmRzLk1vZGVsQmFja2VuZCIsInJvb21zIjpbXX0=','2017-06-02 22:37:46.415266'),
	('chn936b7376197c13fbe459664f8c497','YmEwZWE5MjNhNGQyMmI2N2MzOTAwMjdhYzc2MjZlYWZjNDFmNTk2ZTp7Il9hdXRoX3VzZXJfaGFzaCI6IjljMjRiZDc3NzYwZmNjMDFhN2E0YmMyMGM3OGI3NzFlZWRmYjg5OWUiLCJfYXV0aF91c2VyX2JhY2tlbmQiOiJkamFuZ28uY29udHJpYi5hdXRoLmJhY2tlbmRzLk1vZGVsQmFja2VuZCIsIl9hdXRoX3VzZXJfaWQiOiIxMzYiLCJyb29tcyI6WzEzNjc5XX0=','2017-06-04 23:57:59.297542'),
	('chn93830cf0c4775f9bc506268243133','ODI2NWFhM2Q5OGI3YjllODJhZTM0ZTFkMWJjYTA5MGIyOTgzMmUwMTp7Il9hdXRoX3VzZXJfaGFzaCI6IjEyMmVhYzJhMWUwNmE3ZjZiNmJiMTM0NWZkOGYyZDk1NWYyMmQyZjQiLCJfYXV0aF91c2VyX2JhY2tlbmQiOiJkamFuZ28uY29udHJpYi5hdXRoLmJhY2tlbmRzLk1vZGVsQmFja2VuZCIsIl9hdXRoX3VzZXJfaWQiOiI3OSIsInJvb21zIjpbNzkxMzZdfQ==','2017-06-07 18:17:23.589222'),
	('chn93eab14e102cc307c3cc2a9c78f38','NTBlZTczNjMxMTQ1NzY4NmNmNTM2YTFlNGU4MWQxZjYzOWY1MTA0NDp7Il9hdXRoX3VzZXJfaGFzaCI6IjEyMmVhYzJhMWUwNmE3ZjZiNmJiMTM0NWZkOGYyZDk1NWYyMmQyZjQiLCJfYXV0aF91c2VyX2lkIjoiNzkiLCJfYXV0aF91c2VyX2JhY2tlbmQiOiJkamFuZ28uY29udHJpYi5hdXRoLmJhY2tlbmRzLk1vZGVsQmFja2VuZCIsInJvb21zIjpbXX0=','2017-06-05 22:40:25.967841'),
	('chn9512fd9eb83d75e1f70b9f8e53bd1','ODdiYTU2MGI3Y2JjN2MyNzE0Mjk5OGM3M2M5MmFhYmM3ZDgzMWIxMjp7Il9hdXRoX3VzZXJfaGFzaCI6IjljMjRiZDc3NzYwZmNjMDFhN2E0YmMyMGM3OGI3NzFlZWRmYjg5OWUiLCJfYXV0aF91c2VyX2JhY2tlbmQiOiJkamFuZ28uY29udHJpYi5hdXRoLmJhY2tlbmRzLk1vZGVsQmFja2VuZCIsIl9hdXRoX3VzZXJfaWQiOiIxMzYiLCJyb29tcyI6Wzc5MTM2XX0=','2017-06-07 18:32:35.212389'),
	('chn954a7efc995b8d1e55cf3abd7d312','ZWQ1Nzc0YjUyMzA4NDQ2Njk5N2UzMjFhNWNiZmY3YjllYTNkOTAzODp7Il9hdXRoX3VzZXJfaGFzaCI6IjEyMmVhYzJhMWUwNmE3ZjZiNmJiMTM0NWZkOGYyZDk1NWYyMmQyZjQiLCJfYXV0aF91c2VyX2JhY2tlbmQiOiJkamFuZ28uY29udHJpYi5hdXRoLmJhY2tlbmRzLk1vZGVsQmFja2VuZCIsIl9hdXRoX3VzZXJfaWQiOiI3OSIsInJvb21zIjpbMTM2ODBdfQ==','2017-06-03 16:30:13.960139'),
	('chn9576cd7eae77bab2b428693c2ffb4','ODdiYTU2MGI3Y2JjN2MyNzE0Mjk5OGM3M2M5MmFhYmM3ZDgzMWIxMjp7Il9hdXRoX3VzZXJfaGFzaCI6IjljMjRiZDc3NzYwZmNjMDFhN2E0YmMyMGM3OGI3NzFlZWRmYjg5OWUiLCJfYXV0aF91c2VyX2JhY2tlbmQiOiJkamFuZ28uY29udHJpYi5hdXRoLmJhY2tlbmRzLk1vZGVsQmFja2VuZCIsIl9hdXRoX3VzZXJfaWQiOiIxMzYiLCJyb29tcyI6Wzc5MTM2XX0=','2017-06-07 18:00:15.978947'),
	('chn9636bd9a26c9ec07c99c15db9d6e8','ZjNiYmY3M2MzODMwMzczYWMxNWZlNGQ1ZDNiM2RhYWY1OGNiYTM0NTp7Il9hdXRoX3VzZXJfaGFzaCI6IjljMjRiZDc3NzYwZmNjMDFhN2E0YmMyMGM3OGI3NzFlZWRmYjg5OWUiLCJfYXV0aF91c2VyX2JhY2tlbmQiOiJkamFuZ28uY29udHJpYi5hdXRoLmJhY2tlbmRzLk1vZGVsQmFja2VuZCIsIl9hdXRoX3VzZXJfaWQiOiIxMzYiLCJyb29tcyI6WzFdfQ==','2017-06-05 12:21:48.225660'),
	('chn97b16339e3933c42ad405ed62c2d4','ZmZmNDljZmY3NWM3NjVhODNjMTM3YmExYTkwZTcyZTkyZDU5OTIxNDp7Il9hdXRoX3VzZXJfaGFzaCI6IjEyMmVhYzJhMWUwNmE3ZjZiNmJiMTM0NWZkOGYyZDk1NWYyMmQyZjQiLCJfYXV0aF91c2VyX2JhY2tlbmQiOiJkamFuZ28uY29udHJpYi5hdXRoLmJhY2tlbmRzLk1vZGVsQmFja2VuZCIsIl9hdXRoX3VzZXJfaWQiOiI3OSIsInJvb21zIjpbNzk5MF19','2017-06-08 13:15:17.839618'),
	('chn9803691e7db8cbb221113ac238868','YTk3ZTQ0NzQ3NTY2YzI4MWJlMzJiMGFhMzdjNWYzOTI5MGYyMzg0Zjp7InJvb21zIjpbXX0=','2017-05-27 14:30:10.556112'),
	('chn9817eb6e89f61ecdda55b10de3a12','ZmZmNDljZmY3NWM3NjVhODNjMTM3YmExYTkwZTcyZTkyZDU5OTIxNDp7Il9hdXRoX3VzZXJfaGFzaCI6IjEyMmVhYzJhMWUwNmE3ZjZiNmJiMTM0NWZkOGYyZDk1NWYyMmQyZjQiLCJfYXV0aF91c2VyX2JhY2tlbmQiOiJkamFuZ28uY29udHJpYi5hdXRoLmJhY2tlbmRzLk1vZGVsQmFja2VuZCIsIl9hdXRoX3VzZXJfaWQiOiI3OSIsInJvb21zIjpbNzk5MF19','2017-06-08 13:05:19.810975'),
	('chn9867d5fb9e25b3c74e6ec2f6815d1','YmEwZWE5MjNhNGQyMmI2N2MzOTAwMjdhYzc2MjZlYWZjNDFmNTk2ZTp7Il9hdXRoX3VzZXJfaGFzaCI6IjljMjRiZDc3NzYwZmNjMDFhN2E0YmMyMGM3OGI3NzFlZWRmYjg5OWUiLCJfYXV0aF91c2VyX2JhY2tlbmQiOiJkamFuZ28uY29udHJpYi5hdXRoLmJhY2tlbmRzLk1vZGVsQmFja2VuZCIsIl9hdXRoX3VzZXJfaWQiOiIxMzYiLCJyb29tcyI6WzEzNjc5XX0=','2017-06-04 23:59:27.638161'),
	('chn98999edb39227f81a2e33ef2c0643','NTBlZTczNjMxMTQ1NzY4NmNmNTM2YTFlNGU4MWQxZjYzOWY1MTA0NDp7Il9hdXRoX3VzZXJfaGFzaCI6IjEyMmVhYzJhMWUwNmE3ZjZiNmJiMTM0NWZkOGYyZDk1NWYyMmQyZjQiLCJfYXV0aF91c2VyX2lkIjoiNzkiLCJfYXV0aF91c2VyX2JhY2tlbmQiOiJkamFuZ28uY29udHJpYi5hdXRoLmJhY2tlbmRzLk1vZGVsQmFja2VuZCIsInJvb21zIjpbXX0=','2017-06-03 14:54:06.941052'),
	('chn98a2970224996281b8996e7afd089','Yzg1NzcyZjFiNmRjMGEyZWQ3NDdlYWI0NDNhZWY3OTkyMTIyYTc4YTp7Il9hdXRoX3VzZXJfaGFzaCI6IjEyMmVhYzJhMWUwNmE3ZjZiNmJiMTM0NWZkOGYyZDk1NWYyMmQyZjQiLCJfYXV0aF91c2VyX2JhY2tlbmQiOiJkamFuZ28uY29udHJpYi5hdXRoLmJhY2tlbmRzLk1vZGVsQmFja2VuZCIsIl9hdXRoX3VzZXJfaWQiOiI3OSIsInJvb21zIjpbMTM2NzldfQ==','2017-06-05 11:51:58.736095'),
	('chn98a2d8f7e84d82ebdecc82eec3c2b','YmEwZWE5MjNhNGQyMmI2N2MzOTAwMjdhYzc2MjZlYWZjNDFmNTk2ZTp7Il9hdXRoX3VzZXJfaGFzaCI6IjljMjRiZDc3NzYwZmNjMDFhN2E0YmMyMGM3OGI3NzFlZWRmYjg5OWUiLCJfYXV0aF91c2VyX2JhY2tlbmQiOiJkamFuZ28uY29udHJpYi5hdXRoLmJhY2tlbmRzLk1vZGVsQmFja2VuZCIsIl9hdXRoX3VzZXJfaWQiOiIxMzYiLCJyb29tcyI6WzEzNjc5XX0=','2017-06-05 11:41:58.451698'),
	('chn9917869a339d27eaa72b90151a1a9','YmEwZWE5MjNhNGQyMmI2N2MzOTAwMjdhYzc2MjZlYWZjNDFmNTk2ZTp7Il9hdXRoX3VzZXJfaGFzaCI6IjljMjRiZDc3NzYwZmNjMDFhN2E0YmMyMGM3OGI3NzFlZWRmYjg5OWUiLCJfYXV0aF91c2VyX2JhY2tlbmQiOiJkamFuZ28uY29udHJpYi5hdXRoLmJhY2tlbmRzLk1vZGVsQmFja2VuZCIsIl9hdXRoX3VzZXJfaWQiOiIxMzYiLCJyb29tcyI6WzEzNjc5XX0=','2017-06-04 23:52:07.852200'),
	('chn99322548563a3b10732c0745298e7','YTk3ZTQ0NzQ3NTY2YzI4MWJlMzJiMGFhMzdjNWYzOTI5MGYyMzg0Zjp7InJvb21zIjpbXX0=','2017-06-05 18:03:11.607368'),
	('chn99b1b7afd677ccdc76db19eee4605','ODI2NWFhM2Q5OGI3YjllODJhZTM0ZTFkMWJjYTA5MGIyOTgzMmUwMTp7Il9hdXRoX3VzZXJfaGFzaCI6IjEyMmVhYzJhMWUwNmE3ZjZiNmJiMTM0NWZkOGYyZDk1NWYyMmQyZjQiLCJfYXV0aF91c2VyX2JhY2tlbmQiOiJkamFuZ28uY29udHJpYi5hdXRoLmJhY2tlbmRzLk1vZGVsQmFja2VuZCIsIl9hdXRoX3VzZXJfaWQiOiI3OSIsInJvb21zIjpbNzkxMzZdfQ==','2017-06-08 13:27:51.468378'),
	('chn99c39a606942bb64ee474007a159e','YmEwZWE5MjNhNGQyMmI2N2MzOTAwMjdhYzc2MjZlYWZjNDFmNTk2ZTp7Il9hdXRoX3VzZXJfaGFzaCI6IjljMjRiZDc3NzYwZmNjMDFhN2E0YmMyMGM3OGI3NzFlZWRmYjg5OWUiLCJfYXV0aF91c2VyX2JhY2tlbmQiOiJkamFuZ28uY29udHJpYi5hdXRoLmJhY2tlbmRzLk1vZGVsQmFja2VuZCIsIl9hdXRoX3VzZXJfaWQiOiIxMzYiLCJyb29tcyI6WzEzNjc5XX0=','2017-06-04 23:56:21.576330'),
	('chn99d2dfe7827e8ff41cec12b8440ce','ZjNiYmY3M2MzODMwMzczYWMxNWZlNGQ1ZDNiM2RhYWY1OGNiYTM0NTp7Il9hdXRoX3VzZXJfaGFzaCI6IjljMjRiZDc3NzYwZmNjMDFhN2E0YmMyMGM3OGI3NzFlZWRmYjg5OWUiLCJfYXV0aF91c2VyX2JhY2tlbmQiOiJkamFuZ28uY29udHJpYi5hdXRoLmJhY2tlbmRzLk1vZGVsQmFja2VuZCIsIl9hdXRoX3VzZXJfaWQiOiIxMzYiLCJyb29tcyI6WzFdfQ==','2017-06-05 12:38:32.407059'),
	('chn9a492dacbbf0337723d4d7447355f','YmEwZWE5MjNhNGQyMmI2N2MzOTAwMjdhYzc2MjZlYWZjNDFmNTk2ZTp7Il9hdXRoX3VzZXJfaGFzaCI6IjljMjRiZDc3NzYwZmNjMDFhN2E0YmMyMGM3OGI3NzFlZWRmYjg5OWUiLCJfYXV0aF91c2VyX2JhY2tlbmQiOiJkamFuZ28uY29udHJpYi5hdXRoLmJhY2tlbmRzLk1vZGVsQmFja2VuZCIsIl9hdXRoX3VzZXJfaWQiOiIxMzYiLCJyb29tcyI6WzEzNjc5XX0=','2017-06-05 11:10:15.955438'),
	('chn9aee4e9d5268daf4941dbd418ae76','ZWQ1Nzc0YjUyMzA4NDQ2Njk5N2UzMjFhNWNiZmY3YjllYTNkOTAzODp7Il9hdXRoX3VzZXJfaGFzaCI6IjEyMmVhYzJhMWUwNmE3ZjZiNmJiMTM0NWZkOGYyZDk1NWYyMmQyZjQiLCJfYXV0aF91c2VyX2JhY2tlbmQiOiJkamFuZ28uY29udHJpYi5hdXRoLmJhY2tlbmRzLk1vZGVsQmFja2VuZCIsIl9hdXRoX3VzZXJfaWQiOiI3OSIsInJvb21zIjpbMTM2ODBdfQ==','2017-06-02 10:17:49.743327'),
	('chn9b3f914d6af1937ca67f081555f94','ZWQ1Nzc0YjUyMzA4NDQ2Njk5N2UzMjFhNWNiZmY3YjllYTNkOTAzODp7Il9hdXRoX3VzZXJfaGFzaCI6IjEyMmVhYzJhMWUwNmE3ZjZiNmJiMTM0NWZkOGYyZDk1NWYyMmQyZjQiLCJfYXV0aF91c2VyX2JhY2tlbmQiOiJkamFuZ28uY29udHJpYi5hdXRoLmJhY2tlbmRzLk1vZGVsQmFja2VuZCIsIl9hdXRoX3VzZXJfaWQiOiI3OSIsInJvb21zIjpbMTM2ODBdfQ==','2017-06-02 15:04:05.858276'),
	('chn9bcda7fc0bf03210d88b6ef2f727a','YmEwZWE5MjNhNGQyMmI2N2MzOTAwMjdhYzc2MjZlYWZjNDFmNTk2ZTp7Il9hdXRoX3VzZXJfaGFzaCI6IjljMjRiZDc3NzYwZmNjMDFhN2E0YmMyMGM3OGI3NzFlZWRmYjg5OWUiLCJfYXV0aF91c2VyX2JhY2tlbmQiOiJkamFuZ28uY29udHJpYi5hdXRoLmJhY2tlbmRzLk1vZGVsQmFja2VuZCIsIl9hdXRoX3VzZXJfaWQiOiIxMzYiLCJyb29tcyI6WzEzNjc5XX0=','2017-06-05 11:01:26.345305'),
	('chn9c0d648ef4dae82610bf1b41b04e8','NzEwNGUxY2FkOWY2NmNlMDAyYzc3MzdmNDk1NzRlNTVlNWU4Y2IwNjp7fQ==','2017-06-06 15:05:01.036003'),
	('chn9c54a76409235904b31c412fa7c40','ZWQ1Nzc0YjUyMzA4NDQ2Njk5N2UzMjFhNWNiZmY3YjllYTNkOTAzODp7Il9hdXRoX3VzZXJfaGFzaCI6IjEyMmVhYzJhMWUwNmE3ZjZiNmJiMTM0NWZkOGYyZDk1NWYyMmQyZjQiLCJfYXV0aF91c2VyX2JhY2tlbmQiOiJkamFuZ28uY29udHJpYi5hdXRoLmJhY2tlbmRzLk1vZGVsQmFja2VuZCIsIl9hdXRoX3VzZXJfaWQiOiI3OSIsInJvb21zIjpbMTM2ODBdfQ==','2017-06-02 15:01:19.118919'),
	('chn9c707ca972109268f011216b857a5','MWE0Y2E0NGFmMGM2YTBkNjJlY2ZmNGY0MzY5MzJlOGI3ZWE2NDc5YTp7Il9hdXRoX3VzZXJfaGFzaCI6IjEyMmVhYzJhMWUwNmE3ZjZiNmJiMTM0NWZkOGYyZDk1NWYyMmQyZjQiLCJfYXV0aF91c2VyX2JhY2tlbmQiOiJkamFuZ28uY29udHJpYi5hdXRoLmJhY2tlbmRzLk1vZGVsQmFja2VuZCIsIl9hdXRoX3VzZXJfaWQiOiI3OSIsInJvb21zIjpbNzk4M119','2017-06-08 12:57:11.079442'),
	('chn9cb5bfdb59f430b320436766d92d2','NGZjNWZhM2ZkNDc0MjVjMTlmYjk3NWM3NjUyMWQzYWI0OWQxYmY1ZDp7Il9hdXRoX3VzZXJfaGFzaCI6ImJjZjM0ZTRiYjkwZWEwNjg2ZjcxN2RiMTZjZTljYmUyZWQ4YzM3MWQiLCJfYXV0aF91c2VyX2JhY2tlbmQiOiJkamFuZ28uY29udHJpYi5hdXRoLmJhY2tlbmRzLk1vZGVsQmFja2VuZCIsIl9hdXRoX3VzZXJfaWQiOiI4MCIsInJvb21zIjpbNzk4MF19','2017-05-31 08:44:46.776781'),
	('chn9d1b8d17512342455f4ed8b86219c','NTBlZTczNjMxMTQ1NzY4NmNmNTM2YTFlNGU4MWQxZjYzOWY1MTA0NDp7Il9hdXRoX3VzZXJfaGFzaCI6IjEyMmVhYzJhMWUwNmE3ZjZiNmJiMTM0NWZkOGYyZDk1NWYyMmQyZjQiLCJfYXV0aF91c2VyX2lkIjoiNzkiLCJfYXV0aF91c2VyX2JhY2tlbmQiOiJkamFuZ28uY29udHJpYi5hdXRoLmJhY2tlbmRzLk1vZGVsQmFja2VuZCIsInJvb21zIjpbXX0=','2017-06-02 13:52:32.363197'),
	('chn9e2ebc150d5d8070f1a3251cac97d','YmEwZWE5MjNhNGQyMmI2N2MzOTAwMjdhYzc2MjZlYWZjNDFmNTk2ZTp7Il9hdXRoX3VzZXJfaGFzaCI6IjljMjRiZDc3NzYwZmNjMDFhN2E0YmMyMGM3OGI3NzFlZWRmYjg5OWUiLCJfYXV0aF91c2VyX2JhY2tlbmQiOiJkamFuZ28uY29udHJpYi5hdXRoLmJhY2tlbmRzLk1vZGVsQmFja2VuZCIsIl9hdXRoX3VzZXJfaWQiOiIxMzYiLCJyb29tcyI6WzEzNjc5XX0=','2017-06-05 11:49:02.118052'),
	('chn9f7662291692844ccdec9600ae767','YmEwZWE5MjNhNGQyMmI2N2MzOTAwMjdhYzc2MjZlYWZjNDFmNTk2ZTp7Il9hdXRoX3VzZXJfaGFzaCI6IjljMjRiZDc3NzYwZmNjMDFhN2E0YmMyMGM3OGI3NzFlZWRmYjg5OWUiLCJfYXV0aF91c2VyX2JhY2tlbmQiOiJkamFuZ28uY29udHJpYi5hdXRoLmJhY2tlbmRzLk1vZGVsQmFja2VuZCIsIl9hdXRoX3VzZXJfaWQiOiIxMzYiLCJyb29tcyI6WzEzNjc5XX0=','2017-06-04 12:33:31.305107'),
	('chn9f96a7d06a96cdc3930ab027415ba','ZWQ1Nzc0YjUyMzA4NDQ2Njk5N2UzMjFhNWNiZmY3YjllYTNkOTAzODp7Il9hdXRoX3VzZXJfaGFzaCI6IjEyMmVhYzJhMWUwNmE3ZjZiNmJiMTM0NWZkOGYyZDk1NWYyMmQyZjQiLCJfYXV0aF91c2VyX2JhY2tlbmQiOiJkamFuZ28uY29udHJpYi5hdXRoLmJhY2tlbmRzLk1vZGVsQmFja2VuZCIsIl9hdXRoX3VzZXJfaWQiOiI3OSIsInJvb21zIjpbMTM2ODBdfQ==','2017-06-03 16:26:34.454339'),
	('chn9fbea629a5f3081edc3fe15421711','ODdiYTU2MGI3Y2JjN2MyNzE0Mjk5OGM3M2M5MmFhYmM3ZDgzMWIxMjp7Il9hdXRoX3VzZXJfaGFzaCI6IjljMjRiZDc3NzYwZmNjMDFhN2E0YmMyMGM3OGI3NzFlZWRmYjg5OWUiLCJfYXV0aF91c2VyX2JhY2tlbmQiOiJkamFuZ28uY29udHJpYi5hdXRoLmJhY2tlbmRzLk1vZGVsQmFja2VuZCIsIl9hdXRoX3VzZXJfaWQiOiIxMzYiLCJyb29tcyI6Wzc5MTM2XX0=','2017-06-07 18:29:48.292046'),
	('chn9ff03b370c4a2429d44c830aca230','ZjNiYmY3M2MzODMwMzczYWMxNWZlNGQ1ZDNiM2RhYWY1OGNiYTM0NTp7Il9hdXRoX3VzZXJfaGFzaCI6IjljMjRiZDc3NzYwZmNjMDFhN2E0YmMyMGM3OGI3NzFlZWRmYjg5OWUiLCJfYXV0aF91c2VyX2JhY2tlbmQiOiJkamFuZ28uY29udHJpYi5hdXRoLmJhY2tlbmRzLk1vZGVsQmFja2VuZCIsIl9hdXRoX3VzZXJfaWQiOiIxMzYiLCJyb29tcyI6WzFdfQ==','2017-06-05 12:38:35.844075'),
	('chna0f649eb633f1168c3fc4a4da38e2','ODI2NWFhM2Q5OGI3YjllODJhZTM0ZTFkMWJjYTA5MGIyOTgzMmUwMTp7Il9hdXRoX3VzZXJfaGFzaCI6IjEyMmVhYzJhMWUwNmE3ZjZiNmJiMTM0NWZkOGYyZDk1NWYyMmQyZjQiLCJfYXV0aF91c2VyX2JhY2tlbmQiOiJkamFuZ28uY29udHJpYi5hdXRoLmJhY2tlbmRzLk1vZGVsQmFja2VuZCIsIl9hdXRoX3VzZXJfaWQiOiI3OSIsInJvb21zIjpbNzkxMzZdfQ==','2017-06-07 18:59:38.505582'),
	('chna1030cf3a3ab402cbd41d0cb81274','Zjg2YmY1OTI5ZjA3YTA2MzYwNjE0NzM1NDJiMDg4NzI1MWQ1ZWI4Yzp7Il9hdXRoX3VzZXJfaGFzaCI6IjljMjRiZDc3NzYwZmNjMDFhN2E0YmMyMGM3OGI3NzFlZWRmYjg5OWUiLCJfYXV0aF91c2VyX2JhY2tlbmQiOiJkamFuZ28uY29udHJpYi5hdXRoLmJhY2tlbmRzLk1vZGVsQmFja2VuZCIsIl9hdXRoX3VzZXJfaWQiOiIxMzYiLCJyb29tcyI6WzEzNjEyOV19','2017-06-04 16:05:55.059545'),
	('chna17b8febb6a7182738c911e581584','Yzg1NzcyZjFiNmRjMGEyZWQ3NDdlYWI0NDNhZWY3OTkyMTIyYTc4YTp7Il9hdXRoX3VzZXJfaGFzaCI6IjEyMmVhYzJhMWUwNmE3ZjZiNmJiMTM0NWZkOGYyZDk1NWYyMmQyZjQiLCJfYXV0aF91c2VyX2JhY2tlbmQiOiJkamFuZ28uY29udHJpYi5hdXRoLmJhY2tlbmRzLk1vZGVsQmFja2VuZCIsIl9hdXRoX3VzZXJfaWQiOiI3OSIsInJvb21zIjpbMTM2NzldfQ==','2017-06-05 11:59:02.995125'),
	('chna20493e88a1c913e16593545dfc48','ZmI0YzQwYzNiMmM1MDYwYjdiY2NiNjAyZWRlYzlhNTQ1NTc3NGRhZjp7Il9hdXRoX3VzZXJfaGFzaCI6IjEyMmVhYzJhMWUwNmE3ZjZiNmJiMTM0NWZkOGYyZDk1NWYyMmQyZjQiLCJfYXV0aF91c2VyX2JhY2tlbmQiOiJkamFuZ28uY29udHJpYi5hdXRoLmJhY2tlbmRzLk1vZGVsQmFja2VuZCIsIl9hdXRoX3VzZXJfaWQiOiI3OSIsInJvb21zIjpbNzk3OV19','2017-06-08 22:36:00.702326'),
	('chna21ddc3a8730f9d4c4246afc2b599','ODdiYTU2MGI3Y2JjN2MyNzE0Mjk5OGM3M2M5MmFhYmM3ZDgzMWIxMjp7Il9hdXRoX3VzZXJfaGFzaCI6IjljMjRiZDc3NzYwZmNjMDFhN2E0YmMyMGM3OGI3NzFlZWRmYjg5OWUiLCJfYXV0aF91c2VyX2JhY2tlbmQiOiJkamFuZ28uY29udHJpYi5hdXRoLmJhY2tlbmRzLk1vZGVsQmFja2VuZCIsIl9hdXRoX3VzZXJfaWQiOiIxMzYiLCJyb29tcyI6Wzc5MTM2XX0=','2017-06-07 18:29:31.284254'),
	('chna236a7a1e320cf4b8f8d03201ec00','YmEwZWE5MjNhNGQyMmI2N2MzOTAwMjdhYzc2MjZlYWZjNDFmNTk2ZTp7Il9hdXRoX3VzZXJfaGFzaCI6IjljMjRiZDc3NzYwZmNjMDFhN2E0YmMyMGM3OGI3NzFlZWRmYjg5OWUiLCJfYXV0aF91c2VyX2JhY2tlbmQiOiJkamFuZ28uY29udHJpYi5hdXRoLmJhY2tlbmRzLk1vZGVsQmFja2VuZCIsIl9hdXRoX3VzZXJfaWQiOiIxMzYiLCJyb29tcyI6WzEzNjc5XX0=','2017-06-05 12:37:01.827567'),
	('chna30df99474730c1ffdfd1e3a39d58','ODdiYTU2MGI3Y2JjN2MyNzE0Mjk5OGM3M2M5MmFhYmM3ZDgzMWIxMjp7Il9hdXRoX3VzZXJfaGFzaCI6IjljMjRiZDc3NzYwZmNjMDFhN2E0YmMyMGM3OGI3NzFlZWRmYjg5OWUiLCJfYXV0aF91c2VyX2JhY2tlbmQiOiJkamFuZ28uY29udHJpYi5hdXRoLmJhY2tlbmRzLk1vZGVsQmFja2VuZCIsIl9hdXRoX3VzZXJfaWQiOiIxMzYiLCJyb29tcyI6Wzc5MTM2XX0=','2017-06-07 18:45:01.701779'),
	('chna32716cfb0f2031c4d1604a69cb85','YmEwZWE5MjNhNGQyMmI2N2MzOTAwMjdhYzc2MjZlYWZjNDFmNTk2ZTp7Il9hdXRoX3VzZXJfaGFzaCI6IjljMjRiZDc3NzYwZmNjMDFhN2E0YmMyMGM3OGI3NzFlZWRmYjg5OWUiLCJfYXV0aF91c2VyX2JhY2tlbmQiOiJkamFuZ28uY29udHJpYi5hdXRoLmJhY2tlbmRzLk1vZGVsQmFja2VuZCIsIl9hdXRoX3VzZXJfaWQiOiIxMzYiLCJyb29tcyI6WzEzNjc5XX0=','2017-06-04 23:49:28.207458'),
	('chna371d94105bb58b851d6002bd1ba0','ODI2NWFhM2Q5OGI3YjllODJhZTM0ZTFkMWJjYTA5MGIyOTgzMmUwMTp7Il9hdXRoX3VzZXJfaGFzaCI6IjEyMmVhYzJhMWUwNmE3ZjZiNmJiMTM0NWZkOGYyZDk1NWYyMmQyZjQiLCJfYXV0aF91c2VyX2JhY2tlbmQiOiJkamFuZ28uY29udHJpYi5hdXRoLmJhY2tlbmRzLk1vZGVsQmFja2VuZCIsIl9hdXRoX3VzZXJfaWQiOiI3OSIsInJvb21zIjpbNzkxMzZdfQ==','2017-06-07 18:34:17.593217'),
	('chna381e7eaa3832930f0eb422d06fff','NzEwNGUxY2FkOWY2NmNlMDAyYzc3MzdmNDk1NzRlNTVlNWU4Y2IwNjp7fQ==','2017-06-06 15:05:54.907212'),
	('chna3b601885573dcffe955e3d8c671d','NTBlZTczNjMxMTQ1NzY4NmNmNTM2YTFlNGU4MWQxZjYzOWY1MTA0NDp7Il9hdXRoX3VzZXJfaGFzaCI6IjEyMmVhYzJhMWUwNmE3ZjZiNmJiMTM0NWZkOGYyZDk1NWYyMmQyZjQiLCJfYXV0aF91c2VyX2lkIjoiNzkiLCJfYXV0aF91c2VyX2JhY2tlbmQiOiJkamFuZ28uY29udHJpYi5hdXRoLmJhY2tlbmRzLk1vZGVsQmFja2VuZCIsInJvb21zIjpbXX0=','2017-06-06 10:41:43.021043'),
	('chna3bfc65272dbbb387046929613431','NTBlZTczNjMxMTQ1NzY4NmNmNTM2YTFlNGU4MWQxZjYzOWY1MTA0NDp7Il9hdXRoX3VzZXJfaGFzaCI6IjEyMmVhYzJhMWUwNmE3ZjZiNmJiMTM0NWZkOGYyZDk1NWYyMmQyZjQiLCJfYXV0aF91c2VyX2lkIjoiNzkiLCJfYXV0aF91c2VyX2JhY2tlbmQiOiJkamFuZ28uY29udHJpYi5hdXRoLmJhY2tlbmRzLk1vZGVsQmFja2VuZCIsInJvb21zIjpbXX0=','2017-06-02 14:09:01.731002'),
	('chna432acb3d9957a90bbe5d9e238b8c','Yzg1NzcyZjFiNmRjMGEyZWQ3NDdlYWI0NDNhZWY3OTkyMTIyYTc4YTp7Il9hdXRoX3VzZXJfaGFzaCI6IjEyMmVhYzJhMWUwNmE3ZjZiNmJiMTM0NWZkOGYyZDk1NWYyMmQyZjQiLCJfYXV0aF91c2VyX2JhY2tlbmQiOiJkamFuZ28uY29udHJpYi5hdXRoLmJhY2tlbmRzLk1vZGVsQmFja2VuZCIsIl9hdXRoX3VzZXJfaWQiOiI3OSIsInJvb21zIjpbMTM2NzldfQ==','2017-06-05 11:55:50.643590'),
	('chna48123d1ffbc5e381f13e556110fb','ZmI0YzQwYzNiMmM1MDYwYjdiY2NiNjAyZWRlYzlhNTQ1NTc3NGRhZjp7Il9hdXRoX3VzZXJfaGFzaCI6IjEyMmVhYzJhMWUwNmE3ZjZiNmJiMTM0NWZkOGYyZDk1NWYyMmQyZjQiLCJfYXV0aF91c2VyX2JhY2tlbmQiOiJkamFuZ28uY29udHJpYi5hdXRoLmJhY2tlbmRzLk1vZGVsQmFja2VuZCIsIl9hdXRoX3VzZXJfaWQiOiI3OSIsInJvb21zIjpbNzk3OV19','2017-06-08 14:02:26.165309'),
	('chna489306419edb4bbe0b4468980bb9','ZWQ1Nzc0YjUyMzA4NDQ2Njk5N2UzMjFhNWNiZmY3YjllYTNkOTAzODp7Il9hdXRoX3VzZXJfaGFzaCI6IjEyMmVhYzJhMWUwNmE3ZjZiNmJiMTM0NWZkOGYyZDk1NWYyMmQyZjQiLCJfYXV0aF91c2VyX2JhY2tlbmQiOiJkamFuZ28uY29udHJpYi5hdXRoLmJhY2tlbmRzLk1vZGVsQmFja2VuZCIsIl9hdXRoX3VzZXJfaWQiOiI3OSIsInJvb21zIjpbMTM2ODBdfQ==','2017-06-02 15:03:28.242199'),
	('chna48eaad01fca51cc3f10cd8c1a00a','NzEwNGUxY2FkOWY2NmNlMDAyYzc3MzdmNDk1NzRlNTVlNWU4Y2IwNjp7fQ==','2017-06-06 13:55:41.013876'),
	('chna4e7341c9ea097f9b1508d5696574','YmEwZWE5MjNhNGQyMmI2N2MzOTAwMjdhYzc2MjZlYWZjNDFmNTk2ZTp7Il9hdXRoX3VzZXJfaGFzaCI6IjljMjRiZDc3NzYwZmNjMDFhN2E0YmMyMGM3OGI3NzFlZWRmYjg5OWUiLCJfYXV0aF91c2VyX2JhY2tlbmQiOiJkamFuZ28uY29udHJpYi5hdXRoLmJhY2tlbmRzLk1vZGVsQmFja2VuZCIsIl9hdXRoX3VzZXJfaWQiOiIxMzYiLCJyb29tcyI6WzEzNjc5XX0=','2017-06-04 23:49:36.588666'),
	('chna58e5c8fe93df3bc1eee50f77533c','YmEwZWE5MjNhNGQyMmI2N2MzOTAwMjdhYzc2MjZlYWZjNDFmNTk2ZTp7Il9hdXRoX3VzZXJfaGFzaCI6IjljMjRiZDc3NzYwZmNjMDFhN2E0YmMyMGM3OGI3NzFlZWRmYjg5OWUiLCJfYXV0aF91c2VyX2JhY2tlbmQiOiJkamFuZ28uY29udHJpYi5hdXRoLmJhY2tlbmRzLk1vZGVsQmFja2VuZCIsIl9hdXRoX3VzZXJfaWQiOiIxMzYiLCJyb29tcyI6WzEzNjc5XX0=','2017-06-05 11:01:22.901508'),
	('chna5b2223520276916e65923e17a9e8','NzEwNGUxY2FkOWY2NmNlMDAyYzc3MzdmNDk1NzRlNTVlNWU4Y2IwNjp7fQ==','2017-06-05 23:05:32.015143'),
	('chna5c266c303c00be4af0738e554a3c','MWE0Y2E0NGFmMGM2YTBkNjJlY2ZmNGY0MzY5MzJlOGI3ZWE2NDc5YTp7Il9hdXRoX3VzZXJfaGFzaCI6IjEyMmVhYzJhMWUwNmE3ZjZiNmJiMTM0NWZkOGYyZDk1NWYyMmQyZjQiLCJfYXV0aF91c2VyX2JhY2tlbmQiOiJkamFuZ28uY29udHJpYi5hdXRoLmJhY2tlbmRzLk1vZGVsQmFja2VuZCIsIl9hdXRoX3VzZXJfaWQiOiI3OSIsInJvb21zIjpbNzk4M119','2017-06-07 19:08:55.339920'),
	('chna6b62b8b819f8301431a4d578f457','NTBlZTczNjMxMTQ1NzY4NmNmNTM2YTFlNGU4MWQxZjYzOWY1MTA0NDp7Il9hdXRoX3VzZXJfaGFzaCI6IjEyMmVhYzJhMWUwNmE3ZjZiNmJiMTM0NWZkOGYyZDk1NWYyMmQyZjQiLCJfYXV0aF91c2VyX2lkIjoiNzkiLCJfYXV0aF91c2VyX2JhY2tlbmQiOiJkamFuZ28uY29udHJpYi5hdXRoLmJhY2tlbmRzLk1vZGVsQmFja2VuZCIsInJvb21zIjpbXX0=','2017-06-03 14:57:50.875826'),
	('chna6eed61c8af54f9ed0e778944c3c8','YmEwZWE5MjNhNGQyMmI2N2MzOTAwMjdhYzc2MjZlYWZjNDFmNTk2ZTp7Il9hdXRoX3VzZXJfaGFzaCI6IjljMjRiZDc3NzYwZmNjMDFhN2E0YmMyMGM3OGI3NzFlZWRmYjg5OWUiLCJfYXV0aF91c2VyX2JhY2tlbmQiOiJkamFuZ28uY29udHJpYi5hdXRoLmJhY2tlbmRzLk1vZGVsQmFja2VuZCIsIl9hdXRoX3VzZXJfaWQiOiIxMzYiLCJyb29tcyI6WzEzNjc5XX0=','2017-06-04 15:28:59.717298'),
	('chna7214ccafd1b0922fd1f3ca2dc9bc','ODdiYTU2MGI3Y2JjN2MyNzE0Mjk5OGM3M2M5MmFhYmM3ZDgzMWIxMjp7Il9hdXRoX3VzZXJfaGFzaCI6IjljMjRiZDc3NzYwZmNjMDFhN2E0YmMyMGM3OGI3NzFlZWRmYjg5OWUiLCJfYXV0aF91c2VyX2JhY2tlbmQiOiJkamFuZ28uY29udHJpYi5hdXRoLmJhY2tlbmRzLk1vZGVsQmFja2VuZCIsIl9hdXRoX3VzZXJfaWQiOiIxMzYiLCJyb29tcyI6Wzc5MTM2XX0=','2017-06-07 18:17:08.732399'),
	('chna85467bcf8dd6c2751106a5994792','ODI2NWFhM2Q5OGI3YjllODJhZTM0ZTFkMWJjYTA5MGIyOTgzMmUwMTp7Il9hdXRoX3VzZXJfaGFzaCI6IjEyMmVhYzJhMWUwNmE3ZjZiNmJiMTM0NWZkOGYyZDk1NWYyMmQyZjQiLCJfYXV0aF91c2VyX2JhY2tlbmQiOiJkamFuZ28uY29udHJpYi5hdXRoLmJhY2tlbmRzLk1vZGVsQmFja2VuZCIsIl9hdXRoX3VzZXJfaWQiOiI3OSIsInJvb21zIjpbNzkxMzZdfQ==','2017-06-07 18:05:31.522729'),
	('chna85d6d1425bfb556108fe84655557','ODdiYTU2MGI3Y2JjN2MyNzE0Mjk5OGM3M2M5MmFhYmM3ZDgzMWIxMjp7Il9hdXRoX3VzZXJfaGFzaCI6IjljMjRiZDc3NzYwZmNjMDFhN2E0YmMyMGM3OGI3NzFlZWRmYjg5OWUiLCJfYXV0aF91c2VyX2JhY2tlbmQiOiJkamFuZ28uY29udHJpYi5hdXRoLmJhY2tlbmRzLk1vZGVsQmFja2VuZCIsIl9hdXRoX3VzZXJfaWQiOiIxMzYiLCJyb29tcyI6Wzc5MTM2XX0=','2017-06-07 18:34:13.566499'),
	('chna872c10f7f9c33f36e74d43666c91','Yzg1NzcyZjFiNmRjMGEyZWQ3NDdlYWI0NDNhZWY3OTkyMTIyYTc4YTp7Il9hdXRoX3VzZXJfaGFzaCI6IjEyMmVhYzJhMWUwNmE3ZjZiNmJiMTM0NWZkOGYyZDk1NWYyMmQyZjQiLCJfYXV0aF91c2VyX2JhY2tlbmQiOiJkamFuZ28uY29udHJpYi5hdXRoLmJhY2tlbmRzLk1vZGVsQmFja2VuZCIsIl9hdXRoX3VzZXJfaWQiOiI3OSIsInJvb21zIjpbMTM2NzldfQ==','2017-06-05 11:52:09.554107'),
	('chna8a4d9460650d6419de10d14e20a0','NTBlZTczNjMxMTQ1NzY4NmNmNTM2YTFlNGU4MWQxZjYzOWY1MTA0NDp7Il9hdXRoX3VzZXJfaGFzaCI6IjEyMmVhYzJhMWUwNmE3ZjZiNmJiMTM0NWZkOGYyZDk1NWYyMmQyZjQiLCJfYXV0aF91c2VyX2lkIjoiNzkiLCJfYXV0aF91c2VyX2JhY2tlbmQiOiJkamFuZ28uY29udHJpYi5hdXRoLmJhY2tlbmRzLk1vZGVsQmFja2VuZCIsInJvb21zIjpbXX0=','2017-06-06 10:41:43.020526'),
	('chna941b5b682cfa2bf67f95c161482a','Yzg1NzcyZjFiNmRjMGEyZWQ3NDdlYWI0NDNhZWY3OTkyMTIyYTc4YTp7Il9hdXRoX3VzZXJfaGFzaCI6IjEyMmVhYzJhMWUwNmE3ZjZiNmJiMTM0NWZkOGYyZDk1NWYyMmQyZjQiLCJfYXV0aF91c2VyX2JhY2tlbmQiOiJkamFuZ28uY29udHJpYi5hdXRoLmJhY2tlbmRzLk1vZGVsQmFja2VuZCIsIl9hdXRoX3VzZXJfaWQiOiI3OSIsInJvb21zIjpbMTM2NzldfQ==','2017-06-04 12:48:04.421567'),
	('chna94d48cde496ae4ff329136216708','MWE0Y2E0NGFmMGM2YTBkNjJlY2ZmNGY0MzY5MzJlOGI3ZWE2NDc5YTp7Il9hdXRoX3VzZXJfaGFzaCI6IjEyMmVhYzJhMWUwNmE3ZjZiNmJiMTM0NWZkOGYyZDk1NWYyMmQyZjQiLCJfYXV0aF91c2VyX2JhY2tlbmQiOiJkamFuZ28uY29udHJpYi5hdXRoLmJhY2tlbmRzLk1vZGVsQmFja2VuZCIsIl9hdXRoX3VzZXJfaWQiOiI3OSIsInJvb21zIjpbNzk4M119','2017-06-08 12:57:02.680661'),
	('chna9ae25401291ede42bf4a7d75e41d','ZWQ1Nzc0YjUyMzA4NDQ2Njk5N2UzMjFhNWNiZmY3YjllYTNkOTAzODp7Il9hdXRoX3VzZXJfaGFzaCI6IjEyMmVhYzJhMWUwNmE3ZjZiNmJiMTM0NWZkOGYyZDk1NWYyMmQyZjQiLCJfYXV0aF91c2VyX2JhY2tlbmQiOiJkamFuZ28uY29udHJpYi5hdXRoLmJhY2tlbmRzLk1vZGVsQmFja2VuZCIsIl9hdXRoX3VzZXJfaWQiOiI3OSIsInJvb21zIjpbMTM2ODBdfQ==','2017-06-02 15:07:17.638378'),
	('chna9cc89f5f0a9f6d84b489f512cb72','ZjY2OGY3MDdmNTI4ODk5Nzg5Y2VkNjhkOWM4ODJlMmVhZjUzMDk3Mzp7Il9hdXRoX3VzZXJfaGFzaCI6IjJhNDUyZDYwZDRjMGFkMzg2YjFiNjczYmQ5YTNiNzYzMDY0NWJkNGQiLCJfYXV0aF91c2VyX2lkIjoiMSIsIl9hdXRoX3VzZXJfYmFja2VuZCI6ImRqYW5nby5jb250cmliLmF1dGguYmFja2VuZHMuTW9kZWxCYWNrZW5kIiwicm9vbXMiOltdfQ==','2017-05-27 16:24:12.882014'),
	('chnaa046d88fd6c8d8adea179946e230','ZWQ1Nzc0YjUyMzA4NDQ2Njk5N2UzMjFhNWNiZmY3YjllYTNkOTAzODp7Il9hdXRoX3VzZXJfaGFzaCI6IjEyMmVhYzJhMWUwNmE3ZjZiNmJiMTM0NWZkOGYyZDk1NWYyMmQyZjQiLCJfYXV0aF91c2VyX2JhY2tlbmQiOiJkamFuZ28uY29udHJpYi5hdXRoLmJhY2tlbmRzLk1vZGVsQmFja2VuZCIsIl9hdXRoX3VzZXJfaWQiOiI3OSIsInJvb21zIjpbMTM2ODBdfQ==','2017-06-04 10:37:20.032264'),
	('chnaa219f95f151ffd9816b6872ed3b7','YmEwZWE5MjNhNGQyMmI2N2MzOTAwMjdhYzc2MjZlYWZjNDFmNTk2ZTp7Il9hdXRoX3VzZXJfaGFzaCI6IjljMjRiZDc3NzYwZmNjMDFhN2E0YmMyMGM3OGI3NzFlZWRmYjg5OWUiLCJfYXV0aF91c2VyX2JhY2tlbmQiOiJkamFuZ28uY29udHJpYi5hdXRoLmJhY2tlbmRzLk1vZGVsQmFja2VuZCIsIl9hdXRoX3VzZXJfaWQiOiIxMzYiLCJyb29tcyI6WzEzNjc5XX0=','2017-06-05 18:29:29.037390'),
	('chnaa67df82b3adb2bda3ae007dcc922','NTBlZTczNjMxMTQ1NzY4NmNmNTM2YTFlNGU4MWQxZjYzOWY1MTA0NDp7Il9hdXRoX3VzZXJfaGFzaCI6IjEyMmVhYzJhMWUwNmE3ZjZiNmJiMTM0NWZkOGYyZDk1NWYyMmQyZjQiLCJfYXV0aF91c2VyX2lkIjoiNzkiLCJfYXV0aF91c2VyX2JhY2tlbmQiOiJkamFuZ28uY29udHJpYi5hdXRoLmJhY2tlbmRzLk1vZGVsQmFja2VuZCIsInJvb21zIjpbXX0=','2017-06-03 14:59:34.983236'),
	('chnaa70d26a14dc79907ffd1999fe59d','NzEwNGUxY2FkOWY2NmNlMDAyYzc3MzdmNDk1NzRlNTVlNWU4Y2IwNjp7fQ==','2017-06-06 15:14:39.937741'),
	('chnaa92fd9cfb7cf87702e267392c4df','Yzg1NzcyZjFiNmRjMGEyZWQ3NDdlYWI0NDNhZWY3OTkyMTIyYTc4YTp7Il9hdXRoX3VzZXJfaGFzaCI6IjEyMmVhYzJhMWUwNmE3ZjZiNmJiMTM0NWZkOGYyZDk1NWYyMmQyZjQiLCJfYXV0aF91c2VyX2JhY2tlbmQiOiJkamFuZ28uY29udHJpYi5hdXRoLmJhY2tlbmRzLk1vZGVsQmFja2VuZCIsIl9hdXRoX3VzZXJfaWQiOiI3OSIsInJvb21zIjpbMTM2NzldfQ==','2017-06-04 15:43:33.667292'),
	('chnaab181b770232a9c83e92574fc4e8','YmEwZWE5MjNhNGQyMmI2N2MzOTAwMjdhYzc2MjZlYWZjNDFmNTk2ZTp7Il9hdXRoX3VzZXJfaGFzaCI6IjljMjRiZDc3NzYwZmNjMDFhN2E0YmMyMGM3OGI3NzFlZWRmYjg5OWUiLCJfYXV0aF91c2VyX2JhY2tlbmQiOiJkamFuZ28uY29udHJpYi5hdXRoLmJhY2tlbmRzLk1vZGVsQmFja2VuZCIsIl9hdXRoX3VzZXJfaWQiOiIxMzYiLCJyb29tcyI6WzEzNjc5XX0=','2017-06-04 23:50:58.536639'),
	('chnaadf663ad9312cb4bca2f61a62c81','ODI2NWFhM2Q5OGI3YjllODJhZTM0ZTFkMWJjYTA5MGIyOTgzMmUwMTp7Il9hdXRoX3VzZXJfaGFzaCI6IjEyMmVhYzJhMWUwNmE3ZjZiNmJiMTM0NWZkOGYyZDk1NWYyMmQyZjQiLCJfYXV0aF91c2VyX2JhY2tlbmQiOiJkamFuZ28uY29udHJpYi5hdXRoLmJhY2tlbmRzLk1vZGVsQmFja2VuZCIsIl9hdXRoX3VzZXJfaWQiOiI3OSIsInJvb21zIjpbNzkxMzZdfQ==','2017-06-07 16:48:02.151434'),
	('chnab53be61b699cea20e4ee91e586ee','YmEwZWE5MjNhNGQyMmI2N2MzOTAwMjdhYzc2MjZlYWZjNDFmNTk2ZTp7Il9hdXRoX3VzZXJfaGFzaCI6IjljMjRiZDc3NzYwZmNjMDFhN2E0YmMyMGM3OGI3NzFlZWRmYjg5OWUiLCJfYXV0aF91c2VyX2JhY2tlbmQiOiJkamFuZ28uY29udHJpYi5hdXRoLmJhY2tlbmRzLk1vZGVsQmFja2VuZCIsIl9hdXRoX3VzZXJfaWQiOiIxMzYiLCJyb29tcyI6WzEzNjc5XX0=','2017-06-04 22:55:32.347225'),
	('chnab818d95ff58c5cffb25d9e2c2de5','YmEwZWE5MjNhNGQyMmI2N2MzOTAwMjdhYzc2MjZlYWZjNDFmNTk2ZTp7Il9hdXRoX3VzZXJfaGFzaCI6IjljMjRiZDc3NzYwZmNjMDFhN2E0YmMyMGM3OGI3NzFlZWRmYjg5OWUiLCJfYXV0aF91c2VyX2JhY2tlbmQiOiJkamFuZ28uY29udHJpYi5hdXRoLmJhY2tlbmRzLk1vZGVsQmFja2VuZCIsIl9hdXRoX3VzZXJfaWQiOiIxMzYiLCJyb29tcyI6WzEzNjc5XX0=','2017-06-05 15:23:53.505642'),
	('chnac7b49eedb4df54d9222d2d9f2259','ZjhlYTUwMzA3ZWEyMjE5MTA2YzJkZDk2YTc4YmMxMDFlMWI5YWJjNTp7Il9hdXRoX3VzZXJfaGFzaCI6IjEyMmVhYzJhMWUwNmE3ZjZiNmJiMTM0NWZkOGYyZDk1NWYyMmQyZjQiLCJfYXV0aF91c2VyX2JhY2tlbmQiOiJkamFuZ28uY29udHJpYi5hdXRoLmJhY2tlbmRzLk1vZGVsQmFja2VuZCIsIl9hdXRoX3VzZXJfaWQiOiI3OSIsInJvb21zIjpbMV19','2017-06-08 17:15:11.595933'),
	('chnac935d547494faa0bd66bac723717','YmEwZWE5MjNhNGQyMmI2N2MzOTAwMjdhYzc2MjZlYWZjNDFmNTk2ZTp7Il9hdXRoX3VzZXJfaGFzaCI6IjljMjRiZDc3NzYwZmNjMDFhN2E0YmMyMGM3OGI3NzFlZWRmYjg5OWUiLCJfYXV0aF91c2VyX2JhY2tlbmQiOiJkamFuZ28uY29udHJpYi5hdXRoLmJhY2tlbmRzLk1vZGVsQmFja2VuZCIsIl9hdXRoX3VzZXJfaWQiOiIxMzYiLCJyb29tcyI6WzEzNjc5XX0=','2017-06-04 13:09:05.062542'),
	('chnaccf6a75cf160cafa1e885a6e7a57','ZWQ1Nzc0YjUyMzA4NDQ2Njk5N2UzMjFhNWNiZmY3YjllYTNkOTAzODp7Il9hdXRoX3VzZXJfaGFzaCI6IjEyMmVhYzJhMWUwNmE3ZjZiNmJiMTM0NWZkOGYyZDk1NWYyMmQyZjQiLCJfYXV0aF91c2VyX2JhY2tlbmQiOiJkamFuZ28uY29udHJpYi5hdXRoLmJhY2tlbmRzLk1vZGVsQmFja2VuZCIsIl9hdXRoX3VzZXJfaWQiOiI3OSIsInJvb21zIjpbMTM2ODBdfQ==','2017-06-02 15:10:46.434531'),
	('chnaddebda1cdc7eca051c6148d45f4f','Yzg1NzcyZjFiNmRjMGEyZWQ3NDdlYWI0NDNhZWY3OTkyMTIyYTc4YTp7Il9hdXRoX3VzZXJfaGFzaCI6IjEyMmVhYzJhMWUwNmE3ZjZiNmJiMTM0NWZkOGYyZDk1NWYyMmQyZjQiLCJfYXV0aF91c2VyX2JhY2tlbmQiOiJkamFuZ28uY29udHJpYi5hdXRoLmJhY2tlbmRzLk1vZGVsQmFja2VuZCIsIl9hdXRoX3VzZXJfaWQiOiI3OSIsInJvb21zIjpbMTM2NzldfQ==','2017-06-04 12:45:59.093528'),
	('chnadf46d36f197b8ed12e3f0debb6a7','YmEwZWE5MjNhNGQyMmI2N2MzOTAwMjdhYzc2MjZlYWZjNDFmNTk2ZTp7Il9hdXRoX3VzZXJfaGFzaCI6IjljMjRiZDc3NzYwZmNjMDFhN2E0YmMyMGM3OGI3NzFlZWRmYjg5OWUiLCJfYXV0aF91c2VyX2JhY2tlbmQiOiJkamFuZ28uY29udHJpYi5hdXRoLmJhY2tlbmRzLk1vZGVsQmFja2VuZCIsIl9hdXRoX3VzZXJfaWQiOiIxMzYiLCJyb29tcyI6WzEzNjc5XX0=','2017-06-04 22:55:34.760847'),
	('chnae32b82e7f290bb2efd9173449cbf','ZWQ1Nzc0YjUyMzA4NDQ2Njk5N2UzMjFhNWNiZmY3YjllYTNkOTAzODp7Il9hdXRoX3VzZXJfaGFzaCI6IjEyMmVhYzJhMWUwNmE3ZjZiNmJiMTM0NWZkOGYyZDk1NWYyMmQyZjQiLCJfYXV0aF91c2VyX2JhY2tlbmQiOiJkamFuZ28uY29udHJpYi5hdXRoLmJhY2tlbmRzLk1vZGVsQmFja2VuZCIsIl9hdXRoX3VzZXJfaWQiOiI3OSIsInJvb21zIjpbMTM2ODBdfQ==','2017-06-03 15:40:15.657075'),
	('chnae768426c9c556f4bd636a5aa2cf2','NTBlZTczNjMxMTQ1NzY4NmNmNTM2YTFlNGU4MWQxZjYzOWY1MTA0NDp7Il9hdXRoX3VzZXJfaGFzaCI6IjEyMmVhYzJhMWUwNmE3ZjZiNmJiMTM0NWZkOGYyZDk1NWYyMmQyZjQiLCJfYXV0aF91c2VyX2lkIjoiNzkiLCJfYXV0aF91c2VyX2JhY2tlbmQiOiJkamFuZ28uY29udHJpYi5hdXRoLmJhY2tlbmRzLk1vZGVsQmFja2VuZCIsInJvb21zIjpbXX0=','2017-06-02 10:01:03.551282'),
	('chnaebac33116163e476df9ce1de675b','Yzg1NzcyZjFiNmRjMGEyZWQ3NDdlYWI0NDNhZWY3OTkyMTIyYTc4YTp7Il9hdXRoX3VzZXJfaGFzaCI6IjEyMmVhYzJhMWUwNmE3ZjZiNmJiMTM0NWZkOGYyZDk1NWYyMmQyZjQiLCJfYXV0aF91c2VyX2JhY2tlbmQiOiJkamFuZ28uY29udHJpYi5hdXRoLmJhY2tlbmRzLk1vZGVsQmFja2VuZCIsIl9hdXRoX3VzZXJfaWQiOiI3OSIsInJvb21zIjpbMTM2NzldfQ==','2017-06-04 12:19:48.866840'),
	('chnaed1e2cc57215d5a6d2da19859d6d','ODM1NzVjNmQzMDNhNWU3NzNkYjZhYzNjOThjOTYzZGJiYWQ0OTAyMTp7Il9hdXRoX3VzZXJfaGFzaCI6IjEyMmVhYzJhMWUwNmE3ZjZiNmJiMTM0NWZkOGYyZDk1NWYyMmQyZjQiLCJfYXV0aF91c2VyX2lkIjoiNzkiLCJfYXV0aF91c2VyX2JhY2tlbmQiOiJkamFuZ28uY29udHJpYi5hdXRoLmJhY2tlbmRzLk1vZGVsQmFja2VuZCJ9','2017-06-04 10:32:23.062335'),
	('chnaefd5162620703dacaf139ce49ede','Yzg1NzcyZjFiNmRjMGEyZWQ3NDdlYWI0NDNhZWY3OTkyMTIyYTc4YTp7Il9hdXRoX3VzZXJfaGFzaCI6IjEyMmVhYzJhMWUwNmE3ZjZiNmJiMTM0NWZkOGYyZDk1NWYyMmQyZjQiLCJfYXV0aF91c2VyX2JhY2tlbmQiOiJkamFuZ28uY29udHJpYi5hdXRoLmJhY2tlbmRzLk1vZGVsQmFja2VuZCIsIl9hdXRoX3VzZXJfaWQiOiI3OSIsInJvb21zIjpbMTM2NzldfQ==','2017-06-04 12:43:09.405219'),
	('chnaf46d1089af9313bccd77574b8fc1','NzEwNGUxY2FkOWY2NmNlMDAyYzc3MzdmNDk1NzRlNTVlNWU4Y2IwNjp7fQ==','2017-06-06 11:36:35.016356'),
	('chnb0382cc12a97cb95fdcca7919f871','ODI2NWFhM2Q5OGI3YjllODJhZTM0ZTFkMWJjYTA5MGIyOTgzMmUwMTp7Il9hdXRoX3VzZXJfaGFzaCI6IjEyMmVhYzJhMWUwNmE3ZjZiNmJiMTM0NWZkOGYyZDk1NWYyMmQyZjQiLCJfYXV0aF91c2VyX2JhY2tlbmQiOiJkamFuZ28uY29udHJpYi5hdXRoLmJhY2tlbmRzLk1vZGVsQmFja2VuZCIsIl9hdXRoX3VzZXJfaWQiOiI3OSIsInJvb21zIjpbNzkxMzZdfQ==','2017-06-07 18:30:56.388385'),
	('chnb12b1868314c4bbd50d0e9b0700bb','ZWQ1Nzc0YjUyMzA4NDQ2Njk5N2UzMjFhNWNiZmY3YjllYTNkOTAzODp7Il9hdXRoX3VzZXJfaGFzaCI6IjEyMmVhYzJhMWUwNmE3ZjZiNmJiMTM0NWZkOGYyZDk1NWYyMmQyZjQiLCJfYXV0aF91c2VyX2JhY2tlbmQiOiJkamFuZ28uY29udHJpYi5hdXRoLmJhY2tlbmRzLk1vZGVsQmFja2VuZCIsIl9hdXRoX3VzZXJfaWQiOiI3OSIsInJvb21zIjpbMTM2ODBdfQ==','2017-06-03 15:45:07.810050'),
	('chnb198298f8b090dc2396de10ddfc95','YmEwZWE5MjNhNGQyMmI2N2MzOTAwMjdhYzc2MjZlYWZjNDFmNTk2ZTp7Il9hdXRoX3VzZXJfaGFzaCI6IjljMjRiZDc3NzYwZmNjMDFhN2E0YmMyMGM3OGI3NzFlZWRmYjg5OWUiLCJfYXV0aF91c2VyX2JhY2tlbmQiOiJkamFuZ28uY29udHJpYi5hdXRoLmJhY2tlbmRzLk1vZGVsQmFja2VuZCIsIl9hdXRoX3VzZXJfaWQiOiIxMzYiLCJyb29tcyI6WzEzNjc5XX0=','2017-06-04 12:32:25.139216'),
	('chnb1ad006a6bd917f27094af1ec81d4','NzEwNGUxY2FkOWY2NmNlMDAyYzc3MzdmNDk1NzRlNTVlNWU4Y2IwNjp7fQ==','2017-06-06 15:05:42.176381'),
	('chnb1c713754072773e2bff8cf7aa240','NzEwNGUxY2FkOWY2NmNlMDAyYzc3MzdmNDk1NzRlNTVlNWU4Y2IwNjp7fQ==','2017-06-05 23:05:15.014119'),
	('chnb1f7f28dfa80898eb4dda5371b66e','ODI2NWFhM2Q5OGI3YjllODJhZTM0ZTFkMWJjYTA5MGIyOTgzMmUwMTp7Il9hdXRoX3VzZXJfaGFzaCI6IjEyMmVhYzJhMWUwNmE3ZjZiNmJiMTM0NWZkOGYyZDk1NWYyMmQyZjQiLCJfYXV0aF91c2VyX2JhY2tlbmQiOiJkamFuZ28uY29udHJpYi5hdXRoLmJhY2tlbmRzLk1vZGVsQmFja2VuZCIsIl9hdXRoX3VzZXJfaWQiOiI3OSIsInJvb21zIjpbNzkxMzZdfQ==','2017-06-07 17:41:30.794512'),
	('chnb24a6799dbdc4a5aef0e77ab5955b','ZjhlYTUwMzA3ZWEyMjE5MTA2YzJkZDk2YTc4YmMxMDFlMWI5YWJjNTp7Il9hdXRoX3VzZXJfaGFzaCI6IjEyMmVhYzJhMWUwNmE3ZjZiNmJiMTM0NWZkOGYyZDk1NWYyMmQyZjQiLCJfYXV0aF91c2VyX2JhY2tlbmQiOiJkamFuZ28uY29udHJpYi5hdXRoLmJhY2tlbmRzLk1vZGVsQmFja2VuZCIsIl9hdXRoX3VzZXJfaWQiOiI3OSIsInJvb21zIjpbMV19','2017-06-08 12:56:24.217220'),
	('chnb30c2d6f90baaa31c634640e98d99','YmEwZWE5MjNhNGQyMmI2N2MzOTAwMjdhYzc2MjZlYWZjNDFmNTk2ZTp7Il9hdXRoX3VzZXJfaGFzaCI6IjljMjRiZDc3NzYwZmNjMDFhN2E0YmMyMGM3OGI3NzFlZWRmYjg5OWUiLCJfYXV0aF91c2VyX2JhY2tlbmQiOiJkamFuZ28uY29udHJpYi5hdXRoLmJhY2tlbmRzLk1vZGVsQmFja2VuZCIsIl9hdXRoX3VzZXJfaWQiOiIxMzYiLCJyb29tcyI6WzEzNjc5XX0=','2017-06-04 23:35:45.733293'),
	('chnb460484e6efe9be23d834970e8092','OWZmZTRlZDNmYjdmNjk1ODhmYjAxYjIyODYxZDI5M2Y4MGNkMTYzZjp7Il9hdXRoX3VzZXJfaGFzaCI6IjBkOWVlNGEyNmRjNmNjOWNmNGM3NDg3ZTQ1NzczZTFiYmZlYWVkODMiLCJfYXV0aF91c2VyX2JhY2tlbmQiOiJkamFuZ28uY29udHJpYi5hdXRoLmJhY2tlbmRzLk1vZGVsQmFja2VuZCIsIl9hdXRoX3VzZXJfaWQiOiIxMjkiLCJyb29tcyI6WzEzNjEyOV19','2017-06-05 11:48:30.117210'),
	('chnb488fdfdd5259082c2af949bc6129','NTBlZTczNjMxMTQ1NzY4NmNmNTM2YTFlNGU4MWQxZjYzOWY1MTA0NDp7Il9hdXRoX3VzZXJfaGFzaCI6IjEyMmVhYzJhMWUwNmE3ZjZiNmJiMTM0NWZkOGYyZDk1NWYyMmQyZjQiLCJfYXV0aF91c2VyX2lkIjoiNzkiLCJfYXV0aF91c2VyX2JhY2tlbmQiOiJkamFuZ28uY29udHJpYi5hdXRoLmJhY2tlbmRzLk1vZGVsQmFja2VuZCIsInJvb21zIjpbXX0=','2017-06-02 14:01:17.250414'),
	('chnb4cd444db5d29b4f5ca04970670b6','ZjNiYmY3M2MzODMwMzczYWMxNWZlNGQ1ZDNiM2RhYWY1OGNiYTM0NTp7Il9hdXRoX3VzZXJfaGFzaCI6IjljMjRiZDc3NzYwZmNjMDFhN2E0YmMyMGM3OGI3NzFlZWRmYjg5OWUiLCJfYXV0aF91c2VyX2JhY2tlbmQiOiJkamFuZ28uY29udHJpYi5hdXRoLmJhY2tlbmRzLk1vZGVsQmFja2VuZCIsIl9hdXRoX3VzZXJfaWQiOiIxMzYiLCJyb29tcyI6WzFdfQ==','2017-06-04 16:14:06.394843'),
	('chnb4f6be3313b0244d9293a079331eb','NTA2MmFmOGY0M2FmYzg4MWE2YmVkMDNkNmRhM2YwMWQ0ZTMxNWI0Mjp7Il9hdXRoX3VzZXJfaGFzaCI6Ijc5ZTFmNjA3YjYwOGU1ZDljY2FkNjUyYzFmOWE3ZDM5NDcyYjU3NmMiLCJfYXV0aF91c2VyX2JhY2tlbmQiOiJkamFuZ28uY29udHJpYi5hdXRoLmJhY2tlbmRzLk1vZGVsQmFja2VuZCIsIl9hdXRoX3VzZXJfaWQiOiI3OSIsInJvb21zIjpbNzkxMzZdfQ==','2017-06-11 12:55:58.028199'),
	('chnb56685340ffb858bc2845d398b715','NWE1ZDkyOGJkYTE4MWQ5ZTk2ZTYwMzM2OGMxNDllZWI5NWQ5NGFiNDp7Il9hdXRoX3VzZXJfaGFzaCI6IjljMjRiZDc3NzYwZmNjMDFhN2E0YmMyMGM3OGI3NzFlZWRmYjg5OWUiLCJfYXV0aF91c2VyX2lkIjoiMTM2IiwiX2F1dGhfdXNlcl9iYWNrZW5kIjoiZGphbmdvLmNvbnRyaWIuYXV0aC5iYWNrZW5kcy5Nb2RlbEJhY2tlbmQiLCJyb29tcyI6W119','2017-06-04 12:10:13.630703'),
	('chnb5b7b2fe382f83e98af92012c3af8','YmEwZWE5MjNhNGQyMmI2N2MzOTAwMjdhYzc2MjZlYWZjNDFmNTk2ZTp7Il9hdXRoX3VzZXJfaGFzaCI6IjljMjRiZDc3NzYwZmNjMDFhN2E0YmMyMGM3OGI3NzFlZWRmYjg5OWUiLCJfYXV0aF91c2VyX2JhY2tlbmQiOiJkamFuZ28uY29udHJpYi5hdXRoLmJhY2tlbmRzLk1vZGVsQmFja2VuZCIsIl9hdXRoX3VzZXJfaWQiOiIxMzYiLCJyb29tcyI6WzEzNjc5XX0=','2017-06-04 23:29:18.050970'),
	('chnb5b9731479e3263550b1c0d107c9e','YmEwZWE5MjNhNGQyMmI2N2MzOTAwMjdhYzc2MjZlYWZjNDFmNTk2ZTp7Il9hdXRoX3VzZXJfaGFzaCI6IjljMjRiZDc3NzYwZmNjMDFhN2E0YmMyMGM3OGI3NzFlZWRmYjg5OWUiLCJfYXV0aF91c2VyX2JhY2tlbmQiOiJkamFuZ28uY29udHJpYi5hdXRoLmJhY2tlbmRzLk1vZGVsQmFja2VuZCIsIl9hdXRoX3VzZXJfaWQiOiIxMzYiLCJyb29tcyI6WzEzNjc5XX0=','2017-06-04 22:54:20.131879'),
	('chnb61e222b8358cf4ae2153a725ed89','ZjhlYTUwMzA3ZWEyMjE5MTA2YzJkZDk2YTc4YmMxMDFlMWI5YWJjNTp7Il9hdXRoX3VzZXJfaGFzaCI6IjEyMmVhYzJhMWUwNmE3ZjZiNmJiMTM0NWZkOGYyZDk1NWYyMmQyZjQiLCJfYXV0aF91c2VyX2JhY2tlbmQiOiJkamFuZ28uY29udHJpYi5hdXRoLmJhY2tlbmRzLk1vZGVsQmFja2VuZCIsIl9hdXRoX3VzZXJfaWQiOiI3OSIsInJvb21zIjpbMV19','2017-06-08 17:01:32.457320'),
	('chnb62f5e733e693653e6b9a53fc37f6','ZmZmNDljZmY3NWM3NjVhODNjMTM3YmExYTkwZTcyZTkyZDU5OTIxNDp7Il9hdXRoX3VzZXJfaGFzaCI6IjEyMmVhYzJhMWUwNmE3ZjZiNmJiMTM0NWZkOGYyZDk1NWYyMmQyZjQiLCJfYXV0aF91c2VyX2JhY2tlbmQiOiJkamFuZ28uY29udHJpYi5hdXRoLmJhY2tlbmRzLk1vZGVsQmFja2VuZCIsIl9hdXRoX3VzZXJfaWQiOiI3OSIsInJvb21zIjpbNzk5MF19','2017-06-08 13:07:18.143024'),
	('chnb66dac88b142b11b1b0c12f00320f','YmEwZWE5MjNhNGQyMmI2N2MzOTAwMjdhYzc2MjZlYWZjNDFmNTk2ZTp7Il9hdXRoX3VzZXJfaGFzaCI6IjljMjRiZDc3NzYwZmNjMDFhN2E0YmMyMGM3OGI3NzFlZWRmYjg5OWUiLCJfYXV0aF91c2VyX2JhY2tlbmQiOiJkamFuZ28uY29udHJpYi5hdXRoLmJhY2tlbmRzLk1vZGVsQmFja2VuZCIsIl9hdXRoX3VzZXJfaWQiOiIxMzYiLCJyb29tcyI6WzEzNjc5XX0=','2017-06-04 12:34:49.418700'),
	('chnb67ddecff43157d82b6c6e9af164d','YmEwZWE5MjNhNGQyMmI2N2MzOTAwMjdhYzc2MjZlYWZjNDFmNTk2ZTp7Il9hdXRoX3VzZXJfaGFzaCI6IjljMjRiZDc3NzYwZmNjMDFhN2E0YmMyMGM3OGI3NzFlZWRmYjg5OWUiLCJfYXV0aF91c2VyX2JhY2tlbmQiOiJkamFuZ28uY29udHJpYi5hdXRoLmJhY2tlbmRzLk1vZGVsQmFja2VuZCIsIl9hdXRoX3VzZXJfaWQiOiIxMzYiLCJyb29tcyI6WzEzNjc5XX0=','2017-06-04 23:56:21.050133'),
	('chnb6c94e71930489579b00bb5452297','YmEwZWE5MjNhNGQyMmI2N2MzOTAwMjdhYzc2MjZlYWZjNDFmNTk2ZTp7Il9hdXRoX3VzZXJfaGFzaCI6IjljMjRiZDc3NzYwZmNjMDFhN2E0YmMyMGM3OGI3NzFlZWRmYjg5OWUiLCJfYXV0aF91c2VyX2JhY2tlbmQiOiJkamFuZ28uY29udHJpYi5hdXRoLmJhY2tlbmRzLk1vZGVsQmFja2VuZCIsIl9hdXRoX3VzZXJfaWQiOiIxMzYiLCJyb29tcyI6WzEzNjc5XX0=','2017-06-04 23:55:30.590380'),
	('chnb6de54bcc417408063784b9ce852c','ODdiYTU2MGI3Y2JjN2MyNzE0Mjk5OGM3M2M5MmFhYmM3ZDgzMWIxMjp7Il9hdXRoX3VzZXJfaGFzaCI6IjljMjRiZDc3NzYwZmNjMDFhN2E0YmMyMGM3OGI3NzFlZWRmYjg5OWUiLCJfYXV0aF91c2VyX2JhY2tlbmQiOiJkamFuZ28uY29udHJpYi5hdXRoLmJhY2tlbmRzLk1vZGVsQmFja2VuZCIsIl9hdXRoX3VzZXJfaWQiOiIxMzYiLCJyb29tcyI6Wzc5MTM2XX0=','2017-06-07 16:31:13.040614'),
	('chnb732db6e03c72751eadabc875cad4','ZThhZWMyNjE3ZDUyYWJhOTVkZDc0ZTdmNDFiYzg2MDEwYzk5Y2Y1Yjp7Il9hdXRoX3VzZXJfaGFzaCI6IjkzZmM3ZmE1ZTgwNTNiODRjOTIxOWZmOWM2ZThiNTllYzNjZGI5MDgiLCJfYXV0aF91c2VyX2JhY2tlbmQiOiJkamFuZ28uY29udHJpYi5hdXRoLmJhY2tlbmRzLk1vZGVsQmFja2VuZCIsIl9hdXRoX3VzZXJfaWQiOiI3OSIsInJvb21zIjpbMTc5XX0=','2017-05-27 20:07:17.471277'),
	('chnb7d395338b65036e7f2370ba4e0a0','NzEwNGUxY2FkOWY2NmNlMDAyYzc3MzdmNDk1NzRlNTVlNWU4Y2IwNjp7fQ==','2017-06-06 09:52:04.031636'),
	('chnb80713ed5757cd2679a0d0040b4ee','ZmI0YzQwYzNiMmM1MDYwYjdiY2NiNjAyZWRlYzlhNTQ1NTc3NGRhZjp7Il9hdXRoX3VzZXJfaGFzaCI6IjEyMmVhYzJhMWUwNmE3ZjZiNmJiMTM0NWZkOGYyZDk1NWYyMmQyZjQiLCJfYXV0aF91c2VyX2JhY2tlbmQiOiJkamFuZ28uY29udHJpYi5hdXRoLmJhY2tlbmRzLk1vZGVsQmFja2VuZCIsIl9hdXRoX3VzZXJfaWQiOiI3OSIsInJvb21zIjpbNzk3OV19','2017-06-06 10:42:24.085591'),
	('chnb88af0669415bae4fe35410dd374f','Mjg1ODZmNzZmOWQyYjFmYzkyNGMyOWZhZGU3OTAwNzgyOTM5ZWQ5Yjp7Il9hdXRoX3VzZXJfaGFzaCI6Ijc5ZTFmNjA3YjYwOGU1ZDljY2FkNjUyYzFmOWE3ZDM5NDcyYjU3NmMiLCJfYXV0aF91c2VyX2JhY2tlbmQiOiJkamFuZ28uY29udHJpYi5hdXRoLmJhY2tlbmRzLk1vZGVsQmFja2VuZCIsIl9hdXRoX3VzZXJfaWQiOiI3OSIsInJvb21zIjpbMV19','2017-06-13 10:20:36.137133'),
	('chnb8cee5c1454ff81a7ac814617c59f','ZWQ1Nzc0YjUyMzA4NDQ2Njk5N2UzMjFhNWNiZmY3YjllYTNkOTAzODp7Il9hdXRoX3VzZXJfaGFzaCI6IjEyMmVhYzJhMWUwNmE3ZjZiNmJiMTM0NWZkOGYyZDk1NWYyMmQyZjQiLCJfYXV0aF91c2VyX2JhY2tlbmQiOiJkamFuZ28uY29udHJpYi5hdXRoLmJhY2tlbmRzLk1vZGVsQmFja2VuZCIsIl9hdXRoX3VzZXJfaWQiOiI3OSIsInJvb21zIjpbMTM2ODBdfQ==','2017-06-03 15:36:24.382962'),
	('chnb93df7bf408b672c901525786de37','ZjY2OGY3MDdmNTI4ODk5Nzg5Y2VkNjhkOWM4ODJlMmVhZjUzMDk3Mzp7Il9hdXRoX3VzZXJfaGFzaCI6IjJhNDUyZDYwZDRjMGFkMzg2YjFiNjczYmQ5YTNiNzYzMDY0NWJkNGQiLCJfYXV0aF91c2VyX2lkIjoiMSIsIl9hdXRoX3VzZXJfYmFja2VuZCI6ImRqYW5nby5jb250cmliLmF1dGguYmFja2VuZHMuTW9kZWxCYWNrZW5kIiwicm9vbXMiOltdfQ==','2017-05-27 16:28:42.847933'),
	('chnb96273515863f50eecccd5187b235','NTBlZTczNjMxMTQ1NzY4NmNmNTM2YTFlNGU4MWQxZjYzOWY1MTA0NDp7Il9hdXRoX3VzZXJfaGFzaCI6IjEyMmVhYzJhMWUwNmE3ZjZiNmJiMTM0NWZkOGYyZDk1NWYyMmQyZjQiLCJfYXV0aF91c2VyX2lkIjoiNzkiLCJfYXV0aF91c2VyX2JhY2tlbmQiOiJkamFuZ28uY29udHJpYi5hdXRoLmJhY2tlbmRzLk1vZGVsQmFja2VuZCIsInJvb21zIjpbXX0=','2017-06-02 14:41:32.430169'),
	('chnb9d8971ce42d813d6d0ae8f5634b4','YTk3ZTQ0NzQ3NTY2YzI4MWJlMzJiMGFhMzdjNWYzOTI5MGYyMzg0Zjp7InJvb21zIjpbXX0=','2017-05-27 13:54:07.657883'),
	('chnba207bd88a8dc783583bf25cc9c8b','NTBlZTczNjMxMTQ1NzY4NmNmNTM2YTFlNGU4MWQxZjYzOWY1MTA0NDp7Il9hdXRoX3VzZXJfaGFzaCI6IjEyMmVhYzJhMWUwNmE3ZjZiNmJiMTM0NWZkOGYyZDk1NWYyMmQyZjQiLCJfYXV0aF91c2VyX2lkIjoiNzkiLCJfYXV0aF91c2VyX2JhY2tlbmQiOiJkamFuZ28uY29udHJpYi5hdXRoLmJhY2tlbmRzLk1vZGVsQmFja2VuZCIsInJvb21zIjpbXX0=','2017-06-02 13:52:37.135323'),
	('chnba829abe9a16d1addc3e966a19ff2','ZWQ1Nzc0YjUyMzA4NDQ2Njk5N2UzMjFhNWNiZmY3YjllYTNkOTAzODp7Il9hdXRoX3VzZXJfaGFzaCI6IjEyMmVhYzJhMWUwNmE3ZjZiNmJiMTM0NWZkOGYyZDk1NWYyMmQyZjQiLCJfYXV0aF91c2VyX2JhY2tlbmQiOiJkamFuZ28uY29udHJpYi5hdXRoLmJhY2tlbmRzLk1vZGVsQmFja2VuZCIsIl9hdXRoX3VzZXJfaWQiOiI3OSIsInJvb21zIjpbMTM2ODBdfQ==','2017-06-02 22:31:40.365177'),
	('chnbacd68b6bf9550dcdd8a190316589','ZjNiYmY3M2MzODMwMzczYWMxNWZlNGQ1ZDNiM2RhYWY1OGNiYTM0NTp7Il9hdXRoX3VzZXJfaGFzaCI6IjljMjRiZDc3NzYwZmNjMDFhN2E0YmMyMGM3OGI3NzFlZWRmYjg5OWUiLCJfYXV0aF91c2VyX2JhY2tlbmQiOiJkamFuZ28uY29udHJpYi5hdXRoLmJhY2tlbmRzLk1vZGVsQmFja2VuZCIsIl9hdXRoX3VzZXJfaWQiOiIxMzYiLCJyb29tcyI6WzFdfQ==','2017-06-05 12:24:11.979752'),
	('chnbae329c107c892dd4b28cf23c9351','ODdiYTU2MGI3Y2JjN2MyNzE0Mjk5OGM3M2M5MmFhYmM3ZDgzMWIxMjp7Il9hdXRoX3VzZXJfaGFzaCI6IjljMjRiZDc3NzYwZmNjMDFhN2E0YmMyMGM3OGI3NzFlZWRmYjg5OWUiLCJfYXV0aF91c2VyX2JhY2tlbmQiOiJkamFuZ28uY29udHJpYi5hdXRoLmJhY2tlbmRzLk1vZGVsQmFja2VuZCIsIl9hdXRoX3VzZXJfaWQiOiIxMzYiLCJyb29tcyI6Wzc5MTM2XX0=','2017-06-07 17:40:07.117405'),
	('chnbb002eb49d770be6e33b456f0500e','YmEwZWE5MjNhNGQyMmI2N2MzOTAwMjdhYzc2MjZlYWZjNDFmNTk2ZTp7Il9hdXRoX3VzZXJfaGFzaCI6IjljMjRiZDc3NzYwZmNjMDFhN2E0YmMyMGM3OGI3NzFlZWRmYjg5OWUiLCJfYXV0aF91c2VyX2JhY2tlbmQiOiJkamFuZ28uY29udHJpYi5hdXRoLmJhY2tlbmRzLk1vZGVsQmFja2VuZCIsIl9hdXRoX3VzZXJfaWQiOiIxMzYiLCJyb29tcyI6WzEzNjc5XX0=','2017-06-05 00:00:13.043928'),
	('chnbb68933285550d9297249d6fe7fa9','ZWQ1Nzc0YjUyMzA4NDQ2Njk5N2UzMjFhNWNiZmY3YjllYTNkOTAzODp7Il9hdXRoX3VzZXJfaGFzaCI6IjEyMmVhYzJhMWUwNmE3ZjZiNmJiMTM0NWZkOGYyZDk1NWYyMmQyZjQiLCJfYXV0aF91c2VyX2JhY2tlbmQiOiJkamFuZ28uY29udHJpYi5hdXRoLmJhY2tlbmRzLk1vZGVsQmFja2VuZCIsIl9hdXRoX3VzZXJfaWQiOiI3OSIsInJvb21zIjpbMTM2ODBdfQ==','2017-06-03 19:08:52.027575'),
	('chnbbaebe5d16c20645a09c392d937e5','ZjhlYTUwMzA3ZWEyMjE5MTA2YzJkZDk2YTc4YmMxMDFlMWI5YWJjNTp7Il9hdXRoX3VzZXJfaGFzaCI6IjEyMmVhYzJhMWUwNmE3ZjZiNmJiMTM0NWZkOGYyZDk1NWYyMmQyZjQiLCJfYXV0aF91c2VyX2JhY2tlbmQiOiJkamFuZ28uY29udHJpYi5hdXRoLmJhY2tlbmRzLk1vZGVsQmFja2VuZCIsIl9hdXRoX3VzZXJfaWQiOiI3OSIsInJvb21zIjpbMV19','2017-06-08 22:11:56.219807'),
	('chnbbbbcac49af848e015f13d6903a36','YmEwZWE5MjNhNGQyMmI2N2MzOTAwMjdhYzc2MjZlYWZjNDFmNTk2ZTp7Il9hdXRoX3VzZXJfaGFzaCI6IjljMjRiZDc3NzYwZmNjMDFhN2E0YmMyMGM3OGI3NzFlZWRmYjg5OWUiLCJfYXV0aF91c2VyX2JhY2tlbmQiOiJkamFuZ28uY29udHJpYi5hdXRoLmJhY2tlbmRzLk1vZGVsQmFja2VuZCIsIl9hdXRoX3VzZXJfaWQiOiIxMzYiLCJyb29tcyI6WzEzNjc5XX0=','2017-06-04 15:30:35.544753'),
	('chnbc662fbbbaf98f5d6ad64ef52a53e','NTBlZTczNjMxMTQ1NzY4NmNmNTM2YTFlNGU4MWQxZjYzOWY1MTA0NDp7Il9hdXRoX3VzZXJfaGFzaCI6IjEyMmVhYzJhMWUwNmE3ZjZiNmJiMTM0NWZkOGYyZDk1NWYyMmQyZjQiLCJfYXV0aF91c2VyX2lkIjoiNzkiLCJfYXV0aF91c2VyX2JhY2tlbmQiOiJkamFuZ28uY29udHJpYi5hdXRoLmJhY2tlbmRzLk1vZGVsQmFja2VuZCIsInJvb21zIjpbXX0=','2017-06-02 22:37:47.490811'),
	('chnbca3ff620299f504cef1d7eacbe68','ODdiYTU2MGI3Y2JjN2MyNzE0Mjk5OGM3M2M5MmFhYmM3ZDgzMWIxMjp7Il9hdXRoX3VzZXJfaGFzaCI6IjljMjRiZDc3NzYwZmNjMDFhN2E0YmMyMGM3OGI3NzFlZWRmYjg5OWUiLCJfYXV0aF91c2VyX2JhY2tlbmQiOiJkamFuZ28uY29udHJpYi5hdXRoLmJhY2tlbmRzLk1vZGVsQmFja2VuZCIsIl9hdXRoX3VzZXJfaWQiOiIxMzYiLCJyb29tcyI6Wzc5MTM2XX0=','2017-06-07 18:35:21.153088'),
	('chnbcd3169cb4a5af8783689fa4c8240','NzEwNGUxY2FkOWY2NmNlMDAyYzc3MzdmNDk1NzRlNTVlNWU4Y2IwNjp7fQ==','2017-06-06 15:08:29.263432'),
	('chnbcfd5e0d9d1b06612fbd099f27edc','ODM1NzVjNmQzMDNhNWU3NzNkYjZhYzNjOThjOTYzZGJiYWQ0OTAyMTp7Il9hdXRoX3VzZXJfaGFzaCI6IjEyMmVhYzJhMWUwNmE3ZjZiNmJiMTM0NWZkOGYyZDk1NWYyMmQyZjQiLCJfYXV0aF91c2VyX2lkIjoiNzkiLCJfYXV0aF91c2VyX2JhY2tlbmQiOiJkamFuZ28uY29udHJpYi5hdXRoLmJhY2tlbmRzLk1vZGVsQmFja2VuZCJ9','2017-06-04 10:33:19.069580'),
	('chnbe3c0fb8b9ef06feb8a65a4771dc6','ODdiYTU2MGI3Y2JjN2MyNzE0Mjk5OGM3M2M5MmFhYmM3ZDgzMWIxMjp7Il9hdXRoX3VzZXJfaGFzaCI6IjljMjRiZDc3NzYwZmNjMDFhN2E0YmMyMGM3OGI3NzFlZWRmYjg5OWUiLCJfYXV0aF91c2VyX2JhY2tlbmQiOiJkamFuZ28uY29udHJpYi5hdXRoLmJhY2tlbmRzLk1vZGVsQmFja2VuZCIsIl9hdXRoX3VzZXJfaWQiOiIxMzYiLCJyb29tcyI6Wzc5MTM2XX0=','2017-06-07 17:41:31.176456'),
	('chnbed5ba688e54770471fb7d98f8974','NzEwNGUxY2FkOWY2NmNlMDAyYzc3MzdmNDk1NzRlNTVlNWU4Y2IwNjp7fQ==','2017-06-06 15:02:35.263757'),
	('chnbf0d92673c6b09131b37555e76277','NTBlZTczNjMxMTQ1NzY4NmNmNTM2YTFlNGU4MWQxZjYzOWY1MTA0NDp7Il9hdXRoX3VzZXJfaGFzaCI6IjEyMmVhYzJhMWUwNmE3ZjZiNmJiMTM0NWZkOGYyZDk1NWYyMmQyZjQiLCJfYXV0aF91c2VyX2lkIjoiNzkiLCJfYXV0aF91c2VyX2JhY2tlbmQiOiJkamFuZ28uY29udHJpYi5hdXRoLmJhY2tlbmRzLk1vZGVsQmFja2VuZCIsInJvb21zIjpbXX0=','2017-06-03 14:57:44.555945'),
	('chnbf45195f2aaeef2d5e7602e10da31','Yzg1NzcyZjFiNmRjMGEyZWQ3NDdlYWI0NDNhZWY3OTkyMTIyYTc4YTp7Il9hdXRoX3VzZXJfaGFzaCI6IjEyMmVhYzJhMWUwNmE3ZjZiNmJiMTM0NWZkOGYyZDk1NWYyMmQyZjQiLCJfYXV0aF91c2VyX2JhY2tlbmQiOiJkamFuZ28uY29udHJpYi5hdXRoLmJhY2tlbmRzLk1vZGVsQmFja2VuZCIsIl9hdXRoX3VzZXJfaWQiOiI3OSIsInJvb21zIjpbMTM2NzldfQ==','2017-06-06 10:42:31.829598'),
	('chnbf4e4522fe9ec02f4cb4134144a43','ODI2NWFhM2Q5OGI3YjllODJhZTM0ZTFkMWJjYTA5MGIyOTgzMmUwMTp7Il9hdXRoX3VzZXJfaGFzaCI6IjEyMmVhYzJhMWUwNmE3ZjZiNmJiMTM0NWZkOGYyZDk1NWYyMmQyZjQiLCJfYXV0aF91c2VyX2JhY2tlbmQiOiJkamFuZ28uY29udHJpYi5hdXRoLmJhY2tlbmRzLk1vZGVsQmFja2VuZCIsIl9hdXRoX3VzZXJfaWQiOiI3OSIsInJvb21zIjpbNzkxMzZdfQ==','2017-06-07 13:54:27.496458'),
	('chnbf9d1297cc3dc9b724e659a9a51bd','YmEwZWE5MjNhNGQyMmI2N2MzOTAwMjdhYzc2MjZlYWZjNDFmNTk2ZTp7Il9hdXRoX3VzZXJfaGFzaCI6IjljMjRiZDc3NzYwZmNjMDFhN2E0YmMyMGM3OGI3NzFlZWRmYjg5OWUiLCJfYXV0aF91c2VyX2JhY2tlbmQiOiJkamFuZ28uY29udHJpYi5hdXRoLmJhY2tlbmRzLk1vZGVsQmFja2VuZCIsIl9hdXRoX3VzZXJfaWQiOiIxMzYiLCJyb29tcyI6WzEzNjc5XX0=','2017-06-04 23:24:05.779876'),
	('chnc055276ef4f91f70ad547027f46c5','NzEwNGUxY2FkOWY2NmNlMDAyYzc3MzdmNDk1NzRlNTVlNWU4Y2IwNjp7fQ==','2017-06-06 10:51:38.058466'),
	('chnc07c8bb58698c8fe844f6d6ce9ada','NTBlZTczNjMxMTQ1NzY4NmNmNTM2YTFlNGU4MWQxZjYzOWY1MTA0NDp7Il9hdXRoX3VzZXJfaGFzaCI6IjEyMmVhYzJhMWUwNmE3ZjZiNmJiMTM0NWZkOGYyZDk1NWYyMmQyZjQiLCJfYXV0aF91c2VyX2lkIjoiNzkiLCJfYXV0aF91c2VyX2JhY2tlbmQiOiJkamFuZ28uY29udHJpYi5hdXRoLmJhY2tlbmRzLk1vZGVsQmFja2VuZCIsInJvb21zIjpbXX0=','2017-06-02 10:43:08.868720'),
	('chnc08e2e95ea818ecb17c42cd063f3b','YmEwZWE5MjNhNGQyMmI2N2MzOTAwMjdhYzc2MjZlYWZjNDFmNTk2ZTp7Il9hdXRoX3VzZXJfaGFzaCI6IjljMjRiZDc3NzYwZmNjMDFhN2E0YmMyMGM3OGI3NzFlZWRmYjg5OWUiLCJfYXV0aF91c2VyX2JhY2tlbmQiOiJkamFuZ28uY29udHJpYi5hdXRoLmJhY2tlbmRzLk1vZGVsQmFja2VuZCIsIl9hdXRoX3VzZXJfaWQiOiIxMzYiLCJyb29tcyI6WzEzNjc5XX0=','2017-06-05 11:00:13.493430'),
	('chnc0fd218584436f68e101b4c81676b','YmEwZWE5MjNhNGQyMmI2N2MzOTAwMjdhYzc2MjZlYWZjNDFmNTk2ZTp7Il9hdXRoX3VzZXJfaGFzaCI6IjljMjRiZDc3NzYwZmNjMDFhN2E0YmMyMGM3OGI3NzFlZWRmYjg5OWUiLCJfYXV0aF91c2VyX2JhY2tlbmQiOiJkamFuZ28uY29udHJpYi5hdXRoLmJhY2tlbmRzLk1vZGVsQmFja2VuZCIsIl9hdXRoX3VzZXJfaWQiOiIxMzYiLCJyb29tcyI6WzEzNjc5XX0=','2017-06-05 12:03:50.425754'),
	('chnc12cc87c3ed36d8132350eb6e5a97','ZmZmNDljZmY3NWM3NjVhODNjMTM3YmExYTkwZTcyZTkyZDU5OTIxNDp7Il9hdXRoX3VzZXJfaGFzaCI6IjEyMmVhYzJhMWUwNmE3ZjZiNmJiMTM0NWZkOGYyZDk1NWYyMmQyZjQiLCJfYXV0aF91c2VyX2JhY2tlbmQiOiJkamFuZ28uY29udHJpYi5hdXRoLmJhY2tlbmRzLk1vZGVsQmFja2VuZCIsIl9hdXRoX3VzZXJfaWQiOiI3OSIsInJvb21zIjpbNzk5MF19','2017-06-08 13:18:07.713462'),
	('chnc151e50368e46b0151fa770b53256','OTk5ZDM2MzgwMzBkZDhmMTg1MzBhMDk3NTE2NGYzMzMyYzJlMGE2NTp7Il9hdXRoX3VzZXJfaGFzaCI6IjVkMmM5YWIzMDc3MzM3NzNiOTI3NTIwZGExNjJhNzhlMWYwOTM2OWUiLCJfYXV0aF91c2VyX2lkIjoiODMiLCJfYXV0aF91c2VyX2JhY2tlbmQiOiJkamFuZ28uY29udHJpYi5hdXRoLmJhY2tlbmRzLk1vZGVsQmFja2VuZCIsInJvb21zIjpbXX0=','2017-06-02 13:41:41.412744'),
	('chnc16ca1f73cf6b8dc2e79cae16f60e','ODdiYTU2MGI3Y2JjN2MyNzE0Mjk5OGM3M2M5MmFhYmM3ZDgzMWIxMjp7Il9hdXRoX3VzZXJfaGFzaCI6IjljMjRiZDc3NzYwZmNjMDFhN2E0YmMyMGM3OGI3NzFlZWRmYjg5OWUiLCJfYXV0aF91c2VyX2JhY2tlbmQiOiJkamFuZ28uY29udHJpYi5hdXRoLmJhY2tlbmRzLk1vZGVsQmFja2VuZCIsIl9hdXRoX3VzZXJfaWQiOiIxMzYiLCJyb29tcyI6Wzc5MTM2XX0=','2017-06-07 16:27:22.542620'),
	('chnc17559be21639435f5cfb094163c2','NTA2MmFmOGY0M2FmYzg4MWE2YmVkMDNkNmRhM2YwMWQ0ZTMxNWI0Mjp7Il9hdXRoX3VzZXJfaGFzaCI6Ijc5ZTFmNjA3YjYwOGU1ZDljY2FkNjUyYzFmOWE3ZDM5NDcyYjU3NmMiLCJfYXV0aF91c2VyX2JhY2tlbmQiOiJkamFuZ28uY29udHJpYi5hdXRoLmJhY2tlbmRzLk1vZGVsQmFja2VuZCIsIl9hdXRoX3VzZXJfaWQiOiI3OSIsInJvb21zIjpbNzkxMzZdfQ==','2017-06-13 10:20:03.595825'),
	('chnc19021870e35009304a8c5984fbc3','ZmZmNDljZmY3NWM3NjVhODNjMTM3YmExYTkwZTcyZTkyZDU5OTIxNDp7Il9hdXRoX3VzZXJfaGFzaCI6IjEyMmVhYzJhMWUwNmE3ZjZiNmJiMTM0NWZkOGYyZDk1NWYyMmQyZjQiLCJfYXV0aF91c2VyX2JhY2tlbmQiOiJkamFuZ28uY29udHJpYi5hdXRoLmJhY2tlbmRzLk1vZGVsQmFja2VuZCIsIl9hdXRoX3VzZXJfaWQiOiI3OSIsInJvb21zIjpbNzk5MF19','2017-06-08 17:01:29.363333'),
	('chnc2274e2a0c328ef831a2d698d9905','MWE0Y2E0NGFmMGM2YTBkNjJlY2ZmNGY0MzY5MzJlOGI3ZWE2NDc5YTp7Il9hdXRoX3VzZXJfaGFzaCI6IjEyMmVhYzJhMWUwNmE3ZjZiNmJiMTM0NWZkOGYyZDk1NWYyMmQyZjQiLCJfYXV0aF91c2VyX2JhY2tlbmQiOiJkamFuZ28uY29udHJpYi5hdXRoLmJhY2tlbmRzLk1vZGVsQmFja2VuZCIsIl9hdXRoX3VzZXJfaWQiOiI3OSIsInJvb21zIjpbNzk4M119','2017-06-08 12:57:17.946917'),
	('chnc234fe120ca65ea085bc0c3635d9b','NTBlZTczNjMxMTQ1NzY4NmNmNTM2YTFlNGU4MWQxZjYzOWY1MTA0NDp7Il9hdXRoX3VzZXJfaGFzaCI6IjEyMmVhYzJhMWUwNmE3ZjZiNmJiMTM0NWZkOGYyZDk1NWYyMmQyZjQiLCJfYXV0aF91c2VyX2lkIjoiNzkiLCJfYXV0aF91c2VyX2JhY2tlbmQiOiJkamFuZ28uY29udHJpYi5hdXRoLmJhY2tlbmRzLk1vZGVsQmFja2VuZCIsInJvb21zIjpbXX0=','2017-06-06 10:41:33.337917'),
	('chnc3906a5bd3a2df3506f830d04ff37','YTc0ZTczNDAxNmYyOTZmYWJjNzAyOTY1MWRhM2Q3NzIxMzI2ZDQxNDp7Il9hdXRoX3VzZXJfaGFzaCI6IjVkMmM5YWIzMDc3MzM3NzNiOTI3NTIwZGExNjJhNzhlMWYwOTM2OWUiLCJfYXV0aF91c2VyX2JhY2tlbmQiOiJkamFuZ28uY29udHJpYi5hdXRoLmJhY2tlbmRzLk1vZGVsQmFja2VuZCIsIl9hdXRoX3VzZXJfaWQiOiI4MyIsInJvb21zIjpbMTM2ODBdfQ==','2017-06-02 14:54:55.307649'),
	('chnc3c7c4dc39af6a579ce43fb7f9ea8','NzEwNGUxY2FkOWY2NmNlMDAyYzc3MzdmNDk1NzRlNTVlNWU4Y2IwNjp7fQ==','2017-06-06 14:12:47.020540'),
	('chnc3f133adf666ef1d446e887cf573f','Yzg1NzcyZjFiNmRjMGEyZWQ3NDdlYWI0NDNhZWY3OTkyMTIyYTc4YTp7Il9hdXRoX3VzZXJfaGFzaCI6IjEyMmVhYzJhMWUwNmE3ZjZiNmJiMTM0NWZkOGYyZDk1NWYyMmQyZjQiLCJfYXV0aF91c2VyX2JhY2tlbmQiOiJkamFuZ28uY29udHJpYi5hdXRoLmJhY2tlbmRzLk1vZGVsQmFja2VuZCIsIl9hdXRoX3VzZXJfaWQiOiI3OSIsInJvb21zIjpbMTM2NzldfQ==','2017-06-04 15:40:50.642922'),
	('chnc4667bf8fe5bd3ebda8f2f2e82c5a','YmEwZWE5MjNhNGQyMmI2N2MzOTAwMjdhYzc2MjZlYWZjNDFmNTk2ZTp7Il9hdXRoX3VzZXJfaGFzaCI6IjljMjRiZDc3NzYwZmNjMDFhN2E0YmMyMGM3OGI3NzFlZWRmYjg5OWUiLCJfYXV0aF91c2VyX2JhY2tlbmQiOiJkamFuZ28uY29udHJpYi5hdXRoLmJhY2tlbmRzLk1vZGVsQmFja2VuZCIsIl9hdXRoX3VzZXJfaWQiOiIxMzYiLCJyb29tcyI6WzEzNjc5XX0=','2017-06-05 11:31:15.328963'),
	('chnc4ff894d00e0fcbaaa99a05ebe883','NzEwNGUxY2FkOWY2NmNlMDAyYzc3MzdmNDk1NzRlNTVlNWU4Y2IwNjp7fQ==','2017-06-06 11:46:33.048504'),
	('chnc50e91f74ec6ccf274ea29c1b824b','YmEwZWE5MjNhNGQyMmI2N2MzOTAwMjdhYzc2MjZlYWZjNDFmNTk2ZTp7Il9hdXRoX3VzZXJfaGFzaCI6IjljMjRiZDc3NzYwZmNjMDFhN2E0YmMyMGM3OGI3NzFlZWRmYjg5OWUiLCJfYXV0aF91c2VyX2JhY2tlbmQiOiJkamFuZ28uY29udHJpYi5hdXRoLmJhY2tlbmRzLk1vZGVsQmFja2VuZCIsIl9hdXRoX3VzZXJfaWQiOiIxMzYiLCJyb29tcyI6WzEzNjc5XX0=','2017-06-05 11:18:26.796870'),
	('chnc65fba0f5458490a80e170a2551fb','NTBlZTczNjMxMTQ1NzY4NmNmNTM2YTFlNGU4MWQxZjYzOWY1MTA0NDp7Il9hdXRoX3VzZXJfaGFzaCI6IjEyMmVhYzJhMWUwNmE3ZjZiNmJiMTM0NWZkOGYyZDk1NWYyMmQyZjQiLCJfYXV0aF91c2VyX2lkIjoiNzkiLCJfYXV0aF91c2VyX2JhY2tlbmQiOiJkamFuZ28uY29udHJpYi5hdXRoLmJhY2tlbmRzLk1vZGVsQmFja2VuZCIsInJvb21zIjpbXX0=','2017-06-04 12:24:16.445769'),
	('chnc6a372333cab370251aba3c854439','YmEwZWE5MjNhNGQyMmI2N2MzOTAwMjdhYzc2MjZlYWZjNDFmNTk2ZTp7Il9hdXRoX3VzZXJfaGFzaCI6IjljMjRiZDc3NzYwZmNjMDFhN2E0YmMyMGM3OGI3NzFlZWRmYjg5OWUiLCJfYXV0aF91c2VyX2JhY2tlbmQiOiJkamFuZ28uY29udHJpYi5hdXRoLmJhY2tlbmRzLk1vZGVsQmFja2VuZCIsIl9hdXRoX3VzZXJfaWQiOiIxMzYiLCJyb29tcyI6WzEzNjc5XX0=','2017-06-04 23:29:41.803549'),
	('chnc73b426ec5895d83d3a8c8858850c','MWE0Y2E0NGFmMGM2YTBkNjJlY2ZmNGY0MzY5MzJlOGI3ZWE2NDc5YTp7Il9hdXRoX3VzZXJfaGFzaCI6IjEyMmVhYzJhMWUwNmE3ZjZiNmJiMTM0NWZkOGYyZDk1NWYyMmQyZjQiLCJfYXV0aF91c2VyX2JhY2tlbmQiOiJkamFuZ28uY29udHJpYi5hdXRoLmJhY2tlbmRzLk1vZGVsQmFja2VuZCIsIl9hdXRoX3VzZXJfaWQiOiI3OSIsInJvb21zIjpbNzk4M119','2017-06-08 12:57:13.593057'),
	('chnc77666fd65a4867f0853b6e0a260a','ZWQ1Nzc0YjUyMzA4NDQ2Njk5N2UzMjFhNWNiZmY3YjllYTNkOTAzODp7Il9hdXRoX3VzZXJfaGFzaCI6IjEyMmVhYzJhMWUwNmE3ZjZiNmJiMTM0NWZkOGYyZDk1NWYyMmQyZjQiLCJfYXV0aF91c2VyX2JhY2tlbmQiOiJkamFuZ28uY29udHJpYi5hdXRoLmJhY2tlbmRzLk1vZGVsQmFja2VuZCIsIl9hdXRoX3VzZXJfaWQiOiI3OSIsInJvb21zIjpbMTM2ODBdfQ==','2017-06-03 16:13:35.153585'),
	('chnc7885455406a548531f3c44237e8c','YmEwZWE5MjNhNGQyMmI2N2MzOTAwMjdhYzc2MjZlYWZjNDFmNTk2ZTp7Il9hdXRoX3VzZXJfaGFzaCI6IjljMjRiZDc3NzYwZmNjMDFhN2E0YmMyMGM3OGI3NzFlZWRmYjg5OWUiLCJfYXV0aF91c2VyX2JhY2tlbmQiOiJkamFuZ28uY29udHJpYi5hdXRoLmJhY2tlbmRzLk1vZGVsQmFja2VuZCIsIl9hdXRoX3VzZXJfaWQiOiIxMzYiLCJyb29tcyI6WzEzNjc5XX0=','2017-06-04 23:39:01.809830'),
	('chnc78bd99b6453efccc0194f006c98e','ODI2NWFhM2Q5OGI3YjllODJhZTM0ZTFkMWJjYTA5MGIyOTgzMmUwMTp7Il9hdXRoX3VzZXJfaGFzaCI6IjEyMmVhYzJhMWUwNmE3ZjZiNmJiMTM0NWZkOGYyZDk1NWYyMmQyZjQiLCJfYXV0aF91c2VyX2JhY2tlbmQiOiJkamFuZ28uY29udHJpYi5hdXRoLmJhY2tlbmRzLk1vZGVsQmFja2VuZCIsIl9hdXRoX3VzZXJfaWQiOiI3OSIsInJvb21zIjpbNzkxMzZdfQ==','2017-06-08 13:32:20.130260'),
	('chnc7d085ca1d99642756d41911e40bc','ZmZmNDljZmY3NWM3NjVhODNjMTM3YmExYTkwZTcyZTkyZDU5OTIxNDp7Il9hdXRoX3VzZXJfaGFzaCI6IjEyMmVhYzJhMWUwNmE3ZjZiNmJiMTM0NWZkOGYyZDk1NWYyMmQyZjQiLCJfYXV0aF91c2VyX2JhY2tlbmQiOiJkamFuZ28uY29udHJpYi5hdXRoLmJhY2tlbmRzLk1vZGVsQmFja2VuZCIsIl9hdXRoX3VzZXJfaWQiOiI3OSIsInJvb21zIjpbNzk5MF19','2017-06-08 22:12:01.522675'),
	('chnc814ad2de623588f371d6d8734f60','Yzg1NzcyZjFiNmRjMGEyZWQ3NDdlYWI0NDNhZWY3OTkyMTIyYTc4YTp7Il9hdXRoX3VzZXJfaGFzaCI6IjEyMmVhYzJhMWUwNmE3ZjZiNmJiMTM0NWZkOGYyZDk1NWYyMmQyZjQiLCJfYXV0aF91c2VyX2JhY2tlbmQiOiJkamFuZ28uY29udHJpYi5hdXRoLmJhY2tlbmRzLk1vZGVsQmFja2VuZCIsIl9hdXRoX3VzZXJfaWQiOiI3OSIsInJvb21zIjpbMTM2NzldfQ==','2017-06-05 11:54:50.912291'),
	('chnc824c33926d2e9bcd9c74559867c7','YmEwZWE5MjNhNGQyMmI2N2MzOTAwMjdhYzc2MjZlYWZjNDFmNTk2ZTp7Il9hdXRoX3VzZXJfaGFzaCI6IjljMjRiZDc3NzYwZmNjMDFhN2E0YmMyMGM3OGI3NzFlZWRmYjg5OWUiLCJfYXV0aF91c2VyX2JhY2tlbmQiOiJkamFuZ28uY29udHJpYi5hdXRoLmJhY2tlbmRzLk1vZGVsQmFja2VuZCIsIl9hdXRoX3VzZXJfaWQiOiIxMzYiLCJyb29tcyI6WzEzNjc5XX0=','2017-06-04 23:43:02.746176'),
	('chnc8aa44a2cad42dcf76a195a8b4fc1','Yzg1NzcyZjFiNmRjMGEyZWQ3NDdlYWI0NDNhZWY3OTkyMTIyYTc4YTp7Il9hdXRoX3VzZXJfaGFzaCI6IjEyMmVhYzJhMWUwNmE3ZjZiNmJiMTM0NWZkOGYyZDk1NWYyMmQyZjQiLCJfYXV0aF91c2VyX2JhY2tlbmQiOiJkamFuZ28uY29udHJpYi5hdXRoLmJhY2tlbmRzLk1vZGVsQmFja2VuZCIsIl9hdXRoX3VzZXJfaWQiOiI3OSIsInJvb21zIjpbMTM2NzldfQ==','2017-06-06 17:52:58.875066'),
	('chnc9246af1f0e3285dfe4f93ea327a6','Yzg1NzcyZjFiNmRjMGEyZWQ3NDdlYWI0NDNhZWY3OTkyMTIyYTc4YTp7Il9hdXRoX3VzZXJfaGFzaCI6IjEyMmVhYzJhMWUwNmE3ZjZiNmJiMTM0NWZkOGYyZDk1NWYyMmQyZjQiLCJfYXV0aF91c2VyX2JhY2tlbmQiOiJkamFuZ28uY29udHJpYi5hdXRoLmJhY2tlbmRzLk1vZGVsQmFja2VuZCIsIl9hdXRoX3VzZXJfaWQiOiI3OSIsInJvb21zIjpbMTM2NzldfQ==','2017-06-04 15:45:41.231834'),
	('chnc98b136211ea6865a07a2d3bc5965','ZmZmNDljZmY3NWM3NjVhODNjMTM3YmExYTkwZTcyZTkyZDU5OTIxNDp7Il9hdXRoX3VzZXJfaGFzaCI6IjEyMmVhYzJhMWUwNmE3ZjZiNmJiMTM0NWZkOGYyZDk1NWYyMmQyZjQiLCJfYXV0aF91c2VyX2JhY2tlbmQiOiJkamFuZ28uY29udHJpYi5hdXRoLmJhY2tlbmRzLk1vZGVsQmFja2VuZCIsIl9hdXRoX3VzZXJfaWQiOiI3OSIsInJvb21zIjpbNzk5MF19','2017-06-08 13:08:40.626637'),
	('chnca139b0340774488e3116007a32e4','YmEwZWE5MjNhNGQyMmI2N2MzOTAwMjdhYzc2MjZlYWZjNDFmNTk2ZTp7Il9hdXRoX3VzZXJfaGFzaCI6IjljMjRiZDc3NzYwZmNjMDFhN2E0YmMyMGM3OGI3NzFlZWRmYjg5OWUiLCJfYXV0aF91c2VyX2JhY2tlbmQiOiJkamFuZ28uY29udHJpYi5hdXRoLmJhY2tlbmRzLk1vZGVsQmFja2VuZCIsIl9hdXRoX3VzZXJfaWQiOiIxMzYiLCJyb29tcyI6WzEzNjc5XX0=','2017-06-04 23:01:12.474469'),
	('chnca6c079ce31634ee75e8c89730d3b','ZjNiYmY3M2MzODMwMzczYWMxNWZlNGQ1ZDNiM2RhYWY1OGNiYTM0NTp7Il9hdXRoX3VzZXJfaGFzaCI6IjljMjRiZDc3NzYwZmNjMDFhN2E0YmMyMGM3OGI3NzFlZWRmYjg5OWUiLCJfYXV0aF91c2VyX2JhY2tlbmQiOiJkamFuZ28uY29udHJpYi5hdXRoLmJhY2tlbmRzLk1vZGVsQmFja2VuZCIsIl9hdXRoX3VzZXJfaWQiOiIxMzYiLCJyb29tcyI6WzFdfQ==','2017-06-04 16:17:10.651708'),
	('chncb7e4d1ca400927b6f8dee03d117c','Yzg1NzcyZjFiNmRjMGEyZWQ3NDdlYWI0NDNhZWY3OTkyMTIyYTc4YTp7Il9hdXRoX3VzZXJfaGFzaCI6IjEyMmVhYzJhMWUwNmE3ZjZiNmJiMTM0NWZkOGYyZDk1NWYyMmQyZjQiLCJfYXV0aF91c2VyX2JhY2tlbmQiOiJkamFuZ28uY29udHJpYi5hdXRoLmJhY2tlbmRzLk1vZGVsQmFja2VuZCIsIl9hdXRoX3VzZXJfaWQiOiI3OSIsInJvb21zIjpbMTM2NzldfQ==','2017-06-05 11:56:33.996925'),
	('chncbc3c85ee55f5a296659c78f923e1','Yzg1NzcyZjFiNmRjMGEyZWQ3NDdlYWI0NDNhZWY3OTkyMTIyYTc4YTp7Il9hdXRoX3VzZXJfaGFzaCI6IjEyMmVhYzJhMWUwNmE3ZjZiNmJiMTM0NWZkOGYyZDk1NWYyMmQyZjQiLCJfYXV0aF91c2VyX2JhY2tlbmQiOiJkamFuZ28uY29udHJpYi5hdXRoLmJhY2tlbmRzLk1vZGVsQmFja2VuZCIsIl9hdXRoX3VzZXJfaWQiOiI3OSIsInJvb21zIjpbMTM2NzldfQ==','2017-06-04 15:33:44.825263'),
	('chncbea448dfefbf5ec4694add2b02d1','ODdiYTU2MGI3Y2JjN2MyNzE0Mjk5OGM3M2M5MmFhYmM3ZDgzMWIxMjp7Il9hdXRoX3VzZXJfaGFzaCI6IjljMjRiZDc3NzYwZmNjMDFhN2E0YmMyMGM3OGI3NzFlZWRmYjg5OWUiLCJfYXV0aF91c2VyX2JhY2tlbmQiOiJkamFuZ28uY29udHJpYi5hdXRoLmJhY2tlbmRzLk1vZGVsQmFja2VuZCIsIl9hdXRoX3VzZXJfaWQiOiIxMzYiLCJyb29tcyI6Wzc5MTM2XX0=','2017-06-07 18:30:21.506937'),
	('chncc04e635aab759e444a05f429dfe4','ZjNiYmY3M2MzODMwMzczYWMxNWZlNGQ1ZDNiM2RhYWY1OGNiYTM0NTp7Il9hdXRoX3VzZXJfaGFzaCI6IjljMjRiZDc3NzYwZmNjMDFhN2E0YmMyMGM3OGI3NzFlZWRmYjg5OWUiLCJfYXV0aF91c2VyX2JhY2tlbmQiOiJkamFuZ28uY29udHJpYi5hdXRoLmJhY2tlbmRzLk1vZGVsQmFja2VuZCIsIl9hdXRoX3VzZXJfaWQiOiIxMzYiLCJyb29tcyI6WzFdfQ==','2017-06-04 22:51:12.512859'),
	('chncc5cb0aa32e68d555656e13005d5f','Yzg1NzcyZjFiNmRjMGEyZWQ3NDdlYWI0NDNhZWY3OTkyMTIyYTc4YTp7Il9hdXRoX3VzZXJfaGFzaCI6IjEyMmVhYzJhMWUwNmE3ZjZiNmJiMTM0NWZkOGYyZDk1NWYyMmQyZjQiLCJfYXV0aF91c2VyX2JhY2tlbmQiOiJkamFuZ28uY29udHJpYi5hdXRoLmJhY2tlbmRzLk1vZGVsQmFja2VuZCIsIl9hdXRoX3VzZXJfaWQiOiI3OSIsInJvb21zIjpbMTM2NzldfQ==','2017-06-04 12:24:21.181309'),
	('chncc6a903eb6e9d9a96e205b3c82f74','ZjY2OGY3MDdmNTI4ODk5Nzg5Y2VkNjhkOWM4ODJlMmVhZjUzMDk3Mzp7Il9hdXRoX3VzZXJfaGFzaCI6IjJhNDUyZDYwZDRjMGFkMzg2YjFiNjczYmQ5YTNiNzYzMDY0NWJkNGQiLCJfYXV0aF91c2VyX2lkIjoiMSIsIl9hdXRoX3VzZXJfYmFja2VuZCI6ImRqYW5nby5jb250cmliLmF1dGguYmFja2VuZHMuTW9kZWxCYWNrZW5kIiwicm9vbXMiOltdfQ==','2017-05-27 16:30:16.495485'),
	('chncc9c89300bff4dcad305691441d73','NzEwNGUxY2FkOWY2NmNlMDAyYzc3MzdmNDk1NzRlNTVlNWU4Y2IwNjp7fQ==','2017-06-06 15:04:54.092491'),
	('chncca9bf7b4ef900e8a7e35643526ce','NTBlZTczNjMxMTQ1NzY4NmNmNTM2YTFlNGU4MWQxZjYzOWY1MTA0NDp7Il9hdXRoX3VzZXJfaGFzaCI6IjEyMmVhYzJhMWUwNmE3ZjZiNmJiMTM0NWZkOGYyZDk1NWYyMmQyZjQiLCJfYXV0aF91c2VyX2lkIjoiNzkiLCJfYXV0aF91c2VyX2JhY2tlbmQiOiJkamFuZ28uY29udHJpYi5hdXRoLmJhY2tlbmRzLk1vZGVsQmFja2VuZCIsInJvb21zIjpbXX0=','2017-06-07 13:51:29.905225'),
	('chncce5b3837fdc0b2845a3291b73d1b','YmEwZWE5MjNhNGQyMmI2N2MzOTAwMjdhYzc2MjZlYWZjNDFmNTk2ZTp7Il9hdXRoX3VzZXJfaGFzaCI6IjljMjRiZDc3NzYwZmNjMDFhN2E0YmMyMGM3OGI3NzFlZWRmYjg5OWUiLCJfYXV0aF91c2VyX2JhY2tlbmQiOiJkamFuZ28uY29udHJpYi5hdXRoLmJhY2tlbmRzLk1vZGVsQmFja2VuZCIsIl9hdXRoX3VzZXJfaWQiOiIxMzYiLCJyb29tcyI6WzEzNjc5XX0=','2017-06-05 12:46:56.289010'),
	('chnce0bd0e2b98c6bd74efde724be872','NTBlZTczNjMxMTQ1NzY4NmNmNTM2YTFlNGU4MWQxZjYzOWY1MTA0NDp7Il9hdXRoX3VzZXJfaGFzaCI6IjEyMmVhYzJhMWUwNmE3ZjZiNmJiMTM0NWZkOGYyZDk1NWYyMmQyZjQiLCJfYXV0aF91c2VyX2lkIjoiNzkiLCJfYXV0aF91c2VyX2JhY2tlbmQiOiJkamFuZ28uY29udHJpYi5hdXRoLmJhY2tlbmRzLk1vZGVsQmFja2VuZCIsInJvb21zIjpbXX0=','2017-06-02 13:50:01.029602'),
	('chncf6e053d6d61438f523bbb2d5dc53','Yzg1NzcyZjFiNmRjMGEyZWQ3NDdlYWI0NDNhZWY3OTkyMTIyYTc4YTp7Il9hdXRoX3VzZXJfaGFzaCI6IjEyMmVhYzJhMWUwNmE3ZjZiNmJiMTM0NWZkOGYyZDk1NWYyMmQyZjQiLCJfYXV0aF91c2VyX2JhY2tlbmQiOiJkamFuZ28uY29udHJpYi5hdXRoLmJhY2tlbmRzLk1vZGVsQmFja2VuZCIsIl9hdXRoX3VzZXJfaWQiOiI3OSIsInJvb21zIjpbMTM2NzldfQ==','2017-06-04 12:34:51.718139'),
	('chncf78f6b81650c021c9fb36d6b61a4','NzEwNGUxY2FkOWY2NmNlMDAyYzc3MzdmNDk1NzRlNTVlNWU4Y2IwNjp7fQ==','2017-06-06 13:58:32.014446'),
	('chncfb848de0aff3a184afdaf8084025','ODI2NWFhM2Q5OGI3YjllODJhZTM0ZTFkMWJjYTA5MGIyOTgzMmUwMTp7Il9hdXRoX3VzZXJfaGFzaCI6IjEyMmVhYzJhMWUwNmE3ZjZiNmJiMTM0NWZkOGYyZDk1NWYyMmQyZjQiLCJfYXV0aF91c2VyX2JhY2tlbmQiOiJkamFuZ28uY29udHJpYi5hdXRoLmJhY2tlbmRzLk1vZGVsQmFja2VuZCIsIl9hdXRoX3VzZXJfaWQiOiI3OSIsInJvb21zIjpbNzkxMzZdfQ==','2017-06-07 19:06:49.359416'),
	('chnd06f4a2bd05dc1d982e93a9ad76b4','YmEwZWE5MjNhNGQyMmI2N2MzOTAwMjdhYzc2MjZlYWZjNDFmNTk2ZTp7Il9hdXRoX3VzZXJfaGFzaCI6IjljMjRiZDc3NzYwZmNjMDFhN2E0YmMyMGM3OGI3NzFlZWRmYjg5OWUiLCJfYXV0aF91c2VyX2JhY2tlbmQiOiJkamFuZ28uY29udHJpYi5hdXRoLmJhY2tlbmRzLk1vZGVsQmFja2VuZCIsIl9hdXRoX3VzZXJfaWQiOiIxMzYiLCJyb29tcyI6WzEzNjc5XX0=','2017-06-05 00:00:17.808014'),
	('chnd0c433ff0c656b8f27628f2842423','YmEwZWE5MjNhNGQyMmI2N2MzOTAwMjdhYzc2MjZlYWZjNDFmNTk2ZTp7Il9hdXRoX3VzZXJfaGFzaCI6IjljMjRiZDc3NzYwZmNjMDFhN2E0YmMyMGM3OGI3NzFlZWRmYjg5OWUiLCJfYXV0aF91c2VyX2JhY2tlbmQiOiJkamFuZ28uY29udHJpYi5hdXRoLmJhY2tlbmRzLk1vZGVsQmFja2VuZCIsIl9hdXRoX3VzZXJfaWQiOiIxMzYiLCJyb29tcyI6WzEzNjc5XX0=','2017-06-05 17:55:40.847379'),
	('chnd11fa8ee17a1fc3c9740639c77676','YmEwZWE5MjNhNGQyMmI2N2MzOTAwMjdhYzc2MjZlYWZjNDFmNTk2ZTp7Il9hdXRoX3VzZXJfaGFzaCI6IjljMjRiZDc3NzYwZmNjMDFhN2E0YmMyMGM3OGI3NzFlZWRmYjg5OWUiLCJfYXV0aF91c2VyX2JhY2tlbmQiOiJkamFuZ28uY29udHJpYi5hdXRoLmJhY2tlbmRzLk1vZGVsQmFja2VuZCIsIl9hdXRoX3VzZXJfaWQiOiIxMzYiLCJyb29tcyI6WzEzNjc5XX0=','2017-06-04 23:25:33.949163'),
	('chnd14f59350ff2a41be8f55d9212588','Yzg1NzcyZjFiNmRjMGEyZWQ3NDdlYWI0NDNhZWY3OTkyMTIyYTc4YTp7Il9hdXRoX3VzZXJfaGFzaCI6IjEyMmVhYzJhMWUwNmE3ZjZiNmJiMTM0NWZkOGYyZDk1NWYyMmQyZjQiLCJfYXV0aF91c2VyX2JhY2tlbmQiOiJkamFuZ28uY29udHJpYi5hdXRoLmJhY2tlbmRzLk1vZGVsQmFja2VuZCIsIl9hdXRoX3VzZXJfaWQiOiI3OSIsInJvb21zIjpbMTM2NzldfQ==','2017-06-04 12:41:57.725258'),
	('chnd15ac26e1d9e735c099e057f9e920','ODI2NWFhM2Q5OGI3YjllODJhZTM0ZTFkMWJjYTA5MGIyOTgzMmUwMTp7Il9hdXRoX3VzZXJfaGFzaCI6IjEyMmVhYzJhMWUwNmE3ZjZiNmJiMTM0NWZkOGYyZDk1NWYyMmQyZjQiLCJfYXV0aF91c2VyX2JhY2tlbmQiOiJkamFuZ28uY29udHJpYi5hdXRoLmJhY2tlbmRzLk1vZGVsQmFja2VuZCIsIl9hdXRoX3VzZXJfaWQiOiI3OSIsInJvb21zIjpbNzkxMzZdfQ==','2017-06-08 13:32:59.293224'),
	('chnd1a813a4d313fb013ba969c821a83','YmEwZWE5MjNhNGQyMmI2N2MzOTAwMjdhYzc2MjZlYWZjNDFmNTk2ZTp7Il9hdXRoX3VzZXJfaGFzaCI6IjljMjRiZDc3NzYwZmNjMDFhN2E0YmMyMGM3OGI3NzFlZWRmYjg5OWUiLCJfYXV0aF91c2VyX2JhY2tlbmQiOiJkamFuZ28uY29udHJpYi5hdXRoLmJhY2tlbmRzLk1vZGVsQmFja2VuZCIsIl9hdXRoX3VzZXJfaWQiOiIxMzYiLCJyb29tcyI6WzEzNjc5XX0=','2017-06-04 23:16:30.934888'),
	('chnd1e90a8c98ae224d7213dc230c058','YTc0ZTczNDAxNmYyOTZmYWJjNzAyOTY1MWRhM2Q3NzIxMzI2ZDQxNDp7Il9hdXRoX3VzZXJfaGFzaCI6IjVkMmM5YWIzMDc3MzM3NzNiOTI3NTIwZGExNjJhNzhlMWYwOTM2OWUiLCJfYXV0aF91c2VyX2JhY2tlbmQiOiJkamFuZ28uY29udHJpYi5hdXRoLmJhY2tlbmRzLk1vZGVsQmFja2VuZCIsIl9hdXRoX3VzZXJfaWQiOiI4MyIsInJvb21zIjpbMTM2ODBdfQ==','2017-06-02 14:59:54.091232'),
	('chnd24c3006f5935e60969b4a3b7cee8','Mjg1ODZmNzZmOWQyYjFmYzkyNGMyOWZhZGU3OTAwNzgyOTM5ZWQ5Yjp7Il9hdXRoX3VzZXJfaGFzaCI6Ijc5ZTFmNjA3YjYwOGU1ZDljY2FkNjUyYzFmOWE3ZDM5NDcyYjU3NmMiLCJfYXV0aF91c2VyX2JhY2tlbmQiOiJkamFuZ28uY29udHJpYi5hdXRoLmJhY2tlbmRzLk1vZGVsQmFja2VuZCIsIl9hdXRoX3VzZXJfaWQiOiI3OSIsInJvb21zIjpbMV19','2017-06-09 13:45:48.667461'),
	('chnd287ad463801a460d8f0241475323','ZmI0YzQwYzNiMmM1MDYwYjdiY2NiNjAyZWRlYzlhNTQ1NTc3NGRhZjp7Il9hdXRoX3VzZXJfaGFzaCI6IjEyMmVhYzJhMWUwNmE3ZjZiNmJiMTM0NWZkOGYyZDk1NWYyMmQyZjQiLCJfYXV0aF91c2VyX2JhY2tlbmQiOiJkamFuZ28uY29udHJpYi5hdXRoLmJhY2tlbmRzLk1vZGVsQmFja2VuZCIsIl9hdXRoX3VzZXJfaWQiOiI3OSIsInJvb21zIjpbNzk3OV19','2017-06-06 10:41:50.115690'),
	('chnd2906f075d483d0e442f1748db7ba','ODI2NWFhM2Q5OGI3YjllODJhZTM0ZTFkMWJjYTA5MGIyOTgzMmUwMTp7Il9hdXRoX3VzZXJfaGFzaCI6IjEyMmVhYzJhMWUwNmE3ZjZiNmJiMTM0NWZkOGYyZDk1NWYyMmQyZjQiLCJfYXV0aF91c2VyX2JhY2tlbmQiOiJkamFuZ28uY29udHJpYi5hdXRoLmJhY2tlbmRzLk1vZGVsQmFja2VuZCIsIl9hdXRoX3VzZXJfaWQiOiI3OSIsInJvb21zIjpbNzkxMzZdfQ==','2017-06-08 13:33:48.323497'),
	('chnd2bc8144be3f284bbc02a5dfab72d','YmEwZWE5MjNhNGQyMmI2N2MzOTAwMjdhYzc2MjZlYWZjNDFmNTk2ZTp7Il9hdXRoX3VzZXJfaGFzaCI6IjljMjRiZDc3NzYwZmNjMDFhN2E0YmMyMGM3OGI3NzFlZWRmYjg5OWUiLCJfYXV0aF91c2VyX2JhY2tlbmQiOiJkamFuZ28uY29udHJpYi5hdXRoLmJhY2tlbmRzLk1vZGVsQmFja2VuZCIsIl9hdXRoX3VzZXJfaWQiOiIxMzYiLCJyb29tcyI6WzEzNjc5XX0=','2017-06-05 22:40:47.571893'),
	('chnd329700be61b767c2f4df3dcac5e3','ZWQ1Nzc0YjUyMzA4NDQ2Njk5N2UzMjFhNWNiZmY3YjllYTNkOTAzODp7Il9hdXRoX3VzZXJfaGFzaCI6IjEyMmVhYzJhMWUwNmE3ZjZiNmJiMTM0NWZkOGYyZDk1NWYyMmQyZjQiLCJfYXV0aF91c2VyX2JhY2tlbmQiOiJkamFuZ28uY29udHJpYi5hdXRoLmJhY2tlbmRzLk1vZGVsQmFja2VuZCIsIl9hdXRoX3VzZXJfaWQiOiI3OSIsInJvb21zIjpbMTM2ODBdfQ==','2017-06-03 15:49:37.171168'),
	('chnd359f920feaf9898590bf70a0d531','Yzg1NzcyZjFiNmRjMGEyZWQ3NDdlYWI0NDNhZWY3OTkyMTIyYTc4YTp7Il9hdXRoX3VzZXJfaGFzaCI6IjEyMmVhYzJhMWUwNmE3ZjZiNmJiMTM0NWZkOGYyZDk1NWYyMmQyZjQiLCJfYXV0aF91c2VyX2JhY2tlbmQiOiJkamFuZ28uY29udHJpYi5hdXRoLmJhY2tlbmRzLk1vZGVsQmFja2VuZCIsIl9hdXRoX3VzZXJfaWQiOiI3OSIsInJvb21zIjpbMTM2NzldfQ==','2017-06-04 15:31:49.595357'),
	('chnd36537cdf9d3545d2192c836d4959','NTBlZTczNjMxMTQ1NzY4NmNmNTM2YTFlNGU4MWQxZjYzOWY1MTA0NDp7Il9hdXRoX3VzZXJfaGFzaCI6IjEyMmVhYzJhMWUwNmE3ZjZiNmJiMTM0NWZkOGYyZDk1NWYyMmQyZjQiLCJfYXV0aF91c2VyX2lkIjoiNzkiLCJfYXV0aF91c2VyX2JhY2tlbmQiOiJkamFuZ28uY29udHJpYi5hdXRoLmJhY2tlbmRzLk1vZGVsQmFja2VuZCIsInJvb21zIjpbXX0=','2017-06-02 14:22:33.378224'),
	('chnd375c1c050c13ad2a54f87e97b776','NzEwNGUxY2FkOWY2NmNlMDAyYzc3MzdmNDk1NzRlNTVlNWU4Y2IwNjp7fQ==','2017-06-06 15:05:45.269054'),
	('chnd4700a29787145cf545baa2c6ab9f','YmEwZWE5MjNhNGQyMmI2N2MzOTAwMjdhYzc2MjZlYWZjNDFmNTk2ZTp7Il9hdXRoX3VzZXJfaGFzaCI6IjljMjRiZDc3NzYwZmNjMDFhN2E0YmMyMGM3OGI3NzFlZWRmYjg5OWUiLCJfYXV0aF91c2VyX2JhY2tlbmQiOiJkamFuZ28uY29udHJpYi5hdXRoLmJhY2tlbmRzLk1vZGVsQmFja2VuZCIsIl9hdXRoX3VzZXJfaWQiOiIxMzYiLCJyb29tcyI6WzEzNjc5XX0=','2017-06-04 23:44:40.413812'),
	('chnd4edfac7faa5e7c1bcbdbd5ebddb4','Yzg1NzcyZjFiNmRjMGEyZWQ3NDdlYWI0NDNhZWY3OTkyMTIyYTc4YTp7Il9hdXRoX3VzZXJfaGFzaCI6IjEyMmVhYzJhMWUwNmE3ZjZiNmJiMTM0NWZkOGYyZDk1NWYyMmQyZjQiLCJfYXV0aF91c2VyX2JhY2tlbmQiOiJkamFuZ28uY29udHJpYi5hdXRoLmJhY2tlbmRzLk1vZGVsQmFja2VuZCIsIl9hdXRoX3VzZXJfaWQiOiI3OSIsInJvb21zIjpbMTM2NzldfQ==','2017-06-04 12:47:23.256037'),
	('chnd53d0598bd5b50829cc6214056662','YmEwZWE5MjNhNGQyMmI2N2MzOTAwMjdhYzc2MjZlYWZjNDFmNTk2ZTp7Il9hdXRoX3VzZXJfaGFzaCI6IjljMjRiZDc3NzYwZmNjMDFhN2E0YmMyMGM3OGI3NzFlZWRmYjg5OWUiLCJfYXV0aF91c2VyX2JhY2tlbmQiOiJkamFuZ28uY29udHJpYi5hdXRoLmJhY2tlbmRzLk1vZGVsQmFja2VuZCIsIl9hdXRoX3VzZXJfaWQiOiIxMzYiLCJyb29tcyI6WzEzNjc5XX0=','2017-06-04 23:41:30.186890'),
	('chnd57074891403af4ef5714234cda05','NTBlZTczNjMxMTQ1NzY4NmNmNTM2YTFlNGU4MWQxZjYzOWY1MTA0NDp7Il9hdXRoX3VzZXJfaGFzaCI6IjEyMmVhYzJhMWUwNmE3ZjZiNmJiMTM0NWZkOGYyZDk1NWYyMmQyZjQiLCJfYXV0aF91c2VyX2lkIjoiNzkiLCJfYXV0aF91c2VyX2JhY2tlbmQiOiJkamFuZ28uY29udHJpYi5hdXRoLmJhY2tlbmRzLk1vZGVsQmFja2VuZCIsInJvb21zIjpbXX0=','2017-06-03 14:54:10.010654'),
	('chnd5d043a3e765bb170a9fc589b1beb','ZWQ1Nzc0YjUyMzA4NDQ2Njk5N2UzMjFhNWNiZmY3YjllYTNkOTAzODp7Il9hdXRoX3VzZXJfaGFzaCI6IjEyMmVhYzJhMWUwNmE3ZjZiNmJiMTM0NWZkOGYyZDk1NWYyMmQyZjQiLCJfYXV0aF91c2VyX2JhY2tlbmQiOiJkamFuZ28uY29udHJpYi5hdXRoLmJhY2tlbmRzLk1vZGVsQmFja2VuZCIsIl9hdXRoX3VzZXJfaWQiOiI3OSIsInJvb21zIjpbMTM2ODBdfQ==','2017-06-02 13:35:10.647537'),
	('chnd5ecc00535d4f79bcc13e01279e50','YmEwZWE5MjNhNGQyMmI2N2MzOTAwMjdhYzc2MjZlYWZjNDFmNTk2ZTp7Il9hdXRoX3VzZXJfaGFzaCI6IjljMjRiZDc3NzYwZmNjMDFhN2E0YmMyMGM3OGI3NzFlZWRmYjg5OWUiLCJfYXV0aF91c2VyX2JhY2tlbmQiOiJkamFuZ28uY29udHJpYi5hdXRoLmJhY2tlbmRzLk1vZGVsQmFja2VuZCIsIl9hdXRoX3VzZXJfaWQiOiIxMzYiLCJyb29tcyI6WzEzNjc5XX0=','2017-06-04 23:31:15.040645'),
	('chnd5ffd2baa3564a02667605e13ab60','YmEwZWE5MjNhNGQyMmI2N2MzOTAwMjdhYzc2MjZlYWZjNDFmNTk2ZTp7Il9hdXRoX3VzZXJfaGFzaCI6IjljMjRiZDc3NzYwZmNjMDFhN2E0YmMyMGM3OGI3NzFlZWRmYjg5OWUiLCJfYXV0aF91c2VyX2JhY2tlbmQiOiJkamFuZ28uY29udHJpYi5hdXRoLmJhY2tlbmRzLk1vZGVsQmFja2VuZCIsIl9hdXRoX3VzZXJfaWQiOiIxMzYiLCJyb29tcyI6WzEzNjc5XX0=','2017-06-04 23:29:15.253193'),
	('chnd6b297cbad930e93e55facaa68d44','ODI2NWFhM2Q5OGI3YjllODJhZTM0ZTFkMWJjYTA5MGIyOTgzMmUwMTp7Il9hdXRoX3VzZXJfaGFzaCI6IjEyMmVhYzJhMWUwNmE3ZjZiNmJiMTM0NWZkOGYyZDk1NWYyMmQyZjQiLCJfYXV0aF91c2VyX2JhY2tlbmQiOiJkamFuZ28uY29udHJpYi5hdXRoLmJhY2tlbmRzLk1vZGVsQmFja2VuZCIsIl9hdXRoX3VzZXJfaWQiOiI3OSIsInJvb21zIjpbNzkxMzZdfQ==','2017-06-07 13:53:48.512163'),
	('chnd7cce6f23ca34ad49488d761a38d2','ODUwMDZlYTAwYjA3MDBjNzk2MzI2MjlkMWQzMzExZjFlZDVkYThmYTp7Il9hdXRoX3VzZXJfaGFzaCI6IjJhNDUyZDYwZDRjMGFkMzg2YjFiNjczYmQ5YTNiNzYzMDY0NWJkNGQiLCJfYXV0aF91c2VyX2JhY2tlbmQiOiJkamFuZ28uY29udHJpYi5hdXRoLmJhY2tlbmRzLk1vZGVsQmFja2VuZCIsIl9hdXRoX3VzZXJfaWQiOiIxIiwicm9vbXMiOlsxNzldfQ==','2017-05-27 16:37:48.042387'),
	('chnd7ce3e194bddee7236d59b93821ff','OGRkOTFkZGFlMjI2ZTk1ZDc1MWJhMjk2MTQxZTJhZmU3ZWM2OTgxYjp7Il9hdXRoX3VzZXJfaGFzaCI6IjkzZmM3ZmE1ZTgwNTNiODRjOTIxOWZmOWM2ZThiNTllYzNjZGI5MDgiLCJfYXV0aF91c2VyX2lkIjoiNzkiLCJfYXV0aF91c2VyX2JhY2tlbmQiOiJkamFuZ28uY29udHJpYi5hdXRoLmJhY2tlbmRzLk1vZGVsQmFja2VuZCIsInJvb21zIjpbXX0=','2017-05-27 16:40:40.727457'),
	('chnd96838dfd3e691d007f9a017407d6','YmEwZWE5MjNhNGQyMmI2N2MzOTAwMjdhYzc2MjZlYWZjNDFmNTk2ZTp7Il9hdXRoX3VzZXJfaGFzaCI6IjljMjRiZDc3NzYwZmNjMDFhN2E0YmMyMGM3OGI3NzFlZWRmYjg5OWUiLCJfYXV0aF91c2VyX2JhY2tlbmQiOiJkamFuZ28uY29udHJpYi5hdXRoLmJhY2tlbmRzLk1vZGVsQmFja2VuZCIsIl9hdXRoX3VzZXJfaWQiOiIxMzYiLCJyb29tcyI6WzEzNjc5XX0=','2017-06-04 23:31:10.529349'),
	('chnd99003982a1caf3db539bea0e7fef','MWE0Y2E0NGFmMGM2YTBkNjJlY2ZmNGY0MzY5MzJlOGI3ZWE2NDc5YTp7Il9hdXRoX3VzZXJfaGFzaCI6IjEyMmVhYzJhMWUwNmE3ZjZiNmJiMTM0NWZkOGYyZDk1NWYyMmQyZjQiLCJfYXV0aF91c2VyX2JhY2tlbmQiOiJkamFuZ28uY29udHJpYi5hdXRoLmJhY2tlbmRzLk1vZGVsQmFja2VuZCIsIl9hdXRoX3VzZXJfaWQiOiI3OSIsInJvb21zIjpbNzk4M119','2017-06-08 14:03:20.325121'),
	('chnda5c7920f342e920640c9d5bfa8f4','YmEwZWE5MjNhNGQyMmI2N2MzOTAwMjdhYzc2MjZlYWZjNDFmNTk2ZTp7Il9hdXRoX3VzZXJfaGFzaCI6IjljMjRiZDc3NzYwZmNjMDFhN2E0YmMyMGM3OGI3NzFlZWRmYjg5OWUiLCJfYXV0aF91c2VyX2JhY2tlbmQiOiJkamFuZ28uY29udHJpYi5hdXRoLmJhY2tlbmRzLk1vZGVsQmFja2VuZCIsIl9hdXRoX3VzZXJfaWQiOiIxMzYiLCJyb29tcyI6WzEzNjc5XX0=','2017-06-04 22:54:15.835431'),
	('chnda69031544ff6a80f7bdb3ddd61f1','YmEwZWE5MjNhNGQyMmI2N2MzOTAwMjdhYzc2MjZlYWZjNDFmNTk2ZTp7Il9hdXRoX3VzZXJfaGFzaCI6IjljMjRiZDc3NzYwZmNjMDFhN2E0YmMyMGM3OGI3NzFlZWRmYjg5OWUiLCJfYXV0aF91c2VyX2JhY2tlbmQiOiJkamFuZ28uY29udHJpYi5hdXRoLmJhY2tlbmRzLk1vZGVsQmFja2VuZCIsIl9hdXRoX3VzZXJfaWQiOiIxMzYiLCJyb29tcyI6WzEzNjc5XX0=','2017-06-05 11:32:24.250535'),
	('chndae0de515b12649833c610e783b0e','ZjNiYmY3M2MzODMwMzczYWMxNWZlNGQ1ZDNiM2RhYWY1OGNiYTM0NTp7Il9hdXRoX3VzZXJfaGFzaCI6IjljMjRiZDc3NzYwZmNjMDFhN2E0YmMyMGM3OGI3NzFlZWRmYjg5OWUiLCJfYXV0aF91c2VyX2JhY2tlbmQiOiJkamFuZ28uY29udHJpYi5hdXRoLmJhY2tlbmRzLk1vZGVsQmFja2VuZCIsIl9hdXRoX3VzZXJfaWQiOiIxMzYiLCJyb29tcyI6WzFdfQ==','2017-06-05 12:25:37.098231'),
	('chndb1f4d64ea716e303f4b2c00eb25d','NTBlZTczNjMxMTQ1NzY4NmNmNTM2YTFlNGU4MWQxZjYzOWY1MTA0NDp7Il9hdXRoX3VzZXJfaGFzaCI6IjEyMmVhYzJhMWUwNmE3ZjZiNmJiMTM0NWZkOGYyZDk1NWYyMmQyZjQiLCJfYXV0aF91c2VyX2lkIjoiNzkiLCJfYXV0aF91c2VyX2JhY2tlbmQiOiJkamFuZ28uY29udHJpYi5hdXRoLmJhY2tlbmRzLk1vZGVsQmFja2VuZCIsInJvb21zIjpbXX0=','2017-06-02 14:34:50.858164'),
	('chndb571953e202f39a1f7e939080aac','Yzg1NzcyZjFiNmRjMGEyZWQ3NDdlYWI0NDNhZWY3OTkyMTIyYTc4YTp7Il9hdXRoX3VzZXJfaGFzaCI6IjEyMmVhYzJhMWUwNmE3ZjZiNmJiMTM0NWZkOGYyZDk1NWYyMmQyZjQiLCJfYXV0aF91c2VyX2JhY2tlbmQiOiJkamFuZ28uY29udHJpYi5hdXRoLmJhY2tlbmRzLk1vZGVsQmFja2VuZCIsIl9hdXRoX3VzZXJfaWQiOiI3OSIsInJvb21zIjpbMTM2NzldfQ==','2017-06-04 15:40:31.102739'),
	('chndc3b12d1022bd5417243a7030f0f9','ZjY2OGY3MDdmNTI4ODk5Nzg5Y2VkNjhkOWM4ODJlMmVhZjUzMDk3Mzp7Il9hdXRoX3VzZXJfaGFzaCI6IjJhNDUyZDYwZDRjMGFkMzg2YjFiNjczYmQ5YTNiNzYzMDY0NWJkNGQiLCJfYXV0aF91c2VyX2lkIjoiMSIsIl9hdXRoX3VzZXJfYmFja2VuZCI6ImRqYW5nby5jb250cmliLmF1dGguYmFja2VuZHMuTW9kZWxCYWNrZW5kIiwicm9vbXMiOltdfQ==','2017-05-27 16:24:45.158638'),
	('chndc463e7da3d4375ab15ece66fa9b7','ZWQ1Nzc0YjUyMzA4NDQ2Njk5N2UzMjFhNWNiZmY3YjllYTNkOTAzODp7Il9hdXRoX3VzZXJfaGFzaCI6IjEyMmVhYzJhMWUwNmE3ZjZiNmJiMTM0NWZkOGYyZDk1NWYyMmQyZjQiLCJfYXV0aF91c2VyX2JhY2tlbmQiOiJkamFuZ28uY29udHJpYi5hdXRoLmJhY2tlbmRzLk1vZGVsQmFja2VuZCIsIl9hdXRoX3VzZXJfaWQiOiI3OSIsInJvb21zIjpbMTM2ODBdfQ==','2017-06-03 15:39:55.130557'),
	('chndcbe138bf72347336b503cb390c11','ZWQ1Nzc0YjUyMzA4NDQ2Njk5N2UzMjFhNWNiZmY3YjllYTNkOTAzODp7Il9hdXRoX3VzZXJfaGFzaCI6IjEyMmVhYzJhMWUwNmE3ZjZiNmJiMTM0NWZkOGYyZDk1NWYyMmQyZjQiLCJfYXV0aF91c2VyX2JhY2tlbmQiOiJkamFuZ28uY29udHJpYi5hdXRoLmJhY2tlbmRzLk1vZGVsQmFja2VuZCIsIl9hdXRoX3VzZXJfaWQiOiI3OSIsInJvb21zIjpbMTM2ODBdfQ==','2017-06-03 16:18:14.473376'),
	('chndcf07429e756d4228f9265dfbd3a4','ZWQ1Nzc0YjUyMzA4NDQ2Njk5N2UzMjFhNWNiZmY3YjllYTNkOTAzODp7Il9hdXRoX3VzZXJfaGFzaCI6IjEyMmVhYzJhMWUwNmE3ZjZiNmJiMTM0NWZkOGYyZDk1NWYyMmQyZjQiLCJfYXV0aF91c2VyX2JhY2tlbmQiOiJkamFuZ28uY29udHJpYi5hdXRoLmJhY2tlbmRzLk1vZGVsQmFja2VuZCIsIl9hdXRoX3VzZXJfaWQiOiI3OSIsInJvb21zIjpbMTM2ODBdfQ==','2017-06-03 16:18:56.120512'),
	('chndd210ac697cdf95ead510712e0bd4','ZWQ1Nzc0YjUyMzA4NDQ2Njk5N2UzMjFhNWNiZmY3YjllYTNkOTAzODp7Il9hdXRoX3VzZXJfaGFzaCI6IjEyMmVhYzJhMWUwNmE3ZjZiNmJiMTM0NWZkOGYyZDk1NWYyMmQyZjQiLCJfYXV0aF91c2VyX2JhY2tlbmQiOiJkamFuZ28uY29udHJpYi5hdXRoLmJhY2tlbmRzLk1vZGVsQmFja2VuZCIsIl9hdXRoX3VzZXJfaWQiOiI3OSIsInJvb21zIjpbMTM2ODBdfQ==','2017-06-04 10:37:19.298853'),
	('chndda4b7667b9ffa4277b9518d8e170','ODdiYTU2MGI3Y2JjN2MyNzE0Mjk5OGM3M2M5MmFhYmM3ZDgzMWIxMjp7Il9hdXRoX3VzZXJfaGFzaCI6IjljMjRiZDc3NzYwZmNjMDFhN2E0YmMyMGM3OGI3NzFlZWRmYjg5OWUiLCJfYXV0aF91c2VyX2JhY2tlbmQiOiJkamFuZ28uY29udHJpYi5hdXRoLmJhY2tlbmRzLk1vZGVsQmFja2VuZCIsIl9hdXRoX3VzZXJfaWQiOiIxMzYiLCJyb29tcyI6Wzc5MTM2XX0=','2017-06-07 18:33:55.513523'),
	('chnddc1050082ca7f144b71bd3b578b1','YmEwZWE5MjNhNGQyMmI2N2MzOTAwMjdhYzc2MjZlYWZjNDFmNTk2ZTp7Il9hdXRoX3VzZXJfaGFzaCI6IjljMjRiZDc3NzYwZmNjMDFhN2E0YmMyMGM3OGI3NzFlZWRmYjg5OWUiLCJfYXV0aF91c2VyX2JhY2tlbmQiOiJkamFuZ28uY29udHJpYi5hdXRoLmJhY2tlbmRzLk1vZGVsQmFja2VuZCIsIl9hdXRoX3VzZXJfaWQiOiIxMzYiLCJyb29tcyI6WzEzNjc5XX0=','2017-06-04 23:53:45.832678'),
	('chnde17ea285343869acb1c3d4591d25','Mzk1NzQyODNmNGY1MWFmMTQyOWY4NmYyODMwYTU2MGQ5M2JjZWExYzp7Il9hdXRoX3VzZXJfaGFzaCI6Ijc5ZTFmNjA3YjYwOGU1ZDljY2FkNjUyYzFmOWE3ZDM5NDcyYjU3NmMiLCJfYXV0aF91c2VyX2JhY2tlbmQiOiJkamFuZ28uY29udHJpYi5hdXRoLmJhY2tlbmRzLk1vZGVsQmFja2VuZCIsIl9hdXRoX3VzZXJfaWQiOiI3OSIsInJvb21zIjpbNzk5MF19','2017-06-09 13:45:24.185378'),
	('chndef0ca36abf4c76c9cc4171d3b324','Yzg1NzcyZjFiNmRjMGEyZWQ3NDdlYWI0NDNhZWY3OTkyMTIyYTc4YTp7Il9hdXRoX3VzZXJfaGFzaCI6IjEyMmVhYzJhMWUwNmE3ZjZiNmJiMTM0NWZkOGYyZDk1NWYyMmQyZjQiLCJfYXV0aF91c2VyX2JhY2tlbmQiOiJkamFuZ28uY29udHJpYi5hdXRoLmJhY2tlbmRzLk1vZGVsQmFja2VuZCIsIl9hdXRoX3VzZXJfaWQiOiI3OSIsInJvb21zIjpbMTM2NzldfQ==','2017-06-04 15:42:12.382012'),
	('chndf15040377bf480cea693e2895ea0','NzEwNGUxY2FkOWY2NmNlMDAyYzc3MzdmNDk1NzRlNTVlNWU4Y2IwNjp7fQ==','2017-06-06 15:07:46.015033'),
	('chndf618dc50e05835ea2a971837defc','NzEwNGUxY2FkOWY2NmNlMDAyYzc3MzdmNDk1NzRlNTVlNWU4Y2IwNjp7fQ==','2017-06-06 15:08:04.030914'),
	('chndfa94d9dcc73142bf5bcd1efbd48f','YTk3ZTQ0NzQ3NTY2YzI4MWJlMzJiMGFhMzdjNWYzOTI5MGYyMzg0Zjp7InJvb21zIjpbXX0=','2017-05-27 13:52:45.633199'),
	('chne048dec878a4038f52c22463a0487','ZjY2OGY3MDdmNTI4ODk5Nzg5Y2VkNjhkOWM4ODJlMmVhZjUzMDk3Mzp7Il9hdXRoX3VzZXJfaGFzaCI6IjJhNDUyZDYwZDRjMGFkMzg2YjFiNjczYmQ5YTNiNzYzMDY0NWJkNGQiLCJfYXV0aF91c2VyX2lkIjoiMSIsIl9hdXRoX3VzZXJfYmFja2VuZCI6ImRqYW5nby5jb250cmliLmF1dGguYmFja2VuZHMuTW9kZWxCYWNrZW5kIiwicm9vbXMiOltdfQ==','2017-05-27 16:17:05.903837'),
	('chne08a17b9b550383bf0ef395d033d7','YTk3ZTQ0NzQ3NTY2YzI4MWJlMzJiMGFhMzdjNWYzOTI5MGYyMzg0Zjp7InJvb21zIjpbXX0=','2017-05-27 14:22:19.032440'),
	('chne0a57923dfe7c96bbfa7f2f21bd0a','YmEwZWE5MjNhNGQyMmI2N2MzOTAwMjdhYzc2MjZlYWZjNDFmNTk2ZTp7Il9hdXRoX3VzZXJfaGFzaCI6IjljMjRiZDc3NzYwZmNjMDFhN2E0YmMyMGM3OGI3NzFlZWRmYjg5OWUiLCJfYXV0aF91c2VyX2JhY2tlbmQiOiJkamFuZ28uY29udHJpYi5hdXRoLmJhY2tlbmRzLk1vZGVsQmFja2VuZCIsIl9hdXRoX3VzZXJfaWQiOiIxMzYiLCJyb29tcyI6WzEzNjc5XX0=','2017-06-04 22:59:43.063001'),
	('chne19d93575cfc7c3be50704a7f9e76','ZjNiYmY3M2MzODMwMzczYWMxNWZlNGQ1ZDNiM2RhYWY1OGNiYTM0NTp7Il9hdXRoX3VzZXJfaGFzaCI6IjljMjRiZDc3NzYwZmNjMDFhN2E0YmMyMGM3OGI3NzFlZWRmYjg5OWUiLCJfYXV0aF91c2VyX2JhY2tlbmQiOiJkamFuZ28uY29udHJpYi5hdXRoLmJhY2tlbmRzLk1vZGVsQmFja2VuZCIsIl9hdXRoX3VzZXJfaWQiOiIxMzYiLCJyb29tcyI6WzFdfQ==','2017-06-04 16:16:52.303782'),
	('chne25388be163d22db912226d3f065e','Yzg1NzcyZjFiNmRjMGEyZWQ3NDdlYWI0NDNhZWY3OTkyMTIyYTc4YTp7Il9hdXRoX3VzZXJfaGFzaCI6IjEyMmVhYzJhMWUwNmE3ZjZiNmJiMTM0NWZkOGYyZDk1NWYyMmQyZjQiLCJfYXV0aF91c2VyX2JhY2tlbmQiOiJkamFuZ28uY29udHJpYi5hdXRoLmJhY2tlbmRzLk1vZGVsQmFja2VuZCIsIl9hdXRoX3VzZXJfaWQiOiI3OSIsInJvb21zIjpbMTM2NzldfQ==','2017-06-05 12:04:42.586542'),
	('chne2c83525a00da572456fcf97e2f41','YmEwZWE5MjNhNGQyMmI2N2MzOTAwMjdhYzc2MjZlYWZjNDFmNTk2ZTp7Il9hdXRoX3VzZXJfaGFzaCI6IjljMjRiZDc3NzYwZmNjMDFhN2E0YmMyMGM3OGI3NzFlZWRmYjg5OWUiLCJfYXV0aF91c2VyX2JhY2tlbmQiOiJkamFuZ28uY29udHJpYi5hdXRoLmJhY2tlbmRzLk1vZGVsQmFja2VuZCIsIl9hdXRoX3VzZXJfaWQiOiIxMzYiLCJyb29tcyI6WzEzNjc5XX0=','2017-06-05 18:20:47.470051'),
	('chne322195e18ebb5b252ab34c155404','NWE1ZDkyOGJkYTE4MWQ5ZTk2ZTYwMzM2OGMxNDllZWI5NWQ5NGFiNDp7Il9hdXRoX3VzZXJfaGFzaCI6IjljMjRiZDc3NzYwZmNjMDFhN2E0YmMyMGM3OGI3NzFlZWRmYjg5OWUiLCJfYXV0aF91c2VyX2lkIjoiMTM2IiwiX2F1dGhfdXNlcl9iYWNrZW5kIjoiZGphbmdvLmNvbnRyaWIuYXV0aC5iYWNrZW5kcy5Nb2RlbEJhY2tlbmQiLCJyb29tcyI6W119','2017-06-05 22:40:42.146109'),
	('chne33c918a99dde1a0555c41eb9a298','NTBlZTczNjMxMTQ1NzY4NmNmNTM2YTFlNGU4MWQxZjYzOWY1MTA0NDp7Il9hdXRoX3VzZXJfaGFzaCI6IjEyMmVhYzJhMWUwNmE3ZjZiNmJiMTM0NWZkOGYyZDk1NWYyMmQyZjQiLCJfYXV0aF91c2VyX2lkIjoiNzkiLCJfYXV0aF91c2VyX2JhY2tlbmQiOiJkamFuZ28uY29udHJpYi5hdXRoLmJhY2tlbmRzLk1vZGVsQmFja2VuZCIsInJvb21zIjpbXX0=','2017-06-02 13:53:02.991160'),
	('chne35d023f84af77b46de5a417fd8a0','NTBlZTczNjMxMTQ1NzY4NmNmNTM2YTFlNGU4MWQxZjYzOWY1MTA0NDp7Il9hdXRoX3VzZXJfaGFzaCI6IjEyMmVhYzJhMWUwNmE3ZjZiNmJiMTM0NWZkOGYyZDk1NWYyMmQyZjQiLCJfYXV0aF91c2VyX2lkIjoiNzkiLCJfYXV0aF91c2VyX2JhY2tlbmQiOiJkamFuZ28uY29udHJpYi5hdXRoLmJhY2tlbmRzLk1vZGVsQmFja2VuZCIsInJvb21zIjpbXX0=','2017-06-02 14:43:06.886472'),
	('chne36f6caaf782baa0a46d3d71477ae','ZjNiYmY3M2MzODMwMzczYWMxNWZlNGQ1ZDNiM2RhYWY1OGNiYTM0NTp7Il9hdXRoX3VzZXJfaGFzaCI6IjljMjRiZDc3NzYwZmNjMDFhN2E0YmMyMGM3OGI3NzFlZWRmYjg5OWUiLCJfYXV0aF91c2VyX2JhY2tlbmQiOiJkamFuZ28uY29udHJpYi5hdXRoLmJhY2tlbmRzLk1vZGVsQmFja2VuZCIsIl9hdXRoX3VzZXJfaWQiOiIxMzYiLCJyb29tcyI6WzFdfQ==','2017-06-05 12:44:17.249408'),
	('chne3b464de0d5e311738a6416aef6ec','ODdiYTU2MGI3Y2JjN2MyNzE0Mjk5OGM3M2M5MmFhYmM3ZDgzMWIxMjp7Il9hdXRoX3VzZXJfaGFzaCI6IjljMjRiZDc3NzYwZmNjMDFhN2E0YmMyMGM3OGI3NzFlZWRmYjg5OWUiLCJfYXV0aF91c2VyX2JhY2tlbmQiOiJkamFuZ28uY29udHJpYi5hdXRoLmJhY2tlbmRzLk1vZGVsQmFja2VuZCIsIl9hdXRoX3VzZXJfaWQiOiIxMzYiLCJyb29tcyI6Wzc5MTM2XX0=','2017-06-07 18:40:55.166779'),
	('chne3c9127e349805dd42b34abbaf34d','YmEwZWE5MjNhNGQyMmI2N2MzOTAwMjdhYzc2MjZlYWZjNDFmNTk2ZTp7Il9hdXRoX3VzZXJfaGFzaCI6IjljMjRiZDc3NzYwZmNjMDFhN2E0YmMyMGM3OGI3NzFlZWRmYjg5OWUiLCJfYXV0aF91c2VyX2JhY2tlbmQiOiJkamFuZ28uY29udHJpYi5hdXRoLmJhY2tlbmRzLk1vZGVsQmFja2VuZCIsIl9hdXRoX3VzZXJfaWQiOiIxMzYiLCJyb29tcyI6WzEzNjc5XX0=','2017-06-04 12:33:21.207478'),
	('chne4048b6084edb18a834db5f798314','YmEwZWE5MjNhNGQyMmI2N2MzOTAwMjdhYzc2MjZlYWZjNDFmNTk2ZTp7Il9hdXRoX3VzZXJfaGFzaCI6IjljMjRiZDc3NzYwZmNjMDFhN2E0YmMyMGM3OGI3NzFlZWRmYjg5OWUiLCJfYXV0aF91c2VyX2JhY2tlbmQiOiJkamFuZ28uY29udHJpYi5hdXRoLmJhY2tlbmRzLk1vZGVsQmFja2VuZCIsIl9hdXRoX3VzZXJfaWQiOiIxMzYiLCJyb29tcyI6WzEzNjc5XX0=','2017-06-04 23:00:46.040396'),
	('chne4692c1c8dfa74d0de3b97678f6d9','OTk5ZDM2MzgwMzBkZDhmMTg1MzBhMDk3NTE2NGYzMzMyYzJlMGE2NTp7Il9hdXRoX3VzZXJfaGFzaCI6IjVkMmM5YWIzMDc3MzM3NzNiOTI3NTIwZGExNjJhNzhlMWYwOTM2OWUiLCJfYXV0aF91c2VyX2lkIjoiODMiLCJfYXV0aF91c2VyX2JhY2tlbmQiOiJkamFuZ28uY29udHJpYi5hdXRoLmJhY2tlbmRzLk1vZGVsQmFja2VuZCIsInJvb21zIjpbXX0=','2017-06-02 13:43:54.273474'),
	('chne46bc615435156feddeefbe059da7','ODdiYTU2MGI3Y2JjN2MyNzE0Mjk5OGM3M2M5MmFhYmM3ZDgzMWIxMjp7Il9hdXRoX3VzZXJfaGFzaCI6IjljMjRiZDc3NzYwZmNjMDFhN2E0YmMyMGM3OGI3NzFlZWRmYjg5OWUiLCJfYXV0aF91c2VyX2JhY2tlbmQiOiJkamFuZ28uY29udHJpYi5hdXRoLmJhY2tlbmRzLk1vZGVsQmFja2VuZCIsIl9hdXRoX3VzZXJfaWQiOiIxMzYiLCJyb29tcyI6Wzc5MTM2XX0=','2017-06-07 18:00:12.732469'),
	('chne47e21f662e66fe5e5eed25b631cc','ODUwMDZlYTAwYjA3MDBjNzk2MzI2MjlkMWQzMzExZjFlZDVkYThmYTp7Il9hdXRoX3VzZXJfaGFzaCI6IjJhNDUyZDYwZDRjMGFkMzg2YjFiNjczYmQ5YTNiNzYzMDY0NWJkNGQiLCJfYXV0aF91c2VyX2JhY2tlbmQiOiJkamFuZ28uY29udHJpYi5hdXRoLmJhY2tlbmRzLk1vZGVsQmFja2VuZCIsIl9hdXRoX3VzZXJfaWQiOiIxIiwicm9vbXMiOlsxNzldfQ==','2017-05-27 16:41:19.629800'),
	('chne4d12effe2e4a2612e062fb31ef6b','YmEwZWE5MjNhNGQyMmI2N2MzOTAwMjdhYzc2MjZlYWZjNDFmNTk2ZTp7Il9hdXRoX3VzZXJfaGFzaCI6IjljMjRiZDc3NzYwZmNjMDFhN2E0YmMyMGM3OGI3NzFlZWRmYjg5OWUiLCJfYXV0aF91c2VyX2JhY2tlbmQiOiJkamFuZ28uY29udHJpYi5hdXRoLmJhY2tlbmRzLk1vZGVsQmFja2VuZCIsIl9hdXRoX3VzZXJfaWQiOiIxMzYiLCJyb29tcyI6WzEzNjc5XX0=','2017-06-05 11:26:48.298685'),
	('chne523275df16b742669862f678308a','NTBlZTczNjMxMTQ1NzY4NmNmNTM2YTFlNGU4MWQxZjYzOWY1MTA0NDp7Il9hdXRoX3VzZXJfaGFzaCI6IjEyMmVhYzJhMWUwNmE3ZjZiNmJiMTM0NWZkOGYyZDk1NWYyMmQyZjQiLCJfYXV0aF91c2VyX2lkIjoiNzkiLCJfYXV0aF91c2VyX2JhY2tlbmQiOiJkamFuZ28uY29udHJpYi5hdXRoLmJhY2tlbmRzLk1vZGVsQmFja2VuZCIsInJvb21zIjpbXX0=','2017-06-06 10:41:33.323349'),
	('chne53dfceee58a369b7eeecbf9624ac','YmEwZWE5MjNhNGQyMmI2N2MzOTAwMjdhYzc2MjZlYWZjNDFmNTk2ZTp7Il9hdXRoX3VzZXJfaGFzaCI6IjljMjRiZDc3NzYwZmNjMDFhN2E0YmMyMGM3OGI3NzFlZWRmYjg5OWUiLCJfYXV0aF91c2VyX2JhY2tlbmQiOiJkamFuZ28uY29udHJpYi5hdXRoLmJhY2tlbmRzLk1vZGVsQmFja2VuZCIsIl9hdXRoX3VzZXJfaWQiOiIxMzYiLCJyb29tcyI6WzEzNjc5XX0=','2017-06-04 15:42:10.107722'),
	('chne594bdc981255b9483133cb4d908e','ZWQ1Nzc0YjUyMzA4NDQ2Njk5N2UzMjFhNWNiZmY3YjllYTNkOTAzODp7Il9hdXRoX3VzZXJfaGFzaCI6IjEyMmVhYzJhMWUwNmE3ZjZiNmJiMTM0NWZkOGYyZDk1NWYyMmQyZjQiLCJfYXV0aF91c2VyX2JhY2tlbmQiOiJkamFuZ28uY29udHJpYi5hdXRoLmJhY2tlbmRzLk1vZGVsQmFja2VuZCIsIl9hdXRoX3VzZXJfaWQiOiI3OSIsInJvb21zIjpbMTM2ODBdfQ==','2017-06-03 16:31:36.088675'),
	('chne5d0fa7c8eaeb311a82c33a9dd0fb','ZjNiYmY3M2MzODMwMzczYWMxNWZlNGQ1ZDNiM2RhYWY1OGNiYTM0NTp7Il9hdXRoX3VzZXJfaGFzaCI6IjljMjRiZDc3NzYwZmNjMDFhN2E0YmMyMGM3OGI3NzFlZWRmYjg5OWUiLCJfYXV0aF91c2VyX2JhY2tlbmQiOiJkamFuZ28uY29udHJpYi5hdXRoLmJhY2tlbmRzLk1vZGVsQmFja2VuZCIsIl9hdXRoX3VzZXJfaWQiOiIxMzYiLCJyb29tcyI6WzFdfQ==','2017-06-05 12:21:37.168841'),
	('chne5fac133888505e3e5d7ffd5d3157','Yzg1NzcyZjFiNmRjMGEyZWQ3NDdlYWI0NDNhZWY3OTkyMTIyYTc4YTp7Il9hdXRoX3VzZXJfaGFzaCI6IjEyMmVhYzJhMWUwNmE3ZjZiNmJiMTM0NWZkOGYyZDk1NWYyMmQyZjQiLCJfYXV0aF91c2VyX2JhY2tlbmQiOiJkamFuZ28uY29udHJpYi5hdXRoLmJhY2tlbmRzLk1vZGVsQmFja2VuZCIsIl9hdXRoX3VzZXJfaWQiOiI3OSIsInJvb21zIjpbMTM2NzldfQ==','2017-06-04 12:29:30.809168'),
	('chne6474cb911d4639222d20d898c873','YmEwZWE5MjNhNGQyMmI2N2MzOTAwMjdhYzc2MjZlYWZjNDFmNTk2ZTp7Il9hdXRoX3VzZXJfaGFzaCI6IjljMjRiZDc3NzYwZmNjMDFhN2E0YmMyMGM3OGI3NzFlZWRmYjg5OWUiLCJfYXV0aF91c2VyX2JhY2tlbmQiOiJkamFuZ28uY29udHJpYi5hdXRoLmJhY2tlbmRzLk1vZGVsQmFja2VuZCIsIl9hdXRoX3VzZXJfaWQiOiIxMzYiLCJyb29tcyI6WzEzNjc5XX0=','2017-06-04 23:15:01.762484'),
	('chne6d64da0401173e8edba0f278f3b0','OWZmZTRlZDNmYjdmNjk1ODhmYjAxYjIyODYxZDI5M2Y4MGNkMTYzZjp7Il9hdXRoX3VzZXJfaGFzaCI6IjBkOWVlNGEyNmRjNmNjOWNmNGM3NDg3ZTQ1NzczZTFiYmZlYWVkODMiLCJfYXV0aF91c2VyX2JhY2tlbmQiOiJkamFuZ28uY29udHJpYi5hdXRoLmJhY2tlbmRzLk1vZGVsQmFja2VuZCIsIl9hdXRoX3VzZXJfaWQiOiIxMjkiLCJyb29tcyI6WzEzNjEyOV19','2017-06-04 15:53:07.885499'),
	('chne74ef5b9d9cc8043712f0caf926e1','ODI2NWFhM2Q5OGI3YjllODJhZTM0ZTFkMWJjYTA5MGIyOTgzMmUwMTp7Il9hdXRoX3VzZXJfaGFzaCI6IjEyMmVhYzJhMWUwNmE3ZjZiNmJiMTM0NWZkOGYyZDk1NWYyMmQyZjQiLCJfYXV0aF91c2VyX2JhY2tlbmQiOiJkamFuZ28uY29udHJpYi5hdXRoLmJhY2tlbmRzLk1vZGVsQmFja2VuZCIsIl9hdXRoX3VzZXJfaWQiOiI3OSIsInJvb21zIjpbNzkxMzZdfQ==','2017-06-07 13:55:38.328023'),
	('chne7727384b75fd1a0efc5412d6055a','NzEwNGUxY2FkOWY2NmNlMDAyYzc3MzdmNDk1NzRlNTVlNWU4Y2IwNjp7fQ==','2017-06-06 15:06:23.026631'),
	('chne776a27ceb81a89e136c592036217','Yzg1NzcyZjFiNmRjMGEyZWQ3NDdlYWI0NDNhZWY3OTkyMTIyYTc4YTp7Il9hdXRoX3VzZXJfaGFzaCI6IjEyMmVhYzJhMWUwNmE3ZjZiNmJiMTM0NWZkOGYyZDk1NWYyMmQyZjQiLCJfYXV0aF91c2VyX2JhY2tlbmQiOiJkamFuZ28uY29udHJpYi5hdXRoLmJhY2tlbmRzLk1vZGVsQmFja2VuZCIsIl9hdXRoX3VzZXJfaWQiOiI3OSIsInJvb21zIjpbMTM2NzldfQ==','2017-06-04 15:32:00.534614'),
	('chne811b6b183f48b8b93139fa6a9ea2','ODI2NWFhM2Q5OGI3YjllODJhZTM0ZTFkMWJjYTA5MGIyOTgzMmUwMTp7Il9hdXRoX3VzZXJfaGFzaCI6IjEyMmVhYzJhMWUwNmE3ZjZiNmJiMTM0NWZkOGYyZDk1NWYyMmQyZjQiLCJfYXV0aF91c2VyX2JhY2tlbmQiOiJkamFuZ28uY29udHJpYi5hdXRoLmJhY2tlbmRzLk1vZGVsQmFja2VuZCIsIl9hdXRoX3VzZXJfaWQiOiI3OSIsInJvb21zIjpbNzkxMzZdfQ==','2017-06-07 18:42:23.842425'),
	('chne857f7950b13696f19af95e89c3d5','NzEwNGUxY2FkOWY2NmNlMDAyYzc3MzdmNDk1NzRlNTVlNWU4Y2IwNjp7fQ==','2017-06-06 15:16:49.965135'),
	('chne922b6d3eb9e9f51d60e7b3316b5e','YmEwZWE5MjNhNGQyMmI2N2MzOTAwMjdhYzc2MjZlYWZjNDFmNTk2ZTp7Il9hdXRoX3VzZXJfaGFzaCI6IjljMjRiZDc3NzYwZmNjMDFhN2E0YmMyMGM3OGI3NzFlZWRmYjg5OWUiLCJfYXV0aF91c2VyX2JhY2tlbmQiOiJkamFuZ28uY29udHJpYi5hdXRoLmJhY2tlbmRzLk1vZGVsQmFja2VuZCIsIl9hdXRoX3VzZXJfaWQiOiIxMzYiLCJyb29tcyI6WzEzNjc5XX0=','2017-06-04 23:40:09.839290'),
	('chne92eb87a87e8fe7fd75f8f6d25a48','NzEwNGUxY2FkOWY2NmNlMDAyYzc3MzdmNDk1NzRlNTVlNWU4Y2IwNjp7fQ==','2017-06-06 09:45:04.042982'),
	('chne9c08f98cec794003c3f3a13467be','ZjNiYmY3M2MzODMwMzczYWMxNWZlNGQ1ZDNiM2RhYWY1OGNiYTM0NTp7Il9hdXRoX3VzZXJfaGFzaCI6IjljMjRiZDc3NzYwZmNjMDFhN2E0YmMyMGM3OGI3NzFlZWRmYjg5OWUiLCJfYXV0aF91c2VyX2JhY2tlbmQiOiJkamFuZ28uY29udHJpYi5hdXRoLmJhY2tlbmRzLk1vZGVsQmFja2VuZCIsIl9hdXRoX3VzZXJfaWQiOiIxMzYiLCJyb29tcyI6WzFdfQ==','2017-06-04 22:52:27.885255'),
	('chne9d7eecdbc00587ea3e0424ed2b4d','NzEwNGUxY2FkOWY2NmNlMDAyYzc3MzdmNDk1NzRlNTVlNWU4Y2IwNjp7fQ==','2017-06-06 15:11:32.021906'),
	('chnea3126e1b12e14b119171b2c43bb8','ODdiYTU2MGI3Y2JjN2MyNzE0Mjk5OGM3M2M5MmFhYmM3ZDgzMWIxMjp7Il9hdXRoX3VzZXJfaGFzaCI6IjljMjRiZDc3NzYwZmNjMDFhN2E0YmMyMGM3OGI3NzFlZWRmYjg5OWUiLCJfYXV0aF91c2VyX2JhY2tlbmQiOiJkamFuZ28uY29udHJpYi5hdXRoLmJhY2tlbmRzLk1vZGVsQmFja2VuZCIsIl9hdXRoX3VzZXJfaWQiOiIxMzYiLCJyb29tcyI6Wzc5MTM2XX0=','2017-06-07 16:29:55.195995'),
	('chneab33ed3f321e9a81c6b89c95b3dd','ODUwMDZlYTAwYjA3MDBjNzk2MzI2MjlkMWQzMzExZjFlZDVkYThmYTp7Il9hdXRoX3VzZXJfaGFzaCI6IjJhNDUyZDYwZDRjMGFkMzg2YjFiNjczYmQ5YTNiNzYzMDY0NWJkNGQiLCJfYXV0aF91c2VyX2JhY2tlbmQiOiJkamFuZ28uY29udHJpYi5hdXRoLmJhY2tlbmRzLk1vZGVsQmFja2VuZCIsIl9hdXRoX3VzZXJfaWQiOiIxIiwicm9vbXMiOlsxNzldfQ==','2017-05-27 20:08:28.575454'),
	('chneb843e704c068748b88f396deb6bb','ODI2NWFhM2Q5OGI3YjllODJhZTM0ZTFkMWJjYTA5MGIyOTgzMmUwMTp7Il9hdXRoX3VzZXJfaGFzaCI6IjEyMmVhYzJhMWUwNmE3ZjZiNmJiMTM0NWZkOGYyZDk1NWYyMmQyZjQiLCJfYXV0aF91c2VyX2JhY2tlbmQiOiJkamFuZ28uY29udHJpYi5hdXRoLmJhY2tlbmRzLk1vZGVsQmFja2VuZCIsIl9hdXRoX3VzZXJfaWQiOiI3OSIsInJvb21zIjpbNzkxMzZdfQ==','2017-06-07 13:53:39.161112'),
	('chnebb186b5d17425735a6846c53026e','ZmI0YzQwYzNiMmM1MDYwYjdiY2NiNjAyZWRlYzlhNTQ1NTc3NGRhZjp7Il9hdXRoX3VzZXJfaGFzaCI6IjEyMmVhYzJhMWUwNmE3ZjZiNmJiMTM0NWZkOGYyZDk1NWYyMmQyZjQiLCJfYXV0aF91c2VyX2JhY2tlbmQiOiJkamFuZ28uY29udHJpYi5hdXRoLmJhY2tlbmRzLk1vZGVsQmFja2VuZCIsIl9hdXRoX3VzZXJfaWQiOiI3OSIsInJvb21zIjpbNzk3OV19','2017-06-08 12:59:09.687167'),
	('chnebbfa1c8dfcc4c153f9e94e89a341','NzEwNGUxY2FkOWY2NmNlMDAyYzc3MzdmNDk1NzRlNTVlNWU4Y2IwNjp7fQ==','2017-06-06 15:05:16.012043'),
	('chnec8b1af8f68ab517169ebb3512719','ZjhlYTUwMzA3ZWEyMjE5MTA2YzJkZDk2YTc4YmMxMDFlMWI5YWJjNTp7Il9hdXRoX3VzZXJfaGFzaCI6IjEyMmVhYzJhMWUwNmE3ZjZiNmJiMTM0NWZkOGYyZDk1NWYyMmQyZjQiLCJfYXV0aF91c2VyX2JhY2tlbmQiOiJkamFuZ28uY29udHJpYi5hdXRoLmJhY2tlbmRzLk1vZGVsQmFja2VuZCIsIl9hdXRoX3VzZXJfaWQiOiI3OSIsInJvb21zIjpbMV19','2017-06-08 17:01:14.139309'),
	('chnecc12b82b746592f7d39c14d26b24','ZjNiYmY3M2MzODMwMzczYWMxNWZlNGQ1ZDNiM2RhYWY1OGNiYTM0NTp7Il9hdXRoX3VzZXJfaGFzaCI6IjljMjRiZDc3NzYwZmNjMDFhN2E0YmMyMGM3OGI3NzFlZWRmYjg5OWUiLCJfYXV0aF91c2VyX2JhY2tlbmQiOiJkamFuZ28uY29udHJpYi5hdXRoLmJhY2tlbmRzLk1vZGVsQmFja2VuZCIsIl9hdXRoX3VzZXJfaWQiOiIxMzYiLCJyb29tcyI6WzFdfQ==','2017-06-04 22:51:44.962136'),
	('chnecef82eb2b16f4e0806f0639ac13a','NzEwNGUxY2FkOWY2NmNlMDAyYzc3MzdmNDk1NzRlNTVlNWU4Y2IwNjp7fQ==','2017-06-06 11:37:28.421821'),
	('chned1d06cadeacc615a2ccfd21302c2','ZWQ1Nzc0YjUyMzA4NDQ2Njk5N2UzMjFhNWNiZmY3YjllYTNkOTAzODp7Il9hdXRoX3VzZXJfaGFzaCI6IjEyMmVhYzJhMWUwNmE3ZjZiNmJiMTM0NWZkOGYyZDk1NWYyMmQyZjQiLCJfYXV0aF91c2VyX2JhY2tlbmQiOiJkamFuZ28uY29udHJpYi5hdXRoLmJhY2tlbmRzLk1vZGVsQmFja2VuZCIsIl9hdXRoX3VzZXJfaWQiOiI3OSIsInJvb21zIjpbMTM2ODBdfQ==','2017-06-02 14:51:19.235602'),
	('chneda8f9839e521fb5869baa6681996','Yzg1NzcyZjFiNmRjMGEyZWQ3NDdlYWI0NDNhZWY3OTkyMTIyYTc4YTp7Il9hdXRoX3VzZXJfaGFzaCI6IjEyMmVhYzJhMWUwNmE3ZjZiNmJiMTM0NWZkOGYyZDk1NWYyMmQyZjQiLCJfYXV0aF91c2VyX2JhY2tlbmQiOiJkamFuZ28uY29udHJpYi5hdXRoLmJhY2tlbmRzLk1vZGVsQmFja2VuZCIsIl9hdXRoX3VzZXJfaWQiOiI3OSIsInJvb21zIjpbMTM2NzldfQ==','2017-06-04 15:42:08.818023'),
	('chnee1b41b7acdfd1cc2b8ae43369062','NzEwNGUxY2FkOWY2NmNlMDAyYzc3MzdmNDk1NzRlNTVlNWU4Y2IwNjp7fQ==','2017-06-06 15:14:21.015569'),
	('chneeb0a2bd8018dac3a237a6ea31d42','YmEwZWE5MjNhNGQyMmI2N2MzOTAwMjdhYzc2MjZlYWZjNDFmNTk2ZTp7Il9hdXRoX3VzZXJfaGFzaCI6IjljMjRiZDc3NzYwZmNjMDFhN2E0YmMyMGM3OGI3NzFlZWRmYjg5OWUiLCJfYXV0aF91c2VyX2JhY2tlbmQiOiJkamFuZ28uY29udHJpYi5hdXRoLmJhY2tlbmRzLk1vZGVsQmFja2VuZCIsIl9hdXRoX3VzZXJfaWQiOiIxMzYiLCJyb29tcyI6WzEzNjc5XX0=','2017-06-05 10:55:27.382218'),
	('chneeedd1c880eacfc9b11678ac85611','ZmZmNDljZmY3NWM3NjVhODNjMTM3YmExYTkwZTcyZTkyZDU5OTIxNDp7Il9hdXRoX3VzZXJfaGFzaCI6IjEyMmVhYzJhMWUwNmE3ZjZiNmJiMTM0NWZkOGYyZDk1NWYyMmQyZjQiLCJfYXV0aF91c2VyX2JhY2tlbmQiOiJkamFuZ28uY29udHJpYi5hdXRoLmJhY2tlbmRzLk1vZGVsQmFja2VuZCIsIl9hdXRoX3VzZXJfaWQiOiI3OSIsInJvb21zIjpbNzk5MF19','2017-06-08 13:06:37.395219'),
	('chnef677523e183cac077b6a4f744e89','ODdiYTU2MGI3Y2JjN2MyNzE0Mjk5OGM3M2M5MmFhYmM3ZDgzMWIxMjp7Il9hdXRoX3VzZXJfaGFzaCI6IjljMjRiZDc3NzYwZmNjMDFhN2E0YmMyMGM3OGI3NzFlZWRmYjg5OWUiLCJfYXV0aF91c2VyX2JhY2tlbmQiOiJkamFuZ28uY29udHJpYi5hdXRoLmJhY2tlbmRzLk1vZGVsQmFja2VuZCIsIl9hdXRoX3VzZXJfaWQiOiIxMzYiLCJyb29tcyI6Wzc5MTM2XX0=','2017-06-07 16:47:53.307128'),
	('chnefa1fbd21bd4dc34f1dcec8ae4644','YmEwZWE5MjNhNGQyMmI2N2MzOTAwMjdhYzc2MjZlYWZjNDFmNTk2ZTp7Il9hdXRoX3VzZXJfaGFzaCI6IjljMjRiZDc3NzYwZmNjMDFhN2E0YmMyMGM3OGI3NzFlZWRmYjg5OWUiLCJfYXV0aF91c2VyX2JhY2tlbmQiOiJkamFuZ28uY29udHJpYi5hdXRoLmJhY2tlbmRzLk1vZGVsQmFja2VuZCIsIl9hdXRoX3VzZXJfaWQiOiIxMzYiLCJyb29tcyI6WzEzNjc5XX0=','2017-06-05 12:04:41.159775'),
	('chnf0d8331d5e81b5fe68713b38cccc4','NzEwNGUxY2FkOWY2NmNlMDAyYzc3MzdmNDk1NzRlNTVlNWU4Y2IwNjp7fQ==','2017-06-05 22:45:30.477953'),
	('chnf0dffdfe88263ef58381168b19fea','ODI2NWFhM2Q5OGI3YjllODJhZTM0ZTFkMWJjYTA5MGIyOTgzMmUwMTp7Il9hdXRoX3VzZXJfaGFzaCI6IjEyMmVhYzJhMWUwNmE3ZjZiNmJiMTM0NWZkOGYyZDk1NWYyMmQyZjQiLCJfYXV0aF91c2VyX2JhY2tlbmQiOiJkamFuZ28uY29udHJpYi5hdXRoLmJhY2tlbmRzLk1vZGVsQmFja2VuZCIsIl9hdXRoX3VzZXJfaWQiOiI3OSIsInJvb21zIjpbNzkxMzZdfQ==','2017-06-07 13:54:33.024973'),
	('chnf0e92ac6a35f2bad0a59d4dc46857','YTk3ZTQ0NzQ3NTY2YzI4MWJlMzJiMGFhMzdjNWYzOTI5MGYyMzg0Zjp7InJvb21zIjpbXX0=','2017-06-05 18:22:51.151451'),
	('chnf0ed5b5949a6b46b98dcd5d4c48af','YmEwZWE5MjNhNGQyMmI2N2MzOTAwMjdhYzc2MjZlYWZjNDFmNTk2ZTp7Il9hdXRoX3VzZXJfaGFzaCI6IjljMjRiZDc3NzYwZmNjMDFhN2E0YmMyMGM3OGI3NzFlZWRmYjg5OWUiLCJfYXV0aF91c2VyX2JhY2tlbmQiOiJkamFuZ28uY29udHJpYi5hdXRoLmJhY2tlbmRzLk1vZGVsQmFja2VuZCIsIl9hdXRoX3VzZXJfaWQiOiIxMzYiLCJyb29tcyI6WzEzNjc5XX0=','2017-06-04 15:40:31.250334'),
	('chnf1763f6a25d74d083d33811cd0903','YmEwZWE5MjNhNGQyMmI2N2MzOTAwMjdhYzc2MjZlYWZjNDFmNTk2ZTp7Il9hdXRoX3VzZXJfaGFzaCI6IjljMjRiZDc3NzYwZmNjMDFhN2E0YmMyMGM3OGI3NzFlZWRmYjg5OWUiLCJfYXV0aF91c2VyX2JhY2tlbmQiOiJkamFuZ28uY29udHJpYi5hdXRoLmJhY2tlbmRzLk1vZGVsQmFja2VuZCIsIl9hdXRoX3VzZXJfaWQiOiIxMzYiLCJyb29tcyI6WzEzNjc5XX0=','2017-06-04 23:39:50.233374'),
	('chnf20a38ebc797fa132a68e18ff8631','YmEwZWE5MjNhNGQyMmI2N2MzOTAwMjdhYzc2MjZlYWZjNDFmNTk2ZTp7Il9hdXRoX3VzZXJfaGFzaCI6IjljMjRiZDc3NzYwZmNjMDFhN2E0YmMyMGM3OGI3NzFlZWRmYjg5OWUiLCJfYXV0aF91c2VyX2JhY2tlbmQiOiJkamFuZ28uY29udHJpYi5hdXRoLmJhY2tlbmRzLk1vZGVsQmFja2VuZCIsIl9hdXRoX3VzZXJfaWQiOiIxMzYiLCJyb29tcyI6WzEzNjc5XX0=','2017-06-05 11:59:24.518315'),
	('chnf2a191a8d9a694261af9337cb6802','ZmZmNDljZmY3NWM3NjVhODNjMTM3YmExYTkwZTcyZTkyZDU5OTIxNDp7Il9hdXRoX3VzZXJfaGFzaCI6IjEyMmVhYzJhMWUwNmE3ZjZiNmJiMTM0NWZkOGYyZDk1NWYyMmQyZjQiLCJfYXV0aF91c2VyX2JhY2tlbmQiOiJkamFuZ28uY29udHJpYi5hdXRoLmJhY2tlbmRzLk1vZGVsQmFja2VuZCIsIl9hdXRoX3VzZXJfaWQiOiI3OSIsInJvb21zIjpbNzk5MF19','2017-06-08 13:10:38.545940'),
	('chnf32de344b61099faf56ab9162ecdc','ZWQ1Nzc0YjUyMzA4NDQ2Njk5N2UzMjFhNWNiZmY3YjllYTNkOTAzODp7Il9hdXRoX3VzZXJfaGFzaCI6IjEyMmVhYzJhMWUwNmE3ZjZiNmJiMTM0NWZkOGYyZDk1NWYyMmQyZjQiLCJfYXV0aF91c2VyX2JhY2tlbmQiOiJkamFuZ28uY29udHJpYi5hdXRoLmJhY2tlbmRzLk1vZGVsQmFja2VuZCIsIl9hdXRoX3VzZXJfaWQiOiI3OSIsInJvb21zIjpbMTM2ODBdfQ==','2017-06-03 19:00:11.748311'),
	('chnf34fe1bbef2fd9bccdaa5e55767f7','YmEwZWE5MjNhNGQyMmI2N2MzOTAwMjdhYzc2MjZlYWZjNDFmNTk2ZTp7Il9hdXRoX3VzZXJfaGFzaCI6IjljMjRiZDc3NzYwZmNjMDFhN2E0YmMyMGM3OGI3NzFlZWRmYjg5OWUiLCJfYXV0aF91c2VyX2JhY2tlbmQiOiJkamFuZ28uY29udHJpYi5hdXRoLmJhY2tlbmRzLk1vZGVsQmFja2VuZCIsIl9hdXRoX3VzZXJfaWQiOiIxMzYiLCJyb29tcyI6WzEzNjc5XX0=','2017-06-05 11:17:01.710226'),
	('chnf35db029ba019f860563d8a01dd81','ODI2NWFhM2Q5OGI3YjllODJhZTM0ZTFkMWJjYTA5MGIyOTgzMmUwMTp7Il9hdXRoX3VzZXJfaGFzaCI6IjEyMmVhYzJhMWUwNmE3ZjZiNmJiMTM0NWZkOGYyZDk1NWYyMmQyZjQiLCJfYXV0aF91c2VyX2JhY2tlbmQiOiJkamFuZ28uY29udHJpYi5hdXRoLmJhY2tlbmRzLk1vZGVsQmFja2VuZCIsIl9hdXRoX3VzZXJfaWQiOiI3OSIsInJvb21zIjpbNzkxMzZdfQ==','2017-06-07 18:01:21.608805'),
	('chnf3abf62ea6ae3e8e75ea363285168','ZWQ1Nzc0YjUyMzA4NDQ2Njk5N2UzMjFhNWNiZmY3YjllYTNkOTAzODp7Il9hdXRoX3VzZXJfaGFzaCI6IjEyMmVhYzJhMWUwNmE3ZjZiNmJiMTM0NWZkOGYyZDk1NWYyMmQyZjQiLCJfYXV0aF91c2VyX2JhY2tlbmQiOiJkamFuZ28uY29udHJpYi5hdXRoLmJhY2tlbmRzLk1vZGVsQmFja2VuZCIsIl9hdXRoX3VzZXJfaWQiOiI3OSIsInJvb21zIjpbMTM2ODBdfQ==','2017-06-03 14:43:57.951350'),
	('chnf3cb6a4a73f88542f5f16c5b803af','YmEwZWE5MjNhNGQyMmI2N2MzOTAwMjdhYzc2MjZlYWZjNDFmNTk2ZTp7Il9hdXRoX3VzZXJfaGFzaCI6IjljMjRiZDc3NzYwZmNjMDFhN2E0YmMyMGM3OGI3NzFlZWRmYjg5OWUiLCJfYXV0aF91c2VyX2JhY2tlbmQiOiJkamFuZ28uY29udHJpYi5hdXRoLmJhY2tlbmRzLk1vZGVsQmFja2VuZCIsIl9hdXRoX3VzZXJfaWQiOiIxMzYiLCJyb29tcyI6WzEzNjc5XX0=','2017-06-04 12:32:27.817745'),
	('chnf3cdf88671fcb26344c12ae9a5a38','ZWQ1Nzc0YjUyMzA4NDQ2Njk5N2UzMjFhNWNiZmY3YjllYTNkOTAzODp7Il9hdXRoX3VzZXJfaGFzaCI6IjEyMmVhYzJhMWUwNmE3ZjZiNmJiMTM0NWZkOGYyZDk1NWYyMmQyZjQiLCJfYXV0aF91c2VyX2JhY2tlbmQiOiJkamFuZ28uY29udHJpYi5hdXRoLmJhY2tlbmRzLk1vZGVsQmFja2VuZCIsIl9hdXRoX3VzZXJfaWQiOiI3OSIsInJvb21zIjpbMTM2ODBdfQ==','2017-06-03 19:00:12.306926'),
	('chnf3e21c39f0faac22ee876e11131bc','YmEwZWE5MjNhNGQyMmI2N2MzOTAwMjdhYzc2MjZlYWZjNDFmNTk2ZTp7Il9hdXRoX3VzZXJfaGFzaCI6IjljMjRiZDc3NzYwZmNjMDFhN2E0YmMyMGM3OGI3NzFlZWRmYjg5OWUiLCJfYXV0aF91c2VyX2JhY2tlbmQiOiJkamFuZ28uY29udHJpYi5hdXRoLmJhY2tlbmRzLk1vZGVsQmFja2VuZCIsIl9hdXRoX3VzZXJfaWQiOiIxMzYiLCJyb29tcyI6WzEzNjc5XX0=','2017-06-05 15:24:25.548080'),
	('chnf42fe0814c488cc4b0e32fe0735b1','YmEwZWE5MjNhNGQyMmI2N2MzOTAwMjdhYzc2MjZlYWZjNDFmNTk2ZTp7Il9hdXRoX3VzZXJfaGFzaCI6IjljMjRiZDc3NzYwZmNjMDFhN2E0YmMyMGM3OGI3NzFlZWRmYjg5OWUiLCJfYXV0aF91c2VyX2JhY2tlbmQiOiJkamFuZ28uY29udHJpYi5hdXRoLmJhY2tlbmRzLk1vZGVsQmFja2VuZCIsIl9hdXRoX3VzZXJfaWQiOiIxMzYiLCJyb29tcyI6WzEzNjc5XX0=','2017-06-04 23:00:05.918860'),
	('chnf455e06b37e83d737efb92265d6a6','MWE0Y2E0NGFmMGM2YTBkNjJlY2ZmNGY0MzY5MzJlOGI3ZWE2NDc5YTp7Il9hdXRoX3VzZXJfaGFzaCI6IjEyMmVhYzJhMWUwNmE3ZjZiNmJiMTM0NWZkOGYyZDk1NWYyMmQyZjQiLCJfYXV0aF91c2VyX2JhY2tlbmQiOiJkamFuZ28uY29udHJpYi5hdXRoLmJhY2tlbmRzLk1vZGVsQmFja2VuZCIsIl9hdXRoX3VzZXJfaWQiOiI3OSIsInJvb21zIjpbNzk4M119','2017-06-07 19:07:17.902466'),
	('chnf51ff7d56387d129af0dcaa3c259c','ZWQ1Nzc0YjUyMzA4NDQ2Njk5N2UzMjFhNWNiZmY3YjllYTNkOTAzODp7Il9hdXRoX3VzZXJfaGFzaCI6IjEyMmVhYzJhMWUwNmE3ZjZiNmJiMTM0NWZkOGYyZDk1NWYyMmQyZjQiLCJfYXV0aF91c2VyX2JhY2tlbmQiOiJkamFuZ28uY29udHJpYi5hdXRoLmJhY2tlbmRzLk1vZGVsQmFja2VuZCIsIl9hdXRoX3VzZXJfaWQiOiI3OSIsInJvb21zIjpbMTM2ODBdfQ==','2017-06-03 16:20:43.447352'),
	('chnf5251abbff4f78a42cdf621015fc1','YmEwZWE5MjNhNGQyMmI2N2MzOTAwMjdhYzc2MjZlYWZjNDFmNTk2ZTp7Il9hdXRoX3VzZXJfaGFzaCI6IjljMjRiZDc3NzYwZmNjMDFhN2E0YmMyMGM3OGI3NzFlZWRmYjg5OWUiLCJfYXV0aF91c2VyX2JhY2tlbmQiOiJkamFuZ28uY29udHJpYi5hdXRoLmJhY2tlbmRzLk1vZGVsQmFja2VuZCIsIl9hdXRoX3VzZXJfaWQiOiIxMzYiLCJyb29tcyI6WzEzNjc5XX0=','2017-06-04 23:36:29.992455'),
	('chnf58d890f46c03442a1e7026f7036a','NTBlZTczNjMxMTQ1NzY4NmNmNTM2YTFlNGU4MWQxZjYzOWY1MTA0NDp7Il9hdXRoX3VzZXJfaGFzaCI6IjEyMmVhYzJhMWUwNmE3ZjZiNmJiMTM0NWZkOGYyZDk1NWYyMmQyZjQiLCJfYXV0aF91c2VyX2lkIjoiNzkiLCJfYXV0aF91c2VyX2JhY2tlbmQiOiJkamFuZ28uY29udHJpYi5hdXRoLmJhY2tlbmRzLk1vZGVsQmFja2VuZCIsInJvb21zIjpbXX0=','2017-06-06 17:42:18.229973'),
	('chnf5cb1d303c93aa7259ecdc97c8307','YmEwZWE5MjNhNGQyMmI2N2MzOTAwMjdhYzc2MjZlYWZjNDFmNTk2ZTp7Il9hdXRoX3VzZXJfaGFzaCI6IjljMjRiZDc3NzYwZmNjMDFhN2E0YmMyMGM3OGI3NzFlZWRmYjg5OWUiLCJfYXV0aF91c2VyX2JhY2tlbmQiOiJkamFuZ28uY29udHJpYi5hdXRoLmJhY2tlbmRzLk1vZGVsQmFja2VuZCIsIl9hdXRoX3VzZXJfaWQiOiIxMzYiLCJyb29tcyI6WzEzNjc5XX0=','2017-06-04 12:24:19.323042'),
	('chnf5e73762f89ee1ea66ac3af57852d','YmEwZWE5MjNhNGQyMmI2N2MzOTAwMjdhYzc2MjZlYWZjNDFmNTk2ZTp7Il9hdXRoX3VzZXJfaGFzaCI6IjljMjRiZDc3NzYwZmNjMDFhN2E0YmMyMGM3OGI3NzFlZWRmYjg5OWUiLCJfYXV0aF91c2VyX2JhY2tlbmQiOiJkamFuZ28uY29udHJpYi5hdXRoLmJhY2tlbmRzLk1vZGVsQmFja2VuZCIsIl9hdXRoX3VzZXJfaWQiOiIxMzYiLCJyb29tcyI6WzEzNjc5XX0=','2017-06-04 15:44:49.113889'),
	('chnf618f48126e4e30c7a798b1cbac50','YmEwZWE5MjNhNGQyMmI2N2MzOTAwMjdhYzc2MjZlYWZjNDFmNTk2ZTp7Il9hdXRoX3VzZXJfaGFzaCI6IjljMjRiZDc3NzYwZmNjMDFhN2E0YmMyMGM3OGI3NzFlZWRmYjg5OWUiLCJfYXV0aF91c2VyX2JhY2tlbmQiOiJkamFuZ28uY29udHJpYi5hdXRoLmJhY2tlbmRzLk1vZGVsQmFja2VuZCIsIl9hdXRoX3VzZXJfaWQiOiIxMzYiLCJyb29tcyI6WzEzNjc5XX0=','2017-06-04 22:53:37.165310'),
	('chnf6348b423f9c012a3767e4dadde80','YTk3ZTQ0NzQ3NTY2YzI4MWJlMzJiMGFhMzdjNWYzOTI5MGYyMzg0Zjp7InJvb21zIjpbXX0=','2017-06-05 18:04:29.868401'),
	('chnf6e2ad2cd6879ca70a408455b9137','ZWQ1Nzc0YjUyMzA4NDQ2Njk5N2UzMjFhNWNiZmY3YjllYTNkOTAzODp7Il9hdXRoX3VzZXJfaGFzaCI6IjEyMmVhYzJhMWUwNmE3ZjZiNmJiMTM0NWZkOGYyZDk1NWYyMmQyZjQiLCJfYXV0aF91c2VyX2JhY2tlbmQiOiJkamFuZ28uY29udHJpYi5hdXRoLmJhY2tlbmRzLk1vZGVsQmFja2VuZCIsIl9hdXRoX3VzZXJfaWQiOiI3OSIsInJvb21zIjpbMTM2ODBdfQ==','2017-06-03 13:01:47.264616'),
	('chnf7091b7cc888a5d8baedddfe03797','ZjNiYmY3M2MzODMwMzczYWMxNWZlNGQ1ZDNiM2RhYWY1OGNiYTM0NTp7Il9hdXRoX3VzZXJfaGFzaCI6IjljMjRiZDc3NzYwZmNjMDFhN2E0YmMyMGM3OGI3NzFlZWRmYjg5OWUiLCJfYXV0aF91c2VyX2JhY2tlbmQiOiJkamFuZ28uY29udHJpYi5hdXRoLmJhY2tlbmRzLk1vZGVsQmFja2VuZCIsIl9hdXRoX3VzZXJfaWQiOiIxMzYiLCJyb29tcyI6WzFdfQ==','2017-06-05 12:22:10.416813'),
	('chnf7878743a65740c650c0e7d40f590','ODI2NWFhM2Q5OGI3YjllODJhZTM0ZTFkMWJjYTA5MGIyOTgzMmUwMTp7Il9hdXRoX3VzZXJfaGFzaCI6IjEyMmVhYzJhMWUwNmE3ZjZiNmJiMTM0NWZkOGYyZDk1NWYyMmQyZjQiLCJfYXV0aF91c2VyX2JhY2tlbmQiOiJkamFuZ28uY29udHJpYi5hdXRoLmJhY2tlbmRzLk1vZGVsQmFja2VuZCIsIl9hdXRoX3VzZXJfaWQiOiI3OSIsInJvb21zIjpbNzkxMzZdfQ==','2017-06-08 13:34:23.453860'),
	('chnf7e1d0072aeed46498ec480e8e55a','ZWQ1Nzc0YjUyMzA4NDQ2Njk5N2UzMjFhNWNiZmY3YjllYTNkOTAzODp7Il9hdXRoX3VzZXJfaGFzaCI6IjEyMmVhYzJhMWUwNmE3ZjZiNmJiMTM0NWZkOGYyZDk1NWYyMmQyZjQiLCJfYXV0aF91c2VyX2JhY2tlbmQiOiJkamFuZ28uY29udHJpYi5hdXRoLmJhY2tlbmRzLk1vZGVsQmFja2VuZCIsIl9hdXRoX3VzZXJfaWQiOiI3OSIsInJvb21zIjpbMTM2ODBdfQ==','2017-06-03 15:54:35.643895'),
	('chnf7ea2d76fa424c9853ca2e1a1559f','ZWQ1Nzc0YjUyMzA4NDQ2Njk5N2UzMjFhNWNiZmY3YjllYTNkOTAzODp7Il9hdXRoX3VzZXJfaGFzaCI6IjEyMmVhYzJhMWUwNmE3ZjZiNmJiMTM0NWZkOGYyZDk1NWYyMmQyZjQiLCJfYXV0aF91c2VyX2JhY2tlbmQiOiJkamFuZ28uY29udHJpYi5hdXRoLmJhY2tlbmRzLk1vZGVsQmFja2VuZCIsIl9hdXRoX3VzZXJfaWQiOiI3OSIsInJvb21zIjpbMTM2ODBdfQ==','2017-06-03 16:25:14.968495'),
	('chnf7edde960aa5ff915d53eb5e9898b','YmEwZWE5MjNhNGQyMmI2N2MzOTAwMjdhYzc2MjZlYWZjNDFmNTk2ZTp7Il9hdXRoX3VzZXJfaGFzaCI6IjljMjRiZDc3NzYwZmNjMDFhN2E0YmMyMGM3OGI3NzFlZWRmYjg5OWUiLCJfYXV0aF91c2VyX2JhY2tlbmQiOiJkamFuZ28uY29udHJpYi5hdXRoLmJhY2tlbmRzLk1vZGVsQmFja2VuZCIsIl9hdXRoX3VzZXJfaWQiOiIxMzYiLCJyb29tcyI6WzEzNjc5XX0=','2017-06-05 00:01:15.788789'),
	('chnf8792027da9a8ea644d60838ccb07','YmEwZWE5MjNhNGQyMmI2N2MzOTAwMjdhYzc2MjZlYWZjNDFmNTk2ZTp7Il9hdXRoX3VzZXJfaGFzaCI6IjljMjRiZDc3NzYwZmNjMDFhN2E0YmMyMGM3OGI3NzFlZWRmYjg5OWUiLCJfYXV0aF91c2VyX2JhY2tlbmQiOiJkamFuZ28uY29udHJpYi5hdXRoLmJhY2tlbmRzLk1vZGVsQmFja2VuZCIsIl9hdXRoX3VzZXJfaWQiOiIxMzYiLCJyb29tcyI6WzEzNjc5XX0=','2017-06-05 11:44:05.221043'),
	('chnf8adb200331b77a0f4ce3af1fe5c4','YTk3ZTQ0NzQ3NTY2YzI4MWJlMzJiMGFhMzdjNWYzOTI5MGYyMzg0Zjp7InJvb21zIjpbXX0=','2017-05-27 13:50:22.562477'),
	('chnf8b34c5356622b9b1438c2af0084a','YmEwZWE5MjNhNGQyMmI2N2MzOTAwMjdhYzc2MjZlYWZjNDFmNTk2ZTp7Il9hdXRoX3VzZXJfaGFzaCI6IjljMjRiZDc3NzYwZmNjMDFhN2E0YmMyMGM3OGI3NzFlZWRmYjg5OWUiLCJfYXV0aF91c2VyX2JhY2tlbmQiOiJkamFuZ28uY29udHJpYi5hdXRoLmJhY2tlbmRzLk1vZGVsQmFja2VuZCIsIl9hdXRoX3VzZXJfaWQiOiIxMzYiLCJyb29tcyI6WzEzNjc5XX0=','2017-06-04 23:23:02.419266'),
	('chnf8c5c3b2cb8b344a49d110b9d4f4c','NzEwNGUxY2FkOWY2NmNlMDAyYzc3MzdmNDk1NzRlNTVlNWU4Y2IwNjp7fQ==','2017-06-05 22:52:24.910580'),
	('chnf905a9ff5e0dbb69e3d02817b96ed','ZmZmNDljZmY3NWM3NjVhODNjMTM3YmExYTkwZTcyZTkyZDU5OTIxNDp7Il9hdXRoX3VzZXJfaGFzaCI6IjEyMmVhYzJhMWUwNmE3ZjZiNmJiMTM0NWZkOGYyZDk1NWYyMmQyZjQiLCJfYXV0aF91c2VyX2JhY2tlbmQiOiJkamFuZ28uY29udHJpYi5hdXRoLmJhY2tlbmRzLk1vZGVsQmFja2VuZCIsIl9hdXRoX3VzZXJfaWQiOiI3OSIsInJvb21zIjpbNzk5MF19','2017-06-08 17:22:19.942869'),
	('chnf912181643498815e7e29a768f0a6','NTBlZTczNjMxMTQ1NzY4NmNmNTM2YTFlNGU4MWQxZjYzOWY1MTA0NDp7Il9hdXRoX3VzZXJfaGFzaCI6IjEyMmVhYzJhMWUwNmE3ZjZiNmJiMTM0NWZkOGYyZDk1NWYyMmQyZjQiLCJfYXV0aF91c2VyX2lkIjoiNzkiLCJfYXV0aF91c2VyX2JhY2tlbmQiOiJkamFuZ28uY29udHJpYi5hdXRoLmJhY2tlbmRzLk1vZGVsQmFja2VuZCIsInJvb21zIjpbXX0=','2017-06-02 10:02:57.698690'),
	('chnf957409d24ec13b484c211f2ee497','MWE0Y2E0NGFmMGM2YTBkNjJlY2ZmNGY0MzY5MzJlOGI3ZWE2NDc5YTp7Il9hdXRoX3VzZXJfaGFzaCI6IjEyMmVhYzJhMWUwNmE3ZjZiNmJiMTM0NWZkOGYyZDk1NWYyMmQyZjQiLCJfYXV0aF91c2VyX2JhY2tlbmQiOiJkamFuZ28uY29udHJpYi5hdXRoLmJhY2tlbmRzLk1vZGVsQmFja2VuZCIsIl9hdXRoX3VzZXJfaWQiOiI3OSIsInJvb21zIjpbNzk4M119','2017-06-08 13:10:32.444696'),
	('chnf9b8f63aeccc1151f7fad7ecdc692','ZmI0YzQwYzNiMmM1MDYwYjdiY2NiNjAyZWRlYzlhNTQ1NTc3NGRhZjp7Il9hdXRoX3VzZXJfaGFzaCI6IjEyMmVhYzJhMWUwNmE3ZjZiNmJiMTM0NWZkOGYyZDk1NWYyMmQyZjQiLCJfYXV0aF91c2VyX2JhY2tlbmQiOiJkamFuZ28uY29udHJpYi5hdXRoLmJhY2tlbmRzLk1vZGVsQmFja2VuZCIsIl9hdXRoX3VzZXJfaWQiOiI3OSIsInJvb21zIjpbNzk3OV19','2017-06-06 10:42:09.686770'),
	('chnf9e59c31e9566cc2442d2bd9c4365','YmEwZWE5MjNhNGQyMmI2N2MzOTAwMjdhYzc2MjZlYWZjNDFmNTk2ZTp7Il9hdXRoX3VzZXJfaGFzaCI6IjljMjRiZDc3NzYwZmNjMDFhN2E0YmMyMGM3OGI3NzFlZWRmYjg5OWUiLCJfYXV0aF91c2VyX2JhY2tlbmQiOiJkamFuZ28uY29udHJpYi5hdXRoLmJhY2tlbmRzLk1vZGVsQmFja2VuZCIsIl9hdXRoX3VzZXJfaWQiOiIxMzYiLCJyb29tcyI6WzEzNjc5XX0=','2017-06-04 23:18:28.147697'),
	('chnfa8bb8c8b90d92a6e1324b8b56285','NzEwNGUxY2FkOWY2NmNlMDAyYzc3MzdmNDk1NzRlNTVlNWU4Y2IwNjp7fQ==','2017-06-06 10:50:08.025146'),
	('chnfabd310b9ca57ce0ea91645d50496','YmEwZWE5MjNhNGQyMmI2N2MzOTAwMjdhYzc2MjZlYWZjNDFmNTk2ZTp7Il9hdXRoX3VzZXJfaGFzaCI6IjljMjRiZDc3NzYwZmNjMDFhN2E0YmMyMGM3OGI3NzFlZWRmYjg5OWUiLCJfYXV0aF91c2VyX2JhY2tlbmQiOiJkamFuZ28uY29udHJpYi5hdXRoLmJhY2tlbmRzLk1vZGVsQmFja2VuZCIsIl9hdXRoX3VzZXJfaWQiOiIxMzYiLCJyb29tcyI6WzEzNjc5XX0=','2017-06-04 23:32:40.998759'),
	('chnfb1eda930f8220d5210bc391f5699','ZWQ1Nzc0YjUyMzA4NDQ2Njk5N2UzMjFhNWNiZmY3YjllYTNkOTAzODp7Il9hdXRoX3VzZXJfaGFzaCI6IjEyMmVhYzJhMWUwNmE3ZjZiNmJiMTM0NWZkOGYyZDk1NWYyMmQyZjQiLCJfYXV0aF91c2VyX2JhY2tlbmQiOiJkamFuZ28uY29udHJpYi5hdXRoLmJhY2tlbmRzLk1vZGVsQmFja2VuZCIsIl9hdXRoX3VzZXJfaWQiOiI3OSIsInJvb21zIjpbMTM2ODBdfQ==','2017-06-02 14:51:32.851072'),
	('chnfb31774d55fdc5b020191ef7c625a','YmEwZWE5MjNhNGQyMmI2N2MzOTAwMjdhYzc2MjZlYWZjNDFmNTk2ZTp7Il9hdXRoX3VzZXJfaGFzaCI6IjljMjRiZDc3NzYwZmNjMDFhN2E0YmMyMGM3OGI3NzFlZWRmYjg5OWUiLCJfYXV0aF91c2VyX2JhY2tlbmQiOiJkamFuZ28uY29udHJpYi5hdXRoLmJhY2tlbmRzLk1vZGVsQmFja2VuZCIsIl9hdXRoX3VzZXJfaWQiOiIxMzYiLCJyb29tcyI6WzEzNjc5XX0=','2017-06-05 11:54:25.472580'),
	('chnfb6b397716a55198a2eba2cbaae5c','ZmZmNDljZmY3NWM3NjVhODNjMTM3YmExYTkwZTcyZTkyZDU5OTIxNDp7Il9hdXRoX3VzZXJfaGFzaCI6IjEyMmVhYzJhMWUwNmE3ZjZiNmJiMTM0NWZkOGYyZDk1NWYyMmQyZjQiLCJfYXV0aF91c2VyX2JhY2tlbmQiOiJkamFuZ28uY29udHJpYi5hdXRoLmJhY2tlbmRzLk1vZGVsQmFja2VuZCIsIl9hdXRoX3VzZXJfaWQiOiI3OSIsInJvb21zIjpbNzk5MF19','2017-06-08 13:08:48.757418'),
	('chnfbd38330d79b464a68d7ff94db566','YmEwZWE5MjNhNGQyMmI2N2MzOTAwMjdhYzc2MjZlYWZjNDFmNTk2ZTp7Il9hdXRoX3VzZXJfaGFzaCI6IjljMjRiZDc3NzYwZmNjMDFhN2E0YmMyMGM3OGI3NzFlZWRmYjg5OWUiLCJfYXV0aF91c2VyX2JhY2tlbmQiOiJkamFuZ28uY29udHJpYi5hdXRoLmJhY2tlbmRzLk1vZGVsQmFja2VuZCIsIl9hdXRoX3VzZXJfaWQiOiIxMzYiLCJyb29tcyI6WzEzNjc5XX0=','2017-06-05 11:03:38.853955'),
	('chnfc923beb8016ca0b625f224db2b97','ZWQ1Nzc0YjUyMzA4NDQ2Njk5N2UzMjFhNWNiZmY3YjllYTNkOTAzODp7Il9hdXRoX3VzZXJfaGFzaCI6IjEyMmVhYzJhMWUwNmE3ZjZiNmJiMTM0NWZkOGYyZDk1NWYyMmQyZjQiLCJfYXV0aF91c2VyX2JhY2tlbmQiOiJkamFuZ28uY29udHJpYi5hdXRoLmJhY2tlbmRzLk1vZGVsQmFja2VuZCIsIl9hdXRoX3VzZXJfaWQiOiI3OSIsInJvb21zIjpbMTM2ODBdfQ==','2017-06-02 14:51:10.787369'),
	('chnfd133de5ea96dcdb857114a9a34c2','NzEwNGUxY2FkOWY2NmNlMDAyYzc3MzdmNDk1NzRlNTVlNWU4Y2IwNjp7fQ==','2017-06-06 11:47:03.018354'),
	('chnfd19c412ec1289381d09e82976e5e','ZWQ1Nzc0YjUyMzA4NDQ2Njk5N2UzMjFhNWNiZmY3YjllYTNkOTAzODp7Il9hdXRoX3VzZXJfaGFzaCI6IjEyMmVhYzJhMWUwNmE3ZjZiNmJiMTM0NWZkOGYyZDk1NWYyMmQyZjQiLCJfYXV0aF91c2VyX2JhY2tlbmQiOiJkamFuZ28uY29udHJpYi5hdXRoLmJhY2tlbmRzLk1vZGVsQmFja2VuZCIsIl9hdXRoX3VzZXJfaWQiOiI3OSIsInJvb21zIjpbMTM2ODBdfQ==','2017-06-02 14:57:00.081875'),
	('chnfd633de8c6f8444d247c65ac2876b','YmEwZWE5MjNhNGQyMmI2N2MzOTAwMjdhYzc2MjZlYWZjNDFmNTk2ZTp7Il9hdXRoX3VzZXJfaGFzaCI6IjljMjRiZDc3NzYwZmNjMDFhN2E0YmMyMGM3OGI3NzFlZWRmYjg5OWUiLCJfYXV0aF91c2VyX2JhY2tlbmQiOiJkamFuZ28uY29udHJpYi5hdXRoLmJhY2tlbmRzLk1vZGVsQmFja2VuZCIsIl9hdXRoX3VzZXJfaWQiOiIxMzYiLCJyb29tcyI6WzEzNjc5XX0=','2017-06-05 11:51:58.533277'),
	('chnfd9331648955016106a283ba3a872','YmEwZWE5MjNhNGQyMmI2N2MzOTAwMjdhYzc2MjZlYWZjNDFmNTk2ZTp7Il9hdXRoX3VzZXJfaGFzaCI6IjljMjRiZDc3NzYwZmNjMDFhN2E0YmMyMGM3OGI3NzFlZWRmYjg5OWUiLCJfYXV0aF91c2VyX2JhY2tlbmQiOiJkamFuZ28uY29udHJpYi5hdXRoLmJhY2tlbmRzLk1vZGVsQmFja2VuZCIsIl9hdXRoX3VzZXJfaWQiOiIxMzYiLCJyb29tcyI6WzEzNjc5XX0=','2017-06-04 23:16:58.174597'),
	('chnfdc567bfa1d7f029174862f89f9fc','NTBlZTczNjMxMTQ1NzY4NmNmNTM2YTFlNGU4MWQxZjYzOWY1MTA0NDp7Il9hdXRoX3VzZXJfaGFzaCI6IjEyMmVhYzJhMWUwNmE3ZjZiNmJiMTM0NWZkOGYyZDk1NWYyMmQyZjQiLCJfYXV0aF91c2VyX2lkIjoiNzkiLCJfYXV0aF91c2VyX2JhY2tlbmQiOiJkamFuZ28uY29udHJpYi5hdXRoLmJhY2tlbmRzLk1vZGVsQmFja2VuZCIsInJvb21zIjpbXX0=','2017-06-02 22:37:42.432603'),
	('chnfdd2767699fcf964207b0474a0c9e','ZjY2OGY3MDdmNTI4ODk5Nzg5Y2VkNjhkOWM4ODJlMmVhZjUzMDk3Mzp7Il9hdXRoX3VzZXJfaGFzaCI6IjJhNDUyZDYwZDRjMGFkMzg2YjFiNjczYmQ5YTNiNzYzMDY0NWJkNGQiLCJfYXV0aF91c2VyX2lkIjoiMSIsIl9hdXRoX3VzZXJfYmFja2VuZCI6ImRqYW5nby5jb250cmliLmF1dGguYmFja2VuZHMuTW9kZWxCYWNrZW5kIiwicm9vbXMiOltdfQ==','2017-05-27 20:06:00.815260'),
	('chnfdfdf9a7f1f1808c100a41a374749','YmEwZWE5MjNhNGQyMmI2N2MzOTAwMjdhYzc2MjZlYWZjNDFmNTk2ZTp7Il9hdXRoX3VzZXJfaGFzaCI6IjljMjRiZDc3NzYwZmNjMDFhN2E0YmMyMGM3OGI3NzFlZWRmYjg5OWUiLCJfYXV0aF91c2VyX2JhY2tlbmQiOiJkamFuZ28uY29udHJpYi5hdXRoLmJhY2tlbmRzLk1vZGVsQmFja2VuZCIsIl9hdXRoX3VzZXJfaWQiOiIxMzYiLCJyb29tcyI6WzEzNjc5XX0=','2017-06-04 15:30:14.549505'),
	('chnfe32e64a52238e35f32759656ac42','ODdiYTU2MGI3Y2JjN2MyNzE0Mjk5OGM3M2M5MmFhYmM3ZDgzMWIxMjp7Il9hdXRoX3VzZXJfaGFzaCI6IjljMjRiZDc3NzYwZmNjMDFhN2E0YmMyMGM3OGI3NzFlZWRmYjg5OWUiLCJfYXV0aF91c2VyX2JhY2tlbmQiOiJkamFuZ28uY29udHJpYi5hdXRoLmJhY2tlbmRzLk1vZGVsQmFja2VuZCIsIl9hdXRoX3VzZXJfaWQiOiIxMzYiLCJyb29tcyI6Wzc5MTM2XX0=','2017-06-07 18:33:51.501356'),
	('chnfe6f6fa5267fb3ed2b449683961d2','NWE1ZDkyOGJkYTE4MWQ5ZTk2ZTYwMzM2OGMxNDllZWI5NWQ5NGFiNDp7Il9hdXRoX3VzZXJfaGFzaCI6IjljMjRiZDc3NzYwZmNjMDFhN2E0YmMyMGM3OGI3NzFlZWRmYjg5OWUiLCJfYXV0aF91c2VyX2lkIjoiMTM2IiwiX2F1dGhfdXNlcl9iYWNrZW5kIjoiZGphbmdvLmNvbnRyaWIuYXV0aC5iYWNrZW5kcy5Nb2RlbEJhY2tlbmQiLCJyb29tcyI6W119','2017-06-04 12:05:20.724251'),
	('chnfea9c7eeef059560e3ddb64b6f3bb','ZWQ1Nzc0YjUyMzA4NDQ2Njk5N2UzMjFhNWNiZmY3YjllYTNkOTAzODp7Il9hdXRoX3VzZXJfaGFzaCI6IjEyMmVhYzJhMWUwNmE3ZjZiNmJiMTM0NWZkOGYyZDk1NWYyMmQyZjQiLCJfYXV0aF91c2VyX2JhY2tlbmQiOiJkamFuZ28uY29udHJpYi5hdXRoLmJhY2tlbmRzLk1vZGVsQmFja2VuZCIsIl9hdXRoX3VzZXJfaWQiOiI3OSIsInJvb21zIjpbMTM2ODBdfQ==','2017-06-03 16:13:09.439816'),
	('chnff64060785baa7e2e46b6d90272f4','ODdiYTU2MGI3Y2JjN2MyNzE0Mjk5OGM3M2M5MmFhYmM3ZDgzMWIxMjp7Il9hdXRoX3VzZXJfaGFzaCI6IjljMjRiZDc3NzYwZmNjMDFhN2E0YmMyMGM3OGI3NzFlZWRmYjg5OWUiLCJfYXV0aF91c2VyX2JhY2tlbmQiOiJkamFuZ28uY29udHJpYi5hdXRoLmJhY2tlbmRzLk1vZGVsQmFja2VuZCIsIl9hdXRoX3VzZXJfaWQiOiIxMzYiLCJyb29tcyI6Wzc5MTM2XX0=','2017-06-07 16:27:20.001373'),
	('chnffb5b206c67d66331e6d13136b8af','YmEwZWE5MjNhNGQyMmI2N2MzOTAwMjdhYzc2MjZlYWZjNDFmNTk2ZTp7Il9hdXRoX3VzZXJfaGFzaCI6IjljMjRiZDc3NzYwZmNjMDFhN2E0YmMyMGM3OGI3NzFlZWRmYjg5OWUiLCJfYXV0aF91c2VyX2JhY2tlbmQiOiJkamFuZ28uY29udHJpYi5hdXRoLmJhY2tlbmRzLk1vZGVsQmFja2VuZCIsIl9hdXRoX3VzZXJfaWQiOiIxMzYiLCJyb29tcyI6WzEzNjc5XX0=','2017-06-04 23:51:09.698891'),
	('chnfffbc857950456ba58794105f5599','Yzg1NzcyZjFiNmRjMGEyZWQ3NDdlYWI0NDNhZWY3OTkyMTIyYTc4YTp7Il9hdXRoX3VzZXJfaGFzaCI6IjEyMmVhYzJhMWUwNmE3ZjZiNmJiMTM0NWZkOGYyZDk1NWYyMmQyZjQiLCJfYXV0aF91c2VyX2JhY2tlbmQiOiJkamFuZ28uY29udHJpYi5hdXRoLmJhY2tlbmRzLk1vZGVsQmFja2VuZCIsIl9hdXRoX3VzZXJfaWQiOiI3OSIsInJvb21zIjpbMTM2NzldfQ==','2017-06-06 18:02:36.789307'),
	('d7exoh405hjf33tadb936g75u7eqnvpt','Y2QxMmI0MWI2NzNlZTg3NmFhZmE0YTU2YjQ3YmRjMjQ0YjdkNTI4Zjp7Il9hbm9ueW1vdXNfZm9ydW1fa2V5IjoiNzAyYzUzNjUyMmI4NGU1MDhiMGYzM2IzNzQxNTc2YmEifQ==','2017-05-28 16:49:38.499321'),
	('dchk46yodl0zayk4c17o1fw0fev4uhu1','YjQxOTFlNzVlZmFlNWVhOGI1NmZmZTBiYWNiN2NmMDNmZTEzMzJiOTp7Il9hbm9ueW1vdXNfZm9ydW1fa2V5IjoiNjI3MjRjZmRmODc4NDk1OGJlY2I5Zjk4ODMyNzk4ZTgifQ==','2017-06-06 14:44:19.817490'),
	('fg6xn33ar50hfodfnfnswfxznm78xlx2','Zjg5NzMwNGI5ZDNiYTY4NGYxZjRmNmQ2YTliZTgxZTYwNDZlOGY2OTp7Il9hdXRoX3VzZXJfaGFzaCI6IjJhNDUyZDYwZDRjMGFkMzg2YjFiNjczYmQ5YTNiNzYzMDY0NWJkNGQiLCJfYW5vbnltb3VzX2ZvcnVtX2tleSI6ImQ5MTlhMGI5ZjQ2MjQ4MDc5ZGFmMzJjODE0MjQ2MmFhIiwiX2F1dGhfdXNlcl9iYWNrZW5kIjoiZGphbmdvLmNvbnRyaWIuYXV0aC5iYWNrZW5kcy5Nb2RlbEJhY2tlbmQiLCJfYXV0aF91c2VyX2lkIjoiMSJ9','2017-05-27 15:16:51.431670'),
	('ha41hg23waq13t7icrf2n1s21yfocsr4','NzA5MjFlMDYxZjU3NmNkOTM1ZjgxM2I1ODJkNzA4NWYwZmVmMmU1ODp7Il9hbm9ueW1vdXNfZm9ydW1fa2V5IjoiYjkxMGY3NzdiNjBiNDMxNmE2OWUwYjU1YmZiNDU4ZWMifQ==','2017-06-06 15:02:15.303295'),
	('ibd703pxoet8994scx080ih0e14lvpv9','ZjBmOTcyMWRhYzE3ZTgyZjRmMGFjMjI3YmNmNjVmZTAyMjI1OWRjZjp7Il9hbm9ueW1vdXNfZm9ydW1fa2V5IjoiZDdjMzM4ZmY5ZTUyNDIzMThiMTFlYmM5ODQwZThhMTkifQ==','2017-05-28 15:44:12.317292'),
	('lcwxth0dnwp87h1u4i0787j23oklg06f','YWZjODMxNzZhZGZiNDZhZDNlZmFiMmVlOTFjZDQ4Y2I2YzBmOWQ4NTp7Il9hbm9ueW1vdXNfZm9ydW1fa2V5IjoiMDAxZmQzZTNlNGZmNGYxN2JhZDA3NDAxMDA1MzdiMmYifQ==','2017-06-06 14:55:38.905250'),
	('ort0wswudkrqubwavxy3lov7b4910my3','MDg4ZjA2OTg1MjUyNWM5NjZiYWMxN2YxNGViZTQ1YTM5YzM5ZmE0ZDp7Il9hdXRoX3VzZXJfaGFzaCI6IjJhNDUyZDYwZDRjMGFkMzg2YjFiNjczYmQ5YTNiNzYzMDY0NWJkNGQiLCJfYXV0aF91c2VyX2JhY2tlbmQiOiJkamFuZ28uY29udHJpYi5hdXRoLmJhY2tlbmRzLk1vZGVsQmFja2VuZCIsIl9hdXRoX3VzZXJfaWQiOiIxIn0=','2017-06-13 11:10:53.107748'),
	('p0os0pxqjk0w5thc145hb3gt1j9wupxq','ZTNlMTI5MjdjNTllY2VmY2YxMzNhMmFmMTE5OTQyYzg2NGQzNGNiODp7Il9hbm9ueW1vdXNfZm9ydW1fa2V5IjoiOTQ1NDY3MzdkOTEyNDdkOGI5YzRjOTg5NmU3ZTNlODgifQ==','2017-06-06 14:38:09.148400'),
	('p9q77tli6e166da21n817oswf5l7ahhx','NTA3YjY4ZWE5YzY2MDEyNDE1OTIzNzBmMzUxMWZhMjA2ODJmYTg0NDp7Il9hbm9ueW1vdXNfZm9ydW1fa2V5IjoiNjM0OWMwZWY4ZGQ4NDljZGIyYTc1NzM1OTQ3MGRhYjIifQ==','2017-06-06 14:35:33.473415'),
	('prqipawty3rlrfkthiphb49ntjay8uzv','NmI5OTNhNjA3ZjIwZTRjZmZmNjA0ODY2NTE5N2E1MTNkZmJiZTEyZTp7Il9hdXRoX3VzZXJfaGFzaCI6Ijc5ZTFmNjA3YjYwOGU1ZDljY2FkNjUyYzFmOWE3ZDM5NDcyYjU3NmMiLCJfYW5vbnltb3VzX2ZvcnVtX2tleSI6ImFmNTRkZWMxNmI5MDRmYTM4YTg5NDU2ZDQwNmUwY2M3IiwiX2F1dGhfdXNlcl9iYWNrZW5kIjoiZGphbmdvLmNvbnRyaWIuYXV0aC5iYWNrZW5kcy5Nb2RlbEJhY2tlbmQiLCJfYXV0aF91c2VyX2lkIjoiNzkifQ==','2017-06-09 13:45:48.433303'),
	('qk7rx19q3mehu0m4to2sd8qqxg3085pa','MWNiZjk4ZGYxNzhiNGEyYmJjYzAwYWIxZTI3N2EzMmY1ZjhjMmZkMzp7Il9hbm9ueW1vdXNfZm9ydW1fa2V5IjoiNGJjYmRiMzljZGI0NDI0ODkyOWI3MjJlMTMwMzQzZWQifQ==','2017-06-06 14:57:14.308186'),
	('qv2ns641mrrpxk1gwfyff2gch2lrgs3i','YTU4OTA4OWM2MjQ2YmUyMjBkNDZlMjlmMGJhNTliYzE5Y2VjY2UxZjp7Il9hdXRoX3VzZXJfaGFzaCI6IjEyMmVhYzJhMWUwNmE3ZjZiNmJiMTM0NWZkOGYyZDk1NWYyMmQyZjQiLCJfYW5vbnltb3VzX2ZvcnVtX2tleSI6ImFmYTg3NDYwYjBlNjQ1OTdhZmJkMjMzMjE1Yjg2M2ZjIiwiX2F1dGhfdXNlcl9iYWNrZW5kIjoiZGphbmdvLmNvbnRyaWIuYXV0aC5iYWNrZW5kcy5Nb2RlbEJhY2tlbmQiLCJfYXV0aF91c2VyX2lkIjoiNzkifQ==','2017-06-05 18:29:19.493705'),
	('s9fw9hnnm4ywdee0g1nspz83usul28hp','OThjY2I5Zjk1NDFhZWQ1OWZmZjBkZjlmNzdjMTJjMjkyZmFhNGQ5YTp7Il9hdXRoX3VzZXJfaGFzaCI6IjljMjRiZDc3NzYwZmNjMDFhN2E0YmMyMGM3OGI3NzFlZWRmYjg5OWUiLCJfYW5vbnltb3VzX2ZvcnVtX2tleSI6IjljYzljMDBmMzlkMTRiMzRhZTFmMjBmZDFjOWIxMTc5IiwiX2F1dGhfdXNlcl9iYWNrZW5kIjoiZGphbmdvLmNvbnRyaWIuYXV0aC5iYWNrZW5kcy5Nb2RlbEJhY2tlbmQiLCJfYXV0aF91c2VyX2lkIjoiMTM2In0=','2017-06-07 15:58:56.642714');

/*!40000 ALTER TABLE `django_session` ENABLE KEYS */;
UNLOCK TABLES;


DROP TABLE IF EXISTS `django_site`;

CREATE TABLE `django_site` (
  `id` int(11) NOT NULL AUTO_INCREMENT,
  `domain` varchar(100) NOT NULL,
  `name` varchar(50) NOT NULL,
  PRIMARY KEY (`id`),
  UNIQUE KEY `django_site_domain_a2e37b91_uniq` (`domain`)
) ENGINE=InnoDB DEFAULT CHARSET=latin1;

LOCK TABLES `django_site` WRITE;
/*!40000 ALTER TABLE `django_site` DISABLE KEYS */;

INSERT INTO `django_site` (`id`, `domain`, `name`)
VALUES
	(1,'127.0.0.1','example.com');

/*!40000 ALTER TABLE `django_site` ENABLE KEYS */;
UNLOCK TABLES;


DROP TABLE IF EXISTS `forum_attachments_attachment`;

CREATE TABLE `forum_attachments_attachment` (
  `id` int(11) NOT NULL AUTO_INCREMENT,
  `file` varchar(100) NOT NULL,
  `comment` varchar(255) DEFAULT NULL,
  `post_id` int(11) NOT NULL,
  PRIMARY KEY (`id`),
  KEY `forum_attachments_post_id_0476a843_fk_forum_conversation_post_id` (`post_id`),
  CONSTRAINT `forum_attachments_post_id_0476a843_fk_forum_conversation_post_id` FOREIGN KEY (`post_id`) REFERENCES `forum_conversation_post` (`id`)
) ENGINE=InnoDB DEFAULT CHARSET=latin1;



DROP TABLE IF EXISTS `forum_conversation_post`;

CREATE TABLE `forum_conversation_post` (
  `id` int(11) NOT NULL AUTO_INCREMENT,
  `created` datetime(6) NOT NULL,
  `updated` datetime(6) NOT NULL,
  `poster_ip` char(39) DEFAULT NULL,
  `subject` varchar(255) NOT NULL,
  `content` longtext NOT NULL,
  `username` varchar(155) DEFAULT NULL,
  `approved` tinyint(1) NOT NULL,
  `update_reason` varchar(255) DEFAULT NULL,
  `updates_count` int(10) unsigned NOT NULL,
  `_content_rendered` longtext,
  `poster_id` int(11) DEFAULT NULL,
  `topic_id` int(11) NOT NULL,
  `updated_by_id` int(11),
  `anonymous_key` varchar(100),
  `enable_signature` tinyint(1) NOT NULL,
  PRIMARY KEY (`id`),
  KEY `forum_conversation_post_poster_id_19c4e995_fk_auth_user_id` (`poster_id`),
  KEY `forum_conversation_post_19b4d727` (`topic_id`),
  KEY `forum_conversation_post_9ccf0ba6` (`updated_by_id`),
  KEY `forum_conversation_post_approved_a1090910_uniq` (`approved`),
  KEY `forum_conversation_post_96dc5783` (`enable_signature`),
  CONSTRAINT `forum_conversat_topic_id_f6aaa418_fk_forum_conversation_topic_id` FOREIGN KEY (`topic_id`) REFERENCES `forum_conversation_topic` (`id`),
  CONSTRAINT `forum_conversation_post_poster_id_19c4e995_fk_auth_user_id` FOREIGN KEY (`poster_id`) REFERENCES `auth_user` (`id`),
  CONSTRAINT `forum_conversation_post_updated_by_id_86093355_fk_auth_user_id` FOREIGN KEY (`updated_by_id`) REFERENCES `auth_user` (`id`)
) ENGINE=InnoDB DEFAULT CHARSET=latin1;

LOCK TABLES `forum_conversation_post` WRITE;
/*!40000 ALTER TABLE `forum_conversation_post` DISABLE KEYS */;

INSERT INTO `forum_conversation_post` (`id`, `created`, `updated`, `poster_ip`, `subject`, `content`, `username`, `approved`, `update_reason`, `updates_count`, `_content_rendered`, `poster_id`, `topic_id`, `updated_by_id`, `anonymous_key`, `enable_signature`)
VALUES
	(1,'2017-05-13 15:07:56.029973','2017-05-13 15:07:56.030079','127.0.0.1','qwe','vxx',NULL,1,NULL,0,'<p>vxx</p>',1,2,NULL,NULL,1);

/*!40000 ALTER TABLE `forum_conversation_post` ENABLE KEYS */;
UNLOCK TABLES;


DROP TABLE IF EXISTS `forum_conversation_topic`;

CREATE TABLE `forum_conversation_topic` (
  `id` int(11) NOT NULL AUTO_INCREMENT,
  `created` datetime(6) NOT NULL,
  `updated` datetime(6) NOT NULL,
  `subject` varchar(255) NOT NULL,
  `slug` varchar(255) NOT NULL,
  `type` smallint(5) unsigned NOT NULL,
  `status` int(10) unsigned NOT NULL,
  `approved` tinyint(1) NOT NULL,
  `posts_count` int(10) unsigned NOT NULL,
  `views_count` int(10) unsigned NOT NULL,
  `last_post_on` datetime(6) DEFAULT NULL,
  `forum_id` int(11) NOT NULL,
  `poster_id` int(11) DEFAULT NULL,
  `first_post_id` int(11),
  `last_post_id` int(11),
  PRIMARY KEY (`id`),
  KEY `forum_conversation_topic_forum_id_e9cfe592_fk_forum_forum_id` (`forum_id`),
  KEY `forum_conversation_topic_poster_id_0dd4fa07_fk_auth_user_id` (`poster_id`),
  KEY `forum_conversation_topic_2dbcba41` (`slug`),
  KEY `forum_conversation_topic_599dcce2` (`type`),
  KEY `forum_conversation_topic_9acb4454` (`status`),
  KEY `forum_conversation_topic_approved_ad3fcbf9_uniq` (`approved`),
  KEY `forum_conversation_topic_e5e00675` (`first_post_id`),
  KEY `forum_conversation_topic_f9927d59` (`last_post_id`),
  CONSTRAINT `forum_conve_first_post_id_ca473bd1_fk_forum_conversation_post_id` FOREIGN KEY (`first_post_id`) REFERENCES `forum_conversation_post` (`id`),
  CONSTRAINT `forum_conver_last_post_id_e14396a2_fk_forum_conversation_post_id` FOREIGN KEY (`last_post_id`) REFERENCES `forum_conversation_post` (`id`),
  CONSTRAINT `forum_conversation_topic_forum_id_e9cfe592_fk_forum_forum_id` FOREIGN KEY (`forum_id`) REFERENCES `forum_forum` (`id`),
  CONSTRAINT `forum_conversation_topic_poster_id_0dd4fa07_fk_auth_user_id` FOREIGN KEY (`poster_id`) REFERENCES `auth_user` (`id`)
) ENGINE=InnoDB DEFAULT CHARSET=latin1;

LOCK TABLES `forum_conversation_topic` WRITE;
/*!40000 ALTER TABLE `forum_conversation_topic` DISABLE KEYS */;

INSERT INTO `forum_conversation_topic` (`id`, `created`, `updated`, `subject`, `slug`, `type`, `status`, `approved`, `posts_count`, `views_count`, `last_post_on`, `forum_id`, `poster_id`, `first_post_id`, `last_post_id`)
VALUES
	(2,'2017-05-13 15:07:56.015204','2017-05-13 15:49:44.325821','qwe','qwe',0,0,1,3,5,'2017-05-13 15:49:44.307523',1,1,1,NULL);

/*!40000 ALTER TABLE `forum_conversation_topic` ENABLE KEYS */;
UNLOCK TABLES;


DROP TABLE IF EXISTS `forum_conversation_topic_subscribers`;

CREATE TABLE `forum_conversation_topic_subscribers` (
  `id` int(11) NOT NULL AUTO_INCREMENT,
  `topic_id` int(11) NOT NULL,
  `user_id` int(11) NOT NULL,
  PRIMARY KEY (`id`),
  UNIQUE KEY `forum_conversation_topic_subscribers_topic_id_b2c961d5_uniq` (`topic_id`,`user_id`),
  KEY `forum_conversation_topic_subscr_user_id_7e386a79_fk_auth_user_id` (`user_id`),
  CONSTRAINT `forum_conversat_topic_id_34ebca87_fk_forum_conversation_topic_id` FOREIGN KEY (`topic_id`) REFERENCES `forum_conversation_topic` (`id`),
  CONSTRAINT `forum_conversation_topic_subscr_user_id_7e386a79_fk_auth_user_id` FOREIGN KEY (`user_id`) REFERENCES `auth_user` (`id`)
) ENGINE=InnoDB DEFAULT CHARSET=latin1;



DROP TABLE IF EXISTS `forum_forum`;

CREATE TABLE `forum_forum` (
  `id` int(11) NOT NULL AUTO_INCREMENT,
  `created` datetime(6) NOT NULL,
  `updated` datetime(6) NOT NULL,
  `name` varchar(100) NOT NULL,
  `slug` varchar(255) NOT NULL,
  `description` longtext,
  `image` varchar(100) DEFAULT NULL,
  `link` varchar(200) DEFAULT NULL,
  `link_redirects` tinyint(1) NOT NULL,
  `type` smallint(5) unsigned NOT NULL,
  `posts_count` int(10) unsigned NOT NULL,
  `topics_count` int(10) unsigned NOT NULL,
  `link_redirects_count` int(10) unsigned NOT NULL,
  `last_post_on` datetime(6) DEFAULT NULL,
  `display_sub_forum_list` tinyint(1) NOT NULL,
  `_description_rendered` longtext,
  `lft` int(10) unsigned NOT NULL,
  `rght` int(10) unsigned NOT NULL,
  `tree_id` int(10) unsigned NOT NULL,
  `level` int(10) unsigned NOT NULL,
  `parent_id` int(11) DEFAULT NULL,
  PRIMARY KEY (`id`),
  KEY `forum_forum_2dbcba41` (`slug`),
  KEY `forum_forum_599dcce2` (`type`),
  KEY `forum_forum_caf7cc51` (`lft`),
  KEY `forum_forum_3cfbd988` (`rght`),
  KEY `forum_forum_656442a0` (`tree_id`),
  KEY `forum_forum_c9e9a848` (`level`),
  KEY `forum_forum_6be37982` (`parent_id`),
  CONSTRAINT `forum_forum_parent_id_22edea05_fk_forum_forum_id` FOREIGN KEY (`parent_id`) REFERENCES `forum_forum` (`id`)
) ENGINE=InnoDB DEFAULT CHARSET=latin1;

LOCK TABLES `forum_forum` WRITE;
/*!40000 ALTER TABLE `forum_forum` DISABLE KEYS */;

INSERT INTO `forum_forum` (`id`, `created`, `updated`, `name`, `slug`, `description`, `image`, `link`, `link_redirects`, `type`, `posts_count`, `topics_count`, `link_redirects_count`, `last_post_on`, `display_sub_forum_list`, `_description_rendered`, `lft`, `rght`, `tree_id`, `level`, `parent_id`)
VALUES
	(1,'2017-05-13 15:00:18.680182','2017-05-13 15:49:44.346985','xcv','xcv','','','',0,0,3,1,0,'2017-05-13 15:49:44.307523',1,'<p></p>',1,2,1,0,NULL);

/*!40000 ALTER TABLE `forum_forum` ENABLE KEYS */;
UNLOCK TABLES;


DROP TABLE IF EXISTS `forum_member_forumprofile`;

CREATE TABLE `forum_member_forumprofile` (
  `id` int(11) NOT NULL AUTO_INCREMENT,
  `avatar` varchar(100) DEFAULT NULL,
  `signature` longtext,
  `posts_count` int(10) unsigned NOT NULL,
  `_signature_rendered` longtext,
  `user_id` int(11) NOT NULL,
  PRIMARY KEY (`id`),
  UNIQUE KEY `user_id` (`user_id`),
  CONSTRAINT `forum_member_forumprofile_user_id_9d6b9b6b_fk_auth_user_id` FOREIGN KEY (`user_id`) REFERENCES `auth_user` (`id`)
) ENGINE=InnoDB DEFAULT CHARSET=latin1;

LOCK TABLES `forum_member_forumprofile` WRITE;
/*!40000 ALTER TABLE `forum_member_forumprofile` DISABLE KEYS */;

INSERT INTO `forum_member_forumprofile` (`id`, `avatar`, `signature`, `posts_count`, `_signature_rendered`, `user_id`)
VALUES
	(1,'',NULL,1,NULL,1),
	(542,'',NULL,0,NULL,79),
	(543,'',NULL,0,NULL,83),
	(544,'',NULL,0,NULL,90),
	(545,'',NULL,0,NULL,96),
	(546,'',NULL,0,NULL,129),
	(547,'',NULL,0,NULL,136),
	(548,'',NULL,0,NULL,80),
	(549,'',NULL,0,NULL,92),
	(550,'',NULL,0,NULL,93),
	(551,'',NULL,0,NULL,98),
	(552,'',NULL,0,NULL,132),
	(553,'',NULL,0,NULL,86),
	(554,'',NULL,0,NULL,89),
	(555,'',NULL,0,NULL,94),
	(556,'',NULL,0,NULL,85),
	(557,'',NULL,0,NULL,88),
	(558,'',NULL,0,NULL,95),
	(559,'',NULL,0,NULL,126),
	(560,'',NULL,0,NULL,128),
	(561,'',NULL,0,NULL,133),
	(562,'',NULL,0,NULL,84),
	(563,'',NULL,0,NULL,82),
	(564,'',NULL,0,NULL,91),
	(565,'',NULL,0,NULL,124),
	(566,'',NULL,0,NULL,125),
	(567,'',NULL,0,NULL,127),
	(568,'',NULL,0,NULL,131),
	(569,'',NULL,0,NULL,134);

/*!40000 ALTER TABLE `forum_member_forumprofile` ENABLE KEYS */;
UNLOCK TABLES;


DROP TABLE IF EXISTS `forum_permission_forumpermission`;

CREATE TABLE `forum_permission_forumpermission` (
  `id` int(11) NOT NULL AUTO_INCREMENT,
  `codename` varchar(150) NOT NULL,
  `name` varchar(255) DEFAULT NULL,
  `is_global` tinyint(1) NOT NULL,
  `is_local` tinyint(1) NOT NULL,
  PRIMARY KEY (`id`),
  UNIQUE KEY `codename` (`codename`),
  KEY `forum_permission_forumpermission_is_global_5772ce17_uniq` (`is_global`),
  KEY `forum_permission_forumpermission_is_local_92cef3ca_uniq` (`is_local`)
) ENGINE=InnoDB DEFAULT CHARSET=latin1;

LOCK TABLES `forum_permission_forumpermission` WRITE;
/*!40000 ALTER TABLE `forum_permission_forumpermission` DISABLE KEYS */;

INSERT INTO `forum_permission_forumpermission` (`id`, `codename`, `name`, `is_global`, `is_local`)
VALUES
	(1,'can_see_forum','Can see forum',1,1),
	(2,'can_read_forum','Can read forum',1,1),
	(3,'can_start_new_topics','Can start new topics',1,1),
	(4,'can_reply_to_topics','Can reply to topics',1,1),
	(5,'can_post_announcements','Can post announcements',1,1),
	(6,'can_post_stickies','Can post stickies',1,1),
	(7,'can_delete_own_posts','Can delete own posts',1,1),
	(8,'can_edit_own_posts','Can edit own posts',1,1),
	(9,'can_post_without_approval','Can post without approval',1,1),
	(10,'can_create_polls','Can create polls',1,1),
	(11,'can_vote_in_polls','Can vote in polls',1,1),
	(12,'can_attach_file','Can attach file',1,1),
	(13,'can_download_file','Can download file',1,1),
	(14,'can_lock_topics','Can lock topics',0,1),
	(15,'can_move_topics','Can move topics',0,1),
	(16,'can_edit_posts','Can edit posts',0,1),
	(17,'can_delete_posts','Can delete posts',0,1),
	(18,'can_approve_posts','Can approve posts',0,1),
	(19,'can_reply_to_locked_topics','Can add posts in locked topics',0,1);

/*!40000 ALTER TABLE `forum_permission_forumpermission` ENABLE KEYS */;
UNLOCK TABLES;


DROP TABLE IF EXISTS `forum_permission_groupforumpermission`;

CREATE TABLE `forum_permission_groupforumpermission` (
  `id` int(11) NOT NULL AUTO_INCREMENT,
  `has_perm` tinyint(1) NOT NULL,
  `forum_id` int(11) DEFAULT NULL,
  `group_id` int(11) NOT NULL,
  `permission_id` int(11) NOT NULL,
  PRIMARY KEY (`id`),
  UNIQUE KEY `forum_permission_groupforumpermissio_permission_id_a1e477c8_uniq` (`permission_id`,`forum_id`,`group_id`),
  KEY `forum_permission_groupforump_forum_id_d59d5cac_fk_forum_forum_id` (`forum_id`),
  KEY `forum_permission_groupforumpe_group_id_b515635b_fk_auth_group_id` (`group_id`),
  KEY `forum_permission_groupforumpermission_has_perm_48cae01d_uniq` (`has_perm`),
  CONSTRAINT `fo_permission_id_2475fe70_fk_forum_permission_forumpermission_id` FOREIGN KEY (`permission_id`) REFERENCES `forum_permission_forumpermission` (`id`),
  CONSTRAINT `forum_permission_groupforump_forum_id_d59d5cac_fk_forum_forum_id` FOREIGN KEY (`forum_id`) REFERENCES `forum_forum` (`id`),
  CONSTRAINT `forum_permission_groupforumpe_group_id_b515635b_fk_auth_group_id` FOREIGN KEY (`group_id`) REFERENCES `auth_group` (`id`)
) ENGINE=InnoDB DEFAULT CHARSET=latin1;



DROP TABLE IF EXISTS `forum_permission_userforumpermission`;

CREATE TABLE `forum_permission_userforumpermission` (
  `id` int(11) NOT NULL AUTO_INCREMENT,
  `has_perm` tinyint(1) NOT NULL,
  `anonymous_user` tinyint(1) NOT NULL,
  `forum_id` int(11) DEFAULT NULL,
  `permission_id` int(11) NOT NULL,
  `user_id` int(11) DEFAULT NULL,
  PRIMARY KEY (`id`),
  UNIQUE KEY `forum_permission_userforumpermission_permission_id_024a3693_uniq` (`permission_id`,`forum_id`,`user_id`),
  KEY `forum_permission_userforumpe_forum_id_f781f4d6_fk_forum_forum_id` (`forum_id`),
  KEY `forum_permission_userforumpermi_user_id_8106d02d_fk_auth_user_id` (`user_id`),
  KEY `forum_permission_userforumpermissio_anonymous_user_8aabbd9d_uniq` (`anonymous_user`),
  KEY `forum_permission_userforumpermission_has_perm_1b5ee7ac_uniq` (`has_perm`),
  CONSTRAINT `fo_permission_id_9090e930_fk_forum_permission_forumpermission_id` FOREIGN KEY (`permission_id`) REFERENCES `forum_permission_forumpermission` (`id`),
  CONSTRAINT `forum_permission_userforumpe_forum_id_f781f4d6_fk_forum_forum_id` FOREIGN KEY (`forum_id`) REFERENCES `forum_forum` (`id`),
  CONSTRAINT `forum_permission_userforumpermi_user_id_8106d02d_fk_auth_user_id` FOREIGN KEY (`user_id`) REFERENCES `auth_user` (`id`)
) ENGINE=InnoDB DEFAULT CHARSET=latin1;



DROP TABLE IF EXISTS `forum_polls_topicpoll`;

CREATE TABLE `forum_polls_topicpoll` (
  `id` int(11) NOT NULL AUTO_INCREMENT,
  `created` datetime(6) NOT NULL,
  `updated` datetime(6) NOT NULL,
  `question` varchar(255) NOT NULL,
  `duration` int(10) unsigned DEFAULT NULL,
  `max_options` smallint(5) unsigned NOT NULL,
  `user_changes` tinyint(1) NOT NULL,
  `topic_id` int(11) NOT NULL,
  PRIMARY KEY (`id`),
  UNIQUE KEY `topic_id` (`topic_id`),
  CONSTRAINT `forum_polls_top_topic_id_1b827b83_fk_forum_conversation_topic_id` FOREIGN KEY (`topic_id`) REFERENCES `forum_conversation_topic` (`id`)
) ENGINE=InnoDB DEFAULT CHARSET=latin1;

LOCK TABLES `forum_polls_topicpoll` WRITE;
/*!40000 ALTER TABLE `forum_polls_topicpoll` DISABLE KEYS */;

INSERT INTO `forum_polls_topicpoll` (`id`, `created`, `updated`, `question`, `duration`, `max_options`, `user_changes`, `topic_id`)
VALUES
	(1,'2017-05-13 15:07:56.070309','2017-05-13 15:07:56.073060','',0,1,0,2);

/*!40000 ALTER TABLE `forum_polls_topicpoll` ENABLE KEYS */;
UNLOCK TABLES;


DROP TABLE IF EXISTS `forum_polls_topicpolloption`;

CREATE TABLE `forum_polls_topicpolloption` (
  `id` int(11) NOT NULL AUTO_INCREMENT,
  `text` varchar(255) NOT NULL,
  `poll_id` int(11) NOT NULL,
  PRIMARY KEY (`id`),
  KEY `forum_polls_topicpo_poll_id_a54cbd58_fk_forum_polls_topicpoll_id` (`poll_id`),
  CONSTRAINT `forum_polls_topicpo_poll_id_a54cbd58_fk_forum_polls_topicpoll_id` FOREIGN KEY (`poll_id`) REFERENCES `forum_polls_topicpoll` (`id`)
) ENGINE=InnoDB DEFAULT CHARSET=latin1;



DROP TABLE IF EXISTS `forum_polls_topicpollvote`;

CREATE TABLE `forum_polls_topicpollvote` (
  `id` int(11) NOT NULL AUTO_INCREMENT,
  `timestamp` datetime(6) NOT NULL,
  `poll_option_id` int(11) NOT NULL,
  `voter_id` int(11) DEFAULT NULL,
  `anonymous_key` varchar(100),
  PRIMARY KEY (`id`),
  KEY `forum__poll_option_id_a075b665_fk_forum_polls_topicpolloption_id` (`poll_option_id`),
  KEY `forum_polls_topicpollvote_voter_id_0a287559_fk_auth_user_id` (`voter_id`),
  CONSTRAINT `forum__poll_option_id_a075b665_fk_forum_polls_topicpolloption_id` FOREIGN KEY (`poll_option_id`) REFERENCES `forum_polls_topicpolloption` (`id`),
  CONSTRAINT `forum_polls_topicpollvote_voter_id_0a287559_fk_auth_user_id` FOREIGN KEY (`voter_id`) REFERENCES `auth_user` (`id`)
) ENGINE=InnoDB DEFAULT CHARSET=latin1;



DROP TABLE IF EXISTS `forum_tracking_forumreadtrack`;

CREATE TABLE `forum_tracking_forumreadtrack` (
  `id` int(11) NOT NULL AUTO_INCREMENT,
  `mark_time` datetime(6) NOT NULL,
  `forum_id` int(11) NOT NULL,
  `user_id` int(11) NOT NULL,
  PRIMARY KEY (`id`),
  UNIQUE KEY `forum_tracking_forumreadtrack_user_id_3e64777a_uniq` (`user_id`,`forum_id`),
  KEY `forum_tracking_forumreadtrac_forum_id_bbd3fb47_fk_forum_forum_id` (`forum_id`),
  KEY `forum_tracking_forumreadtrack_mark_time_72eec39e_uniq` (`mark_time`),
  CONSTRAINT `forum_tracking_forumreadtrac_forum_id_bbd3fb47_fk_forum_forum_id` FOREIGN KEY (`forum_id`) REFERENCES `forum_forum` (`id`),
  CONSTRAINT `forum_tracking_forumreadtrack_user_id_932d4605_fk_auth_user_id` FOREIGN KEY (`user_id`) REFERENCES `auth_user` (`id`)
) ENGINE=InnoDB DEFAULT CHARSET=latin1;

LOCK TABLES `forum_tracking_forumreadtrack` WRITE;
/*!40000 ALTER TABLE `forum_tracking_forumreadtrack` DISABLE KEYS */;

INSERT INTO `forum_tracking_forumreadtrack` (`id`, `mark_time`, `forum_id`, `user_id`)
VALUES
	(1,'2017-05-13 15:07:56.202271',1,1);

/*!40000 ALTER TABLE `forum_tracking_forumreadtrack` ENABLE KEYS */;
UNLOCK TABLES;


DROP TABLE IF EXISTS `forum_tracking_topicreadtrack`;

CREATE TABLE `forum_tracking_topicreadtrack` (
  `id` int(11) NOT NULL AUTO_INCREMENT,
  `mark_time` datetime(6) NOT NULL,
  `topic_id` int(11) NOT NULL,
  `user_id` int(11) NOT NULL,
  PRIMARY KEY (`id`),
  UNIQUE KEY `forum_tracking_topicreadtrack_user_id_6fe3e105_uniq` (`user_id`,`topic_id`),
  KEY `forum_tracking__topic_id_9a53bd45_fk_forum_conversation_topic_id` (`topic_id`),
  KEY `forum_tracking_topicreadtrack_mark_time_7dafc483_uniq` (`mark_time`),
  CONSTRAINT `forum_tracking__topic_id_9a53bd45_fk_forum_conversation_topic_id` FOREIGN KEY (`topic_id`) REFERENCES `forum_conversation_topic` (`id`),
  CONSTRAINT `forum_tracking_topicreadtrack_user_id_2762562b_fk_auth_user_id` FOREIGN KEY (`user_id`) REFERENCES `auth_user` (`id`)
) ENGINE=InnoDB DEFAULT CHARSET=latin1;



DROP TABLE IF EXISTS `news_news_paragraph`;

CREATE TABLE `news_news_paragraph` (
  `id` int(11) NOT NULL AUTO_INCREMENT,
  `title` varchar(30) NOT NULL,
  `image` varchar(100) NOT NULL,
  `text` longtext NOT NULL,
  `date` datetime(6) NOT NULL,
  PRIMARY KEY (`id`)
) ENGINE=InnoDB DEFAULT CHARSET=latin1;

LOCK TABLES `news_news_paragraph` WRITE;
/*!40000 ALTER TABLE `news_news_paragraph` DISABLE KEYS */;

INSERT INTO `news_news_paragraph` (`id`, `title`, `image`, `text`, `date`)
VALUES
	(1,'BLA','images/1_8ubStB5.jpg','<p>Lorem ipsum dolor sit amet, consectetur adipiscing elit, sed do eiusmod tempor incididunt ut labore et dolore magna aliqua. Ut enim ad minim veniam, quis nostrud exercitation ullamco laboris nisi ut aliquip ex ea commodo consequat. Duis aute irure dolor in reprehenderit in voluptate velit esse cillum dolore eu fugiat nulla pariatur. Excepteur sint occaecat cupidatat non proident, sunt in culpa qui officia deserunt mollit anim id est laborum.</p>\r\n\r\n<p><img alt=\"\" src=\"/media/uploads/admin/2017/04/25/i1c-kcgqog8.jpg\" style=\"height:65px; width:100px\" /></p>\r\n\r\n<p>You can find some shit <a href=\"https://www.dropbox.com/home/Mekhedov_Yevhen_Volodymyrovych\">here</a></p>','2017-05-14 16:54:39.000000'),
	(2,'Lorem','images/2_iQm3ZZo.jpg','<p>Lorem ipsum dolor sit amet, consectetur adipiscing elit, sed do eiusmod tempor incididunt ut labore et dolore magna aliqua. Ut enim ad minim veniam, quis nostrud exercitation ullamco laboris nisi ut aliquip ex ea commodo consequat. Duis aute irure dolor in reprehenderit in voluptate velit esse cillum dolore eu fugiat nulla pariatur. Excepteur sint occaecat cupidatat non proident, sunt in culpa qui officia deserunt mollit anim id est laborum.</p>','2017-05-15 12:56:52.000000');

/*!40000 ALTER TABLE `news_news_paragraph` ENABLE KEYS */;
UNLOCK TABLES;


DROP TABLE IF EXISTS `projectsTestsQuestions_markforeachproject`;

CREATE TABLE `projectsTestsQuestions_markforeachproject` (
  `id` int(11) NOT NULL AUTO_INCREMENT,
  `mark` int(11) NOT NULL,
  `project_id_id` int(11) NOT NULL,
  `subject_id_id` int(11) NOT NULL,
  PRIMARY KEY (`id`),
  KEY `projectsTestsQuestions_markforeachproject_bfec2ef8` (`project_id_id`),
  KEY `projectsTestsQuestions_markforeachproject_4a83a6b6` (`subject_id_id`),
  CONSTRAINT `proj_project_id_id_122611db_fk_projectsTestsQuestions_project_id` FOREIGN KEY (`project_id_id`) REFERENCES `projectsTestsQuestions_project` (`id`),
  CONSTRAINT `proj_subject_id_id_9b523f12_fk_projectsTestsQuestions_subject_id` FOREIGN KEY (`subject_id_id`) REFERENCES `projectsTestsQuestions_subject` (`id`)
) ENGINE=InnoDB DEFAULT CHARSET=latin1;

LOCK TABLES `projectsTestsQuestions_markforeachproject` WRITE;
/*!40000 ALTER TABLE `projectsTestsQuestions_markforeachproject` DISABLE KEYS */;

INSERT INTO `projectsTestsQuestions_markforeachproject` (`id`, `mark`, `project_id_id`, `subject_id_id`)
VALUES
	(14,2,3,1),
	(15,3,3,2),
	(16,4,3,3),
	(17,3,3,4),
	(18,3,3,5),
	(19,3,2,1),
	(20,3,2,2),
	(21,3,2,3),
	(22,3,2,4),
	(23,3,2,5),
	(24,3,1,1),
	(25,2,1,2),
	(26,3,1,3),
	(27,3,1,4),
	(28,2,1,5),
	(29,4,5,1),
	(30,3,5,2),
	(31,2,5,3),
	(32,3,5,4),
	(33,3,5,5);

/*!40000 ALTER TABLE `projectsTestsQuestions_markforeachproject` ENABLE KEYS */;
UNLOCK TABLES;


DROP TABLE IF EXISTS `projectsTestsQuestions_project`;

CREATE TABLE `projectsTestsQuestions_project` (
  `id` int(11) NOT NULL AUTO_INCREMENT,
  `project_name` varchar(300) NOT NULL,
  `image` varchar(100) NOT NULL,
  `description` longtext NOT NULL,
  `mentor_image` varchar(100) NOT NULL,
  `mentor_description` longtext NOT NULL,
  `minMembers` int(11) NOT NULL,
  `maxMembers` int(11) NOT NULL,
  `mentor_id_id` int(11) DEFAULT NULL,
  PRIMARY KEY (`id`),
  KEY `projectsTestsQuestions_pro_mentor_id_id_2ee710cb_fk_auth_user_id` (`mentor_id_id`),
  CONSTRAINT `projectsTestsQuestions_pro_mentor_id_id_2ee710cb_fk_auth_user_id` FOREIGN KEY (`mentor_id_id`) REFERENCES `auth_user` (`id`)
) ENGINE=InnoDB DEFAULT CHARSET=latin1;

LOCK TABLES `projectsTestsQuestions_project` WRITE;
/*!40000 ALTER TABLE `projectsTestsQuestions_project` DISABLE KEYS */;

INSERT INTO `projectsTestsQuestions_project` (`id`, `project_name`, `image`, `description`, `mentor_image`, `mentor_description`, `minMembers`, `maxMembers`, `mentor_id_id`)
VALUES
	(1,'Using Neural Networks for Diabetic Retinopathy Detection in Eye Images','projectImages/P1.jpg','<p>Abstract: Currently, detecting DR is a time-consuming and manual process that requires a trained clinician to examine and evaluate digital color fundus photographs of the retina. By the time human readers submit their reviews, often a day or two later, the delayed results lead to lost follow up, miscommunication, and delayed treatment (from http://www.kaggle.com/c/diabetic-retinopathy-detection). Project prerequisites: Matrix/vector arithmetics Introduction to machine learning: Classification/regression (hands on some basic classifiers) Cost function optimization (gradient descent) Cross validation techniques (leave-one-out cross validation, ten-fold cross validation) Overfitting/underfitting Parameters tuning (grid search/random search) Model evaluation Programming language: Python Introduction to Neural Networks Associated topics: Image classification, neural networks, cost function optimization, parameters tuning, comparing models</p>','projectMentorImages/Fishman.jpg','<table align=\"center\" border=\"0\" cellpadding=\"1\" cellspacing=\"1\">\r\n	<tbody>\r\n		<tr>\r\n			<td><img alt=\"\" src=\"/media/uploads/admin/2017/05/13/fishman.jpg\" style=\"height:150px; width:150px\" /></td>\r\n			<td>\r\n			<p style=\"margin-left:40px\">Mr. Dmytro Fishman, PhD student, junior researcher at the University of Tartu.</p>\r\n			</td>\r\n		</tr>\r\n	</tbody>\r\n</table>\r\n\r\n<p style=\"margin-left:40px\">&nbsp;</p>',3,10,137),
	(2,'Smart Career Planning and Skill Development via Personal Analytics','projectImages/P2.jpg','<p>Abstract The project aims to develop a personal analytics platform for career planning and development. Each person at early stages of her or his career need to make a decision about in which skills to invest time or money in order to be successfull in the future and have an interested and well-paid profession. The platform would help an individual to make a decision which courses to take, which soft skills to develop, how to choose a university program, when and where to look for a new job. The data for analytics can be gathered from social networks, e.g., LinkedIn profile of an individual, open data sources to projects number of future jobs in each profession, from university web-sites, from MOOC web-portals, job search web-sites, etc. The project goal is to develop a web-portal that aggregates user-specific information via LinkedIn API and based on other open data makes personalized recommendations about career choices. By the end of the summer school we would try to form a team for a startup company to develop the project further and create a self-contained prototype. The ultimate goal is to turn this project into the startup. Project prerequisites : Linear algebra, matrix computations Introduction to business analytics (basic statistics, machine learning, simulation, optimization) Programming language: Python (numerical computations in Python, LinkedIn and Facebook Python API) Basics of web-development (front-end to the portal via one of existing CMS, back-end of the portal in Python) Enterpreneural skills and marketing skills Web-platform for testing and experimentation: https://datascientistworkbench.com</p>','projectMentorImages/Romanko.jpg','<table align=\"center\" border=\"0\" cellpadding=\"1\" cellspacing=\"1\">\r\n	<tbody>\r\n		<tr>\r\n			<td><img alt=\"\" src=\"/media/uploads/admin/2017/05/13/romanko.jpg\" style=\"height:150px; width:150px\" /></td>\r\n			<td>\r\n			<p style=\"margin-left:40px\">Dr. Oleksandr Romanko, Ph.D., Senior Research Analyst at IBM Canada and Adjunct Professor at University of Toronto.</p>\r\n			</td>\r\n		</tr>\r\n	</tbody>\r\n</table>\r\n\r\n<p>&nbsp;</p>',3,10,141),
	(3,'Plasticity of Neural Circuits and Neurobiology of Learning','projectImages/P3.jpg','<p>Abstract: An essential fundamental capability of a biological nervous system is its ability to learn from experience, improving the behavior of the organism and adapting it to demands of the environment to gain maximal benefit and avoid harm. Strong evidence has been collected for the hypothesis that learning is implemented in the brain via modification of different properties of its distributed neural networks. This ability of the brain to modify its own organization is termed plasticity. To achieve plasticity, the brain makes use of different mechanisms that are able to change the organization of its neural networks, e.g. synaptic plasticity that changes the strength of the connections between the neurons, somatic plasticity that tunes the neurophysiological response properties of single neurons or neurogenesis, which adds or deletes new cells in specific brain areas. Different plasticity processes also posess different time scales, ranging from milliseconds to hours and days. Fundamental question arises how all this richness in forms of plasticity leads to functional implementation of learning that is observed on the system level of the whole organism. In our series of lectures followed by the project session we will treat both biological phenomena of plasticity and computations and objectives of learning as of an optimization procedure that seeks to improve organism&#39;s wellfare. We elaborate on the link between plasticity mechanisms and certain types of computations that are required for the learning process to be successful. Understanding this link, which is an active topic of ongoing research, will ultimatively provide detailed insight into learning as an information processing routine that utilizes certain kind of generic computations implemented with certain kind of plasticity mechanisms in the neural substrate of the brain. We put special focus on learning from rewarding or punishing consequences of self-generated behavior - reinforcement learning. In reinforcement learning, only sparse outcome feedback about success or failure of its own actions is provided to the organism, which constitutes a much harder learning problem than usual supervised learning setting that is often employed in machine learning. In the project, we will work on implementing different neural circuits that are able to perform reinforcement learning with spiking neurons. As a demonstration, we target a spiking neural network that can learn a classical arcade pong game just by experiencing ball hits and misses without providing any further prior knowledge how to control the game. Project prerequisites: Basic Linear Algebra, Basic Probability Theory, Basics in Differential Equations, Basic programming skills in Python. Installation of open source (GPL) spiking neural network simulator is required for the project part. Associated topics: Biological Neural Networks, Spiking Neural Networks, Plasticity, Unsupervised Learning, Reinforcement Learning, Neural Network Modeling, Self-Organization.</p>','projectMentorImages/Jitsev.jpg','<table align=\"center\" border=\"0\" cellpadding=\"1\" cellspacing=\"1\">\r\n	<tbody>\r\n		<tr>\r\n			<td style=\"text-align:center\"><img alt=\"\" src=\"/media/uploads/admin/2017/05/13/jitsev.jpg\" style=\"height:150px; width:150px\" /></td>\r\n			<td>\r\n			<p style=\"margin-left:40px\">Dr. Jenia Jitsev, Computation in Neural Circuits Lab, Institute for Neuroscience and Medicine (INM-6), Research Center J&uuml;lich, J&uuml;lich, Germany</p>\r\n			</td>\r\n		</tr>\r\n	</tbody>\r\n</table>\r\n\r\n<p>&nbsp;</p>',3,10,139),
	(5,'Creating a virtual reality object','projectImages/P4_KtjulaQ.jpg','<p>Abstract: There are a lot of historical places and monuments in Ukraine and especially in Kyiv. No matter, how beautiful they are, time and people are not very gentle to them. However, every problem has a solution. In this case, 3D scanning technologies are the best remedy. 3D-scanning and 3D-design are the best way to preserve historical sites and heritage assets. Thanks to the technologies, one can make a solution to give the whole world the opportunity of enjoying the most beautiful places around the planet. Now a witty person equipped with a good camera and software can create an accurate digital model of a real object. Such common technologies as Virtual Reality and 3D Printing allows creating different parts of reality, be it virtual or real. A digital model is a way to create a real copy of monuments and their virtual environment so that any person around the globe can teleport there equipped with nothing but a VR headset. At Summer School we will create a digital model of a real KPI monument commemorating Ihor Sikorsky, a great engineer. This monument will be a good example of how people can create digital worlds with their phone-cameras. Pre-requisites: being aware of basic principles of 3D-printing and computer graphics, scanning and design.</p>','projectMentorImages/Ivanka_IRTyASk.jpg','<table align=\"center\" border=\"0\" cellpadding=\"1\" cellspacing=\"1\" style=\"width:500px\">\r\n	<tbody>\r\n		<tr>\r\n			<td><img alt=\"\" src=\"/media/uploads/admin/2017/05/13/ivanka_irtyask.jpg\" style=\"height:150px; width:100px\" /></td>\r\n			<td>Student at NTUU KPI</td>\r\n		</tr>\r\n	</tbody>\r\n</table>',3,10,138);

/*!40000 ALTER TABLE `projectsTestsQuestions_project` ENABLE KEYS */;
UNLOCK TABLES;


DROP TABLE IF EXISTS `projectsTestsQuestions_project_members`;

CREATE TABLE `projectsTestsQuestions_project_members` (
  `id` int(11) NOT NULL AUTO_INCREMENT,
  `project_id` int(11) NOT NULL,
  `user_id` int(11) NOT NULL,
  PRIMARY KEY (`id`),
  UNIQUE KEY `projectsTestsQuestions_project_members_project_id_384ba9e5_uniq` (`project_id`,`user_id`),
  KEY `projectsTestsQuestions_project__user_id_3615ab47_fk_auth_user_id` (`user_id`),
  CONSTRAINT `project_project_id_6cc36346_fk_projectsTestsQuestions_project_id` FOREIGN KEY (`project_id`) REFERENCES `projectsTestsQuestions_project` (`id`),
  CONSTRAINT `projectsTestsQuestions_project__user_id_3615ab47_fk_auth_user_id` FOREIGN KEY (`user_id`) REFERENCES `auth_user` (`id`)
) ENGINE=InnoDB DEFAULT CHARSET=latin1;

LOCK TABLES `projectsTestsQuestions_project_members` WRITE;
/*!40000 ALTER TABLE `projectsTestsQuestions_project_members` DISABLE KEYS */;

INSERT INTO `projectsTestsQuestions_project_members` (`id`, `project_id`, `user_id`)
VALUES
	(625,1,79),
	(631,1,80),
	(626,1,83),
	(627,1,90),
	(628,1,96),
	(629,1,129),
	(630,1,136),
	(636,2,86),
	(637,2,89),
	(632,2,92),
	(633,2,93),
	(638,2,94),
	(634,2,98),
	(635,2,132),
	(645,3,84),
	(639,3,85),
	(640,3,88),
	(641,3,95),
	(642,3,126),
	(643,3,128),
	(644,3,133),
	(646,5,82),
	(647,5,91),
	(648,5,124),
	(649,5,125),
	(650,5,127),
	(651,5,131),
	(652,5,134);

/*!40000 ALTER TABLE `projectsTestsQuestions_project_members` ENABLE KEYS */;
UNLOCK TABLES;


DROP TABLE IF EXISTS `projectsTestsQuestions_project_news`;

CREATE TABLE `projectsTestsQuestions_project_news` (
  `id` int(11) NOT NULL AUTO_INCREMENT,
  `title` varchar(300) NOT NULL,
  `image` varchar(100) NOT NULL,
  `text` longtext NOT NULL,
  `project_id_id` int(11) NOT NULL,
  `date` datetime(6) NOT NULL,
  PRIMARY KEY (`id`),
  KEY `proj_project_id_id_7d2bad7c_fk_projectsTestsQuestions_project_id` (`project_id_id`),
  CONSTRAINT `proj_project_id_id_7d2bad7c_fk_projectsTestsQuestions_project_id` FOREIGN KEY (`project_id_id`) REFERENCES `projectsTestsQuestions_project` (`id`)
) ENGINE=InnoDB DEFAULT CHARSET=latin1;

LOCK TABLES `projectsTestsQuestions_project_news` WRITE;
/*!40000 ALTER TABLE `projectsTestsQuestions_project_news` DISABLE KEYS */;

INSERT INTO `projectsTestsQuestions_project_news` (`id`, `title`, `image`, `text`, `project_id_id`, `date`)
VALUES
	(1,'Lorem','newsForCurrentProjectImages/maxresdefault.jpg','<p>Lorem ipsum dolor sit amet, consectetur adipiscing elit. Ut pellentesque mi sed libero laoreet commodo. Donec tincidunt maximus lacus non auctor. Maecenas quam arcu, feugiat eu nunc luctus, feugiat porta dolor. Vestibulum ante ipsum primis in faucibus orci luctus et ultrices posuere cubilia Curae; Proin id aliquam tellus, id luctus neque. Donec congue lorem quis nisi facilisis, eget venenatis velit posuere. Phasellus pellentesque sem vel massa finibus consectetur. Quisque nec tincidunt diam, vel egestas metus. Maecenas maximus mattis mi, id iaculis nisl aliquet id. Integer pretium magna dui, dapibus molestie massa aliquam eu. Nunc vel tincidunt velit. Ut volutpat faucibus dapibus.</p>\r\n\r\n<p>In eu est ut lectus rhoncus vulputate nec sed odio. Quisque malesuada, sapien non tempor consequat, magna quam placerat massa, nec sagittis ligula lorem sed sem. Integer et quam sit amet nisl posuere commodo sit amet auctor magna. Quisque velit leo, suscipit eget elit a, blandit luctus massa. Quisque vehicula nisi eu congue tincidunt. Suspendisse volutpat placerat dui quis iaculis. Donec et molestie augue. Vestibulum varius congue quam ut euismod. Integer hendrerit quis est sit amet cursus. Aliquam ultricies varius odio sed volutpat. Vivamus dignissim eget libero sed dictum.</p>',1,'2017-05-18 17:45:28.320144');

/*!40000 ALTER TABLE `projectsTestsQuestions_project_news` ENABLE KEYS */;
UNLOCK TABLES;


DROP TABLE IF EXISTS `projectsTestsQuestions_subject`;

CREATE TABLE `projectsTestsQuestions_subject` (
  `id` int(11) NOT NULL AUTO_INCREMENT,
  `subject_name` varchar(30) NOT NULL,
  PRIMARY KEY (`id`)
) ENGINE=InnoDB DEFAULT CHARSET=latin1;

LOCK TABLES `projectsTestsQuestions_subject` WRITE;
/*!40000 ALTER TABLE `projectsTestsQuestions_subject` DISABLE KEYS */;

INSERT INTO `projectsTestsQuestions_subject` (`id`, `subject_name`)
VALUES
	(1,'English'),
	(2,'Math skills'),
	(3,'Logic'),
	(4,'Programming skills'),
	(5,'Operation research background');

/*!40000 ALTER TABLE `projectsTestsQuestions_subject` ENABLE KEYS */;
UNLOCK TABLES;


DROP TABLE IF EXISTS `projectsTestsQuestions_test`;

CREATE TABLE `projectsTestsQuestions_test` (
  `id` int(11) NOT NULL AUTO_INCREMENT,
  `question` varchar(200) NOT NULL,
  `right_answer` varchar(50) NOT NULL,
  `wrong_answer1` varchar(50) NOT NULL,
  `wrong_answer2` varchar(50) NOT NULL,
  `wrong_answer3` varchar(50) NOT NULL,
  `subject_id` int(11) NOT NULL,
  PRIMARY KEY (`id`),
  KEY `project_subject_id_18bf9c10_fk_projectsTestsQuestions_subject_id` (`subject_id`),
  CONSTRAINT `project_subject_id_18bf9c10_fk_projectsTestsQuestions_subject_id` FOREIGN KEY (`subject_id`) REFERENCES `projectsTestsQuestions_subject` (`id`)
) ENGINE=InnoDB DEFAULT CHARSET=latin1;

LOCK TABLES `projectsTestsQuestions_test` WRITE;
/*!40000 ALTER TABLE `projectsTestsQuestions_test` DISABLE KEYS */;

INSERT INTO `projectsTestsQuestions_test` (`id`, `question`, `right_answer`, `wrong_answer1`, `wrong_answer2`, `wrong_answer3`, `subject_id`)
VALUES
	(7,'Lorem ipsum dolor sit amet, consectetur adipiscing elit?','right math','wrong Math 1','wrong Math 2','wrong Math 3',2),
	(8,'Lorem ipsum dolor sit amet, consectetur adipiscing elit?','right operation','wrong operation 1','wrong operation 2','wrong operation 3',5),
	(9,'Lorem ipsum dolor sit amet, consectetur adipiscing elit?','right English','wrong english 1','wrong english 2','wrong english 3',1),
	(10,'Lorem ipsum dolor sit amet, consectetur adipiscing elit?','right logic','wrong logic 1','wrong logic 2','wrong logic 3',3),
	(11,'Lorem ipsum dolor sit amet, consectetur adipiscing elit?','right math 2','wrong math 2_1','wrong math 2_2','wrong math 2_3',2),
	(12,'Lorem ipsum dolor sit amet, consectetur adipiscing elit?','right progr','wrong progr 1','wrong progr 2','wrong progr 3',4),
	(13,'Lorem ipsum dolor sit amet, consectetur adipiscing elit?','sdlkfj','eruigh','wieuhgf','dskvn',1),
	(14,'ways of\' is not used befor nouns. Use \'means of\' instead.','was being made','had made','made','about to make',1),
	(15,'It was important for her _____ seen as a threat.','not to be','to not be','not being','she wasn\'t',1),
	(16,'Passengers are advised ________ their belongings with them at all times.','to keep','to mind','if they could mind','if they could keep',1),
	(17,'If you drove at average speed of 66 miles per hour, what distance, in miles, did you drive in 99 minutes?','108.9','1,5','0,7','65.34',2),
	(18,'What are the values of a and b, if any, where - a|b + 4| > 0?','a < 0 and b <> -4','a > 0 and b <> -4','a > 0 and b <> 4','a < 0 and b >= -4',2),
	(19,'There are 15 balls in a box: 8 balls are green, 4 are blue and 3 are white. Then 1 green and 1 blue balls are taken from the box and put away. What is the probability that a blue ball is selected at r','3/13','4/15','3/15','4/13',2),
	(20,'Look at this series: 22, 21, 23, 22, 24, 23, ... What number should come next?','25','24','22','26',3),
	(21,'An Informal Gathering occurs when a group of people get together in a casual, relaxed manner. Which situation below is the best example of an Informal Gathering?','After finding out about his promotion, Jeremy and','The book club meets on the first Thursday evening','Mary sends out 25 invitations for the bridal showe','Whenever she eats at the Mexican restaurant, Clara',3),
	(22,'Look at this series: 70, 71, 76, __, 81, 86, 70, 91, ... What number should fill the blank?','70','71','80','96',3),
	(23,'Lorem ipsum dolor sit amet, consectetur adipiscing elit?','dsvj','oivdj','oijv','oij',3),
	(24,'Lorem ipsum dolor sit amet, consectetur adipiscing elit?','dosivj','wogidjv','cvopj','3qrh',4),
	(25,'Which of the following factors supports the statement that reusability is a desirable feature of a language?','Both A and B.','It decreases the testing time.','It lowers the maintenance cost','It reduces the compilation time.',4),
	(26,'Which of the following concepts means determining at runtime what method to invoke?','Dynamic binding','Data hiding','Dynamic Typing','Dynamic loading',4),
	(27,'Which of the following type of class allows only one object of it to be created?','Singleton class','Virtual class','Abstract class','Friend class',4),
	(28,'Lorem ipsum dolor sit amet, consectetur adipiscing elit?','odifu','oidsuv','lk','kl',5),
	(29,'Lorem ipsum dolor sit amet, consectetur adipiscing elit?','oidfsu','weoigu','oitu','qoieru',5),
	(30,'In a departmental store customers arrive at a rate of 20 customers per hour. the average number of customers that can be handled by cashier is 24 per hour. What is arrival rate in this problem?','20','3','24','10',5),
	(31,'Which of the following assertations is true of an optimal solution to an Linear Programming Problem?','Every LP has an optimal solution','The optimal solution always occur at extreme point','If an optimal solution exists, there will always b','All of the given',5),
	(32,'The scientific method in O.R. study generally involves','Judgement Phase','Research Phase','Action Phase','All of the given',5);

/*!40000 ALTER TABLE `projectsTestsQuestions_test` ENABLE KEYS */;
UNLOCK TABLES;



/*!40111 SET SQL_NOTES=@OLD_SQL_NOTES */;
/*!40101 SET SQL_MODE=@OLD_SQL_MODE */;
/*!40014 SET FOREIGN_KEY_CHECKS=@OLD_FOREIGN_KEY_CHECKS */;
/*!40101 SET CHARACTER_SET_CLIENT=@OLD_CHARACTER_SET_CLIENT */;
/*!40101 SET CHARACTER_SET_RESULTS=@OLD_CHARACTER_SET_RESULTS */;
/*!40101 SET COLLATION_CONNECTION=@OLD_COLLATION_CONNECTION */;
